Date,Open,High,Low,Close,Volume,TradingValue,UpLimit,LowLimit
2012-10-02,156.75,157.76,156.42,156.93,,,,
2012-10-03,156.91,159.08,156.38,158.58,,,,
2012-10-04,158.98,159.93,158.63,159.88,,,,
2012-10-05,159.89,159.89,158.32,158.82,,,,
2012-10-08,158.5,158.69,157.38,157.67,,,,
2012-10-09,157.66,157.67,155.66,155.66,,,,
2012-10-10,155.5,156.03,154.83,155.06,,,,
2012-10-11,155.18,156.6,153.57,153.59,,,,
2012-10-12,153.61,153.66,151.21,151.62,,,,
2012-10-15,151.14,151.31,149.03,150.69,,,,
2012-10-16,150.78,152.05,150.34,150.68,,,,
2012-10-17,151.14,152.41,150.81,152.16,,,,
2012-10-18,152.15,156.01,152.15,154.05,,,,
2012-10-19,153.8,154.04,151.34,151.4,,,,
2012-10-22,151.41,151.41,149.9,150.72,,,,
2012-10-23,150.08,150.29,149.06,149.2,,,,
2012-10-24,148.05,149.82,144.93,148.91,,,,
2012-10-25,148.93,149.67,147.38,148.42,,,,
2012-10-26,148.39,149.72,147.83,149.16,,,,
2012-10-31,149.21,150.21,148.35,148.95,,,,
2012-11-01,149.44,150.89,149.44,150.75,,,,
2012-11-02,150.9,151.76,149.71,149.72,,,,
2012-11-05,149.55,149.55,147.71,149.2,,,,
2012-11-06,149.28,149.83,148.25,149.24,,,,
2012-11-07,149.1,149.1,144.74,145.24,,,,
2012-11-08,145.12,146.07,143.69,143.71,,,,
2012-11-09,143.01,145.38,142.42,144.32,,,,
2012-11-12,144.34,145.84,144.31,145,,,,
2012-11-13,144.99,147,144.79,145.05,,,,
2012-11-14,145.3,145.98,143.58,143.99,,,,
2012-11-15,143.83,144.49,141.69,142.45,,,,
2012-11-16,142.37,142.37,139.92,141.59,,,,
2012-11-19,142.24,144.89,142.24,144.88,,,,
2012-11-20,144.86,144.87,144.03,144.43,,,,
2012-11-21,144.52,145.42,144.29,145.33,,,,
2012-11-23,145.5,147.46,145.44,147.46,,,,
2012-11-26,147.42,147.42,145.38,146.02,,,,
2012-11-27,146.02,146.09,144.73,144.95,,,,
2012-11-28,144.91,145.82,143.37,145.72,,,,
2012-11-29,146.14,147.32,146.05,146.98,,,,
2012-11-30,147.02,148.31,146.91,147.64,,,,
2012-12-03,147.69,148.66,147.34,147.72,,,,
2012-12-04,147.6,147.63,146.59,146.66,,,,
2012-12-05,146.44,148,146.36,146.99,,,,
2012-12-06,146.96,147.62,146.58,146.88,,,,
2012-12-07,146.92,147.13,145.65,146.93,,,,
2012-12-10,146.67,146.92,145.72,146.38,,,,
2012-12-11,146.62,148.07,146.59,147.84,,,,
2012-12-12,147.89,149.95,147.89,149.37,,,,
2012-12-13,149.38,149.7,148.33,148.66,,,,
2012-12-14,148.65,149.16,147.61,147.67,,,,
2012-12-17,147.86,148.32,147.21,148.17,,,,
2012-12-18,148.11,148.48,146.86,148.3,,,,
2012-12-19,148.31,148.31,146.48,146.55,,,,
2012-12-20,146.57,147.75,146.19,147.71,,,,
2012-12-21,147.68,147.68,145.57,146.08,,,,
2012-12-24,146.03,146.76,145.33,146.19,,,,
2012-12-26,146.18,146.9,145.45,146.15,,,,
2012-12-27,146.08,146.28,144.07,145.94,,,,
2012-12-28,145.44,145.75,144.29,144.4,,,,
2012-12-31,144.38,146.08,143.53,146.04,,,,
2013-01-02,147.58,150.69,147.58,150.68,,,,
2013-01-03,150.92,150.92,149.5,150.3,,,,
2013-01-04,150.49,151.34,149.99,151.23,,,,
2013-01-07,151.13,152.43,150.66,152.09,,,,
2013-01-08,151.28,151.28,147.75,148,,,,
2013-01-09,148.02,148.54,147.53,147.63,,,,
2013-01-10,147.65,148.94,147.65,148.81,,,,
2013-01-11,148.8,149.09,147.71,148.24,,,,
2013-01-14,148.24,148.24,146.45,146.67,,,,
2013-01-15,146.57,146.58,144.98,145.3,,,,
2013-01-16,145.26,145.26,143.45,143.61,,,,
2013-01-17,143.63,144.85,142.95,144.3,,,,
2013-01-18,143.43,145.42,143.43,145.42,,,,
2013-01-22,145.4,146.77,145.08,146.43,,,,
2013-01-23,146.43,147.17,146.24,146.66,,,,
2013-01-24,146.66,147.56,146.22,146.22,,,,
2013-01-25,146.24,147.48,145.96,146.75,,,,
2013-01-28,146.76,147.41,146.36,147.06,,,,
2013-01-29,147.24,149.41,147.15,149.14,,,,
2013-01-30,149.15,149.9,148.55,148.58,,,,
2013-01-31,148.74,149.72,148.72,149.23,,,,
2013-02-01,150.04,152.49,150.04,152.04,,,,
2013-02-04,151.65,152,150.38,151.29,,,,
2013-02-05,151.6,152.33,151.54,151.59,,,,
2013-02-06,151.55,152.18,150.79,152.01,,,,
2013-02-07,152.04,152.16,150.49,151.43,,,,
2013-02-08,151.66,152.08,151.01,151.47,,,,
2013-02-11,151.4,151.5,150.79,151.34,,,,
2013-02-12,151.35,152.61,151.27,152.29,,,,
2013-02-13,152.38,152.89,151.44,151.84,,,,
2013-02-14,151.55,151.55,148.14,148.76,,,,
2013-02-15,148.8,149.72,148.5,149.26,,,,
2013-02-19,149.29,150.48,149.29,150.21,,,,
2013-02-20,150.13,151.05,149.82,149.9,,,,
2013-02-21,149.62,150.61,148.2,150.17,,,,
2013-02-22,150.37,151.46,149.57,151.37,,,,
2013-02-25,151.42,152.73,150.33,150.33,,,,
2013-02-26,150.36,151.9,150.36,151.49,,,,
2013-02-27,151.76,152.97,151.18,152.83,,,,
2013-02-28,152.67,154.4,152.67,153.05,,,,
2013-03-01,153.04,153.68,152.15,153.61,,,,
2013-03-04,153.54,154.74,153.32,154.71,,,,
2013-03-05,154.72,156.52,154.72,156.23,,,,
2013-03-06,156.35,156.71,155.22,155.26,,,,
2013-03-07,155.42,155.69,154.78,155.42,,,,
2013-03-08,155.44,156.79,155.44,156.55,,,,
2013-03-11,156.44,156.63,155.45,156.17,,,,
2013-03-12,156.09,157.38,155.78,157.03,,,,
2013-03-13,157.03,157.41,156.24,156.36,,,,
2013-03-14,156.53,157.57,156.53,157.5,,,,
2013-03-15,157.13,157.13,155.36,155.82,,,,
2013-03-18,155.78,156.86,155.12,155.98,,,,
2013-03-19,156.02,156.88,155.68,156.38,,,,
2013-03-20,156.86,157.27,156.05,156.23,,,,
2013-03-21,155.97,156.7,155.53,156.3,,,,
2013-03-22,156.33,157.79,156.33,157.45,,,,
2013-03-25,157.61,158.23,156.87,157.27,,,,
2013-03-26,157.59,158.4,157.37,158.4,,,,
2013-03-27,157.98,158.29,156.97,157.46,,,,
2013-03-28,157.48,158.23,157.36,158.01,,,,
2013-04-01,158.09,159.36,158.09,159.25,,,,
2013-04-02,159.74,160.93,159.69,160.43,,,,
2013-04-03,160.22,160.64,158.68,159.07,,,,
2013-04-04,159.1,161.22,159.1,161.15,,,,
2013-04-05,161.1,161.85,159.96,161.81,,,,
2013-04-08,160.71,161.07,160.03,161.07,,,,
2013-04-09,161.06,161.79,160.58,161.4,,,,
2013-04-10,161.57,163.34,161.5,163.13,,,,
2013-04-11,163.13,165.26,163.13,164.71,,,,
2013-04-12,164.7,165.17,164.29,165.15,,,,
2013-04-15,165.14,166.05,164.14,164.21,,,,
2013-04-16,164.28,165.53,164.06,164.38,,,,
2013-04-17,164.35,164.35,162.15,162.63,,,,
2013-04-18,164.21,165.58,164.16,164.36,,,,
2013-04-19,164.64,167.32,164.46,167.1,,,,
2013-04-22,167.4,167.98,167.19,167.98,,,,
2013-04-23,168.31,168.85,166.65,168.85,,,,
2013-04-24,168.84,168.84,162.27,163.88,,,,
2013-04-25,163.88,166.82,163.88,166.64,,,,
2013-04-26,166.66,166.78,165.82,166.28,,,,
2013-04-29,166.48,166.99,166.12,166.74,,,,
2013-04-30,166.94,168.14,166.76,167.48,,,,
2013-05-01,167.63,168.3,165.71,165.91,,,,
2013-05-02,165.96,167.02,165.3,166.07,,,,
2013-05-03,166.1,166.93,165.53,165.94,,,,
2013-05-06,165.69,165.79,164.63,164.75,,,,
2013-05-07,165.03,166.64,164.98,166.64,,,,
2013-05-08,166.66,167.92,166.17,167.89,,,,
2013-05-09,167.54,167.65,165.75,166.3,,,,
2013-05-10,166.29,166.98,165.96,166.71,,,,
2013-05-13,166.53,166.53,165.19,165.33,,,,
2013-05-14,165.39,166.8,165.15,166.8,,,,
2013-05-15,166.81,168.43,166.62,167.95,,,,
2013-05-16,167.91,167.99,166.89,166.97,,,,
2013-05-17,166.85,167.56,166.53,167.39,,,,
2013-05-20,167.33,167.33,165.76,166.06,,,,
2013-05-21,165.84,166,164.41,164.79,,,,
2013-05-22,164.78,165.61,162.15,162.89,,,,
2013-05-23,162.81,164.11,162.09,163.73,,,,
2013-05-24,163.68,163.68,162.32,163.22,,,,
2013-05-28,163.98,164.82,161.09,161.15,,,,
2013-05-29,161.16,161.16,157.3,158.76,,,,
2013-05-30,158.74,159.64,157.24,157.24,,,,
2013-05-31,156.75,158.16,155.01,155.01,,,,
2013-06-03,155.07,155.65,153.71,155.33,,,,
2013-06-04,155.59,157.76,155.47,156.78,,,,
2013-06-05,156.76,156.76,155.22,155.23,,,,
2013-06-06,155.22,158.7,154.79,158.64,,,,
2013-06-07,158.68,159.14,157.55,158.02,,,,
2013-06-10,158.81,159.68,158.36,159.35,,,,
2013-06-11,158.91,160.39,158.25,158.62,,,,
2013-06-12,159.3,159.73,157.69,157.91,,,,
2013-06-13,157.89,160.78,157.89,160.5,,,,
2013-06-14,160.23,161.05,160.08,160.27,,,,
2013-06-17,160.32,161.51,158.31,159.33,,,,
2013-06-18,159.46,161.78,159.46,161.38,,,,
2013-06-19,161.39,161.39,156.97,156.97,,,,
2013-06-20,156.45,156.51,153.23,153.37,,,,
2013-06-21,153.39,155.07,152.93,154.27,,,,
2013-06-24,154.26,154.74,152.6,153.43,,,,
2013-06-25,153.46,157.28,153.46,156.53,,,,
2013-06-26,157.82,158.01,156.6,157.61,,,,
2013-06-27,158.21,160.44,158.21,159.06,,,,
2013-06-28,159.06,159.37,157.87,157.9,,,,
2013-07-01,157.92,158.92,157.36,157.71,,,,
2013-07-02,157.71,159.6,157.4,158.56,,,,
2013-07-03,158.51,159.78,157.87,159.28,,,,
2013-07-05,159.29,160.08,157.53,160.04,,,,
2013-07-08,160.06,160.06,158.61,159.4,,,,
2013-07-09,159.85,160.29,158.9,159.13,,,,
2013-07-10,159.14,159.54,158.03,158.5,,,,
2013-07-11,159.51,160.94,159.51,160.72,,,,
2013-07-12,160.72,160.72,159.04,159.77,,,,
2013-07-15,159.51,159.63,157.29,158.67,,,,
2013-07-16,158.87,159.88,158.5,159.67,,,,
2013-07-17,159.68,161.63,159.68,160.4,,,,
2013-07-18,160.39,160.39,157.98,158.95,,,,
2013-07-19,159.17,159.19,158.38,159.18,,,,
2013-07-22,159.22,159.49,158.13,159.09,,,,
2013-07-23,159.09,160.12,158.61,159.68,,,,
2013-07-24,158.82,158.82,157.29,158.77,,,,
2013-07-25,158.72,159.11,158.09,158.9,,,,
2013-07-26,158.69,159.88,158.32,159.6,,,,
2013-07-29,159.59,161.29,159.53,160.73,,,,
2013-07-30,160.72,161.54,158.19,158.32,,,,
2013-07-31,158.33,158.66,156.66,156.73,,,,
2013-08-01,157.55,158.93,157.29,158.44,,,,
2013-08-02,158.44,158.92,157.86,158.8,,,,
2013-08-05,158.79,159.2,158.14,158.72,,,,
2013-08-06,158.66,158.66,157.61,158.07,,,,
2013-08-07,158.05,158.6,157.63,158.03,,,,
2013-08-08,157.95,158.19,155.94,156.45,,,,
2013-08-09,156.36,156.6,154.67,154.88,,,,
2013-08-12,154.83,155.73,154.54,155.5,,,,
2013-08-13,155.52,155.72,153.88,154.46,,,,
2013-08-14,154.44,154.6,153.5,154.23,,,,
2013-08-15,154.16,154.16,152.7,152.86,,,,
2013-08-16,152.86,152.86,150.39,151.3,,,,
2013-08-19,151.01,151.42,149.69,150.08,,,,
2013-08-20,150.09,151.61,150.09,150.82,,,,
2013-08-21,150.82,150.82,148.99,149.08,,,,
2013-08-22,149.38,150.01,148.07,149.58,,,,
2013-08-23,149.63,151.88,149.54,151.73,,,,
2013-08-26,151.77,151.82,149.78,149.78,,,,
2013-08-27,149.33,150.35,148.29,149.52,,,,
2013-08-28,149.53,149.74,148.72,148.72,,,,
2013-08-29,148.91,152.27,148.91,150.46,,,,
2013-08-30,150.51,150.61,149.7,150.24,,,,
2013-09-03,150.33,150.87,147.21,147.48,,,,
2013-09-04,147.32,149.59,146.99,149.34,,,,
2013-09-05,149.3,150.57,147.6,148.08,,,,
2013-09-06,148.5,149.17,147.34,147.96,,,,
2013-09-09,147.96,148.54,147.18,148.26,,,,
2013-09-10,148.27,149.92,148.27,149.92,,,,
2013-09-11,149.9,150.92,149.58,149.96,,,,
2013-09-12,150.01,151.87,149.92,151.51,,,,
2013-09-13,151.51,152.84,151.35,151.73,,,,
2013-09-16,151.77,153.54,151.77,152.97,,,,
2013-09-17,153,154.03,153,153.74,,,,
2013-09-18,153.74,154.55,151.89,154.42,,,,
2013-09-19,154.46,154.56,153.38,153.95,,,,
2013-09-20,153.96,154.06,151.33,151.77,,,,
2013-09-23,151.77,152.09,150.13,151.86,,,,
2013-09-24,151.87,151.88,150.16,150.69,,,,
2013-09-25,150.64,151.35,150.12,150.3,,,,
2013-09-26,150.26,151.93,150.26,151.66,,,,
2013-09-27,151.62,151.62,149.53,150.19,,,,
2013-09-30,149.58,149.61,148.55,149.3,,,,
2013-10-01,149.31,150.66,149.24,150.26,,,,
2013-10-02,150.15,150.15,148.69,149.68,,,,
2013-10-03,149.46,149.58,148.72,149.07,,,,
2013-10-04,149.07,149.38,148.55,149.38,,,,
2013-10-07,149.3,151.03,148.8,150.3,,,,
2013-10-08,150.29,150.29,146.71,146.71,,,,
2013-10-09,146.74,149.99,146.74,148.56,,,,
2013-10-10,148.6,150.63,148.48,150.63,,,,
2013-10-11,150.59,151.12,149.89,151.11,,,,
2013-10-14,150.63,150.81,149.86,150.09,,,,
2013-10-15,150.04,150.77,149,149,,,,
2013-10-16,149,151.64,149,151.59,,,,
2013-10-17,151.59,154.56,151.59,154.48,,,,
2013-10-18,154.47,156.45,154.47,156,,,,
2013-10-21,156.1,157.82,156.1,157.82,,,,
2013-10-22,157.82,159.01,156.97,158.65,,,,
2013-10-23,158.56,158.74,157.69,158.23,,,,
2013-10-24,158.22,158.22,155.9,156.67,,,,
2013-10-25,156.64,158.28,156.38,158.21,,,,
2013-10-28,158.19,158.91,157.93,158.91,,,,
2013-10-29,158.91,162.05,158.91,161.21,,,,
2013-10-30,161.26,161.65,159.84,160.4,,,,
2013-10-31,160.45,161.26,159.13,160.27,,,,
2013-11-01,160.22,162.58,159.85,160.14,,,,
2013-11-04,160.64,161.4,160.26,161.37,,,,
2013-11-05,161.36,161.36,158.2,158.25,,,,
2013-11-06,158.62,160.3,158.62,159.76,,,,
2013-11-07,159.73,159.73,156.63,156.91,,,,
2013-11-08,156.91,156.91,154.68,156.84,,,,
2013-11-11,156.83,157.07,156.13,156.34,,,,
2013-11-12,156.32,157.34,156.27,156.82,,,,
2013-11-13,156.81,156.81,155.49,156.52,,,,
2013-11-14,156.55,157.78,156.55,157.26,,,,
2013-11-15,157.16,158.19,157.16,158.06,,,,
2013-11-18,158.07,159.13,158.07,159.02,,,,
2013-11-19,158.99,159.82,158.49,159.2,,,,
2013-11-20,159.2,160.39,157.53,157.83,,,,
2013-11-21,158.07,158.57,157.05,157.34,,,,
2013-11-22,157.13,157.26,156.23,157.23,,,,
2013-11-25,157.25,157.49,156.58,156.8,,,,
2013-11-26,156.8,157.53,156.73,156.73,,,,
2013-11-27,156.71,156.91,156.24,156.91,,,,
2013-11-29,156.92,157.31,155.92,156.05,,,,
2013-12-02,156.04,156.04,154.68,154.72,,,,
2013-12-03,154.71,155.05,154.15,155.05,,,,
2013-12-04,155.03,155.07,153.32,154.53,,,,
2013-12-05,154.19,154.19,152.5,153.05,,,,
2013-12-06,153.53,154.63,153.53,154.6,,,,
2013-12-09,154.15,155.34,153.4,155.16,,,,
2013-12-10,155.14,155.34,153.83,153.91,,,,
2013-12-11,153.91,153.91,151.37,151.88,,,,
2013-12-12,151.87,152.15,150.66,151.32,,,,
2013-12-13,151.31,151.31,150.02,150.85,,,,
2013-12-16,150.86,153.76,150.86,151.8,,,,
2013-12-17,152.05,152.17,150.28,150.56,,,,
2013-12-18,150.54,153.1,150.02,152.94,,,,
2013-12-19,152.93,153.24,151.79,153.04,,,,
2013-12-20,153.05,153.72,152.08,152.1,,,,
2013-12-23,152.14,153.95,152.11,153.65,,,,
2013-12-24,153.64,154.95,153.64,154.82,,,,
2013-12-26,154.82,155.58,154.79,155.57,,,,
2013-12-27,155.52,155.63,154.99,155.57,,,,
2013-12-30,155.57,156,155.18,155.64,,,,
2013-12-31,155.66,155.9,154.87,155.52,,,,
2014-01-02,155.36,155.71,154.56,154.62,,,,
2014-01-03,154.69,155.3,153.3,153.55,,,,
2014-01-06,153.59,154.76,153.38,154.25,,,,
2014-01-07,154.64,155.27,154.34,155.09,,,,
2014-01-08,155.08,155.08,152.02,152.48,,,,
2014-01-09,152.52,152.52,149.57,149.6,,,,
2014-01-10,149.62,150.88,149.62,150.18,,,,
2014-01-13,150.17,150.19,148.32,148.53,,,,
2014-01-14,148.59,149.15,147.75,149.15,,,,
2014-01-15,149.16,151.69,149.16,151.35,,,,
2014-01-16,151.36,152.37,151.06,151.96,,,,
2014-01-17,151.95,151.95,150.67,151.14,,,,
2014-01-21,151.53,152.38,148.04,150.06,,,,
2014-01-22,150.1,150.1,148.82,148.96,,,,
2014-01-23,148.95,150.48,148.31,150.48,,,,
2014-01-24,150.46,152.04,149,149,,,,
2014-01-27,149.02,150.29,149.02,149.2,,,,
2014-01-28,149.16,149.93,148.71,149.22,,,,
2014-01-29,149.2,149.47,144.66,148.56,,,,
2014-01-30,148.58,149.37,148.03,148.85,,,,
2014-01-31,148.82,150.55,146.69,149.05,,,,
2014-02-03,149.05,149.05,143.28,143.56,,,,
2014-02-04,143.44,145.19,143.44,145.19,,,,
2014-02-05,145.19,145.19,143.84,144.27,,,,
2014-02-06,144.29,144.73,143.31,144.36,,,,
2014-02-07,144.65,145.73,144.22,145.4,,,,
2014-02-10,145.39,145.96,145.12,145.96,,,,
2014-02-11,145.96,148.15,145.96,147.78,,,,
2014-02-12,147.79,148.41,147.4,148.15,,,,
2014-02-13,148.1,149.61,147.35,149.61,,,,
2014-02-14,149.59,149.59,147.77,148,,,,
2014-02-18,148.01,148.12,145.67,146.65,,,,
2014-02-20,147.37,150.75,147.34,150.28,,,,
2014-02-21,150.26,150.36,148.05,148.19,,,,
2014-02-24,148.23,148.23,146.26,146.26,,,,
2014-02-25,146.31,146.82,145.83,145.91,,,,
2014-02-26,145.88,146,144.67,145.48,,,,
2014-02-27,145.47,148.04,145.38,147.88,,,,
2014-02-28,147.88,147.93,146.76,147.5,,,,
2014-03-03,147.44,147.44,146.08,146.9,,,,
2014-03-04,146.91,149.36,146.91,148.53,,,,
2014-03-05,148.47,148.48,147.43,147.72,,,,
2014-03-06,147.77,148.24,147.55,148.14,,,,
2014-03-07,148.14,148.44,147.37,148.09,,,,
2014-03-10,148.1,148.1,146.47,147.68,,,,
2014-03-11,147.67,147.67,145.96,146.63,,,,
2014-03-12,146.61,146.62,145.8,146.35,,,,
2014-03-13,146.38,147.03,145.61,145.8,,,,
2014-03-14,145.8,146.53,145.39,146.23,,,,
2014-03-17,146.24,147.54,146.24,147.45,,,,
2014-03-18,147.45,148.49,147.3,148.43,,,,
2014-03-19,148.43,149.54,147.28,147.82,,,,
2014-03-20,147.89,151.55,147.88,151.48,,,,
2014-03-21,151.49,152.88,150.86,151.44,,,,
2014-03-24,151.45,152.29,151.13,151.95,,,,
2014-03-25,151.95,153.37,151.5,152.87,,,,
2014-03-26,152.89,154.08,152.42,152.42,,,,
2014-03-27,152.37,154.33,152.37,154.2,,,,
2014-03-28,154.22,154.89,153.12,154.08,,,,
2014-03-31,154.13,155.46,154.13,154.39,,,,
2014-04-01,154.39,154.8,152.95,154.78,,,,
2014-04-02,154.8,156.2,154.6,155.51,,,,
2014-04-03,155.51,156.65,155.41,156.57,,,,
2014-04-04,156.57,157.43,156.24,156.28,,,,
2014-04-07,155.78,156.78,155.77,156.23,,,,
2014-04-08,156.2,156.2,154.28,156.04,,,,
2014-04-09,156.04,156.04,154.06,154.93,,,,
2014-04-10,154.95,156.72,154.4,154.47,,,,
2014-04-11,154.43,154.66,153.72,153.93,,,,
2014-04-14,153.98,154.85,153.49,154.76,,,,
2014-04-15,154.78,155.14,154.18,154.94,,,,
2014-04-16,155.3,156.32,154.78,156.31,,,,
2014-04-17,156.32,157.37,155.79,156.89,,,,
2014-04-21,156.92,157.69,156.82,157.56,,,,
2014-04-22,157.53,158.7,157.19,157.9,,,,
2014-04-23,157.91,157.91,152.69,154.51,,,,
2014-04-24,154.5,154.71,151.51,151.85,,,,
2014-04-25,151.57,151.78,150.87,151.27,,,,
2014-04-28,151.3,153.7,151.3,153.46,,,,
2014-04-29,153.48,154.67,153.07,154.49,,,,
2014-04-30,154.5,155.15,154.06,155.04,,,,
2014-05-01,155.04,155.66,154.72,155.6,,,,
2014-05-02,155.81,156.36,154.84,155.51,,,,
2014-05-05,155.51,156.27,155.09,156.2,,,,
2014-05-06,156.2,156.27,155.6,155.69,,,,
2014-05-07,155.63,157.78,155.63,157.22,,,,
2014-05-08,157.11,160.66,157.11,159.59,,,,
2014-05-09,159.57,160,158.94,159.66,,,,
2014-05-12,159.67,160.45,158.73,159.42,,,,
2014-05-13,159.43,159.43,157.65,158.29,,,,
2014-05-14,158.29,159.9,158.08,159.09,,,,
2014-05-15,158.91,159.85,158.78,159.32,,,,
2014-05-16,159.32,161.81,159.32,161.51,,,,
2014-05-19,161.5,161.89,159.82,160.92,,,,
2014-05-20,160.9,161.11,158.1,158.25,,,,
2014-05-21,158.26,159.23,157.89,158.39,,,,
2014-05-22,158.56,159.41,158.56,159.15,,,,
2014-05-23,159.15,159.64,159.06,159.53,,,,
2014-05-27,159.57,159.97,158.73,159.14,,,,
2014-05-28,159.16,160.39,159.16,159.81,,,,
2014-05-29,159.86,160.21,159.13,159.78,,,,
2014-05-30,159.76,160.47,159.4,160.29,,,,
2014-06-02,160.39,160.8,160.02,160.34,,,,
2014-06-03,159.87,160.16,158.52,158.81,,,,
2014-06-04,158.79,158.79,158.03,158.33,,,,
2014-06-05,158.3,158.68,157.61,158.39,,,,
2014-06-06,158.36,158.54,157.42,158.39,,,,
2014-06-09,158.39,158.76,158.21,158.55,,,,
2014-06-10,158.54,158.7,158,158.36,,,,
2014-06-11,158.34,158.53,157.66,157.71,,,,
2014-06-12,157.69,157.77,156.54,157.26,,,,
2014-06-13,157.26,158.41,156.86,158.05,,,,
2014-06-16,158.02,158.54,157.6,158.23,,,,
2014-06-17,158.22,158.56,157.54,158.07,,,,
2014-06-18,158.09,158.87,157.41,158.84,,,,
2014-06-19,158.87,159.72,158.83,159.33,,,,
2014-06-20,159.34,160.14,158.83,159.15,,,,
2014-06-23,159.15,159.7,158.43,159.68,,,,
2014-06-24,159.68,160.07,158.49,158.67,,,,
2014-06-25,158.68,158.83,158.22,158.77,,,,
2014-06-26,158.7,158.7,157.59,158.42,,,,
2014-06-27,158.41,158.81,157.49,158.81,,,,
2014-06-30,158.81,159.04,158.07,158.25,,,,
2014-07-01,158.28,159.54,157.76,159.2,,,,
2014-07-02,159.2,159.97,159.1,159.94,,,,
2014-07-03,159.94,160.53,159.58,160.4,,,,
2014-07-07,160.39,161.15,160.31,160.83,,,,
2014-07-08,160.85,160.85,158.21,158.43,,,,
2014-07-09,158.99,159.28,158.36,158.86,,,,
2014-07-10,158.76,160.32,157.9,160.14,,,,
2014-07-11,160.11,161.53,160.01,161.35,,,,
2014-07-14,161.52,162.12,161,161.89,,,,
2014-07-15,161.9,163.28,161.83,162.94,,,,
2014-07-16,162.97,163.99,162.97,163.82,,,,
2014-07-17,163.79,163.79,161.65,161.85,,,,
2014-07-18,161.86,163.01,161.84,162.89,,,,
2014-07-21,162.86,163.08,162.21,162.42,,,,
2014-07-22,162.46,163.24,161.76,162.95,,,,
2014-07-23,162.89,163.25,162.58,162.75,,,,
2014-07-24,162.77,163.26,161,162.31,,,,
2014-07-25,162.29,163.4,162.14,162.71,,,,
2014-07-28,162.73,163.5,162.51,163.46,,,,
2014-07-29,164.55,172.46,164.55,167.01,,,,
2014-07-30,166.81,167.25,165.02,166.04,,,,
2014-07-31,165.93,165.93,162.16,162.31,,,,
2014-08-01,162.29,162.65,160.77,160.8,,,,
2014-08-04,160.79,161.96,160.2,161.77,,,,
2014-08-05,161.7,161.7,159.79,160.31,,,,
2014-08-06,160.2,160.2,156.74,158.24,,,,
2014-08-07,158.31,158.83,156.23,156.65,,,,
2014-08-08,156.68,157.54,155.98,157.42,,,,
2014-08-11,157.45,158.46,157.33,157.53,,,,
2014-08-12,157.52,158.47,157.39,158.24,,,,
2014-08-13,158.24,158.87,157.79,158.41,,,,
2014-08-14,158.54,159.01,158.07,158.98,,,,
2014-08-15,158.92,159.1,157.26,158.31,,,,
2014-08-18,158.38,159.12,157.84,158.13,,,,
2014-08-19,158.18,158.22,156.98,157.72,,,,
2014-08-20,157.75,158.31,157.55,158.03,,,,
2014-08-21,158.04,158.85,157.88,158.35,,,,
2014-08-22,158.33,158.36,157.26,157.72,,,,
2014-08-25,157.75,158.91,157.75,158.67,,,,
2014-08-26,158.67,159.07,158.59,158.75,,,,
2014-08-27,158.77,159.56,158.74,159.46,,,,
2014-08-28,159.44,159.53,158.84,159.46,,,,
2014-08-29,159.45,160.57,159.16,160.57,,,,
2014-09-02,160.56,160.78,159.48,160.16,,,,
2014-09-03,160.16,160.78,160.14,160.61,,,,
2014-09-04,160.62,160.73,159.73,160.29,,,,
2014-09-05,160.28,161.49,160.15,161.18,,,,
2014-09-08,161.19,161.19,159.67,160.13,,,,
2014-09-09,160.13,160.16,157.89,158.29,,,,
2014-09-10,158.52,158.68,156.7,157.89,,,,
2014-09-11,157.9,158.88,156.96,158.83,,,,
2014-09-12,158.83,158.88,156.45,156.92,,,,
2014-09-15,156.95,157.62,156.65,157.58,,,,
2014-09-16,157.57,159.18,157.42,158.78,,,,
2014-09-17,158.77,160.26,158.74,159.48,,,,
2014-09-18,159.51,160.68,159.51,160.54,,,,
2014-09-19,160.56,162.3,160.56,162.26,,,,
2014-09-22,162.26,162.33,161.34,162.06,,,,
2014-09-23,162.07,162.07,160.96,161.09,,,,
2014-09-24,161.09,161.82,160.78,161.58,,,,
2014-09-25,161.59,161.72,159.67,160.05,,,,
2014-09-26,160.01,161.05,159.19,160.7,,,,
2014-09-29,160.65,160.72,159.07,160.59,,,,
2014-09-30,160.58,161.75,160.18,161.13,,,,
2014-10-01,161.11,161.11,159.44,159.54,,,,
2014-10-02,159.53,160.16,158.81,159.41,,,,
2014-10-03,159.42,161.17,159.42,160.96,,,,
2014-10-06,161.45,162.48,161.25,161.62,,,,
2014-10-07,161.61,161.82,160.45,160.48,,,,
2014-10-08,160.48,160.64,157.96,160.64,,,,
2014-10-09,160.62,160.77,157.56,157.76,,,,
2014-10-10,157.79,158.7,156.77,156.78,,,,
2014-10-13,156.79,157.68,154.8,154.8,,,,
2014-10-14,154.8,155.82,154.34,154.76,,,,
2014-10-15,154.72,154.72,150.93,154.3,,,,
2014-10-16,154.24,154.28,151.6,153.47,,,,
2014-10-17,153.55,155.53,153.55,155.09,,,,
2014-10-20,155.08,156.38,154.34,156.25,,,,
2014-10-21,156.24,157.7,155.08,157.38,,,,
2014-10-22,157.39,157.96,156.45,156.66,,,,
2014-10-23,156.67,156.67,154.06,154.84,,,,
2014-10-24,154.84,156.65,154.61,156.11,,,,
2014-10-27,156.12,157.97,156.12,157.7,,,,
2014-10-28,157.71,159.3,157.71,159.2,,,,
2014-10-29,159.21,160.34,158.19,159.15,,,,
2014-10-30,159.14,160.26,158.15,159.6,,,,
2014-10-31,159.74,160.95,159.73,160.83,,,,
2014-11-03,160.84,161.81,160.06,161.12,,,,
2014-11-04,161.09,162.13,160.16,160.78,,,,
2014-11-05,160.88,161.4,160.02,161.12,,,,
2014-11-06,161.04,161.04,158.72,159.78,,,,
2014-11-07,159.76,161.09,158.96,161.07,,,,
2014-11-10,161.08,161.76,159.49,161.4,,,,
2014-11-11,161.38,161.7,160.21,161.24,,,,
2014-11-12,161.19,162.67,160.62,162.46,,,,
2014-11-13,162.48,164.13,162.21,163.66,,,,
2014-11-14,163.68,165.24,163.68,164.71,,,,
2014-11-17,164.69,164.69,163.71,164.44,,,,
2014-11-18,164.46,164.46,163.68,164.07,,,,
2014-11-19,164.06,164.06,161.65,162.33,,,,
2014-11-20,162.28,162.31,161.12,161.59,,,,
2014-11-21,162.05,162.31,160.4,161.76,,,,
2014-11-24,161.76,161.76,157.65,159.49,,,,
2014-11-25,159.5,159.5,157.54,159.24,,,,
2014-11-26,159.26,161.51,159.26,161.2,,,,
2014-11-28,161.22,163.21,161.22,162.61,,,,
2014-12-01,162.56,162.83,160.76,161.03,,,,
2014-12-02,161.04,161.04,157.85,158.13,,,,
2014-12-03,157.96,157.96,156.11,156.87,,,,
2014-12-04,156.85,156.94,155.71,156.6,,,,
2014-12-05,156.57,156.57,155.61,156.32,,,,
2014-12-08,156.3,157.59,156.18,156.45,,,,
2014-12-09,156.44,156.44,149.88,151.42,,,,
2014-12-10,151.39,151.41,148.41,149.24,,,,
2014-12-11,149.25,151.37,149.25,150.12,,,,
2014-12-12,149.46,149.46,147.1,147.3,,,,
2014-12-15,147.31,148.39,146.36,147.27,,,,
2014-12-16,147.28,150.49,146.86,147.32,,,,
2014-12-17,147.35,150.54,147.19,150.05,,,,
2014-12-18,149.98,152.81,149.98,152.81,,,,
2014-12-19,152.82,153.81,151.99,152.85,,,,
2014-12-22,152.87,154.47,152.87,154.41,,,,
2014-12-23,154.45,155.69,154.45,155.01,,,,
2014-12-24,155.03,155.6,154.46,154.9,,,,
2014-12-26,154.94,155.92,154.94,155.71,,,,
2014-12-29,155.63,155.66,154.57,155.05,,,,
2014-12-30,155,155.18,154.22,154.45,,,,
2014-12-31,154.48,154.61,152.32,152.55,,,,
2015-01-02,152.55,153.93,152.55,153.35,,,,
2015-01-05,153.35,153.41,151.79,151.8,,,,
2015-01-06,151.8,153.08,150.97,152.33,,,,
2015-01-07,152.33,152.39,149.27,150.28,,,,
2015-01-08,150.28,152.85,150.28,152.6,,,,
2015-01-09,152.6,153.04,151.33,151.59,,,,
2015-01-12,151.59,153.06,151.59,152.44,,,,
2015-01-13,152.44,154.6,151.73,152.62,,,,
2015-01-14,152.62,152.67,150.71,151.98,,,,
2015-01-15,151.98,153.61,151.52,151.97,,,,
2015-01-16,151.97,154.61,151.91,154.48,,,,
2015-01-20,154.48,155.25,153.65,155.16,,,,
2015-01-21,155.16,155.95,153.68,155.44,,,,
2015-01-22,155.44,155.51,152.12,154.58,,,,
2015-01-23,154.58,154.76,152.57,152.74,,,,
2015-01-26,152.74,152.76,151.02,152.08,,,,
2015-01-27,152.05,152.05,150.35,150.35,,,,
2015-01-28,150.35,153.02,149.34,149.46,,,,
2015-01-29,149.46,150.51,147.62,149.95,,,,
2015-01-30,149.95,151.41,148.53,149.13,,,,
2015-02-02,149.13,153.11,148.99,152.76,,,,
2015-02-03,152.76,156.2,152.76,156.09,,,,
2015-02-04,156.07,157.86,155.74,156.22,,,,
2015-02-05,156.22,156.9,155.88,156.59,,,,
2015-02-06,156.59,160.31,156.59,159.49,,,,
2015-02-09,159.49,160.1,158.92,159.07,,,,
2015-02-10,159.07,160.51,159.07,160.36,,,,
2015-02-11,160.36,160.38,159.02,160.04,,,,
2015-02-12,160.04,160.16,159.03,159.83,,,,
2015-02-13,159.83,160.16,158.88,159.6,,,,
2015-02-17,159.6,159.67,158.47,159.47,,,,
2015-02-18,159.47,159.47,157.56,158.18,,,,
2015-02-19,158.18,158.26,157.14,157.33,,,,
2015-02-20,157.33,157.44,156.02,157.44,,,,
2015-02-23,157.44,157.45,156.05,156.53,,,,
2015-02-24,156.53,157.84,155.19,157.48,,,,
2015-02-25,157.48,158.09,157.1,157.77,,,,
2015-02-26,157.77,158.77,157.08,158.55,,,,
2015-02-27,158.55,159.26,157.94,158.95,,,,
2015-03-02,158.95,159.14,157.59,159.08,,,,
2015-03-03,159.08,159.56,158.36,158.85,,,,
2015-03-04,158.85,158.85,156.76,156.96,,,,
2015-03-05,156.96,157.55,156.62,156.8,,,,
2015-03-06,156.8,156.8,154.22,154.5,,,,
2015-03-09,154.5,155.18,154.05,154.08,,,,
2015-03-10,154.08,154.08,151.68,151.68,,,,
2015-03-11,151.68,152.51,151.27,151.7,,,,
2015-03-12,151.7,154.55,151.7,154.43,,,,
2015-03-13,154.43,154.43,152.72,153.61,,,,
2015-03-16,153.61,155.1,153.24,154.9,,,,
2015-03-17,154.9,155.05,153.96,154.26,,,,
2015-03-18,154.26,156.84,153.11,156.68,,,,
2015-03-19,156.68,156.68,155.1,155.37,,,,
2015-03-20,155.37,157.23,155.31,156.02,,,,
2015-03-23,156.02,157.33,156.02,156.24,,,,
2015-03-24,156.24,156.92,155.42,155.42,,,,
2015-03-25,155.42,155.43,153.19,153.19,,,,
2015-03-26,153.19,154.38,152.9,153.1,,,,
2015-03-27,153.1,153.53,152.74,153.04,,,,
2015-03-30,153.04,154.76,153.04,154.36,,,,
2015-03-31,154.36,154.65,152.89,152.93,,,,
2015-04-01,152.93,154.68,152.51,154.2,,,,
2015-04-02,154.2,155.97,154.09,155.55,,,,
2015-04-06,155.55,156.64,155.3,156.18,,,,
2015-04-07,156.18,156.63,155.27,155.28,,,,
2015-04-08,155.28,155.33,153.45,154.13,,,,
2015-04-09,154.13,154.5,153.03,154.06,,,,
2015-04-10,154.06,154.73,154.02,154.57,,,,
2015-04-13,154.57,155.49,154.34,154.34,,,,
2015-04-14,154.34,154.73,153.72,154.19,,,,
2015-04-15,154.19,155.14,154.01,155.01,,,,
2015-04-16,155.01,155.13,153.98,154.33,,,,
2015-04-17,154.33,154.33,152.52,153.02,,,,
2015-04-20,153.02,154.76,153.02,154.63,,,,
2015-04-21,154.63,154.79,153.11,154.31,,,,
2015-04-22,154.31,155.36,154.31,155.31,,,,
2015-04-23,155.31,158.97,155.28,158.79,,,,
2015-04-24,158.79,159.21,158.05,158.27,,,,
2015-04-27,158.27,159.16,158.26,158.36,,,,
2015-04-28,158.36,161.05,158.36,160.78,,,,
2015-04-29,160.78,161.5,159.65,160.54,,,,
2015-04-30,160.54,161,159.57,160.09,,,,
2015-05-01,160.09,160.62,158.46,159.64,,,,
2015-05-04,159.64,160.82,159.16,160.12,,,,
2015-05-05,160.12,160.27,157.49,157.63,,,,
2015-05-06,157.63,157.63,154.64,155.78,,,,
2015-05-07,155.78,156.5,154.74,155.9,,,,
2015-05-08,155.9,157.66,155.9,157.33,,,,
2015-05-11,157.33,157.37,156.1,156.26,,,,
2015-05-12,156.26,157.11,153.91,156.3,,,,
2015-05-13,156.3,157.08,156.07,156.61,,,,
2015-05-14,156.61,157.73,156.61,157.45,,,,
2015-05-15,157.45,157.75,156.86,157.69,,,,
2015-05-18,157.69,158.94,157.48,158.51,,,,
2015-05-19,158.51,158.51,156.52,157.22,,,,
2015-05-20,157.22,158.37,157.2,157.95,,,,
2015-05-21,157.95,159.66,157.79,159.09,,,,
2015-05-22,159.09,159.09,157.74,157.83,,,,
2015-05-26,157.83,157.91,156.22,157.24,,,,
2015-05-27,157.24,158.77,157.05,158.34,,,,
2015-05-28,158.34,158.35,157.51,157.95,,,,
2015-05-29,157.95,158,157.01,157.11,,,,
2015-06-01,157.11,157.35,155.98,156.3,,,,
2015-06-02,156.3,156.8,155.84,156.27,,,,
2015-06-03,156.27,158.2,156.13,157.58,,,,
2015-06-04,157.58,157.58,155.46,156.27,,,,
2015-06-05,156.27,156.29,153.23,153.4,,,,
2015-06-08,153.4,154.5,153.1,153.77,,,,
2015-06-09,153.77,154.38,153.09,153.41,,,,
2015-06-10,153.41,154.52,153.41,154.19,,,,
2015-06-11,154.19,155.34,154.19,155.03,,,,
2015-06-12,155.03,155.13,153.61,153.66,,,,
2015-06-15,153.66,153.66,152.57,152.7,,,,
2015-06-16,152.7,154.11,152.38,153.9,,,,
2015-06-17,153.9,154.25,152.84,153.92,,,,
2015-06-18,153.92,155.5,153.92,155.2,,,,
2015-06-19,155.2,155.2,154.46,154.65,,,,
2015-06-22,154.65,155.51,154.65,154.94,,,,
2015-06-23,154.94,158.02,154.94,157.02,,,,
2015-06-24,157.02,157.02,155.76,155.78,,,,
2015-06-25,155.78,157.72,155.78,156.36,,,,
2015-06-26,156.36,156.82,155.71,156.44,,,,
2015-06-29,156.44,156.62,154.1,154.16,,,,
2015-06-30,154.16,155.66,153.37,153.47,,,,
2015-07-01,153.47,154.43,153.27,154.25,,,,
2015-07-02,154.25,155.45,154.25,154.75,,,,
2015-07-06,154.75,154.75,153.58,154.2,,,,
2015-07-07,154.2,155.27,153.26,154.95,,,,
2015-07-08,154.95,154.95,151.51,151.79,,,,
2015-07-09,151.79,153.24,150.45,150.53,,,,
2015-07-10,150.53,153.04,150.53,152.36,,,,
2015-07-13,152.36,153.51,152.36,153.24,,,,
2015-07-14,153.24,154.02,152.57,154.02,,,,
2015-07-15,154.02,154.1,152.55,152.99,,,,
2015-07-16,152.99,155.01,152.99,154.93,,,,
2015-07-17,154.93,155.22,154.14,154.42,,,,
2015-07-20,154.42,155.21,153.46,154.96,,,,
2015-07-21,154.96,154.96,151.76,152.26,,,,
2015-07-22,152.26,152.26,149.83,150.68,,,,
2015-07-23,150.68,150.83,149.54,149.83,,,,
2015-07-24,149.83,151.93,149.71,149.72,,,,
2015-07-27,149.72,150.73,148.59,149.49,,,,
2015-07-28,149.49,150.26,149.11,149.67,,,,
2015-07-29,149.67,151.89,149.65,151.07,,,,
2015-07-30,151.07,151.78,150.93,151.51,,,,
2015-07-31,151.51,152.89,151.51,151.71,,,,
2015-08-03,151.71,152.96,151.05,152.03,,,,
2015-08-04,152.03,152.4,151.04,151.34,,,,
2015-08-05,151.34,152.52,151.19,151.27,,,,
2015-08-06,151.27,151.28,148.99,150.32,,,,
2015-08-07,150.32,150.32,149.24,149.8,,,,
2015-08-10,149.8,152.63,149.8,152.55,,,,
2015-08-11,152.55,154.01,152.44,152.68,,,,
2015-08-12,152.68,152.68,149.44,151.7,,,,
2015-08-13,151.7,151.8,150.7,150.86,,,,
2015-08-14,150.86,151.33,150.55,151.29,,,,
2015-08-17,151.29,151.91,150.51,151.88,,,,
2015-08-18,151.88,152.42,151.39,151.87,,,,
2015-08-19,151.87,152.57,150.69,151.88,,,,
2015-08-20,151.88,151.88,149.89,149.89,,,,
2015-08-21,149.89,149.89,147.31,147.31,,,,
2015-08-24,147.31,147.31,135.8,142.75,,,,
2015-08-25,142.75,145.67,139.5,139.55,,,,
2015-08-26,139.55,144.63,139.55,144.1,,,,
2015-08-27,144.1,147.53,144.1,147.36,,,,
2015-08-28,147.36,147.37,146.02,146.96,,,,
2015-08-31,146.96,146.96,145.66,146.61,,,,
2015-09-01,146.61,146.61,142.12,142.81,,,,
2015-09-02,142.81,145.02,142.81,144.97,,,,
2015-09-03,144.97,147.12,144.91,146.09,,,,
2015-09-04,146.09,146.09,142.88,143.57,,,,
2015-09-08,143.57,146.57,143.57,146.55,,,,
2015-09-09,146.55,147.83,144.84,145.06,,,,
2015-09-10,145.06,145.49,144.1,145.09,,,,
2015-09-11,145.09,145.22,144.26,145.2,,,,
2015-09-14,145.2,145.39,144.53,144.63,,,,
2015-09-15,144.63,146.78,144.63,146.47,,,,
2015-09-16,146.47,146.92,145.84,146.15,,,,
2015-09-17,146.15,146.16,142.7,144.57,,,,
2015-09-18,144.55,144.55,142.54,143.08,,,,
2015-09-21,143.08,143.97,142.92,143.45,,,,
2015-09-22,143.45,143.45,141.34,142.03,,,,
2015-09-23,142.03,142.33,140.81,141.14,,,,
2015-09-24,141.14,141.31,140.34,141.03,,,,
2015-09-25,141.03,143.13,141.03,141.79,,,,
2015-09-28,141.79,141.79,139.72,139.76,,,,
2015-09-29,139.76,140.64,139.07,139.83,,,,
2015-09-30,139.83,142.12,139.83,141.19,,,,
2015-10-01,141.19,141.39,139.11,140.14,,,,
2015-10-02,140.14,140.32,138.17,140.29,,,,
2015-10-05,140.29,144.1,140.29,144.04,,,,
2015-10-06,144.04,144.63,143.65,143.8,,,,
2015-10-07,143.8,143.91,142.38,143.32,,,,
2015-10-08,143.32,144.71,142.29,144.61,,,,
2015-10-09,144.61,145.27,143.3,143.71,,,,
2015-10-12,143.71,144.27,143.4,144.27,,,,
2015-10-13,144.27,144.56,143.8,144.2,,,,
2015-10-14,144.19,144.91,143.48,143.86,,,,
2015-10-15,143.86,145.7,143.86,145.66,,,,
2015-10-16,145.66,146.77,145.4,146.4,,,,
2015-10-19,146.4,146.4,144.97,146.01,,,,
2015-10-20,146.01,148.1,146.01,147.18,,,,
2015-10-21,147.18,148.2,145.56,146.23,,,,
2015-10-22,146.23,149.06,146.23,148.75,,,,
2015-10-23,148.75,150.55,148.26,148.71,,,,
2015-10-26,148.71,149.18,148.27,148.82,,,,
2015-10-27,148.82,148.82,147.04,147.32,,,,
2015-10-28,147.32,149.52,147.32,148.75,,,,
2015-10-29,148.75,149.02,147.66,148.76,,,,
2015-10-30,148.76,149.73,148.59,149.37,,,,
2015-11-02,149.37,150.01,148.68,149.6,,,,
2015-11-03,149.6,149.6,148.47,148.98,,,,
2015-11-04,148.98,149.35,147.88,148.12,,,,
2015-11-05,148.12,148.77,147.8,147.97,,,,
2015-11-06,147.97,147.97,145.76,146.95,,,,
2015-11-09,146.95,146.95,145.04,145.69,,,,
2015-11-10,145.69,145.73,144.89,145.24,,,,
2015-11-11,145.24,146.25,145.24,145.77,,,,
2015-11-12,145.77,145.77,144.27,144.47,,,,
2015-11-13,144.47,145.05,142.69,142.7,,,,
2015-11-16,142.7,145.74,142.49,145.69,,,,
2015-11-17,145.69,146.94,145.6,146.14,,,,
2015-11-18,146.14,147.37,144.95,147.25,,,,
2015-11-19,147.25,148.17,147.12,147.99,,,,
2015-11-20,147.99,148.41,147.07,147.32,,,,
2015-11-23,147.32,147.43,146.22,146.35,,,,
2015-11-24,146.35,147.14,145.32,146.45,,,,
2015-11-25,146.45,146.49,145.71,146.15,,,,
2015-11-27,146.15,147.46,146.15,146.87,,,,
2015-11-30,146.87,147.78,146.23,147.38,,,,
2015-12-01,147.38,148.79,147.24,148.03,,,,
2015-12-02,148.03,148.36,146.36,146.43,,,,
2015-12-03,146.43,146.82,144.36,144.9,,,,
2015-12-04,144.9,148.99,144.9,148.78,,,,
2015-12-07,148.78,149.88,148.09,149.64,,,,
2015-12-08,149.64,149.64,147.53,148.22,,,,
2015-12-09,148.22,149.69,146.6,147.09,,,,
2015-12-10,147.09,148.51,147.05,147.21,,,,
2015-12-11,147.21,147.21,144.67,144.95,,,,
2015-12-14,144.95,146.63,144.55,146.51,,,,
2015-12-15,146.51,148.04,145.99,147.34,,,,
2015-12-16,147.34,150.58,147.34,150.34,,,,
2015-12-17,150.34,151.06,148.8,148.81,,,,
2015-12-18,148.81,148.81,146.89,146.9,,,,
2015-12-21,146.9,148.56,146.9,148.53,,,,
2015-12-22,148.53,150.2,148.2,149.91,,,,
2015-12-23,149.91,152.2,149.91,151.95,,,,
2015-12-24,151.95,151.95,150.88,151.34,,,,
2015-12-28,151.34,151.84,150.94,151.56,,,,
2015-12-29,151.56,152.65,151.56,152.61,,,,
2015-12-30,152.61,152.61,151.29,151.4,,,,
2015-12-31,151.4,151.4,149.89,149.91,,,,
2016-01-04,149.91,149.91,147.62,149.15,,,,
2016-01-05,149.15,150.89,148.32,150.61,,,,
2016-01-06,150.61,150.61,146.98,148,,,,
2016-01-07,148,148.23,146.13,146.13,,,,
2016-01-08,146.13,147.56,144.99,145.45,,,,
2016-01-11,145.45,147.14,145.02,146.6,,,,
2016-01-12,146.6,147.26,144.98,146.01,,,,
2016-01-13,146.01,147.16,144.19,144.28,,,,
2016-01-14,144.28,147.78,144.28,146.82,,,,
2016-01-15,146.82,146.82,143.94,145.22,,,,
2016-01-19,145.22,147.29,145.22,146.94,,,,
2016-01-20,146.94,146.94,142.43,144.58,,,,
2016-01-21,144.58,149.57,144.46,148.07,,,,
2016-01-22,148.07,151.72,148.07,151.58,,,,
2016-01-25,151.58,153.2,150.06,151.08,,,,
2016-01-26,151.08,154.08,151.08,153.99,,,,
2016-01-27,153.99,156.56,153.02,155.27,,,,
2016-01-28,155.27,156.61,153.92,155.36,,,,
2016-01-29,155.36,158.12,155.36,158.12,,,,
2016-02-01,158.12,160.33,157.24,159.59,,,,
2016-02-02,159.59,159.59,156.87,157.77,,,,
2016-02-03,157.77,160.49,156.77,160.38,,,,
2016-02-04,160.38,160.91,158.53,160.16,,,,
2016-02-05,160.16,162.45,160.08,161.38,,,,
2016-02-08,161.38,161.38,158.27,160.77,,,,
2016-02-09,160.77,160.77,156.8,158.97,,,,
2016-02-10,158.97,159.38,157.7,158.3,,,,
2016-02-11,158.3,158.59,156.62,157.53,,,,
2016-02-12,157.53,159.57,157.35,159.45,,,,
2016-02-16,159.45,160.39,158.28,160.21,,,,
2016-02-17,160.21,161.23,159.91,160.63,,,,
2016-02-18,160.63,162.66,159.95,162.34,,,,
2016-02-19,162.34,162.47,160.67,161.16,,,,
2016-02-22,161.16,162.36,161.16,162.23,,,,
2016-02-23,162.23,162.31,160.51,161.36,,,,
2016-02-24,161.36,162.75,160.42,162.68,,,,
2016-02-25,162.68,164.25,162.65,163.73,,,,
2016-02-26,163.73,164.12,162.82,163.14,,,,
2016-02-29,163.14,164.31,162.34,162.38,,,,
2016-03-01,162.38,164.56,162.38,164.56,,,,
2016-03-02,164.56,166.3,163.54,166.3,,,,
2016-03-03,166.3,167.25,165.2,166.76,,,,
2016-03-04,166.76,167.2,165.83,166.45,,,,
2016-03-07,166.45,167.93,165.25,167.57,,,,
2016-03-08,167.57,168.78,166.4,167.63,,,,
2016-03-09,167.63,168.53,166.31,167.14,,,,
2016-03-10,167.14,168.66,166.77,167.91,,,,
2016-03-11,167.91,169.08,167.54,168.47,,,,
2016-03-14,168.47,168.9,167.5,168.38,,,,
2016-03-15,168.38,168.73,167.85,168.7,,,,
2016-03-16,168.7,170.78,167.97,170.34,,,,
2016-03-17,170.34,171.8,170.08,171.53,,,,
2016-03-18,171.53,172.12,169.88,169.88,,,,
2016-03-21,169.88,171.21,169.68,170.85,,,,
2016-03-22,170.85,170.98,169.89,169.92,,,,
2016-03-23,169.92,169.94,168.72,169.08,,,,
2016-03-24,169.08,170.84,168.39,170.8,,,,
2016-03-28,170.8,171.7,170.05,170.98,,,,
2016-03-29,170.98,173.22,170.6,172.94,,,,
2016-03-30,172.94,173.87,171.83,172.91,,,,
2016-03-31,172.91,173.58,171.99,172.55,,,,
2016-04-01,172.55,172.55,170.23,172.21,,,,
2016-04-04,172.21,173.39,172.06,173.39,,,,
2016-04-05,173.39,173.42,171.89,172.34,,,,
2016-04-06,172.34,172.34,169.64,170.56,,,,
2016-04-07,170.56,170.56,167.52,168.12,,,,
2016-04-08,168.12,169.69,167.74,168.2,,,,
2016-04-11,168.2,168.92,166.91,167.19,,,,
2016-04-12,167.19,168.87,167.19,168.37,,,,
2016-04-13,168.37,168.85,165.88,166.69,,,,
2016-04-14,166.7,167.71,166.5,167.11,,,,
2016-04-15,167.11,167.66,166.9,167.32,,,,
2016-04-18,167.32,168.59,166.87,168.22,,,,
2016-04-19,168.22,169.52,168.18,169.5,,,,
2016-04-20,169.5,169.79,168.41,168.61,,,,
2016-04-21,168.61,168.61,163.46,164,,,,
2016-04-22,164,165.41,164,165.25,,,,
2016-04-25,165.25,166.1,164.41,165.76,,,,
2016-04-26,165.76,166.59,164.55,165.19,,,,
2016-04-27,165.19,168.87,164.71,168.3,,,,
2016-04-28,168.3,168.39,166.89,167.13,,,,
2016-04-29,167.13,167.29,166.2,167.13,,,,
2016-05-02,167.13,168.55,167.11,168.3,,,,
2016-05-03,168.3,168.3,165.76,166.69,,,,
2016-05-04,166.69,167.4,165.34,166.94,,,,
2016-05-05,166.94,167.22,165.75,166.01,,,,
2016-05-06,166.01,167.14,165.05,167.13,,,,
2016-05-09,167.13,167.67,166.56,166.69,,,,
2016-05-10,166.69,168.72,166.69,168.61,,,,
2016-05-11,168.61,168.79,167.41,167.68,,,,
2016-05-12,167.68,169.35,167.68,168.89,,,,
2016-05-13,168.89,168.91,166.99,167.09,,,,
2016-05-16,167.09,168,166.23,167.82,,,,
2016-05-17,167.82,168.06,166.3,166.82,,,,
2016-05-18,166.82,166.85,163.68,164.56,,,,
2016-05-19,164.56,164.56,161.27,163.44,,,,
2016-05-20,163.44,164.12,163.03,163.6,,,,
2016-05-23,163.6,163.71,162.43,162.49,,,,
2016-05-24,162.49,163.82,162.49,163.73,,,,
2016-05-25,163.73,164.83,163.45,164.38,,,,
2016-05-26,164.38,165.74,164.27,165.22,,,,
2016-05-27,165.22,166.47,164.87,166.24,,,,
2016-05-31,166.24,167.49,166.24,167.07,,,,
2016-06-01,167.07,167.07,164.86,165.37,,,,
2016-06-02,165.37,166.21,164.61,166.21,,,,
2016-06-03,166.21,167.39,166.06,167.18,,,,
2016-06-06,167.18,167.82,166.87,167.11,,,,
2016-06-07,167.11,170.14,167.04,169.61,,,,
2016-06-08,169.61,169.67,168.53,169.38,,,,
2016-06-09,169.38,170.62,168.71,170.41,,,,
2016-06-10,170.41,172.47,169.51,171.84,,,,
2016-06-13,171.84,172.04,170.92,171.19,,,,
2016-06-14,171.19,172.45,170.39,172.12,,,,
2016-06-15,172.12,173.01,171.72,171.82,,,,
2016-06-16,171.82,173.31,171.15,173.21,,,,
2016-06-17,173.21,174.23,172.36,174.23,,,,
2016-06-20,174.23,175.43,173.49,174.39,,,,
2016-06-21,174.39,176.52,173.44,175.62,,,,
2016-06-22,175.62,177.13,175.59,175.91,,,,
2016-06-23,175.91,178.24,175.91,178.24,,,,
2016-06-24,178.24,179.39,175.79,176.6,,,,
2016-06-27,176.6,177.86,175.27,177.63,,,,
2016-06-28,177.63,178.26,177.11,178.14,,,,
2016-06-29,178.14,179.99,178.14,179.88,,,,
2016-06-30,179.88,183.16,179.53,182.64,,,,
2016-07-01,182.64,184.02,181.96,183.85,,,,
2016-07-05,183.85,185.43,183.67,183.81,,,,
2016-07-06,183.81,183.81,180.25,183.02,,,,
2016-07-07,183.02,183.05,179.3,180.09,,,,
2016-07-08,180.09,182.02,178.42,181.81,,,,
2016-07-11,181.81,181.94,180.34,181.66,,,,
2016-07-12,181.66,181.97,180.76,181.07,,,,
2016-07-13,181.07,183.07,180.86,182.43,,,,
2016-07-14,182.43,183.41,182.1,182.71,,,,
2016-07-15,182.71,183.75,182.27,183,,,,
2016-07-18,183,183.07,182.35,182.99,,,,
2016-07-19,182.99,183,181.97,182.32,,,,
2016-07-20,182.32,182.35,181.27,182.16,,,,
2016-07-21,182.16,182.42,180.87,181.37,,,,
2016-07-22,181.37,184.5,181.37,183.78,,,,
2016-07-25,183.78,183.78,182.2,183,,,,
2016-07-26,183,183.61,179.89,180.27,,,,
2016-07-27,180.27,181.86,179.76,181.45,,,,
2016-07-28,181.45,181.45,179.52,180.27,,,,
2016-07-29,180.27,183.02,180.27,182.67,,,,
2016-08-01,182.67,183.26,180.6,180.93,,,,
2016-08-02,180.93,181.19,179.21,179.94,,,,
2016-08-03,179.94,180.21,178.94,179.77,,,,
2016-08-04,179.77,180.18,179.11,179.65,,,,
2016-08-05,179.65,179.85,178.16,179.35,,,,
2016-08-08,179.35,179.42,178.58,178.98,,,,
2016-08-09,178.98,179.53,178.43,179.38,,,,
2016-08-10,179.38,180.26,179.34,179.87,,,,
2016-08-11,179.87,180.63,179.87,180.33,,,,
2016-08-12,180.33,180.47,179.49,179.68,,,,
2016-08-15,179.68,180,179,179.08,,,,
2016-08-16,179.08,179.08,175.37,175.42,,,,
2016-08-17,175.42,175.97,173.65,175.68,,,,
2016-08-18,175.68,175.72,173.11,174.28,,,,
2016-08-19,174.28,174.28,171.64,172.78,,,,
2016-08-22,172.78,173.13,171.38,172.73,,,,
2016-08-23,172.73,173.35,172.59,172.8,,,,
2016-08-24,172.8,173.3,171.68,172.74,,,,
2016-08-25,172.74,173.73,172.29,173.45,,,,
2016-08-26,173.45,174.35,171.13,171.58,,,,
2016-08-29,171.58,173.26,171.58,172.91,,,,
2016-08-30,172.91,173.09,171.7,172.35,,,,
2016-08-31,172.35,172.74,171.4,172.21,,,,
2016-09-01,172.21,172.95,171.38,172.68,,,,
2016-09-02,172.68,174.51,172.23,173.2,,,,
2016-09-06,173.2,175.47,172.89,174.77,,,,
2016-09-07,174.77,175.35,174.11,175.19,,,,
2016-09-08,175.19,175.66,174.42,174.87,,,,
2016-09-09,174.87,174.87,168.88,168.88,,,,
2016-09-12,168.88,172.89,168.45,172.25,,,,
2016-09-13,172.25,172.25,167.95,168.82,,,,
2016-09-14,168.82,170.06,168.1,168.63,,,,
2016-09-15,168.63,171.05,167.52,170.47,,,,
2016-09-16,170.47,170.47,168.69,169.74,,,,
2016-09-19,169.74,169.88,167.92,168.58,,,,
2016-09-20,168.58,169.86,167.95,168.27,,,,
2016-09-21,168.27,170.63,168.27,170.43,,,,
2016-09-22,170.43,172.72,170.43,172.36,,,,
2016-09-23,172.36,173.51,171.84,173,,,,
2016-09-26,173,173.04,171.97,172.06,,,,
2016-09-27,172.06,173.91,171.75,173.22,,,,
2016-09-28,173.22,173.25,170.43,171.42,,,,
2016-09-29,171.42,172.32,170.14,171.09,,,,
2016-09-30,171.09,172.28,170.54,170.58,,,,
2016-10-03,170.58,171.67,169.94,170.75,,,,
2016-10-04,170.75,170.78,167.14,167.89,,,,
2016-10-05,167.89,167.91,163.93,164.9,,,,
2016-10-06,164.9,165.22,163.88,164.76,,,,
2016-10-07,164.76,165.51,163.49,164.03,,,,
2016-10-10,164.03,165.18,162.3,164.71,,,,
2016-10-11,164.71,165.42,163.31,164.39,,,,
2016-10-12,164.39,165.97,164.39,165.36,,,,
2016-10-13,165.36,165.76,163.96,165.37,,,,
2016-10-14,165.37,166.36,165.11,165.11,,,,
2016-10-17,165.11,166.01,164.49,165.41,,,,
2016-10-18,165.41,166.14,164.98,165.65,,,,
2016-10-19,165.65,166.57,165.65,165.96,,,,
2016-10-20,165.96,165.96,162.02,162.62,,,,
2016-10-21,162.62,162.62,157.39,158.84,,,,
2016-10-24,158.84,159.23,156.49,157.58,,,,
2016-10-25,157.58,158.11,156.56,156.7,,,,
2016-10-26,156.7,156.92,155.4,155.79,,,,
2016-10-27,155.79,159.03,155.79,158.3,,,,
2016-10-28,158.3,159.28,157.65,157.87,,,,
2016-10-31,157.87,158.17,157.42,157.79,,,,
2016-11-01,157.79,158.87,155.65,156.16,,,,
2016-11-02,156.16,156.23,154.22,154.26,,,,
2016-11-03,154.26,155.66,154.01,154.21,,,,
2016-11-04,154.21,154.95,154.21,154.25,,,,
2016-11-07,154.25,155.6,154.25,155.57,,,,
2016-11-08,155.57,156.94,155.57,156.56,,,,
2016-11-09,156.56,158.34,153.98,157.92,,,,
2016-11-10,157.92,158.01,153.82,154.24,,,,
2016-11-11,154.24,154.5,153.43,154.1,,,,
2016-11-14,154.1,154.64,152.54,152.75,,,,
2016-11-15,152.75,155.96,152.75,155.96,,,,
2016-11-16,155.96,157.84,155.96,157.58,,,,
2016-11-17,157.58,159.05,157.58,157.92,,,,
2016-11-18,157.92,158.82,157.5,158.76,,,,
2016-11-21,158.76,159.78,158.49,159.78,,,,
2016-11-22,159.78,163.62,159.78,163.1,,,,
2016-11-23,163.1,165.43,162.55,164.37,,,,
2016-11-25,164.37,166.1,164.37,166.1,,,,
2016-11-28,166.1,167.78,165.81,167.45,,,,
2016-11-29,167.45,167.59,166.26,166.93,,,,
2016-11-30,166.93,166.93,163.39,163.39,,,,
2016-12-01,163.39,163.89,161.52,163.87,,,,
2016-12-02,163.87,165.07,162.72,163.3,,,,
2016-12-05,163.3,164.49,163.3,163.32,,,,
2016-12-06,163.32,166.12,163.32,165.71,,,,
2016-12-07,165.71,169.69,165.71,169.62,,,,
2016-12-08,169.62,169.98,168.73,169.14,,,,
2016-12-09,169.14,169.82,168.36,169.57,,,,
2016-12-12,169.57,172.94,169.57,171.41,,,,
2016-12-13,171.41,173.09,171.41,172.94,,,,
2016-12-14,172.94,173.44,170.54,171.18,,,,
2016-12-15,171.18,173.04,170.15,172.31,,,,
2016-12-16,172.31,173.41,172.31,173.41,,,,
2016-12-19,173.41,175.64,172.7,175.27,,,,
2016-12-20,175.27,177.41,175.27,176.26,,,,
2016-12-21,176.26,176.65,175.6,175.61,,,,
2016-12-22,175.61,177.63,174.9,177.4,,,,
2016-12-23,177.4,177.68,176.8,177.57,,,,
2016-12-27,177.57,177.89,176.86,177.37,,,,
2016-12-28,177.37,177.92,176.59,176.76,,,,
2016-12-29,176.76,178.01,176.76,177.48,,,,
2016-12-30,177.48,177.67,176.12,176.61,,,,
2017-01-03,176.61,179.97,176.61,179.97,,,,
2017-01-04,179.97,180.24,179.22,179.44,,,,
2017-01-05,179.44,180.06,178.58,179.36,,,,
2017-01-06,179.36,179.36,174.15,174.57,,,,
2017-01-09,174.57,174.57,172.59,172.59,,,,
2017-01-10,172.59,173.59,170.54,172.68,,,,
2017-01-11,172.68,172.68,170.99,171.84,,,,
2017-01-12,171.84,173.36,171.3,172.92,,,,
2017-01-13,172.92,173.58,172.15,172.67,,,,
2017-01-17,172.67,173.47,172.37,173.33,,,,
2017-01-18,173.33,173.69,171.87,171.99,,,,
2017-01-19,171.99,172.86,171.95,172.55,,,,
2017-01-20,172.55,175.64,172.55,174.03,,,,
2017-01-23,174.03,175,173.57,174.86,,,,
2017-01-24,174.86,174.86,169.1,170.19,,,,
2017-01-25,170.19,170.19,167.53,169.79,,,,
2017-01-26,169.79,170,167.63,169.83,,,,
2017-01-27,169.83,171.77,169.83,171,,,,
2017-01-30,171,171.5,169.57,170.2,,,,
2017-01-31,170.2,170.82,169.31,170.43,,,,
2017-02-01,170.43,171.51,168.84,169.22,,,,
2017-02-02,169.22,169.32,166.11,167.1,,,,
2017-02-03,167.1,168.2,167.1,167.75,,,,
2017-02-06,167.75,167.82,166.16,166.4,,,,
2017-02-07,166.4,166.69,165.55,166.47,,,,
2017-02-08,166.47,167.35,166.44,166.98,,,,
2017-02-09,166.98,168.26,166.9,167.81,,,,
2017-02-10,167.81,168.46,167.46,168.24,,,,
2017-02-13,168.24,168.24,165.6,166.12,,,,
2017-02-14,166.12,166.12,164.89,165.94,,,,
2017-02-15,165.94,166.4,165.03,166.38,,,,
2017-02-16,166.38,167.27,165.94,167.14,,,,
2017-02-17,167.14,168.87,165.82,168.65,,,,
2017-02-21,168.65,169.77,168.41,169.66,,,,
2017-02-22,169.66,170,169.26,169.76,,,,
2017-02-23,169.76,171.75,169.7,171.39,,,,
2017-02-24,171.35,173.08,171.35,172.62,,,,
2017-02-27,172.62,172.62,170.18,170.52,,,,
2017-02-28,170.52,170.59,169.24,169.77,,,,
2017-03-01,169.77,171,168.82,170.55,,,,
2017-03-02,170.55,170.77,169.83,170.64,,,,
2017-03-03,170.64,170.69,169.7,170.67,,,,
2017-03-06,170.67,170.67,169.63,170.31,,,,
2017-03-07,170.31,170.31,168.78,169.06,,,,
2017-03-08,169.06,169.06,168.02,168.36,,,,
2017-03-09,168.36,169.68,168.36,169.04,,,,
2017-03-10,169.04,170.45,169.04,170.17,,,,
2017-03-13,170.17,170.58,169.54,170.43,,,,
2017-03-14,170.43,170.6,169.38,169.6,,,,
2017-03-15,169.6,172.13,169.56,171.91,,,,
2017-03-16,171.91,172.15,170.94,171.36,,,,
2017-03-17,171.36,172.41,171.24,172.3,,,,
2017-03-20,172.3,172.76,171.34,171.67,,,,
2017-03-21,171.67,172.35,170.58,170.74,,,,
2017-03-22,170.74,170.76,168.28,169,,,,
2017-03-23,169,169.83,168.08,168.86,,,,
2017-03-24,168.86,169.6,168.47,169.01,,,,
2017-03-27,169.01,169.19,167.21,167.78,,,,
2017-03-28,167.78,168.29,166.6,168.13,,,,
2017-03-29,168.13,168.74,167.71,167.84,,,,
2017-03-30,167.84,168.82,167.3,168.52,,,,
2017-03-31,168.52,168.73,167.68,167.68,,,,
2017-04-03,167.68,168.63,167.28,168.35,,,,
2017-04-04,168.35,168.9,167.58,168.9,,,,
2017-04-05,168.9,169.45,168.13,168.19,,,,
2017-04-06,168.19,168.19,165.46,165.51,,,,
2017-04-07,165.51,166.75,165.18,165.83,,,,
2017-04-10,165.83,166.32,165.06,165.32,,,,
2017-04-11,165.32,165.64,164.37,165.41,,,,
2017-04-12,165.41,166.39,164.42,166.35,,,,
2017-04-13,166.35,166.64,165.19,165.32,,,,
2017-04-17,165.32,166.49,165.32,165.7,,,,
2017-04-18,165.7,166.59,165.04,166.09,,,,
2017-04-19,166.09,167.02,165.62,165.77,,,,
2017-04-20,165.77,165.98,163.43,165.34,,,,
2017-04-21,165.34,165.34,162.32,162.73,,,,
2017-04-24,162.73,163.27,162.25,162.67,,,,
2017-04-25,162.67,163.54,161.55,162.18,,,,
2017-04-26,162.18,164.68,161.98,164.17,,,,
2017-04-27,164.17,164.17,161.96,162.04,,,,
2017-04-28,162.04,162.04,160.14,160.33,,,,
2017-05-01,160.33,160.76,159.07,159.07,,,,
2017-05-02,159.07,159.64,158.65,158.99,,,,
2017-05-03,158.99,159.18,157.35,157.97,,,,
2017-05-04,157.97,157.97,155.41,156.18,,,,
2017-05-05,156.18,158.83,156.18,158.45,,,,
2017-05-08,158.45,158.86,157.43,158.8,,,,
2017-05-09,158.8,158.8,157.26,157.84,,,,
2017-05-10,157.84,158.97,157.48,158.3,,,,
2017-05-11,158.3,158.3,157.14,157.54,,,,
2017-05-12,157.54,158.15,157.21,157.44,,,,
2017-05-15,157.44,157.81,156.71,157.06,,,,
2017-05-16,157.06,157.72,156.07,156.11,,,,
2017-05-17,156.11,156.11,153.26,153.3,,,,
2017-05-18,153.3,155.93,153.3,155.15,,,,
2017-05-19,155.15,156.54,154.66,156.41,,,,
2017-05-22,156.41,156.8,156.05,156.54,,,,
2017-05-23,156.54,157.13,156.42,156.75,,,,
2017-05-24,156.75,156.78,155.3,155.7,,,,
2017-05-25,155.7,156.58,155.52,156.25,,,,
2017-05-26,156.25,156.35,155.81,155.99,,,,
2017-05-30,155.99,158.67,155.89,158.2,,,,
2017-05-31,158.2,159.44,158.2,158.76,,,,
2017-06-01,158.76,159.79,158.4,159.71,,,,
2017-06-02,159.71,160.84,159.21,159.62,,,,
2017-06-05,159.62,159.62,158.36,159.39,,,,
2017-06-06,159.39,160.24,158.85,159.32,,,,
2017-06-07,159.32,159.88,158.76,159.46,,,,
2017-06-08,159.46,159.68,158.1,158.54,,,,
2017-06-09,158.54,159.96,158.4,159.93,,,,
2017-06-12,159.93,162.38,159.93,161.37,,,,
2017-06-13,161.37,161.37,159.48,159.71,,,,
2017-06-14,159.71,160.3,159.32,160.16,,,,
2017-06-15,160.16,160.76,159.71,160.23,,,,
2017-06-16,160.23,161.11,159.01,160.06,,,,
2017-06-19,160.06,160.08,158.92,159.74,,,,
2017-06-20,159.74,159.74,157.62,158.09,,,,
2017-06-21,158.09,158.24,155.02,156.17,,,,
2017-06-22,156.17,156.76,155.46,156.04,,,,
2017-06-23,156.04,156.24,155.34,155.71,,,,
2017-06-26,155.71,157.27,155.71,156.68,,,,
2017-06-27,156.68,156.68,154.31,154.44,,,,
2017-06-28,154.44,155.76,154.44,155.07,,,,
2017-06-29,155.07,155.08,153.52,153.54,,,,
2017-06-30,153.54,154.52,153.31,154.03,,,,
2017-07-03,154.03,155.51,153.95,155.36,,,,
2017-07-05,155.36,155.43,153.99,154.81,,,,
2017-07-06,154.81,154.81,151.26,151.26,,,,
2017-07-07,151.26,151.39,149.97,150.68,,,,
2017-07-10,150.68,150.9,149.92,149.92,,,,
2017-07-11,149.92,150.02,148.71,148.92,,,,
2017-07-12,148.92,150.18,148.92,149.63,,,,
2017-07-13,149.63,149.63,148.38,148.78,,,,
2017-07-14,148.78,149.7,148.72,149.14,,,,
2017-07-17,149.14,149.91,149.05,149.44,,,,
2017-07-18,149.44,149.64,147.63,147.98,,,,
2017-07-19,147.98,148.57,147.47,148.52,,,,
2017-07-20,148.52,151.46,148.52,150.62,,,,
2017-07-21,150.62,150.97,149.58,150.66,,,,
2017-07-24,150.66,150.72,148.99,149.13,,,,
2017-07-25,149.13,150.36,149.13,149.56,,,,
2017-07-26,149.56,154.3,149.56,153.99,,,,
2017-07-27,153.99,162.08,153.99,162,,,,
2017-07-28,162,163.21,159.62,161.19,,,,
2017-07-31,161.19,162.4,160.17,161.84,,,,
2017-08-01,161.84,163.82,161.84,162.32,,,,
2017-08-02,162.32,162.47,159.24,160.17,,,,
2017-08-03,160.17,160.52,159.12,160.31,,,,
2017-08-04,160.31,161.25,159.19,161.07,,,,
2017-08-07,161.07,161.52,160.69,161.15,,,,
2017-08-08,161.15,161.68,159.93,160.28,,,,
2017-08-09,160.28,160.28,159.2,159.72,,,,
2017-08-10,159.72,160.09,158.83,159.03,,,,
2017-08-11,159.03,159.52,158.51,158.89,,,,
2017-08-14,158.89,160.99,158.89,160.86,,,,
2017-08-15,160.86,160.86,158.7,159.24,,,,
2017-08-16,159.24,159.81,158.63,159.41,,,,
2017-08-17,159.41,159.41,156.78,156.82,,,,
2017-08-18,156.82,156.88,155.23,155.98,,,,
2017-08-21,155.98,158.11,155.98,157.08,,,,
2017-08-22,157.08,158.57,156.61,158.47,,,,
2017-08-23,158.47,159.21,158.03,158.4,,,,
2017-08-24,158.4,158.82,157.7,157.82,,,,
2017-08-25,157.82,159.76,157.82,159.06,,,,
2017-08-28,159.06,159.33,158.25,159.03,,,,
2017-08-29,159.03,159.36,158.21,158.67,,,,
2017-08-30,158.67,158.67,157.36,157.66,,,,
2017-08-31,157.66,158.33,156.78,156.85,,,,
2017-09-01,156.85,157.31,156.67,156.92,,,,
2017-09-05,156.92,156.92,154.79,155.13,,,,
2017-09-06,155.13,155.57,152.85,153.22,,,,
2017-09-07,153.22,154.03,149.84,150.04,,,,
2017-09-08,150.04,150.36,148.32,149.85,,,,
2017-09-11,149.85,150.57,149.82,150.37,,,,
2017-09-12,150.37,153,150.37,152.43,,,,
2017-09-13,152.43,153.86,152.37,153.57,,,,
2017-09-14,153.57,154.2,152.57,152.96,,,,
2017-09-15,152.96,155.68,152.96,155.68,,,,
2017-09-18,155.68,157.03,154.77,156.47,,,,
2017-09-19,156.47,160.52,156.08,159.99,,,,
2017-09-20,159.99,161.55,159.65,160.7,,,,
2017-09-21,160.7,160.83,159.23,159.43,,,,
2017-09-22,159.43,161.8,159.43,161.59,,,,
2017-09-25,161.59,163.41,161.33,162.98,,,,
2017-09-26,162.98,163.51,161.53,161.59,,,,
2017-09-27,161.59,162.41,160.85,161.68,,,,
2017-09-28,161.68,162.56,160.86,162.08,,,,
2017-09-29,162.08,162.96,161.01,162.37,,,,
2017-10-02,162.37,162.9,162.05,162.2,,,,
2017-10-03,162.2,164.05,162.2,163.98,,,,
2017-10-04,163.98,164.55,162.88,164.07,,,,
2017-10-05,164.07,164.96,163.55,163.88,,,,
2017-10-06,163.88,163.88,160.12,160.56,,,,
2017-10-09,160.56,160.81,159.79,160.31,,,,
2017-10-10,160.31,161.59,160.3,160.94,,,,
2017-10-11,160.94,161.35,159.18,159.86,,,,
2017-10-12,159.86,159.86,154.01,154.2,,,,
2017-10-13,154.2,154.6,152.18,153.11,,,,
2017-10-16,153.11,155.21,152.93,154.3,,,,
2017-10-17,154.3,154.83,153.62,154.62,,,,
2017-10-18,154.62,154.62,152.13,153.72,,,,
2017-10-19,153.72,158.29,153.72,154.43,,,,
2017-10-20,154.43,155.25,153.6,154.76,,,,
2017-10-23,154.76,155.19,153.02,153.27,,,,
2017-10-24,153.27,153.88,152.09,152.33,,,,
2017-10-25,152.33,152.33,147.87,148.86,,,,
2017-10-26,148.86,150.82,148.86,149.63,,,,
2017-10-27,149.63,150.7,148.82,149.87,,,,
2017-10-30,149.87,150.89,146.81,147.76,,,,
2017-10-31,147.76,148.69,147.69,148.26,,,,
2017-11-01,148.26,149.03,146.71,147.59,,,,
2017-11-02,147.59,149.6,145.47,146.1,,,,
2017-11-03,146.1,146.78,145.14,145.95,,,,
2017-11-06,145.95,145.95,140.82,142.39,,,,
2017-11-07,142.39,142.78,141.33,142.74,,,,
2017-11-08,142.74,143.49,141.62,143.4,,,,
2017-11-09,143.4,144.9,142.27,143.78,,,,
2017-11-10,143.78,144.5,143.67,143.99,,,,
2017-11-13,143.99,144.41,143.58,143.64,,,,
2017-11-14,143.64,143.67,141.55,141.58,,,,
2017-11-15,141.58,142.65,141.17,141.75,,,,
2017-11-16,141.75,144.69,141.75,144.23,,,,
2017-11-17,144.23,146.19,143.7,145.16,,,,
2017-11-20,145.16,147.08,145.16,146.56,,,,
2017-11-21,146.56,146.98,145.65,145.77,,,,
2017-11-22,145.77,148.72,145.67,148.2,,,,
2017-11-24,148.2,148.24,147.44,147.77,,,,
2017-11-27,147.77,149.13,147.69,148.35,,,,
2017-11-28,148.35,151.91,147.81,151.64,,,,
2017-11-29,151.64,156.56,151.64,155.78,,,,
2017-11-30,155.78,157.9,155.26,157.01,,,,
2017-12-01,157.01,158.57,155.11,157.69,,,,
2017-12-04,157.69,161.6,157.69,160.2,,,,
2017-12-05,160.2,160.4,157.2,157.35,,,,
2017-12-06,157.35,157.35,155.2,155.86,,,,
2017-12-07,155.86,156.6,154.55,155.71,,,,
2017-12-08,155.71,158.21,155.61,158.08,,,,
2017-12-11,158.08,160.14,157.82,159.94,,,,
2017-12-12,159.94,164.68,159.94,164.42,,,,
2017-12-13,164.42,164.78,162.08,164.22,,,,
2017-12-14,164.22,164.22,162.49,162.68,,,,
2017-12-15,162.68,164.85,162.68,164.42,,,,
2017-12-18,164.42,166.85,164.42,165.99,,,,
2017-12-19,165.99,166.82,164.2,164.38,,,,
2017-12-20,164.38,166.85,164.38,165.29,,,,
2017-12-21,165.29,168.12,164.94,166.46,,,,
2017-12-22,166.46,167.81,166.22,166.77,,,,
2017-12-26,166.77,168.25,166.7,167.11,,,,
2017-12-27,167.11,167.64,166.1,166.73,,,,
2017-12-28,166.73,167.67,166.47,167.59,,,,
2017-12-29,167.59,167.85,166.07,166.07,,,,
2018-01-02,166.07,167.08,164.86,166.45,,,,
2018-01-03,166.45,166.45,162.3,162.83,,,,
2018-01-04,162.83,164.62,160.93,163.79,,,,
2018-01-05,163.79,164.46,163.03,163.93,,,,
2018-01-08,163.93,165.07,162.83,164.12,,,,
2018-01-09,164.12,164.12,161.07,161.12,,,,
2018-01-10,161.12,161.12,159.13,159.67,,,,
2018-01-11,159.67,160.42,159.31,159.97,,,,
2018-01-12,159.97,160.94,159.42,160.48,,,,
2018-01-16,160.48,160.8,159.22,159.79,,,,
2018-01-17,159.79,160.58,158.81,160.19,,,,
2018-01-18,160.19,163.59,160.13,160.57,,,,
2018-01-19,160.57,161.31,159.49,161.2,,,,
2018-01-22,161.2,165.05,161.1,164.99,,,,
2018-01-23,164.99,167.04,162.35,163.07,,,,
2018-01-24,163.07,165.15,163.07,164.14,,,,
2018-01-25,164.14,165.45,163.64,165.31,,,,
2018-01-26,165.31,166.88,165.31,166.88,,,,
2018-01-29,166.88,166.88,163.17,164.75,,,,
2018-01-30,164.75,166.27,164.65,164.74,,,,
2018-01-31,164.74,166.56,164.35,165,,,,
2018-02-01,165,169.66,165,169.09,,,,
2018-02-02,169.09,169.09,164.23,164.75,,,,
2018-02-05,164.75,165.48,157.75,157.75,,,,
2018-02-06,157.75,159.17,153.54,158.75,,,,
2018-02-07,158.75,161.66,158.12,159.22,,,,
2018-02-08,159.22,159.22,153.11,153.14,,,,
2018-02-09,153.14,156.55,150.79,155.32,,,,
2018-02-12,155.32,157.68,154.91,156.61,,,,
2018-02-13,156.61,157.73,154.35,157.22,,,,
2018-02-14,157.22,157.67,155.03,156.11,,,,
2018-02-15,156.11,158.26,155.3,158.25,,,,
2018-02-16,158.25,160.13,157.8,159.08,,,,
2018-02-20,159.08,159.08,155.91,156.35,,,,
2018-02-21,156.35,156.75,153.7,153.78,,,,
2018-02-22,153.78,156.35,153.76,154.02,,,,
2018-02-23,154.02,155.31,153.44,155.24,,,,
2018-02-26,155.24,158.17,155.24,158.07,,,,
2018-02-27,158.07,158.54,155.16,155.16,,,,
2018-02-28,155.16,157.14,153.33,153.36,,,,
2018-03-01,153.36,155.13,152.37,152.93,,,,
2018-03-02,152.93,154.25,152.37,154.1,,,,
2018-03-05,154.1,156.26,153.2,155.68,,,,
2018-03-06,155.68,156.43,154.82,156.38,,,,
2018-03-07,156.38,157.01,155.09,156.33,,,,
2018-03-08,156.33,157,154.85,156.99,,,,
2018-03-09,156.99,157.53,155.43,156.9,,,,
2018-03-12,156.9,158.32,156.9,157.29,,,,
2018-03-13,157.29,158.77,156.54,157.03,,,,
2018-03-14,157.03,158.1,155.53,155.84,,,,
2018-03-15,155.84,156.79,155.24,155.5,,,,
2018-03-16,155.5,156.91,155.21,155.86,,,,
2018-03-19,155.86,156.1,154.14,154.44,,,,
2018-03-20,154.44,155.39,152.45,152.88,,,,
2018-03-21,152.88,153.67,151.59,151.59,,,,
2018-03-22,151.59,151.66,149.39,149.46,,,,
2018-03-23,149.46,150.61,146.62,147.07,,,,
2018-03-26,147.07,149.46,147.07,148.42,,,,
2018-03-27,148.42,150.73,148.33,149.19,,,,
2018-03-28,149.19,153.04,149.19,151.64,,,,
2018-03-29,151.64,153.27,150.71,151.65,,,,
2018-04-02,151.65,151.8,148.26,149.46,,,,
2018-04-03,149.46,150.69,148.41,150.61,,,,
2018-04-04,150.61,152.71,148.86,152.55,,,,
2018-04-05,152.55,153.92,151.87,153.63,,,,
2018-04-06,153.63,153.82,150.6,151.38,,,,
2018-04-09,151.38,151.65,149.23,149.61,,,,
2018-04-10,149.61,155.18,149.55,153.07,,,,
2018-04-11,153.07,153.07,150.53,150.79,,,,
2018-04-12,150.79,152.05,150.18,150.75,,,,
2018-04-13,150.75,151.56,150.03,150.53,,,,
2018-04-16,150.53,153.15,150.53,152.77,,,,
2018-04-17,152.77,153.58,152.34,152.92,,,,
2018-04-18,152.92,153.58,152.11,152.24,,,,
2018-04-19,152.24,152.71,151.02,151.04,,,,
2018-04-20,151.04,151.84,148.12,150.05,,,,
2018-04-23,150.05,151.7,149.95,151.67,,,,
2018-04-24,151.67,155.11,151.67,153.44,,,,
2018-04-25,153.44,154.76,152.44,154.68,,,,
2018-04-26,154.68,154.68,148.26,149.68,,,,
2018-04-27,149.68,153.18,149.68,152.3,,,,
2018-04-30,152.3,153.04,148.16,148.24,,,,
2018-05-01,148.24,149.06,145.9,147.1,,,,
2018-05-02,147.1,147.32,143.82,144.51,,,,
2018-05-03,144.51,144.69,143.01,144.24,,,,
2018-05-04,144.24,145.63,143.53,145.32,,,,
2018-05-07,145.32,145.6,144.06,144.44,,,,
2018-05-08,144.44,144.44,141.84,142.56,,,,
2018-05-09,142.56,142.84,140.34,140.95,,,,
2018-05-10,140.95,144,140.95,143.64,,,,
2018-05-11,143.64,147.33,143.64,146.65,,,,
2018-05-14,146.65,147.42,145.82,146.12,,,,
2018-05-15,146.12,146.12,144.2,144.94,,,,
2018-05-16,144.94,146.02,144.6,145.45,,,,
2018-05-17,145.45,145.83,144.38,144.64,,,,
2018-05-18,144.64,144.93,143.76,144.75,,,,
2018-05-21,144.75,147.1,144.42,146.91,,,,
2018-05-22,146.91,148.62,146.53,147.12,,,,
2018-05-23,147.12,147.32,145.52,146.49,,,,
2018-05-24,146.49,147.56,146.09,147.36,,,,
2018-05-25,147.36,147.36,145.88,146.49,,,,
2018-05-29,146.49,146.49,144.75,145.66,,,,
2018-05-30,145.66,147.04,145.62,146.78,,,,
2018-05-31,146.78,146.79,144.29,144.87,,,,
2018-06-01,144.87,145.73,144.71,145.23,,,,
2018-06-04,145.23,146.14,144.93,145.08,,,,
2018-06-05,145.08,145.99,144.81,145.81,,,,
2018-06-06,145.81,148.31,145.4,148.01,,,,
2018-06-07,148.01,150.36,146.28,149.81,,,,
2018-06-08,149.81,150.25,148.57,150.11,,,,
2018-06-11,150.11,152.3,150.11,151.11,,,,
2018-06-12,151.11,152.27,150.08,150.8,,,,
2018-06-13,150.8,150.8,143.99,144.03,,,,
2018-06-14,144.03,146.47,143.87,145.44,,,,
2018-06-15,145.44,147.25,144.41,147.15,,,,
2018-06-18,147.15,147.15,143.66,144.25,,,,
2018-06-19,144.25,146.99,143.85,146.3,,,,
2018-06-20,146.3,146.73,144.51,144.88,,,,
2018-06-21,144.88,146.8,144.29,144.62,,,,
2018-06-22,144.62,146.99,144.62,146.39,,,,
2018-06-25,146.39,146.83,145.68,146.28,,,,
2018-06-26,146.28,146.72,144.84,145.66,,,,
2018-06-27,145.66,146.99,145.63,145.71,,,,
2018-06-28,145.71,149.57,145.71,149.05,,,,
2018-06-29,149.05,149.6,147.82,148.12,,,,
2018-07-02,148.12,148.46,147.01,148.46,,,,
2018-07-03,148.46,150.62,148.28,150.19,,,,
2018-07-05,150.19,150.83,149.37,150.79,,,,
2018-07-06,150.79,151.71,150.4,151.33,,,,
2018-07-09,151.33,151.33,149.07,149.18,,,,
2018-07-10,149.18,150.95,149.13,150.87,,,,
2018-07-11,150.87,150.9,149.26,149.29,,,,
2018-07-12,149.29,150.39,149.23,150.07,,,,
2018-07-13,150.07,150.07,147.92,148.94,,,,
2018-07-16,148.94,149.96,148.6,149.64,,,,
2018-07-17,149.64,150.59,149.05,149.1,,,,
2018-07-18,149.1,149.48,148.24,148.56,,,,
2018-07-19,148.56,148.59,146.82,146.92,,,,
2018-07-20,146.92,147,146.14,146.2,,,,
2018-07-23,146.2,146.86,145.02,146.16,,,,
2018-07-24,146.16,148.75,145.26,148.73,,,,
2018-07-25,148.73,148.73,144.13,144.44,,,,
2018-07-26,144.44,146.1,144.44,145.07,,,,
2018-07-27,145.07,148.58,145.07,147.88,,,,
2018-07-30,147.88,151.65,147.88,150.76,,,,
2018-07-31,150.76,151.56,149.43,149.6,,,,
2018-08-01,149.6,150.76,148.95,149.49,,,,
2018-08-02,149.49,150.21,148.93,149.76,,,,
2018-08-03,149.76,151.41,149.45,151.16,,,,
2018-08-06,151.16,151.78,150.09,151.03,,,,
2018-08-07,151.03,151.82,150.39,151.66,,,,
2018-08-08,151.66,152.42,151.66,151.85,,,,
2018-08-09,151.85,153.68,151.85,153.34,,,,
2018-08-10,153.34,153.34,151.78,152.21,,,,
2018-08-13,152.21,152.57,151.87,151.92,,,,
2018-08-14,151.92,153.28,151.92,153.01,,,,
2018-08-15,153.01,154.42,152.21,154.07,,,,
2018-08-16,154.07,157.39,154.07,157.17,,,,
2018-08-17,157.17,158.7,156.66,157.77,,,,
2018-08-20,157.77,158.49,157.07,157.89,,,,
2018-08-21,157.89,159.45,157.89,158.96,,,,
2018-08-22,158.96,158.96,155.42,155.75,,,,
2018-08-23,155.75,156.64,155.35,155.61,,,,
2018-08-24,155.61,156.91,155.48,156.61,,,,
2018-08-27,156.61,157.9,156.61,157.19,,,,
2018-08-28,157.19,157.22,156.09,156.43,,,,
2018-08-29,156.43,156.64,155.13,155.24,,,,
2018-08-30,155.24,155.24,154,154.64,,,,
2018-08-31,154.64,154.64,153.13,153.99,,,,
2018-09-04,153.99,153.99,151.24,152.27,,,,
2018-09-05,152.27,153.67,151.28,153.53,,,,
2018-09-06,153.53,155.05,153.48,154.65,,,,
2018-09-07,154.65,155.19,153.95,154.1,,,,
2018-09-10,154.1,156.21,154.1,154.85,,,,
2018-09-11,154.85,157.06,154.85,156.53,,,,
2018-09-12,156.53,159.81,156.53,158.75,,,,
2018-09-13,158.75,159.33,157.07,159.23,,,,
2018-09-14,159.23,159.23,157.4,158.55,,,,
2018-09-17,158.55,159.75,158.15,158.81,,,,
2018-09-18,158.81,159.61,157.86,158.75,,,,
2018-09-19,158.75,159.57,156.19,156.61,,,,
2018-09-20,156.61,157.7,155.85,157.32,,,,
2018-09-21,157.32,160.2,157.32,158.86,,,,
2018-09-24,158.86,159.39,157.35,159.19,,,,
2018-09-25,159.19,159.67,158.25,159.33,,,,
2018-09-26,159.33,161.4,159.33,159.9,,,,
2018-09-27,159.9,162.31,159.9,161.18,,,,
2018-09-28,161.18,161.18,160,160.55,,,,
2018-10-01,160.55,161.7,159.68,160.38,,,,
2018-10-02,160.38,161.09,159.67,160.55,,,,
2018-10-03,160.55,161.52,160.54,160.99,,,,
2018-10-04,160.99,160.99,157.22,158.61,,,,
2018-10-05,158.61,159.18,155.91,156.96,,,,
2018-10-08,156.96,157.24,154.79,156.73,,,,
2018-10-09,156.73,157.84,156,156.45,,,,
2018-10-10,156.45,156.45,150.28,150.28,,,,
2018-10-11,150.28,152.22,147.57,149.02,,,,
2018-10-12,149.02,152.65,149.02,152.11,,,,
2018-10-15,152.11,153.07,150.99,151.46,,,,
2018-10-16,151.46,155.3,151.46,155.01,,,,
2018-10-17,155.01,156.23,154.24,155.81,,,,
2018-10-18,155.81,155.81,151.89,152.94,,,,
2018-10-19,152.94,155.26,152.54,153.2,,,,
2018-10-22,153.2,154.43,152.53,153.14,,,,
2018-10-23,153.14,154.35,150.28,153.76,,,,
2018-10-24,153.76,153.76,146.03,146.26,,,,
2018-10-25,146.26,151.32,146.26,150.16,,,,
2018-10-26,150.16,150.16,144.49,146.55,,,,
2018-10-29,146.55,149.71,141.58,144.19,,,,
2018-10-30,144.19,147.88,143.2,147.78,,,,
2018-10-31,147.78,152.49,147.78,150.88,,,,
2018-11-01,150.88,151.65,149.57,151.09,,,,
2018-11-02,151.09,152.38,148.98,149.86,,,,
2018-11-05,149.86,150.1,148.14,149.39,,,,
2018-11-06,149.39,151.07,148.97,150.29,,,,
2018-11-07,150.29,153.29,150.29,153.2,,,,
2018-11-08,153.2,153.21,150.86,151.77,,,,
2018-11-09,151.77,151.77,148.28,149.57,,,,
2018-11-12,149.57,149.57,146.89,147.36,,,,
2018-11-13,147.36,149.21,146.58,146.97,,,,
2018-11-14,146.97,148.94,146.3,147.64,,,,
2018-11-15,147.64,148.91,145.74,148.56,,,,
2018-11-16,148.56,148.56,146.69,147.98,,,,
2018-11-19,147.98,147.98,143.65,144.14,,,,
2018-11-20,144.14,144.14,140.81,142.33,,,,
2018-11-21,142.33,145.13,142.33,143.75,,,,
2018-11-23,143.75,143.75,142,142.03,,,,
2018-11-26,142.03,144.88,142.03,144.77,,,,
2018-11-27,144.77,146,143.87,145.59,,,,
2018-11-28,145.59,148.7,144.72,148.68,,,,
2018-11-29,148.68,149.9,147.48,149.21,,,,
2018-11-30,149.21,149.88,148.23,149.86,,,,
2018-12-03,149.86,151.94,149.29,149.98,,,,
2018-12-04,149.98,150.37,145.05,145.26,,,,
2018-12-06,145.26,146.8,142.72,146.77,,,,
2018-12-07,146.77,147.33,143.07,143.7,,,,
2018-12-10,143.7,145.48,142.03,144.78,,,,
2018-12-11,144.78,146.69,144.15,144.99,,,,
2018-12-12,144.99,148,144.99,146.18,,,,
2018-12-13,146.18,147.26,144.81,145.92,,,,
2018-12-14,145.92,146.09,144.17,144.43,,,,
2018-12-17,144.43,145.19,140.7,141.68,,,,
2018-12-18,141.68,144.07,141.68,142.55,,,,
2018-12-19,142.55,144.76,139.23,140.11,,,,
2018-12-20,140.11,140.77,135.98,137.82,,,,
2018-12-21,137.82,139.37,132.57,133.59,,,,
2018-12-24,133.59,134.58,130.82,130.86,,,,
2018-12-26,130.86,137.94,130.86,137.92,,,,
2018-12-27,137.92,138.66,133.35,138.65,,,,
2018-12-28,138.65,140.48,137.66,138.39,,,,
2018-12-31,138.39,139.83,137,138.78,,,,
2019-01-02,138.78,141.12,136.7,140.52,,,,
2019-01-03,140.52,141.15,138.25,138.48,,,,
2019-01-04,138.48,144.22,138.48,144.11,,,,
2019-01-07,144.11,145.85,143.72,145.21,,,,
2019-01-08,145.21,147.73,145.21,147.51,,,,
2019-01-09,147.51,147.51,145.76,146.98,,,,
2019-01-10,146.98,147.43,145.19,147.27,,,,
2019-01-11,147.27,147.31,145.82,147.07,,,,
2019-01-14,147.07,147.07,145.4,146.47,,,,
2019-01-15,146.47,149.28,146.47,149.02,,,,
2019-01-16,149.02,149.58,148.29,148.42,,,,
2019-01-17,148.42,149.3,147.72,148.98,,,,
2019-01-18,148.98,150.75,148.98,149.76,,,,
2019-01-22,149.76,149.76,146.02,146.83,,,,
2019-01-23,146.83,148.42,145.84,147.19,,,,
2019-01-24,147.19,147.29,145.75,147.23,,,,
2019-01-25,147.23,149.34,147.23,148.72,,,,
2019-01-28,148.72,148.72,145.92,147.02,,,,
2019-01-29,147.02,147.02,145.01,145.46,,,,
2019-01-30,145.46,147.52,144.71,147.25,,,,
2019-01-31,147.25,153.3,147.25,152.75,,,,
2019-02-01,152.75,153.53,152.14,152.23,,,,
2019-02-04,152.23,153.7,151.97,153.68,,,,
2019-02-05,153.68,155.22,153.43,155.08,,,,
2019-02-06,155.08,155.08,152.4,152.77,,,,
2019-02-07,152.77,152.77,149.71,151.2,,,,
2019-02-08,151.2,151.73,149.94,151.73,,,,
2019-02-11,151.73,152.49,150.63,150.78,,,,
2019-02-12,150.78,152.99,150.78,152.5,,,,
2019-02-13,152.5,153.42,152.15,152.34,,,,
2019-02-14,152.34,153.36,151.07,152.67,,,,
2019-02-15,152.67,153.6,152.57,153.28,,,,
2019-02-19,153.28,154.21,152.71,153.75,,,,
2019-02-20,153.75,154.32,152.92,153.65,,,,
2019-02-21,153.65,153.65,152.08,152.68,,,,
2019-02-22,152.68,154.33,152.68,154.28,,,,
2019-02-25,154.28,155.26,154.28,154.41,,,,
2019-02-26,154.41,155.28,153.65,154.61,,,,
2019-02-27,154.61,154.61,152.9,154.01,,,,
2019-02-28,154.01,154.7,153.77,154,,,,
2019-03-01,154,155.33,154,155.2,,,,
2019-03-04,155.2,156.41,153.41,155.24,,,,
2019-03-05,155.24,156.86,154.67,156.37,,,,
2019-03-06,156.37,156.89,155.95,156.35,,,,
2019-03-07,156.35,156.35,154.27,155.08,,,,
2019-03-08,155.08,155.08,153.41,154.99,,,,
2019-03-11,154.99,157.91,154.99,157.88,,,,
2019-03-12,157.88,159.48,157.88,158.77,,,,
2019-03-13,158.77,159.77,158.77,159.17,,,,
2019-03-14,159.17,159.17,158.16,158.54,,,,
2019-03-15,158.54,159.02,157.64,158.56,,,,
2019-03-18,158.56,158.56,156.98,157.29,,,,
2019-03-19,157.29,158.42,156.7,157.25,,,,
2019-03-20,157.25,159.39,156.75,159.08,,,,
2019-03-21,159.08,160.71,158.45,160.5,,,,
2019-03-22,160.5,160.55,158.14,158.47,,,,
2019-03-25,158.47,158.66,157.15,158.17,,,,
2019-03-26,158.17,159.99,158.07,158.88,,,,
2019-03-27,158.88,159.45,157.07,158.02,,,,
2019-03-28,158.02,158.02,156.45,157.23,,,,
2019-03-29,157.23,158.16,156.36,157.68,,,,
2019-04-01,157.68,160.04,157.68,159.97,,,,
2019-04-02,159.97,160.74,159.69,160.61,,,,
2019-04-03,160.61,162.45,160.61,161.2,,,,
2019-04-04,161.2,162.64,161.2,162.27,,,,
2019-04-05,162.27,162.63,162,162.33,,,,
2019-04-08,162.33,162.33,161.53,162.08,,,,
2019-04-09,162.08,162.39,161.2,162.12,,,,
2019-04-10,162.12,162.86,161.96,162.61,,,,
2019-04-11,162.61,163.12,162.38,162.85,,,,
2019-04-12,162.85,164.85,162.85,164.85,,,,
2019-04-15,164.85,165.34,163.83,165.14,,,,
2019-04-16,165.14,165.89,164.81,165.49,,,,
2019-04-17,165.49,166.23,165.4,165.74,,,,
2019-04-18,165.74,166.17,165.38,165.97,,,,
2019-04-22,165.97,167.21,165.61,167.17,,,,
2019-04-23,167.17,168.92,167.12,168.6,,,,
2019-04-24,168.6,168.6,167.1,167.34,,,,
2019-04-25,167.34,170.15,167.34,169.15,,,,
2019-04-26,169.15,170.44,168.71,170.44,,,,
2019-04-29,170.44,172.27,170.44,171.89,,,,
2019-04-30,171.89,171.89,166.72,167.49,,,,
2019-05-01,167.49,168.22,166.33,166.37,,,,
2019-05-02,166.37,166.68,164.29,165.53,,,,
2019-05-03,165.53,167.59,165.53,167.45,,,,
2019-05-06,167.45,167.45,164.98,167.14,,,,
2019-05-07,167.14,167.14,163.47,164.87,,,,
2019-05-08,164.87,165.28,164.16,164.28,,,,
2019-05-09,164.28,164.47,162.41,163.98,,,,
2019-05-10,163.98,165.07,161.44,164.33,,,,
2019-05-13,164.33,164.33,159.66,160.19,,,,
2019-05-14,160.19,162.01,160.07,160.58,,,,
2019-05-15,160.58,164.52,160.04,163.97,,,,
2019-05-16,163.97,166.43,163.97,165.55,,,,
2019-05-17,165.55,166.28,164.07,164.76,,,,
2019-05-20,164.76,164.76,162.35,162.83,,,,
2019-05-21,162.83,164.61,162.83,164.39,,,,
2019-05-22,164.39,165.2,163.93,164.44,,,,
2019-05-23,164.44,164.44,161.38,162.37,,,,
2019-05-24,162.37,163.62,162.23,162.38,,,,
2019-05-28,162.38,164.34,162.38,162.65,,,,
2019-05-29,162.65,162.65,160.05,160.85,,,,
2019-05-30,160.85,161.24,160.03,160.81,,,,
2019-05-31,160.81,160.81,157.38,157.52,,,,
2019-06-03,157.52,157.52,151.78,153.13,,,,
2019-06-04,153.13,155.85,153.13,155.8,,,,
2019-06-05,155.8,156.34,154.58,155.99,,,,
2019-06-06,155.99,157.05,155.54,156.67,,,,
2019-06-07,156.67,159.44,156.67,158.98,,,,
2019-06-10,158.98,160.53,158.58,158.75,,,,
2019-06-11,158.75,160.81,158.75,159.21,,,,
2019-06-12,159.21,159.84,158.27,158.76,,,,
2019-06-13,158.76,160.62,158.76,160.57,,,,
2019-06-14,160.57,161.57,160.54,161.19,,,,
2019-06-17,161.19,163.21,161.19,162.9,,,,
2019-06-18,162.9,165.68,162.9,163.57,,,,
2019-06-19,163.57,164.08,162.62,163.87,,,,
2019-06-20,163.87,165.83,163.67,164.91,,,,
2019-06-21,164.91,165.94,164.62,165.57,,,,
2019-06-24,165.57,166.19,165.41,165.75,,,,
2019-06-25,165.75,165.75,162.81,163.1,,,,
2019-06-26,163.1,164.06,161.9,162.26,,,,
2019-06-27,162.26,163.4,162.26,162.96,,,,
2019-06-28,162.96,164.35,162.8,164.23,,,,
2019-07-01,164.23,166.21,164.23,165.46,,,,
2019-07-02,165.46,167.25,165.46,167.22,,,,
2019-07-03,167.22,168.48,167.22,168.41,,,,
2019-07-05,168.41,168.99,167.19,168.73,,,,
2019-07-08,168.73,168.73,166.95,167.22,,,,
2019-07-09,167.22,167.88,166,167.69,,,,
2019-07-10,167.69,169.9,167.69,169.81,,,,
2019-07-11,169.81,170.7,169.13,169.66,,,,
2019-07-12,169.66,170.79,169.36,170.73,,,,
2019-07-15,170.73,170.92,170.03,170.84,,,,
2019-07-16,170.84,171.26,170.36,170.73,,,,
2019-07-17,170.73,170.92,169.22,169.22,,,,
2019-07-18,169.22,169.22,166.34,167.72,,,,
2019-07-19,167.72,168.2,165.5,165.51,,,,
2019-07-22,165.51,165.97,164.84,165.77,,,,
2019-07-23,165.77,166.55,164.9,166.27,,,,
2019-07-24,166.27,167.8,165.13,167.74,,,,
2019-07-25,167.74,168.6,166.71,167.61,,,,
2019-07-26,167.61,173.42,167.61,173.05,,,,
2019-07-29,173.05,173.05,171.55,172.23,,,,
2019-07-30,172.23,172.23,170.94,171.08,,,,
2019-07-31,171.08,171.6,167.91,169.18,,,,
2019-08-01,169.18,171.69,167.81,168.35,,,,
2019-08-02,168.35,168.35,166.03,167.01,,,,
2019-08-05,167.01,167.01,160.59,162.14,,,,
2019-08-06,162.14,164.92,162.14,164.33,,,,
2019-08-07,164.33,164.33,160.52,163.64,,,,
2019-08-08,163.64,167.3,163.64,167.28,,,,
2019-08-09,167.28,167.28,164.94,165.94,,,,
2019-08-12,165.94,165.94,163.59,164.26,,,,
2019-08-13,164.26,168.06,164.09,166.78,,,,
2019-08-14,166.78,166.78,161.37,161.67,,,,
2019-08-15,161.67,163.08,161.14,162.44,,,,
2019-08-16,162.44,164.64,162.44,164.35,,,,
2019-08-19,164.35,167.34,164.35,166.64,,,,
2019-08-20,166.64,166.64,164.85,164.99,,,,
2019-08-21,164.99,166.23,164.99,165.64,,,,
2019-08-22,165.64,166.3,163.94,165.36,,,,
2019-08-23,165.36,165.77,160.59,161.06,,,,
2019-08-26,161.06,163.59,161.06,163.52,,,,
2019-08-27,163.52,165.09,163.28,163.68,,,,
2019-08-28,163.68,164.67,162.61,164.51,,,,
2019-08-29,164.51,167.24,164.51,166.71,,,,
2019-08-30,166.71,167.47,165.75,166.58,,,,
2019-09-03,166.58,166.58,164.28,164.87,,,,
2019-09-04,164.87,167.8,164.87,167.52,,,,
2019-09-05,167.52,170.24,167.52,170.2,,,,
2019-09-06,170.2,170.3,169.38,169.82,,,,
2019-09-09,169.82,171.53,169.52,170.2,,,,
2019-09-10,170.2,170.62,169.01,170.15,,,,
2019-09-11,170.15,171.8,170.06,171.76,,,,
2019-09-12,171.76,173.07,171.76,172.39,,,,
2019-09-13,172.39,172.71,171.78,172.31,,,,
2019-09-16,172.31,172.31,170.46,170.99,,,,
2019-09-17,170.99,171.51,170.36,171.49,,,,
2019-09-18,171.49,171.55,169.67,171.35,,,,
2019-09-19,171.35,172.44,171.04,171.45,,,,
2019-09-20,171.45,171.73,169.6,170.66,,,,
2019-09-23,170.66,170.66,169.39,169.98,,,,
2019-09-24,169.98,170.84,167.06,167.7,,,,
2019-09-25,167.7,169.87,166.64,169.58,,,,
2019-09-26,169.58,169.58,166.86,168.23,,,,
2019-09-27,168.23,168.62,165.37,166.67,,,,
2019-09-30,166.67,167.64,166.67,167.26,,,,
2019-10-01,167.26,168.23,165.47,165.56,,,,
2019-10-02,165.56,165.56,162.73,163.32,,,,
2019-10-03,163.32,164.79,161.54,164.67,,,,
2019-10-04,164.67,167.17,164.67,166.98,,,,
2019-10-07,166.98,168.08,166.19,167.05,,,,
2019-10-08,167.05,167.05,164.83,164.85,,,,
2019-10-09,164.85,166.04,164.8,165.47,,,,
2019-10-10,165.47,167.19,165.18,166.53,,,,
2019-10-11,166.53,169.56,166.53,168.26,,,,
2019-10-14,168.26,168.5,167.66,167.92,,,,
2019-10-15,167.92,171.02,167.92,170.64,,,,
2019-10-16,170.64,171.2,170.17,170.89,,,,
2019-10-17,170.89,172.38,170.89,171.98,,,,
2019-10-18,171.98,172.32,169.67,170.48,,,,
2019-10-21,170.48,171.5,170.48,171.19,,,,
2019-10-22,171.19,171.35,169.56,169.65,,,,
2019-10-23,169.65,171.03,169.63,170.73,,,,
2019-10-24,170.73,170.84,168.97,169.48,,,,
2019-10-25,169.48,171.48,169.02,170.68,,,,
2019-10-28,170.68,173.23,170.68,172.68,,,,
2019-10-29,172.68,172.68,170.75,171.03,,,,
2019-10-30,171.03,171.93,170.63,171.36,,,,
2019-10-31,171.36,172.6,170.54,171.82,,,,
2019-11-01,171.82,173.27,171.82,173.25,,,,
2019-11-04,173.25,174.61,173.25,173.95,,,,
2019-11-05,173.95,174.27,173.53,173.83,,,,
2019-11-06,173.83,173.83,172.7,173.48,,,,
2019-11-07,173.48,175.89,173.48,174.64,,,,
2019-11-08,174.64,175.77,174.55,175.28,,,,
2019-11-11,175.28,175.28,174.26,174.59,,,,
2019-11-12,174.59,175.74,174.59,175.11,,,,
2019-11-13,175.11,176.13,174.54,175.85,,,,
2019-11-14,175.85,176.75,175.34,176.38,,,,
2019-11-15,176.38,177.68,176.38,177.63,,,,
2019-11-18,177.63,178.5,176.44,178.12,,,,
2019-11-19,178.12,178.26,177.21,177.66,,,,
2019-11-20,177.66,177.66,174.79,176.25,,,,
2019-11-21,176.25,177.34,175.68,176.69,,,,
2019-11-22,176.69,177.33,176.29,176.92,,,,
2019-11-25,176.92,177.51,176.73,177.13,,,,
2019-11-26,177.13,177.88,177.07,177.77,,,,
2019-11-27,177.77,179.3,177.77,178.89,,,,
2019-11-29,178.89,178.98,178.16,178.24,,,,
2019-12-02,178.24,178.48,175.78,176.69,,,,
2019-12-03,176.69,176.69,174.35,176.54,,,,
2019-12-04,176.54,178.25,176.54,177.67,,,,
2019-12-05,177.67,178.41,177.26,178.36,,,,
2019-12-06,178.36,179.78,178.36,179.48,,,,
2019-12-09,179.48,180.75,178.94,178.96,,,,
2019-12-10,178.96,178.96,177.86,178.32,,,,
2019-12-11,178.32,179.01,178.27,178.86,,,,
2019-12-12,178.86,180.3,177.99,178.85,,,,
2019-12-13,178.85,178.89,177.54,178.27,,,,
2019-12-16,178.27,180.38,178.27,180.12,,,,
2019-12-17,180.12,180.59,179.81,180.14,,,,
2019-12-18,180.14,181.51,180.14,180.67,,,,
2019-12-19,180.67,182.1,180.67,182.1,,,,
2019-12-20,182.1,183.23,181.79,182.8,,,,
2019-12-23,182.8,183.49,182.05,182.18,,,,
2019-12-24,182.18,182.43,181.85,181.94,,,,
2019-12-26,181.94,183.43,181.94,183.42,,,,
2019-12-27,183.42,183.88,182.79,183.16,,,,
2019-12-30,183.16,183.21,181.11,181.28,,,,
2019-12-31,181.28,181.69,180.7,181.64,,,,
2020-01-02,181.64,184.04,181.64,184.03,,,,
2020-01-03,184.03,184.03,181.86,183.01,,,,
2020-01-06,183.01,185.3,181.86,185.24,,,,
2020-01-07,185.24,185.96,184.72,185.17,,,,
2020-01-08,185.17,187.28,185.02,186.44,,,,
2020-01-09,186.44,187.62,186.07,186.92,,,,
2020-01-10,186.92,187.71,186.34,186.63,,,,
2020-01-13,186.63,188.08,186.59,188.08,,,,
2020-01-14,188.08,188.36,187.27,187.52,,,,
2020-01-15,187.52,188.65,187.52,188.15,,,,
2020-01-16,188.15,189.43,188.15,189.4,,,,
2020-01-17,189.4,191.1,189.4,191.1,,,,
2020-01-21,191.1,191.4,189.98,191.01,,,,
2020-01-22,191.01,192.12,191.01,191.12,,,,
2020-01-23,191.12,191.12,189.85,190.47,,,,
2020-01-24,190.47,190.78,187.58,188.48,,,,
2020-01-27,188.48,188.48,184.48,185.29,,,,
2020-01-28,185.29,188.16,185.29,187.48,,,,
2020-01-29,187.48,188.45,186.22,186.67,,,,
2020-01-30,186.67,186.67,182.15,185.19,,,,
2020-01-31,185.19,185.48,182.23,182.84,,,,
2020-02-03,182.84,185.79,182.84,185.16,,,,
2020-02-04,185.16,186.7,183.84,186.46,,,,
2020-02-05,186.46,188.13,185.69,186.55,,,,
2020-02-06,186.55,188.93,186.55,188.68,,,,
2020-02-07,188.68,189.47,187.69,188.88,,,,
2020-02-10,188.88,190.47,188.28,190.46,,,,
2020-02-11,190.46,191.06,189.1,189.29,,,,
2020-02-12,189.29,191.33,189.29,191.03,,,,
2020-02-13,191.03,192.11,189.76,191.31,,,,
2020-02-14,191.31,191.88,190.76,191.5,,,,
2020-02-18,191.5,192.7,191.09,192.26,,,,
2020-02-19,192.26,193.56,192.12,192.97,,,,
2020-02-20,192.97,192.99,190.14,191.8,,,,
2020-02-21,191.8,191.8,188.56,189.12,,,,
2020-02-24,189.12,189.12,181.78,182.85,,,,
2020-02-25,182.85,184.35,177.91,178.45,,,,
2020-02-26,178.45,181.38,177,178.08,,,,
2020-02-27,178.08,178.08,170.78,170.87,,,,
2020-02-28,170.87,171.39,164.84,171.25,,,,
2020-03-02,171.25,177.45,170.32,177.39,,,,
2020-03-03,177.39,179.59,170.56,171.49,,,,
2020-03-04,171.49,177.68,171.49,177.63,,,,
2020-03-05,177.63,177.63,169.8,171.06,,,,
2020-03-06,171.06,171.06,164.7,168.93,,,,
2020-03-09,168.93,168.93,157.71,158.44,,,,
2020-03-10,158.44,165.66,157.32,165.62,,,,
2020-03-11,165.62,165.62,156.1,158.45,,,,
2020-03-12,158.45,158.45,144.16,144.33,,,,
2020-03-13,144.33,157.67,144.33,157.61,,,,
2020-03-16,157.61,157.61,139.98,141.15,,,,
2020-03-17,141.15,148.58,138.75,146.78,,,,
2020-03-18,146.78,146.78,133.82,142.65,,,,
2020-03-19,142.65,149.54,139.1,145.02,,,,
2020-03-20,145.02,146.74,137.65,138.3,,,,
2020-03-23,138.3,140.31,133.01,137.76,,,,
2020-03-24,137.76,145.85,137.76,145.77,,,,
2020-03-25,145.77,149.4,141.04,143.46,,,,
2020-03-26,143.46,152.83,143.46,152.14,,,,
2020-03-27,152.14,152.14,145.35,145.91,,,,
2020-03-30,145.91,151.52,145.47,151.13,,,,
2020-03-31,151.13,153.36,149.43,150.35,,,,
2020-04-01,150.35,150.35,143.3,144.44,,,,
2020-04-02,144.44,147.37,143.92,147.07,,,,
2020-04-03,147.07,147.1,142.07,143.84,,,,
2020-04-06,143.84,154.11,143.84,153.48,,,,
2020-04-07,153.48,158.14,153.48,154.51,,,,
2020-04-08,154.51,157.64,153.89,157.06,,,,
2020-04-09,157.06,159.34,156.27,158.14,,,,
2020-04-13,158.14,158.54,154.93,158.29,,,,
2020-04-14,158.29,164.26,158.29,163.41,,,,
2020-04-15,163.41,163.41,160.18,161.7,,,,
2020-04-16,161.7,163.19,160.44,162.39,,,,
2020-04-17,162.39,165.31,162.39,164.69,,,,
2020-04-20,164.69,165.11,162.79,163.18,,,,
2020-04-21,163.18,163.18,156.95,157.99,,,,
2020-04-22,157.99,163.19,157.99,161.76,,,,
2020-04-23,161.76,164.75,161.76,162.91,,,,
2020-04-24,162.91,164.67,160.89,164.63,,,,
2020-04-27,164.63,166.42,164.63,165.55,,,,
2020-04-28,165.55,167.01,162.28,162.42,,,,
2020-04-29,162.42,172.09,162.42,170.62,,,,
2020-04-30,170.62,171.86,168.96,170.66,,,,
2020-05-01,170.66,171.05,167.08,167.99,,,,
2020-05-04,167.99,168.64,165.97,168.53,,,,
2020-05-05,168.53,171.61,168.53,169.57,,,,
2020-05-06,169.57,171.41,168.87,168.89,,,,
2020-05-07,168.89,172.17,168.89,171.53,,,,
2020-05-08,171.53,174.52,171.53,174.23,,,,
2020-05-11,174.23,175.75,172.96,174.47,,,,
2020-05-12,174.47,175.41,171.06,171.09,,,,
2020-05-13,171.09,171.51,166.47,168.32,,,,
2020-05-14,168.32,170.06,165.53,170.01,,,,
2020-05-15,170.01,172.26,167.9,172.15,,,,
2020-05-18,172.15,176.64,172.15,175.85,,,,
2020-05-19,175.85,177.18,174.8,175.13,,,,
2020-05-20,175.13,180.26,175.13,179.85,,,,
2020-05-21,179.85,181.35,178.47,179.04,,,,
2020-05-22,179.04,180.09,177.87,179.85,,,,
2020-05-26,179.85,183.21,179.85,180.36,,,,
2020-05-27,180.36,181.37,177.59,181.35,,,,
2020-05-28,181.35,182.51,179.09,179.62,,,,
2020-05-29,179.62,181.22,178.08,180.89,,,,
2020-06-01,180.89,182.55,179.8,182.34,,,,
2020-06-02,182.34,183.26,180.71,183.23,,,,
2020-06-03,183.23,184.05,182.94,183.62,,,,
2020-06-04,183.62,183.97,180.97,182.14,,,,
2020-06-05,182.14,186.03,182.14,185.2,,,,
2020-06-08,185.2,187.32,184.04,187.28,,,,
2020-06-09,187.28,188.37,186.2,187.61,,,,
2020-06-10,187.61,188.55,186.31,187.13,,,,
2020-06-11,187.13,187.13,178.26,178.44,,,,
2020-06-12,178.44,182.61,176.83,180.02,,,,
2020-06-15,180.02,182.42,176.83,181.82,,,,
2020-06-16,181.82,185.87,181.67,184.03,,,,
2020-06-17,184.03,185.48,182.7,184.17,,,,
2020-06-18,184.17,184.23,182.97,184.15,,,,
2020-06-19,184.27,185.67,182.28,183.56,,,,
2020-06-22,183.56,184.66,182.91,184.51,,,,
2020-06-23,184.51,187.36,184.51,185.65,,,,
2020-06-24,185.65,185.65,179.98,181.1,,,,
2020-06-25,181.1,182.41,179.29,182.14,,,,
2020-06-26,182.14,182.14,173.56,173.97,,,,
2020-06-29,173.97,177.58,172.44,177.53,,,,
2020-06-30,177.53,180.17,176.58,179.88,,,,
2020-07-01,179.88,184.6,179.88,183.9,,,,
2020-07-02,183.9,185.91,183.57,183.78,,,,
2020-07-06,183.78,187.93,183.78,187.73,,,,
2020-07-07,187.73,189.7,186.92,187.03,,,,
2020-07-08,187.03,189.12,186.02,188.77,,,,
2020-07-09,188.77,189.38,185.95,188.7,,,,
2020-07-10,188.7,192.54,187.61,192.39,,,,
2020-07-13,192.39,195.12,188.08,188.61,,,,
2020-07-14,188.61,190.49,185.84,190.31,,,,
2020-07-15,190.31,192.16,189.14,190.86,,,,
2020-07-16,190.86,191.6,188.48,191.43,,,,
2020-07-17,191.43,191.43,188.68,190.61,,,,
2020-07-20,190.61,193.43,188.56,192.99,,,,
2020-07-21,192.99,194.4,191.63,192.2,,,,
2020-07-22,192.2,192.55,190.85,192.28,,,,
2020-07-23,192.28,192.76,187.68,188.54,,,,
2020-07-24,188.54,188.96,186.61,188.43,,,,
2020-07-27,188.43,190.27,188.43,189.9,,,,
2020-07-28,189.9,190.14,187.88,188.15,,,,
2020-07-29,188.15,190.26,188.15,189.62,,,,
2020-07-30,189.62,190.54,187.03,190.22,,,,
2020-07-31,190.22,192.27,188.92,191.69,,,,
2020-08-03,191.69,192.38,190.65,191.64,,,,
2020-08-04,191.64,192.52,191.23,192.29,,,,
2020-08-05,192.29,194.03,192.2,192.76,,,,
2020-08-06,192.76,197.76,192.45,197.49,,,,
2020-08-07,197.49,200.18,195.89,197.39,,,,
2020-08-10,197.39,198.97,194.76,196.49,,,,
2020-08-11,196.49,197.56,193.56,193.93,,,,
2020-08-12,193.93,197.47,193.93,196.35,,,,
2020-08-13,196.35,198.41,196.28,197.09,,,,
2020-08-14,197.09,197.45,196.36,196.89,,,,
2020-08-17,196.89,197.63,196.57,197.08,,,,
2020-08-18,197.08,199.81,196.99,199.23,,,,
2020-08-19,199.23,200.59,197.93,198.34,,,,
2020-08-20,198.34,201.36,197.4,201.06,,,,
2020-08-21,201.06,201.36,199.6,200.3,,,,
2020-08-24,200.3,203.56,200.3,202.42,,,,
2020-08-25,202.42,204.69,202.17,204.38,,,,
2020-08-26,204.38,212.24,204.38,211.97,,,,
2020-08-27,211.97,211.97,208.53,209.23,,,,
2020-08-28,209.23,210.05,208.72,209.9,,,,
2020-08-31,209.9,210.27,208.49,209.04,,,,
2020-09-01,209.04,211.42,208.62,211.21,,,,
2020-09-02,211.21,216.4,211.21,215.83,,,,
2020-09-03,215.83,215.83,206.16,208.61,,,,
2020-09-04,208.61,208.81,199.71,204.6,,,,
2020-09-08,204.6,204.6,198.99,199.68,,,,
2020-09-09,199.68,203.46,199.68,201.51,,,,
2020-09-10,201.51,203.93,197.85,198.34,,,,
2020-09-11,198.34,200.04,195.61,197.76,,,,
2020-09-14,197.76,201.89,197.76,198.02,,,,
2020-09-15,198.02,202.34,198.02,201.42,,,,
2020-09-16,201.42,202.86,198.89,198.99,,,,
2020-09-17,198.99,198.99,192.98,195.34,,,,
2020-09-18,195.34,196.46,190.84,193.19,,,,
2020-09-21,193.19,193.19,188.01,190.89,,,,
2020-09-22,190.89,194.77,190.89,194.47,,,,
2020-09-23,194.47,194.74,188.73,189.25,,,,
2020-09-24,189.25,191.64,188.11,190,,,,
2020-09-25,190,193,188.21,192.42,,,,
2020-09-28,192.42,195.45,192.42,194.71,,,,
2020-09-29,194.71,195.73,194.01,195.26,,,,
2020-09-30,195.26,197.44,194.48,195.49,,,,
2020-10-01,195.49,198.53,195.49,198.17,,,,
2020-10-02,198.17,198.17,193.66,194.22,,,,
2020-10-05,194.22,197.44,194.22,197.38,,,,
2020-10-06,197.38,197.52,193.07,193.47,,,,
2020-10-07,193.47,195.58,192.96,195.17,,,,
2020-10-08,195.17,197.15,195.17,197.05,,,,
2020-10-09,197.05,198.62,197.05,198.57,,,,
2020-10-12,198.57,205.67,198.57,203.37,,,,
2020-10-13,203.37,205.15,202.99,204.07,,,,
2020-10-14,204.07,205.29,201.04,201.66,,,,
2020-10-15,201.66,201.66,198.83,200.34,,,,
2020-10-16,200.34,202.43,200.15,200.36,,,,
2020-10-19,200.36,201.64,196.07,196.61,,,,
2020-10-20,196.61,199.95,196.24,198.19,,,,
2020-10-21,198.19,202.83,198.19,200.74,,,,
2020-10-22,200.74,203.09,200.14,202.44,,,,
2020-10-23,202.44,204.65,202.02,204.62,,,,
2020-10-26,204.62,204.62,198.12,199.98,,,,
2020-10-27,199.98,201.48,199.39,201.08,,,,
2020-10-28,201.08,201.08,192.81,192.98,,,,
2020-10-29,192.98,200.21,192.98,198.51,,,,
2020-10-30,198.51,201.78,194.61,196.55,,,,
2020-11-02,196.55,199.98,195.27,196.72,,,,
2020-11-03,196.72,201.16,196.72,199.51,,,,
2020-11-04,199.51,209.75,199.51,207.99,,,,
2020-11-05,207.99,213.22,207.99,211.67,,,,
2020-11-06,211.67,212.05,209.08,211.48,,,,
2020-11-09,211.48,216.26,210.71,210.94,,,,
2020-11-10,210.94,210.94,206.77,210.27,,,,
2020-11-11,210.27,211.85,210.27,211.46,,,,
2020-11-12,211.46,212.4,209.65,210.46,,,,
2020-11-13,210.46,213.59,210.46,213.16,,,,
2020-11-16,213.16,215.04,212.88,214.49,,,,
2020-11-17,214.49,214.56,212.66,213.59,,,,
2020-11-18,213.59,214.04,211.49,211.52,,,,
2020-11-19,211.52,212.75,210.34,212.39,,,,
2020-11-20,212.39,212.92,211.18,211.22,,,,
2020-11-23,211.22,212.4,209.24,211.32,,,,
2020-11-24,211.32,216.36,211.32,216.17,,,,
2020-11-25,216.17,216.38,213.95,215.65,,,,
2020-11-27,215.65,217.59,215.65,216.99,,,,
2020-11-30,216.99,216.99,213.86,215.31,,,,
2020-12-01,215.31,221.17,215.31,219.53,,,,
2020-12-02,219.53,222.42,218.47,221.75,,,,
2020-12-03,221.75,222.57,220.48,220.87,,,,
2020-12-04,220.87,221.56,220.44,220.99,,,,
2020-12-07,220.99,222.77,220.39,222.35,,,,
2020-12-08,222.35,222.42,220.1,222.09,,,,
2020-12-09,222.09,224.21,218.13,219.42,,,,
2020-12-10,219.42,219.42,215.91,218.71,,,,
2020-12-11,218.71,221.52,218.71,221.22,,,,
2020-12-14,221.22,222.88,219.72,220,,,,
2020-12-15,220,221.62,218.76,221.55,,,,
2020-12-16,221.55,221.82,220.25,221.16,,,,
2020-12-17,221.16,222.55,219.86,220.47,,,,
2020-12-18,220.47,220.93,218.57,220.2,,,,
2020-12-21,220.2,220.2,215.3,218.61,,,,
2020-12-22,218.61,218.61,215.21,216.44,,,,
2020-12-23,216.44,218.89,216.44,217.36,,,,
2020-12-24,217.36,218.4,216.77,217.7,,,,
2020-12-28,217.7,222.3,217.7,221.75,,,,
2020-12-29,221.75,222.75,221.23,221.42,,,,
2020-12-30,221.42,222.22,219.68,219.79,,,,
2020-12-31,219.79,222.2,219.79,221.92,,,,
2021-01-04,221.92,222.82,216.09,218.58,,,,
2021-01-05,218.58,220.12,217.85,219.17,,,,
2021-01-06,219.17,219.44,215.17,217.72,,,,
2021-01-07,217.72,221.39,217.72,220.77,,,,
2021-01-08,220.77,221.47,218.52,221.32,,,,
2021-01-11,221.32,221.32,217.01,217.41,,,,
2021-01-12,217.41,217.95,212.64,214.15,,,,
2021-01-13,214.15,215.82,213.31,214.91,,,,
2021-01-14,214.91,216.12,212.79,213.12,,,,
2021-01-15,213.12,214.61,211.93,213.44,,,,
2021-01-19,213.44,218.28,213.44,217.44,,,,
2021-01-20,217.44,226.49,217.44,225.3,,,,
2021-01-21,225.3,227.49,225.3,225.88,,,,
2021-01-22,225.88,227.14,225.33,226.14,,,,
2021-01-25,226.14,228.17,223.88,226.98,,,,
2021-01-26,226.98,229.27,226.37,228.77,,,,
2021-01-27,228.77,228.77,218.63,220.03,,,,
2021-01-28,220.03,226.53,220.03,222.78,,,,
2021-01-29,222.78,222.78,216.8,218.57,,,,
2021-02-01,218.57,223.97,218.57,222.62,,,,
2021-02-02,222.62,227.61,222.62,226.18,,,,
2021-02-03,226.18,233.14,226.18,230.85,,,,
2021-02-04,230.85,232.32,229.84,232.22,,,,
2021-02-05,232.22,234.79,232.22,234.43,,,,
2021-02-08,234.43,235.98,233.83,235.33,,,,
2021-02-09,235.33,237.11,234.21,235.82,,,,
2021-02-10,235.82,238.09,234.39,237.3,,,,
2021-02-11,237.3,237.56,235.48,237.39,,,,
2021-02-12,237.39,237.73,236.42,237.55,,,,
2021-02-16,237.55,240.46,237.51,238.55,,,,
2021-02-17,238.55,239.96,237.14,239.7,,,,
2021-02-18,239.7,239.7,236.44,237.89,,,,
2021-02-19,237.89,238.41,235.04,235.35,,,,
2021-02-22,235.35,236.79,232.74,234.59,,,,
2021-02-23,234.59,238.13,230.06,237.06,,,,
2021-02-24,237.06,238.59,234.21,238.11,,,,
2021-02-25,238.11,238.4,231.19,232.01,,,,
2021-02-26,232.01,236.17,230.74,232.08,,,,
2021-03-01,232.08,238.15,232.08,237.54,,,,
2021-03-02,237.54,239.03,235.83,235.89,,,,
2021-03-03,235.89,236.71,231.64,232.14,,,,
2021-03-04,232.14,236.79,229.66,232.22,,,,
2021-03-05,232.22,238.46,231.64,237.73,,,,
2021-03-08,237.73,239.71,234.12,234.25,,,,
2021-03-09,234.25,238.85,234.25,236.41,,,,
2021-03-10,236.41,238.82,236.26,237.4,,,,
2021-03-11,237.4,243.03,237.4,241.59,,,,
2021-03-12,241.59,241.59,237.81,239.41,,,,
2021-03-15,239.41,240.83,238.26,240.79,,,,
2021-03-16,240.79,244.97,240.79,243.04,,,,
2021-03-17,243.04,244.58,240.06,243.57,,,,
2021-03-18,243.57,243.57,238.68,238.8,,,,
2021-03-19,238.8,241.77,238.65,240.71,,,,
2021-03-22,240.71,244.23,240.17,242.55,,,,
2021-03-23,242.55,244.61,241.45,241.8,,,,
2021-03-24,241.8,242.45,237.64,237.79,,,,
2021-03-25,237.79,238.39,235.06,237,,,,
2021-03-26,237,237.95,232.64,236.19,,,,
2021-03-29,236.19,239.24,235.19,238.61,,,,
2021-03-30,238.61,239.09,237.41,238.32,,,,
2021-03-31,238.32,241.05,238.32,239.28,,,,
2021-04-01,239.28,244.38,239.28,244.2,,,,
2021-04-05,244.2,250.16,244.2,249.75,,,,
2021-04-06,249.75,250.93,249.26,249.92,,,,
2021-04-07,249.92,252.11,249.92,251.73,,,,
2021-04-08,251.73,252.68,250.82,251.53,,,,
2021-04-09,251.53,252.07,249.98,251.95,,,,
2021-04-12,251.95,251.95,249.2,250.43,,,,
2021-04-13,250.43,251.94,250.4,250.65,,,,
2021-04-14,250.65,250.68,248.04,248.49,,,,
2021-04-15,248.49,252.54,248.49,251.65,,,,
2021-04-16,251.65,252.66,251.01,251.93,,,,
2021-04-19,251.93,253.07,249.81,251.24,,,,
2021-04-20,251.24,251.5,247.98,249.95,,,,
2021-04-21,249.95,249.95,246.35,249.25,,,,
2021-04-22,249.25,250.38,246.56,247.6,,,,
2021-04-23,247.6,251.21,247.6,250.35,,,,
2021-04-26,250.35,251.54,250.35,251.01,,,,
2021-04-27,251.01,251.76,249.7,249.88,,,,
2021-04-28,249.88,256.51,249.88,252.91,,,,
2021-04-29,252.91,260.25,252.91,259.87,,,,
2021-04-30,259.87,259.87,256.76,257.55,,,,
2021-05-03,257.55,259.46,256.16,256.55,,,,
2021-05-04,256.55,256.55,250.66,254.16,,,,
2021-05-05,254.16,256.19,253.27,253.48,,,,
2021-05-06,253.48,256.28,252.55,256.27,,,,
2021-05-07,256.27,259.1,256.27,257.83,,,,
2021-05-10,257.83,257.83,252.71,252.91,,,,
2021-05-11,252.91,252.91,248.56,251.56,,,,
2021-05-12,251.56,251.56,245.89,246.46,,,,
2021-05-13,246.46,250.33,246.46,248.59,,,,
2021-05-14,248.59,253.35,248.59,252.8,,,,
2021-05-17,252.8,252.8,249.03,250.58,,,,
2021-05-18,250.58,250.76,247.45,247.5,,,,
2021-05-19,247.5,247.84,243.72,247.74,,,,
2021-05-20,247.74,252.3,247.74,251.89,,,,
2021-05-21,251.89,253.04,251,251.18,,,,
2021-05-24,251.18,256.45,251.18,255.81,,,,
2021-05-25,255.81,257.6,255.45,256.11,,,,
2021-05-26,256.11,258.6,256.11,257.61,,,,
2021-05-27,257.61,258.88,257.43,258.18,,,,
2021-05-28,258.18,259.14,257.22,257.37,,,,
2021-06-01,257.37,259.03,256.61,257.89,,,,
2021-06-02,257.89,258.73,256.01,257.21,,,,
2021-06-03,257.21,257.21,253.94,255.33,,,,
2021-06-04,255.33,259.27,255.33,258.81,,,,
2021-06-07,258.81,260.2,258.08,260.04,,,,
2021-06-08,260.04,260.8,258.3,259.45,,,,
2021-06-09,259.45,260.92,259.01,259.06,,,,
2021-06-10,259.06,261.23,258.89,260.92,,,,
2021-06-11,260.92,261.32,259.82,260.93,,,,
2021-06-14,260.93,262.91,260.34,262.87,,,,
2021-06-15,262.87,263.6,261.21,261.58,,,,
2021-06-16,261.58,262.05,257.47,259.57,,,,
2021-06-17,259.57,262.34,259.19,261.06,,,,
2021-06-18,261.06,261.06,257.59,258.06,,,,
2021-06-21,258.06,260.63,257.53,260.39,,,,
2021-06-22,260.39,262.81,259.87,262.36,,,,
2021-06-23,262.36,263.6,261.69,261.82,,,,
2021-06-24,261.82,264.18,261.82,263.93,,,,
2021-06-25,263.93,264.51,263.25,264.16,,,,
2021-06-28,264.16,266.66,263.19,266.34,,,,
2021-06-29,266.34,266.75,264.16,264.95,,,,
2021-06-30,264.95,264.95,263.51,264.35,,,,
2021-07-01,264.35,266.86,263.94,266.68,,,,
2021-07-02,266.68,269.43,266.68,269.14,,,,
2021-07-06,269.14,270.06,266.32,268.9,,,,
2021-07-07,268.9,270.07,268.28,268.62,,,,
2021-07-08,268.62,268.62,264.22,265.81,,,,
2021-07-09,265.81,268.33,265.81,267.97,,,,
2021-07-12,267.97,270.53,267.84,270.38,,,,
2021-07-13,270.38,271.84,269.6,270.09,,,,
2021-07-14,270.09,272.09,270,270.28,,,,
2021-07-15,270.28,270.85,267.68,268.83,,,,
2021-07-16,268.83,269.94,266.91,267.3,,,,
2021-07-19,267.3,267.3,261.64,262.89,,,,
2021-07-20,262.89,267.01,262.48,265.79,,,,
2021-07-21,265.79,267.75,265.78,267.74,,,,
2021-07-22,267.74,268.97,266.84,268.83,,,,
2021-07-23,268.83,276.8,268.83,275.96,,,,
2021-07-26,275.96,278,275.24,277.91,,,,
2021-07-27,277.91,278.2,272.66,274.97,,,,
2021-07-28,274.97,279.75,274.97,277.04,,,,
2021-07-29,277.04,277.04,274.43,274.51,,,,
2021-07-30,274.51,274.95,272.4,273.3,,,,
2021-08-02,273.3,274.65,272.26,272.78,,,,
2021-08-03,272.78,273.19,269.18,272.27,,,,
2021-08-04,272.27,273.49,271.31,272.91,,,,
2021-08-05,272.91,275.44,272.83,275.39,,,,
2021-08-06,275.39,276.2,274.59,275.34,,,,
2021-08-09,275.34,275.8,274.16,275.44,,,,
2021-08-10,275.44,276.18,274.5,275.68,,,,
2021-08-11,275.68,276.59,275.14,275.75,,,,
2021-08-12,275.75,276.79,274.31,276.72,,,,
2021-08-13,276.72,278.23,276.72,277.4,,,,
2021-08-16,277.4,278.12,274.05,278.08,,,,
2021-08-17,278.08,278.08,273.83,275.32,,,,
2021-08-18,275.32,276.33,273.2,273.35,,,,
2021-08-19,273.35,274.83,271.62,273.7,,,,
2021-08-20,273.7,276.55,273.22,276.32,,,,
2021-08-23,276.32,281.12,276.32,279.83,,,,
2021-08-24,279.83,282.25,279.83,280.99,,,,
2021-08-25,280.99,282.17,280.79,281.63,,,,
2021-08-26,281.63,281.88,279.54,279.58,,,,
2021-08-27,279.58,284.57,279.58,284.06,,,,
2021-08-30,284.06,286.86,283.65,286.17,,,,
2021-08-31,286.17,287.57,285.62,286.95,,,,
2021-09-01,286.95,289.48,286.95,288.46,,,,
2021-09-02,288.46,289.17,286.1,286.45,,,,
2021-09-03,286.45,287.17,285.19,286.77,,,,
2021-09-07,286.77,288.45,286.26,288.06,,,,
2021-09-08,288.06,288.57,285.73,286.82,,,,
2021-09-09,286.82,287.55,285.44,285.88,,,,
2021-09-10,285.88,287.53,283.18,283.32,,,,
2021-09-13,283.32,285.75,283.08,284.47,,,,
2021-09-14,284.47,285.72,281.63,281.96,,,,
2021-09-15,281.96,284.56,279.95,284,,,,
2021-09-16,284,284.24,281.33,283.41,,,,
2021-09-17,283.41,283.41,278.84,279.82,,,,
2021-09-20,279.82,279.82,271.12,274.63,,,,
2021-09-21,274.63,277.46,273.34,273.71,,,,
2021-09-22,273.71,275.19,272.45,273.68,,,,
2021-09-23,273.68,277.25,273.68,275.91,,,,
2021-09-24,275.91,278.33,274.32,277.81,,,,
2021-09-27,277.81,278.33,275.25,277.51,,,,
2021-09-28,277.51,277.51,269.29,269.75,,,,
2021-09-29,269.75,272.58,268.81,269.18,,,,
2021-09-30,269.18,271.17,268,268.04,,,,
2021-10-01,268.04,274.02,268.04,272.81,,,,
2021-10-04,272.81,272.81,264.56,267.05,,,,
2021-10-05,267.05,273.03,267.05,271.3,,,,
2021-10-06,271.3,272.8,267.95,272.55,,,,
2021-10-07,272.55,275.84,272.55,273.41,,,,
2021-10-08,273.41,274.33,272.02,272.45,,,,
2021-10-11,272.45,272.48,268.45,268.5,,,,
2021-10-12,268.5,268.78,264.59,265.69,,,,
2021-10-13,265.69,267.82,265.19,267,,,,
2021-10-14,267,271.96,267,271.59,,,,
2021-10-15,271.59,272.5,270.58,271.29,,,,
2021-10-18,271.29,273.26,270.52,273.22,,,,
2021-10-19,273.22,275.46,273.22,275.41,,,,
2021-10-20,275.41,276.01,274.12,274.93,,,,
2021-10-21,274.93,276.03,274.35,275.92,,,,
2021-10-22,275.92,275.92,267.93,269.62,,,,
2021-10-25,269.62,270.88,267.04,270.71,,,,
2021-10-26,270.71,272.64,268.06,269.41,,,,
2021-10-27,269.41,275.03,269.24,271.98,,,,
2021-10-28,271.98,274.38,270.67,272.86,,,,
2021-10-29,272.86,275.29,272.08,275.13,,,,
2021-11-01,275.13,276.37,272.83,273.31,,,,
2021-11-02,273.31,275.77,272.84,274.18,,,,
2021-11-03,274.18,276.09,273.03,275.92,,,,
2021-11-04,275.92,278.71,275.92,276.98,,,,
2021-11-05,276.98,281.43,276.98,279.05,,,,
2021-11-08,279.05,281.05,278.18,278.6,,,,
2021-11-09,278.6,279.65,276.34,277.87,,,,
2021-11-10,277.87,277.87,272.95,274.39,,,,
2021-11-11,274.39,275.06,272.98,273.1,,,,
2021-11-12,273.1,277.8,273.1,277.7,,,,
2021-11-15,277.7,279.81,277.47,278.22,,,,
2021-11-16,278.22,278.22,276.66,276.81,,,,
2021-11-17,276.81,277.66,275.79,276.31,,,,
2021-11-18,276.31,277.32,274.3,275.72,,,,
2021-11-19,275.72,277.45,274.57,274.93,,,,
2021-11-22,274.93,276.15,271.51,271.53,,,,
2021-11-23,271.53,272.15,268.37,270.45,,,,
2021-11-24,270.45,271.36,268.43,271.02,,,,
2021-11-26,271.02,271.02,265.52,265.98,,,,
2021-11-29,265.98,270.2,265.98,268.96,,,,
2021-11-30,268.96,268.96,260.53,260.9,,,,
2021-12-01,260.9,265.47,255.62,255.73,,,,
2021-12-02,255.73,261.06,255.73,259.86,,,,
2021-12-03,259.86,261.81,255.72,258.65,,,,
2021-12-06,258.65,263.05,258.65,262.45,,,,
2021-12-07,262.45,266.59,262.45,265.87,,,,
2021-12-08,265.87,268.01,265.81,267.86,,,,
2021-12-09,267.86,268.31,265.34,265.8,,,,
2021-12-10,265.8,268.06,264.17,266.26,,,,
2021-12-13,266.26,266.82,263.79,264.32,,,,
2021-12-14,264.32,264.32,260.4,262.95,,,,
2021-12-15,262.95,266.51,259.22,266.27,,,,
2021-12-16,266.27,268.38,263.99,264.73,,,,
2021-12-17,264.73,264.94,261.05,262.92,,,,
2021-12-20,262.92,262.92,258.77,261.28,,,,
2021-12-21,261.28,266.17,261.28,265.69,,,,
2021-12-22,265.69,268.06,264.82,267.76,,,,
2021-12-23,267.76,270.7,267.76,269.61,,,,
2021-12-27,269.61,272.63,269.61,272.06,,,,
2021-12-28,272.06,273.65,270.96,271.28,,,,
2021-12-29,271.28,272.12,269.43,270.45,,,,
2021-12-30,270.45,272.54,270.43,270.76,,,,
2021-12-31,270.76,271.23,267.47,267.48,,,,
2022-01-03,267.48,269.72,267.48,268.97,,,,
2022-01-04,268.97,270.69,266.91,268.08,,,,
2022-01-05,268.08,268.74,260.09,260.2,,,,
2022-01-06,260.2,264.21,259.37,261.12,,,,
2022-01-07,261.12,262.17,259.07,260.3,,,,
2022-01-10,260.3,260.45,253.4,260.36,,,,
2022-01-11,260.36,263.1,258.37,263.02,,,,
2022-01-12,263.02,265.47,262.94,263.96,,,,
2022-01-13,263.96,265.4,259.93,260.27,,,,
2022-01-14,260.27,261.9,257.8,261.66,,,,
2022-01-18,261.66,261.66,256.07,256.45,,,,
2022-01-19,256.45,260.07,255.82,255.96,,,,
2022-01-20,255.96,260.33,252.72,253.05,,,,
2022-01-21,253.05,253.05,243.12,243.22,,,,
2022-01-24,243.22,244.77,233.23,244.27,,,,
2022-01-25,244.27,244.27,237.33,238.81,,,,
2022-01-26,238.81,243.74,234.29,236.93,,,,
2022-01-27,236.93,242.71,236.93,237.62,,,,
2022-01-28,237.62,244.56,237.11,244.55,,,,
2022-01-31,244.55,250.59,243.36,250.41,,,,
2022-02-01,250.41,253.8,249.06,253.61,,,,
2022-02-02,253.61,264.87,253.61,261.44,,,,
2022-02-03,261.44,261.44,243.09,243.58,,,,
2022-02-04,243.58,246.15,240.03,243.93,,,,
2022-02-07,243.93,244.78,237.93,238.47,,,,
2022-02-08,238.47,239.03,236.03,238.23,,,,
2022-02-09,238.23,244.08,238.23,244.07,,,,
2022-02-10,244.07,245.05,239.62,240.63,,,,
2022-02-11,240.63,241.78,233.54,234.52,,,,
2022-02-14,234.52,236.86,233.27,235.28,,,,
2022-02-15,235.28,238.93,235.28,238.24,,,,
2022-02-16,238.24,238.33,234.74,237.77,,,,
2022-02-17,237.77,237.77,230.64,230.73,,,,
2022-02-18,230.73,233.05,228.25,228.72,,,,
2022-02-22,228.72,230.3,224.54,226.48,,,,
2022-02-23,226.48,229.17,222.44,222.57,,,,
2022-02-24,222.57,229.95,217.29,229.53,,,,
2022-02-25,229.53,233.7,228.45,232.93,,,,
2022-02-28,232.93,234.25,229.83,232.92,,,,
2022-03-01,232.92,233.64,228.85,230.09,,,,
2022-03-02,230.09,232.61,229.1,231.72,,,,
2022-03-03,231.72,234.11,228.76,229.92,,,,
2022-03-04,229.92,229.92,224.95,226.71,,,,
2022-03-07,226.71,226.71,218.17,218.22,,,,
2022-03-08,218.22,224.2,216.44,217.97,,,,
2022-03-09,217.97,226.13,217.97,225.49,,,,
2022-03-10,225.49,225.49,221.49,223.8,,,,
2022-03-11,223.8,225.7,219.34,219.59,,,,
2022-03-14,219.59,220.96,215.13,215.61,,,,
2022-03-15,215.61,220.87,215.61,220.45,,,,
2022-03-16,220.45,226.93,220.36,226.9,,,,
2022-03-17,226.9,229.12,225.45,229.02,,,,
2022-03-18,229.02,232.59,227.21,232.31,,,,
2022-03-21,232.31,232.38,228.21,230.77,,,,
2022-03-22,230.77,237.05,230.77,235.4,,,,
2022-03-23,235.4,235.4,232.45,232.47,,,,
2022-03-24,232.47,236.45,232.47,236.39,,,,
2022-03-25,236.39,238,234.66,237.3,,,,
2022-03-28,237.3,237.94,234.7,237.94,,,,
2022-03-29,237.94,242.13,237.94,241.25,,,,
2022-03-30,241.25,241.49,239.17,239.92,,,,
2022-03-31,239.92,239.92,235.09,235.09,,,,
2022-04-01,235.09,237.31,234.89,237.17,,,,
2022-04-04,237.17,242.78,237.17,242.58,,,,
2022-04-05,242.58,242.9,238.81,239.22,,,,
2022-04-06,239.22,239.22,232.83,234.17,,,,
2022-04-07,234.17,234.31,229.57,232.46,,,,
2022-04-08,232.46,232.88,230.13,230.73,,,,
2022-04-11,233.5,233.5,226.66,226.86,,,,
2022-04-12,226.86,230.12,223.95,225.02,,,,
2022-04-13,225.02,228.61,224.55,227.96,,,,
2022-04-14,227.96,228.36,223.67,223.81,,,,
2022-04-18,223.81,225.12,221.66,223.46,,,,
2022-04-19,223.46,228.64,222.86,228.08,,,,
2022-04-20,228.08,228.08,217.85,218.8,,,,
2022-04-21,218.8,221.58,213.07,213.52,,,,
2022-04-22,213.52,213.76,206.13,206.48,,,,
2022-04-25,206.48,209.7,204.97,209.63,,,,
2022-04-26,209.63,209.63,203,203,,,,
2022-04-27,203,203,196.27,197.69,,,,
2022-04-28,197.69,206.81,197.69,205.37,,,,
2022-04-29,205.37,205.57,197.65,198.03,,,,
2022-05-02,198.03,203.1,197.26,202.83,,,,
2022-05-03,202.83,205.74,201.57,203.92,,,,
2022-05-04,203.92,212.03,201.03,211.42,,,,
2022-05-05,211.42,211.42,200.68,202.78,,,,
2022-05-06,202.78,202.9,197.93,200.13,,,,
2022-05-09,200.13,200.13,194.5,195.25,,,,
2022-05-10,195.25,200.24,194.99,196.89,,,,
2022-05-11,196.89,199.74,193.6,193.92,,,,
2022-05-12,193.92,197.1,190.62,194.91,,,,
2022-05-13,194.91,201.11,194.91,199.81,,,,
2022-05-16,199.81,200.63,197.65,198.63,,,,
2022-05-17,198.63,202.4,198.63,202.25,,,,
2022-05-18,202.25,202.25,194.89,195.36,,,,
2022-05-19,195.36,196.75,193.71,194.22,,,,
2022-05-20,194.22,197.18,189.16,193.79,,,,
2022-05-23,193.79,197.61,193.21,197.3,,,,
2022-05-24,197.3,197.3,185.28,189.99,,,,
2022-05-25,189.99,192.57,188.47,191.66,,,,
2022-05-26,191.66,196.52,191.64,195.62,,,,
2022-05-27,195.62,200.76,195.62,200.75,,,,
2022-05-31,200.75,204.06,199.26,201.56,,,,
2022-06-01,201.56,205.35,199.38,200.16,,,,
2022-06-02,200.16,205.54,199.09,205.32,,,,
2022-06-03,205.32,205.32,199.78,200.46,,,,
2022-06-06,200.46,205.14,200.46,202.42,,,,
2022-06-07,202.42,203.74,199.95,203.45,,,,
2022-06-08,203.45,206.03,202.89,203.4,,,,
2022-06-09,203.4,204.01,197.7,197.8,,,,
2022-06-10,197.8,197.8,191.77,192.17,,,,
2022-06-13,192.17,192.17,183.16,183.65,,,,
2022-06-14,183.65,185.16,181.81,183.13,,,,
2022-06-15,183.13,189.97,183.13,187.46,,,,
2022-06-16,187.46,187.46,179.8,180.99,,,,
2022-06-17,180.99,184.86,180.14,183.37,,,,
2022-06-21,183.39,188.4,183.39,186.34,,,,
2022-06-22,186.34,189.49,184.93,186.74,,,,
2022-06-23,186.74,189.31,185.81,188.77,,,,
2022-06-24,188.77,196.26,188.77,196.2,,,,
2022-06-27,196.35,196.95,193.35,194.14,,,,
2022-06-28,194.14,196.19,188.34,188.47,,,,
2022-06-29,188.47,190.09,187.22,188.97,,,,
2022-06-30,188.97,188.97,183.22,186.03,,,,
2022-07-01,186.03,187.44,183.63,187.29,,,,
2022-07-05,187.29,192.34,182.95,192.28,,,,
2022-07-06,192.28,194.59,190.31,193.09,,,,
2022-07-07,193.09,197.59,193.09,196.92,,,,
2022-07-08,196.92,197.56,194.1,196.5,,,,
2022-07-11,196.5,196.5,190.53,191,,,,
2022-07-12,191,192.82,189.49,190.08,,,,
2022-07-13,190.08,190.08,186.68,188.04,,,,
2022-07-14,188.04,188.04,183.54,186.06,,,,
2022-07-15,186.06,190.09,186.06,190.09,,,,
2022-07-18,190.09,192.93,187.36,188.01,,,,
2022-07-19,188.01,194.98,188.01,194.84,,,,
2022-07-20,194.84,198.35,194,196.81,,,,
2022-07-21,196.81,196.81,192.05,196.4,,,,
2022-07-22,196.4,196.4,186.58,187.88,,,,
2022-07-25,187.88,189.66,185.83,187.35,,,,
2022-07-26,187.29,187.29,182.83,183.51,,,,
2022-07-27,183.51,193.91,183.51,192.89,,,,
2022-07-28,192.89,192.89,187.64,191.47,,,,
2022-07-29,191.47,193,189.13,192.55,,,,
2022-08-01,192.55,193.85,189.78,191.74,,,,
2022-08-02,191.74,193.47,190.12,191.4,,,,
2022-08-03,191.4,196.78,191.4,196.15,,,,
2022-08-04,196.15,197.46,194.82,196.51,,,,
2022-08-05,196.51,196.51,193.03,194.79,,,,
2022-08-08,194.79,199.48,194.79,195.51,,,,
2022-08-09,195.51,195.51,193.08,194.11,,,,
2022-08-10,194.11,200.56,194.11,199.48,,,,
2022-08-11,199.48,203.7,199.2,199.5,,,,
2022-08-12,199.5,203.52,199.5,203.52,,,,
2022-08-15,203.52,204.83,202.31,204.5,,,,
2022-08-16,204.5,205.61,202.52,204.37,,,,
2022-08-17,204.37,204.37,200.32,200.59,,,,
2022-08-18,200.59,201.38,198.59,200.51,,,,
2022-08-19,200.51,200.51,196.09,196.85,,,,
2022-08-22,196.85,196.85,191.17,191.6,,,,
2022-08-23,191.6,192.53,190.01,190.24,,,,
2022-08-24,190.24,192.4,189.47,190.96,,,,
2022-08-25,190.96,194.93,190.96,194.9,,,,
2022-08-26,194.9,194.9,187.36,187.37,,,,
2022-08-29,187.37,187.89,185.61,185.9,,,,
2022-08-30,185.9,187.38,183.21,184.43,,,,
2022-08-31,184.43,188.2,184.41,184.44,,,,
2022-09-01,184.44,186.57,183.05,186.38,,,,
2022-09-02,186.38,187.69,182.14,182.92,,,,
2022-09-06,182.92,183.06,179.55,180.61,,,,
2022-09-07,180.61,184.83,180.61,184.31,,,,
2022-09-08,184.31,184.71,181.35,183.5,,,,
2022-09-09,183.5,188.41,183.5,188.14,,,,
2022-09-12,188.14,189.97,187.47,188.98,,,,
2022-09-13,188.98,188.98,177.88,178.33,,,,
2022-09-14,178.33,179.45,176.64,178.99,,,,
2022-09-15,178.99,180.48,176.42,177.1,,,,
2022-09-16,177.1,177.1,174.35,176.05,,,,
2022-09-19,176.05,176.9,174.28,176.82,,,,
2022-09-20,176.82,176.82,173.23,173.98,,,,
2022-09-21,173.98,175.82,169.98,169.99,,,,
2022-09-22,169.99,171.66,169.25,170.09,,,,
2022-09-23,170.09,170.09,165.05,167.08,,,,
2022-09-26,167.08,168.16,164.54,164.89,,,,
2022-09-27,164.89,167.69,162.85,163.71,,,,
2022-09-28,163.71,169.72,163.71,168.91,,,,
2022-09-29,168.91,168.91,162.9,164.75,,,,
2022-09-30,164.75,166.88,161.94,162.01,,,,
2022-10-03,162.01,167.81,162.01,166.83,,,,
2022-10-04,166.83,171.42,166.83,171.37,,,,
2022-10-05,171.37,171.37,166.59,170.31,,,,
2022-10-06,170.31,171.7,168.78,169.2,,,,
2022-10-07,168.85,168.85,163.78,164.39,,,,
2022-10-10,164.39,165.1,162.18,163.63,,,,
2022-10-11,163.63,164.01,159.97,160.95,,,,
2022-10-12,160.95,162.28,160.12,160.95,,,,
2022-10-13,160.95,165.38,156.78,164.53,,,,
2022-10-14,164.53,166.73,161.18,161.34,,,,
2022-10-17,161.34,167.9,161.34,166.73,,,,
2022-10-18,166.73,171.11,166.38,167.62,,,,
2022-10-19,167.62,169.94,166.62,167.42,,,,
2022-10-20,167.42,171.51,167.4,168.02,,,,
2022-10-21,168.02,169.56,164.67,169.45,,,,
2022-10-24,169.45,171.54,167.99,170.98,,,,
2022-10-25,170.98,175.42,170.98,175.04,,,,
2022-10-26,175.04,175.04,166.57,166.72,,,,
2022-10-27,166.72,166.72,159.64,159.85,,,,
2022-10-28,159.85,164.82,159.85,164.62,,,,
2022-10-31,164.62,164.62,161.04,161.86,,,,
2022-11-01,161.86,164.49,158.87,158.93,,,,
2022-11-02,158.93,160.22,154.03,154.1,,,,
2022-11-03,154.1,154.1,149.67,149.74,,,,
2022-11-04,149.74,152.85,149.17,152.38,,,,
2022-11-07,152.38,155.38,152.38,155.16,,,,
2022-11-08,155.16,157.56,153.62,155.73,,,,
2022-11-09,155.73,155.73,152.68,152.77,,,,
2022-11-10,152.77,162.63,152.77,162.43,,,,
2022-11-11,162.43,167.09,162.43,166.45,,,,
2022-11-14,166.45,168.24,164.82,166.01,,,,
2022-11-15,166.01,171.11,166.01,168.96,,,,
2022-11-16,168.96,169.07,167.24,168.01,,,,
2022-11-17,168.01,168.06,164.35,166.9,,,,
2022-11-18,166.9,168.17,165.28,166.31,,,,
2022-11-21,166.31,168.23,164.69,164.96,,,,
2022-11-22,164.96,167.28,163.61,167.15,,,,
2022-11-23,167.11,169.61,167.11,169.18,,,,
2022-11-25,169.18,169.34,167.99,167.99,,,,
2022-11-28,167.99,167.99,164.94,165.39,,,,
2022-11-29,165.43,165.73,163.32,164.84,,,,
2022-11-30,164.84,172.94,164.24,172.94,,,,
2022-12-01,172.94,174.97,172.36,173.45,,,,
2022-12-02,173.45,174,170.66,173.55,,,,
2022-12-05,173.55,174.16,170.37,170.94,,,,
2022-12-06,171,171,165.78,166.54,,,,
2022-12-07,166.54,166.8,164.54,164.99,,,,
2022-12-08,164.99,166.15,163.76,164.16,,,,
2022-12-09,164.16,166.19,163.51,164.19,,,,
2022-12-12,164.19,165.36,162.86,165.35,,,,
2022-12-13,165.35,173.48,165.35,168.16,,,,
2022-12-14,168.16,169.47,164.79,166.72,,,,
2022-12-15,166.72,166.72,159.35,160.31,,,,
2022-12-16,160.31,161.55,159.04,160.14,,,,
2022-12-19,160.14,160.14,156.24,156.64,,,,
2022-12-20,156.64,157.95,155.27,157.77,,,,
2022-12-21,157.77,160.5,157.48,159.64,,,,
2022-12-22,159.64,159.64,155.05,157.8,,,,
2022-12-23,157.8,159.63,156.98,159.5,,,,
2022-12-27,159.5,159.5,156.75,157.62,,,,
2022-12-28,157.62,158.49,155.18,155.24,,,,
2022-12-29,155.24,160.01,155.24,159.41,,,,
2022-12-30,159.41,159.45,156.77,159.37,,,,
2023-01-03,159.37,163.17,159.37,161.59,,,,
2023-01-04,161.59,164.42,161.27,163.36,,,,
2023-01-05,163.36,163.74,161.45,162.46,,,,
2023-01-06,162.46,165.72,161.49,165.26,,,,
2023-01-09,165.26,167.76,165.16,165.27,,,,
2023-01-10,165.27,167.43,163.38,167.4,,,,
2023-01-11,167.4,169.68,167.32,169.64,,,,
2023-01-12,169.64,171.68,167.93,171.05,,,,
2023-01-13,171.05,172.22,169.72,171.98,,,,
2023-01-17,171.98,171.98,169.29,170.4,,,,
2023-01-18,170.4,171.87,168.22,168.82,,,,
2023-01-19,168.82,171.34,167.71,170.34,,,,
2023-01-20,170.34,177.17,170.34,177.09,,,,
2023-01-23,177.09,180.75,176.53,180.24,,,,
2023-01-24,180.24,181.69,178.47,178.99,,,,
2023-01-25,178.99,178.99,175.86,178.35,,,,
2023-01-26,178.35,181.33,178.31,181.3,,,,
2023-01-27,181.3,184.03,180.97,182.9,,,,
2023-01-30,182.9,182.9,179.34,179.61,,,,
2023-01-31,179.58,182.07,179.58,182.04,,,,
2023-02-01,182.04,185.61,179.93,184.49,,,,
2023-02-02,184.49,197.84,184.49,196.92,,,,
2023-02-03,196.92,197.01,191.45,192.55,,,,
2023-02-06,192.55,192.55,188.76,190.03,,,,
2023-02-07,190.03,195.55,189.54,194.74,,,,
2023-02-08,194.74,194.74,185.06,186.69,,,,
2023-02-09,186.69,188.95,180.59,181.47,,,,
2023-02-10,181.47,182.4,179.46,179.86,,,,
2023-02-13,179.86,182.31,179.86,181.84,,,,
2023-02-14,181.84,182.19,178.9,181.85,,,,
2023-02-15,181.85,183.99,180.55,183.97,,,,
2023-02-16,183.97,183.97,180.3,181.12,,,,
2023-02-17,181.12,181.12,178.28,180.27,,,,
2023-02-21,180.01,180.01,176.07,176.14,,,,
2023-02-22,176.14,176.97,175.12,176.05,,,,
2023-02-23,176.05,176.22,172.91,174.89,,,,
2023-02-24,174.89,174.89,171.2,172.39,,,,
2023-02-27,172.39,174.47,172.39,173.11,,,,
2023-02-28,173.11,174.83,172.89,173.53,,,,
2023-03-01,173.53,174.22,172.19,172.47,,,,
2023-03-02,172.47,174.77,171.4,174.36,,,,
2023-03-03,174.36,178.2,174.36,178.02,,,,
2023-03-06,178.02,181.04,178.02,178.83,,,,
2023-03-07,178.83,179.98,176.32,176.78,,,,
2023-03-08,176.78,178.34,176.19,177.12,,,,
2023-03-09,177.12,178.73,172.56,173.18,,,,
2023-03-10,173.18,173.82,170.01,170.71,,,,
2023-03-13,170.71,173.38,168.18,171.13,,,,
2023-03-14,171.13,176.09,171.13,175.84,,,,
2023-03-15,175.84,179.03,173.6,178.48,,,,
2023-03-16,178.48,183.66,177.6,183.43,,,,
2023-03-17,183.43,184.79,181.54,182.56,,,,
2023-03-20,182.56,184.05,181.49,183.44,,,,
2023-03-21,183.44,188.25,183.44,187.93,,,,
2023-03-22,187.93,190.4,184.85,184.88,,,,
2023-03-23,184.88,189.85,184.88,188.27,,,,
2023-03-24,188.27,188.96,186.53,188.77,,,,
2023-03-27,188.77,188.99,185.96,186.74,,,,
2023-03-28,186.74,186.74,183.74,184.84,,,,
2023-03-29,184.84,187.22,184.84,187.03,,,,
2023-03-30,187.03,187.82,186.43,187.63,,,,
2023-03-31,187.63,191.67,187.63,191.53,,,,
2023-04-03,191.53,192.69,189.67,192.54,,,,
2023-04-04,192.54,193.86,191.91,193.13,,,,
2023-04-05,193.13,194.06,191.45,192.71,,,,
2023-04-06,192.71,196.69,191.28,196,,,,
2023-04-10,196,196,192.67,194.65,,,,
2023-04-11,194.65,195.52,193.6,193.82,,,,
2023-04-12,193.82,195.78,191.89,192.09,,,,
2023-04-13,192.09,196.61,192.09,196.57,,,,
2023-04-14,196.57,197.25,195.02,197.18,,,,
2023-04-17,197.18,197.18,193.2,194.68,,,,
2023-04-18,194.68,195.66,193.13,193.42,,,,
2023-04-19,193.42,193.42,190.87,192.02,,,,
2023-04-20,192.02,192.36,189.83,190.55,,,,
2023-04-21,190.55,191.44,189.63,191.16,,,,
2023-04-24,191.16,192.32,190.05,191.14,,,,
2023-04-25,191.14,191.14,188.1,188.12,,,,
2023-04-26,188.12,190.37,186.69,186.95,,,,
2023-04-27,186.95,198.03,186.95,197.28,,,,
2023-04-28,197.28,198.37,195.46,198.35,,,,
2023-05-01,198.35,199.13,196.98,198.2,,,,
2023-05-02,198.2,198.2,193.29,194.67,,,,
2023-05-03,194.67,197.26,194.12,194.34,,,,
2023-05-04,194.34,194.34,191.65,191.9,,,,
2023-05-05,191.9,194.24,191.17,193.81,,,,
2023-05-08,193.81,196.63,193.44,196.28,,,,
2023-05-09,196.28,197.6,195.07,195.26,,,,
2023-05-10,195.26,199.39,194.78,198.56,,,,
2023-05-11,200.05,203.18,199.39,201.84,,,,
2023-05-12,201.84,202.71,201,202.22,,,,
2023-05-15,202.22,203.36,201.6,202.16,,,,
2023-05-16,202.16,204.4,201.37,203.36,,,,
2023-05-17,203.36,206.72,203.08,205.76,,,,
2023-05-18,205.76,209.72,205.76,209.44,,,,
2023-05-19,209.44,211.69,207.61,208.41,,,,
2023-05-22,208.37,212.5,208.37,210.85,,,,
2023-05-23,210.85,210.9,207.73,207.73,,,,
2023-05-24,207.14,207.45,205.2,206.48,,,,
2023-05-25,206.48,209.82,206.39,207.37,,,,
2023-05-26,207.37,211.14,206.53,210.92,,,,
2023-05-30,210.92,212.64,209.39,210.77,,,,
2023-05-31,210.77,211.38,209.22,210.66,,,,
2023-06-01,210.66,213.35,210.66,213.08,,,,
2023-06-02,213.08,214.25,211.64,213.29,,,,
2023-06-05,213.29,216.49,212.97,214.52,,,,
2023-06-06,214.52,216.77,213.86,215.58,,,,
2023-06-07,215.58,218.09,211.23,211.55,,,,
2023-06-08,211.55,213.01,210.31,212.11,,,,
2023-06-09,212.11,214.12,211.81,212.39,,,,
2023-06-12,212.39,215.16,212.39,214.93,,,,
2023-06-13,214.93,217.36,214.67,215.52,,,,
2023-06-14,215.52,217.03,213.31,215.8,,,,
2023-06-15,215.8,219.84,214.45,219.12,,,,
2023-06-16,219.12,220.07,216.66,216.92,,,,
2023-06-20,216.92,217.37,214.44,216.29,,,,
2023-06-21,216.29,216.29,212.68,213.36,,,,
2023-06-22,213.36,215.86,211.37,215.81,,,,
2023-06-23,215.81,215.94,213.34,215.28,,,,
2023-06-26,215.28,215.65,211.11,211.23,,,,
2023-06-27,211.23,214.63,210.45,213.6,,,,
2023-06-28,213.6,215.94,212.51,215.31,,,,
2023-06-29,215.31,215.35,213.42,213.95,,,,
2023-06-30,213.95,217.16,213.95,216.08,,,,
2023-07-03,216.08,216.43,214.99,216.36,,,,
2023-07-05,216.36,219.85,216.12,218.97,,,,
2023-07-06,218.97,218.97,215.01,216.64,,,,
2023-07-07,216.64,217.93,215.28,215.39,,,,
2023-07-10,215.39,215.9,212.27,213.41,,,,
2023-07-11,213.41,216.29,212.75,215.66,,,,
2023-07-12,215.66,219.82,215.66,218.91,,,,
2023-07-13,218.91,224.36,218.91,223.99,,,,
2023-07-14,223.99,225.07,222.2,222.63,,,,
2023-07-17,222.63,223.73,220.62,221.18,,,,
2023-07-18,221.18,222.61,220.51,222.03,,,,
2023-07-19,222.48,224.43,221.94,222.54,,,,
2023-07-20,222.54,222.7,216.35,217.01,,,,
2023-07-21,217.01,218.41,214.82,215.92,,,,
2023-07-24,215.92,218.57,215.92,216.92,,,,
2023-07-25,216.92,218.86,216.55,217.84,,,,
2023-07-26,217.84,225.19,217.84,223.61,,,,
2023-07-27,223.61,231.78,223.61,225.52,,,,
2023-07-28,225.52,231.93,225.52,230.71,,,,
2023-07-31,230.71,231.92,229.76,230.64,,,,
2023-08-01,230.64,230.84,228.64,229.97,,,,
2023-08-02,229.97,229.97,224.25,225.2,,,,
2023-08-03,225.2,226.47,223.86,224.82,,,,
2023-08-04,224.82,228.01,223.88,224.13,,,,
2023-08-07,224.13,228.49,224.13,228.35,,,,
2023-08-08,228.35,228.35,225.86,227.82,,,,
2023-08-09,227.82,228.52,224.14,224.99,,,,
2023-08-10,224.99,228.97,224.99,225.95,,,,
2023-08-11,225.95,225.95,223.61,224.86,,,,
2023-08-14,224.86,227.21,223.96,227.19,,,,
2023-08-15,227.19,227.19,224.27,224.89,,,,
2023-08-16,224.89,224.96,221.95,222.18,,,,
2023-08-17,222.18,224.46,220.67,220.87,,,,
2023-08-18,220.87,220.87,216.51,218.7,,,,
2023-08-21,218.7,220.91,217.89,220.46,,,,
2023-08-22,220.46,222.33,220.46,220.85,,,,
2023-08-23,220.85,226.4,220.85,225.05,,,,
2023-08-24,225.05,226.88,220.41,220.47,,,,
2023-08-25,220.47,221.95,216.83,220.84,,,,
2023-08-28,220.84,223.86,220.84,223.16,,,,
2023-08-29,223.16,229.67,223.16,228.65,,,,
2023-08-30,228.65,230.04,227.91,229.46,,,,
2023-08-31,229.46,231.56,229.46,229.72,,,,
2023-09-01,229.72,230.66,227.73,228.48,,,,
2023-09-05,228.48,229.64,228,228.58,,,,
2023-09-06,228.58,229.4,226.12,227.34,,,,
2023-09-07,227.34,228.94,225.5,227.59,,,,
2023-09-08,227.59,229.27,227.53,228.39,,,,
2023-09-11,228.4,231.54,228.4,231.06,,,,
2023-09-12,231.06,231.06,228.36,228.61,,,,
2023-09-13,228.57,229.99,227.32,229.52,,,,
2023-09-14,229.52,232.72,229.49,232.23,,,,
2023-09-15,232.23,232.52,228.93,229.65,,,,
2023-09-18,229.65,231.14,229.07,230.26,,,,
2023-09-19,230.26,230.79,228.1,230.28,,,,
2023-09-20,230.28,230.81,225.87,225.93,,,,
2023-09-21,225.93,225.93,222.38,222.44,,,,
2023-09-22,222.44,225.04,222.16,222.24,,,,
2023-09-25,222.24,223.16,220.42,223.09,,,,
2023-09-26,223.09,223.09,219.08,220.09,,,,
2023-09-27,220.09,222.26,217.97,221.27,,,,
2023-09-28,221.27,225.21,220.82,223.84,,,,
2023-09-29,223.84,226.36,221.45,222.21,,,,
2023-10-02,222.21,226.01,222.21,225.47,,,,
2023-10-03,225.47,225.77,221.64,222.32,,,,
2023-10-04,222.32,225.65,221.8,225.17,,,,
2023-10-05,225.17,225.45,222.4,224.89,,,,
2023-10-06,224.89,229.5,222.99,228.99,,,,
2023-10-09,228.99,231.88,226.96,231.17,,,,
2023-10-10,231.17,233.61,230.67,231.67,,,,
2023-10-11,231.67,235.17,231.67,234.15,,,,
2023-10-12,234.15,234.58,230.41,231.56,,,,
2023-10-13,231.56,232.58,227.37,228.5,,,,
2023-10-16,228.5,232.33,228.5,231.86,,,,
2023-10-17,231.86,233.18,229.94,232.85,,,,
2023-10-18,232.85,233.51,228.49,229.16,,,,
2023-10-19,229.16,233.41,229.16,229.91,,,,
2023-10-20,229.91,230.75,226.94,227.26,,,,
2023-10-23,227.26,230.55,225.56,228.9,,,,
2023-10-24,228.9,233.32,228.9,232.07,,,,
2023-10-25,232.07,232.07,218.07,218.4,,,,
2023-10-26,217.69,217.69,211.26,212.77,,,,
2023-10-27,213.77,214.35,211.65,212.97,,,,
2023-10-30,214.8,218.55,214.76,217.36,,,,
2023-10-31,218.02,218.32,215.87,217.76,,,,
2023-11-01,217.92,221.85,217.82,221.76,,,,
2023-11-02,224.64,225.33,222.71,223.78,,,,
2023-11-03,225.2,227.39,225.1,226.89,,,,
2023-11-06,227.03,227.85,226.12,227.26,,,,
2023-11-07,227.77,229.55,226.94,228.51,,,,
2023-11-08,228.31,229.19,227.4,228.77,,,,
2023-11-09,229.69,230.9,227.67,228.08,,,,
2023-11-10,228.16,232.01,227.58,231.9,,,,
2023-11-13,230.91,232.33,230.16,231.45,,,,
2023-11-14,234.87,236.98,234.4,234.73,,,,
2023-11-15,236.51,236.52,234.66,236.13,,,,
2023-11-16,236.44,238.43,235.32,238.36,,,,
2023-11-17,236.8,237.53,235.55,237.25,,,,
2023-11-20,236.12,240.07,236.08,239.74,,,,
2023-11-21,239.61,240.29,238.75,239.71,,,,
2023-11-22,241.02,242.89,240.85,241.83,,,,
2023-11-24,241.45,241.78,239.46,240.22,,,,
2023-11-27,239.28,241.19,238.85,239.08,,,,
2023-11-28,238.67,239.95,237.8,239.86,,,,
2023-11-29,240.52,240.75,237.04,237.17,,,,
2023-11-30,237.13,238,232.79,234.77,,,,
2023-12-01,234.18,234.55,232.27,234.23,,,,
2023-12-04,230.96,231.25,229.15,231.02,,,,
2023-12-05,230.69,233.22,229.7,231.53,,,,
2023-12-06,232.92,233.11,230.23,230.45,,,,
2023-12-07,234.8,239.53,234.55,237.87,,,,
2023-12-08,235.16,238.5,235.13,237.5,,,,
2023-12-11,235.34,235.44,233.58,235.02,,,,
2023-12-12,234.17,235.49,233.26,235.48,,,,
2023-12-13,236.24,237.87,234.85,237.02,,,,
2023-12-14,237.89,238.67,234.37,236.92,,,,
2023-12-15,236.45,238.28,235.77,237.27,,,,
2023-12-18,237.96,243.14,237.79,241.75,,,,
2023-12-19,242.64,244.56,242.64,243.98,,,,
2023-12-20,245.51,248.41,243.81,243.85,,,,
2023-12-21,245.84,246.74,244.72,246.58,,,,
2023-12-22,247.38,248.54,245.97,247,,,,
2023-12-26,247.41,248.13,247.03,247.55,,,,
2023-12-27,247.8,248.26,246.16,247.02,,,,
2023-12-28,247.57,248.28,247.02,247.24,,,,
2023-12-29,246.91,247.28,244.71,246,,,,
2024-01-02,244.56,245.28,241.51,243.76,,,,
2024-01-03,242.96,245.51,242.65,244.01,,,,
2024-01-04,243.83,244.61,242.3,242.32,,,,
2024-01-05,242.64,244.35,242.22,243.15,,,,
2024-01-08,244.24,247.52,243.66,247.39,,,,
2024-01-09,245.83,248.51,245.59,247.71,,,,
2024-01-10,248.13,251.53,248.02,250.6,,,,
2024-01-11,252.24,253.17,247.92,249.96,,,,
2024-01-12,251.1,252.51,250.48,251.52,,,,
2024-01-16,250.64,252.35,249.37,250.46,,,,
2024-01-17,249.3,249.4,245.82,248.87,,,,
2024-01-18,249.85,252.59,249.85,252.31,,,,
2024-01-19,254,256.45,253.28,256.42,,,,
2024-01-22,258.23,259.59,256.39,256.51,,,,
2024-01-23,257.93,259.32,257.38,259.07,,,,
2024-01-24,262.31,264.41,261.83,262.11,,,,
2024-01-25,263.47,267.52,262.64,266.92,,,,
2024-01-26,266.69,268.9,266.6,268,,,,
2024-01-29,267.98,270.86,266.98,270.38,,,,
2024-01-30,269.81,270.85,268.25,268.46,,,,
2024-01-31,260.17,261.54,257.65,257.91,,,,
2024-02-01,260.52,262.11,259.4,260.17,,,,
2024-02-02,268.31,273.57,265.04,272.38,,,,
2024-02-05,271.57,273.51,270.08,270.16,,,,
2024-02-06,271.94,272.8,268.93,269.6,,,,
2024-02-07,270.58,272.61,270.28,272.1,,,,
2024-02-08,273.39,273.64,271.91,273.16,,,,
2024-02-09,274.19,275.86,273.31,275.17,,,,
2024-02-12,274.64,277.87,274.53,274.67,,,,
2024-02-13,270.1,273.18,269.36,270.98,,,,
2024-02-14,273.62,275.05,271.65,274.82,,,,
2024-02-15,273.05,275.62,271.57,275.03,,,,
2024-02-16,273.9,274.11,270.29,270.73,,,,
2024-02-20,269.04,271.7,269.04,270.43,,,,
2024-02-21,269.73,271.07,268.37,270.96,,,,
2024-02-22,274.97,275.85,272.5,275.32,,,,
2024-02-23,275.34,276.72,274.12,274.75,,,,
2024-02-26,273.06,273.68,268.96,269.01,,,,
2024-02-27,269.44,272.01,269.14,271.77,,,,
2024-02-28,270.32,270.81,268.54,269.27,,,,
2024-02-29,271.26,272.89,269.3,272.5,,,,
2024-03-01,272.61,275.28,272.43,273.9,,,,
2024-03-04,272.92,273,269.3,269.75,,,,
2024-03-05,267.94,268.72,266.19,267.67,,,,
2024-03-06,269.75,270.18,266.48,267.21,,,,
2024-03-07,269.83,273.03,268.56,272.12,,,,
2024-03-08,272.24,276.59,270.9,272.12,,,,
2024-03-11,271.57,273.19,269.97,271.49,,,,
2024-03-12,272.72,275.31,271.64,274.68,,,,
2024-03-13,274.83,276.75,274.53,275.11,,,,
2024-03-14,277.09,277.16,274.27,276.62,,,,
2024-03-15,275.59,276.67,272.51,273.37,,,,
2024-03-18,281.04,283.54,280.56,281.45,,,,
2024-03-19,280.69,281.23,277.9,280.97,,,,
2024-03-20,282.53,284.96,280.81,284.52,,,,
2024-03-21,286.84,286.92,283.42,284.03,,,,
2024-03-22,285.48,286.93,284.76,286.45,,,,
2024-03-25,285.25,285.91,283.1,285.45,,,,
2024-03-26,285.72,287.99,284.72,284.84,,,,
2024-03-27,286.06,286.72,282.8,285.16,,,,
2024-03-28,285.23,285.32,283.58,284.29,,,,
2024-04-01,283.93,288.91,283.26,288.43,,,,
2024-04-02,285.66,288.87,284.97,288.69,,,,
2024-04-03,288.15,290.88,288.1,290.73,,,,
2024-04-04,291.86,294.29,286.62,286.68,,,,
2024-04-05,287.15,292.73,286.79,291.3,,,,
2024-04-08,291.9,293.16,290.83,291.23,,,,
2024-04-09,292.3,293.96,289.23,291.54,,,,
2024-04-10,289.37,291.38,288.31,290.89,,,,
2024-04-11,292.13,294.69,290.46,294.21,,,,
2024-04-12,292.92,293.29,288.92,289.83,,,,
2024-04-15,292.37,292.42,284.37,285.12,,,,
2024-04-16,284.1,286.67,283.72,284.78,,,,
2024-04-17,286.53,286.95,282.45,284.44,,,,
2024-04-18,285.44,288.63,285.03,286.3,,,,
2024-04-19,284.83,284.83,278.41,280.48,,,,
2024-04-22,282.6,284.17,278.69,281.65,,,,
2024-04-23,284.11,287.49,283.3,286.89,,,,
2024-04-24,288.31,288.73,283.71,286.72,,,,
2024-04-25,267.7,275.94,267.45,275.18,,,,
2024-04-26,288.65,288.97,284.64,288.11,,,,
2024-04-29,285.33,285.82,280.72,282.18,,,,
2024-04-30,281.46,283.36,277.9,277.98,,,,
2024-05-01,278.33,285.22,278.1,280.31,,,,
2024-05-02,281.47,283.85,279.99,283.62,,,,
2024-05-03,285.51,286.78,282.43,286.53,,,,
2024-05-06,287.47,290.54,286.62,290.5,,,,
2024-05-07,289.84,292.62,289.72,292.14,,,,
2024-05-08,289.1,293.17,289.1,291.65,,,,
2024-05-09,291.74,292.78,290.44,292.77,,,,
2024-05-10,291.87,292.79,290.06,292.33,,,,
2024-05-13,288.59,291.85,287.5,291.82,,,,
2024-05-14,291.68,293.73,290.85,293.21,,,,
2024-05-15,294.44,296.15,293.25,295.88,,,,
2024-05-16,295.29,297.16,295.08,295.83,,,,
2024-05-17,295.59,297.41,295.29,297.29,,,,
2024-05-20,296.99,299.25,296.83,298.3,,,,
2024-05-21,297.74,298.81,297.02,298.44,,,,
2024-05-22,297.82,298.48,296.58,297.67,,,,
2024-05-23,298.96,299.77,292.92,294.24,,,,
2024-05-24,295.97,298.92,295.22,298.03,,,,
2024-05-28,297.13,299.62,297.13,299.42,,,,
2024-05-29,297.48,299.59,297.18,297.74,,,,
2024-05-30,296.74,296.74,293.8,294.58,,,,
2024-05-31,293.86,296.44,290.68,296.23,,,,
2024-06-03,297.1,298.94,294.77,297.67,,,,
2024-06-04,297.29,298.75,296,298.65,,,,
2024-06-05,301.08,303.17,300.06,303.17,,,,
2024-06-06,303.35,305.52,303.26,303.81,,,,
2024-06-07,303.82,304.98,301.21,301.34,,,,
2024-06-10,301.74,304.17,299.97,303.17,,,,
2024-06-11,303.05,304.81,301.4,304.77,,,,
2024-06-12,307.23,308.71,303.25,305.3,,,,
2024-06-13,303.17,303.83,301.66,302.3,,,,
2024-06-14,301.06,304.07,301.06,303.99,,,,
2024-06-17,302.44,306.72,301.03,305.17,,,,
2024-06-18,304.81,305.1,301.59,302.81,,,,
2024-06-20,303.2,304.83,302.62,304.31,,,,
2024-06-21,305.09,307.21,304.7,306.32,,,,
2024-06-24,307.69,309.24,305.86,306.91,,,,
2024-06-25,307.17,312.74,307.11,312.59,,,,
2024-06-26,310.63,313.25,310.61,312.9,,,,
2024-06-27,313.49,316.15,313.42,315.32,,,,
2024-06-28,314.21,316.1,310.11,310.19,,,,
2024-07-01,311.29,311.74,307.91,310.49,,,,
2024-07-02,309.4,313.19,308.74,313.1,,,,
2024-07-03,312.22,314.06,311.81,313.71,,,,
2024-07-05,314.18,322.63,314.09,322.31,,,,
2024-07-08,322.02,322.02,318.35,319.07,,,,
2024-07-09,321.12,322.02,318.88,319.2,,,,
2024-07-10,319.32,322.32,318.86,321.4,,,,
2024-07-11,319.73,320.94,312.19,313.16,,,,
2024-07-12,310.54,313.86,310.1,310.81,,,,
2024-07-15,310.84,315.19,310.47,311.79,,,,
2024-07-16,313.63,315.06,308.68,309.8,,,,
2024-07-17,306.89,307.21,302.38,303.33,,,,
2024-07-18,306.37,306.58,300.79,302.45,,,,
2024-07-19,304.06,305.9,301.34,301.87,,,,
2024-07-22,305.66,306.75,303.75,305.51,,,,
2024-07-23,305.75,307.04,304.45,304.82,,,,
2024-07-24,295.71,297.84,292.93,293.37,,,,
2024-07-25,294.04,295.26,287.48,287.91,,,,
2024-07-26,290.34,292.19,287.13,290.52,,,,
2024-07-29,292.94,295,291.58,293.04,,,,
2024-07-30,293.92,295.68,290.69,293.51,,,,
2024-07-31,297.8,298.26,295.25,297.29,,,,
2024-08-01,304.36,307.69,297.42,299.95,,,,
2024-08-02,295.53,298.8,291.6,294.18,,,,
2024-08-05,277.46,289.7,277.46,284.32,,,,
2024-08-06,284.94,291.5,283.73,287.8,,,,
2024-08-07,292.02,293.73,286.3,286.72,,,,
2024-08-08,289.82,294.34,289.01,293.64,,,,
2024-08-09,291.62,296.71,290.79,296.49,,,,
2024-08-12,297.09,297.1,293.45,294.64,,,,
2024-08-13,296.75,299.52,296.25,298.99,,,,
2024-08-14,297.56,298.86,293.94,296.27,,,,
2024-08-15,297.77,299.24,296.44,298.85,,,,
2024-08-16,298.27,301,298.15,299.46,,,,
2024-08-19,301.17,303.77,300.75,303.77,,,,
2024-08-20,303.7,305.85,303.52,303.85,,,,
2024-08-21,302.5,305.38,302.34,304.38,,,,
2024-08-22,305.72,306.63,300.95,301.56,,,,
2024-08-23,304.02,304.97,300.62,303.07,,,,
2024-08-26,304.07,304.79,300.7,303,,,,
2024-08-27,302.72,304.27,301.28,301.68,,,,
2024-08-28,301.96,302.21,297.38,299.16,,,,
2024-08-29,301.25,303.27,297.1,298.51,,,,
2024-08-30,300.21,301.15,297.77,300.95,,,,
2024-09-03,299.4,300.01,292.41,293.9,,,,
2024-09-04,292.73,296.06,292.64,292.78,,,,
2024-09-05,292.45,296.56,292.45,294.29,,,,
2024-09-06,295.23,296.13,285.45,285.76,,,,
2024-09-09,288.1,290.29,284.41,285.88,,,,
2024-09-10,288.13,289.21,284.54,286.17,,,,
2024-09-11,287.41,289.62,282.22,289.13,,,,
2024-09-12,292.16,294.99,291.3,294.94,,,,
2024-09-13,294.78,298.52,294.34,297.96,,,,
2024-09-16,298.53,300.81,296.97,300.62,,,,
2024-09-17,302.12,303.69,299.92,301.84,,,,
2024-09-18,302.73,303.98,300.66,301.9,,,,
2024-09-19,307.9,309.3,305.25,307.59,,,,
2024-09-20,308.42,309.33,306.78,308.98,,,,
2024-09-23,311.43,311.79,308.26,308.53,,,,
2024-09-24,309.8,310.38,306.26,309.75,,,,
2024-09-25,309.41,311.7,309.19,309.63,,,,
2024-09-26,312.92,313.17,309.26,310.59,,,,
2024-09-27,311.14,313.31,310.75,312.12,,,,
2024-09-30,311.99,314.91,311.5,314.6,,,,
2024-10-01,317.02,318.63,312.27,315.85,,,,
2024-10-02,315.05,316.02,313.27,314.47,,,,
2024-10-03,312.38,315.61,311.9,315.21,,,,
2024-10-04,317.32,319.24,315.02,318.99,,,,
2024-10-07,319.33,320.31,312.44,312.7,,,,
2024-10-08,314.29,316.33,313.59,316.05,,,,
2024-10-09,315.22,316.07,310.82,314.33,,,,
2024-10-10,312.63,314.5,312.15,312.41,,,,
2024-10-11,312.76,315.48,312.17,314.56,,,,
2024-10-14,315.74,318.61,315.45,316.21,,,,
2024-10-15,317.24,317.86,314.69,316.13,,,,
2024-10-16,314.62,315.6,313.26,314.96,,,,
2024-10-17,316.84,316.84,312.49,312.79,,,,
2024-10-18,315.44,317.31,315.35,315.65,,,,
2024-10-21,315.48,316.11,313.02,315.43,,,,
2024-10-22,313.94,316.97,313.28,316.55,,,,
2024-10-23,316.04,317.33,311.03,312.23,,,,
2024-10-24,313.01,313.34,310.96,312.99,,,,
2024-10-25,315.1,317.95,314.59,315.22,,,,
2024-10-28,319.54,319.88,314.84,317.42,,,,
2024-10-29,318.29,323.05,317.29,322.37,,,,
2024-10-30,331.69,332.52,325.31,325.57,,,,
2024-10-31,324.4,327.15,319.68,320.25,,,,
2024-11-01,319.89,322.24,318.81,320.03,,,,
2024-11-04,319.13,319.27,315.66,317.09,,,,
2024-11-05,318.48,320.91,318.36,320.24,,,,
2024-11-06,323.54,328.04,322.94,327.86,,,,
2024-11-07,329.53,335.11,329.46,334.16,,,,
2024-11-08,334.26,334.26,330.98,331.94,,,,
2024-11-11,331.84,333.89,331.34,333.43,,,,
2024-11-12,333.55,336.91,332.21,335.14,,,,
2024-11-13,334.3,335,331.84,333.24,,,,
2024-11-14,333.1,334.12,329.69,331.05,,,,
2024-11-15,328.94,329.15,323.23,324.93,,,,
2024-11-18,325.78,328.86,324.94,328.32,,,,
2024-11-19,326.25,332.27,326.1,331.71,,,,
2024-11-20,331.66,332.15,327.46,331.95,,,,
2024-11-21,331.1,331.1,320.44,326.21,,,,
2024-11-22,324.2,325.38,322.82,323.95,,,,
2024-11-25,326.08,329.13,324.08,326.42,,,,
2024-11-26,326.74,330.06,326.74,329.05,,,,
2024-11-27,329.28,329.63,327.29,329.02,,,,
2024-11-29,328.3,330.91,327.38,330.15,,,,
2024-12-02,330.71,335.59,330.33,334.94,,,,
2024-12-03,335.33,338.83,334.92,338.69,,,,
2024-12-04,338.34,341.3,338.27,340.77,,,,
2024-12-05,342.35,343.06,338.68,339.03,,,,
2024-12-06,338.75,344.55,338.55,343.71,,,,
2024-12-09,343.06,344.15,338.33,339.21,,,,
2024-12-10,345.62,349.11,344.39,348.06,,,,
2024-12-11,349.39,359.35,348.85,358.79,,,,
2024-12-12,358.14,359.19,355.95,356.02,,,,
2024-12-13,354.46,356.13,351.58,352.03,,,,
2024-12-16,355.65,359.14,353.81,356.57,,,,
2024-12-17,357.03,360.63,353.94,354.44,,,,
2024-12-18,354.59,356.12,342.89,343.24,,,,
2024-12-19,348.41,349.35,342.72,342.88,,,,
2024-12-20,339.5,348.62,339.26,344.45,,,,
2024-12-23,345.82,349.55,342.9,349.11,,,,
2024-12-24,349.99,352.68,348.39,352.66,,,,
2024-12-26,351.41,352.46,349.61,351.41,,,,
2024-12-27,349.65,350.25,343.81,347.61,,,,
2024-12-30,342.51,346.48,341.43,344.17,,,,
2024-12-31,344.33,345.56,340.76,341.66,,,,
2025-01-02,343.48,347.35,340.53,343.85,,,,
2025-01-03,346.92,348.89,343.85,346.58,,,,
2025-01-06,349.51,354.28,349.32,353.97,,,,
2025-01-07,354.62,356.67,348.77,350.24,,,,
2025-01-08,347.31,349.98,345.35,347.65,,,,
2025-01-10,346.94,349.31,340.29,344.17,,,,
2025-01-13,341.37,342.7,338.29,342.5,,,,
2025-01-14,342.35,342.6,336.95,339.18,,,,
2025-01-15,345.28,349.75,343.83,348.19,,,,
2025-01-16,346.85,348.27,344.8,344.88,,,,
2025-01-17,350.54,350.54,345.41,348.66,,,,
2025-01-21,352.28,355.44,350.6,351.88,,,,
2025-01-22,357.56,359.31,355.47,355.88,,,,
2025-01-23,356.31,359.16,354.83,358.76,,,,
2025-01-24,359.69,363.08,359.58,362.66,,,,
2025-01-27,353.61,363.39,353.61,359.74,,,,
2025-01-28,361.08,365.72,359.2,364.29,,,,
2025-01-29,365.88,367.22,362.95,365.41,,,,
2025-01-30,370.45,374.46,365.63,369.59,,,,
2025-01-31,371.64,376.12,371.25,372.33,,,,
2025-02-03,366.87,374.78,366.87,372.1,,,,
2025-02-04,374.47,378.37,373.41,377.61,,,,
2025-02-05,366.07,368.52,363.54,367.06,,,,
2025-02-06,366.24,369.05,365.29,368.94,,,,
2025-02-07,369.14,370.51,363.61,364.43,,,,
2025-02-10,367.46,367.84,364.86,366.54,,,,
2025-02-11,364.14,367.05,363.29,366.05,,,,
2025-02-12,363.12,367.01,362.16,366.19,,,,
2025-02-13,365.83,370.3,365.34,370.15,,,,
2025-02-14,369.39,372.96,369.07,371.67,,,,
2025-02-18,372,372,363.62,366.98,,,,
2025-02-19,365.58,367.22,364.03,366.99,,,,
2025-02-20,365.21,366.48,362.71,364.5,,,,
2025-02-21,365.45,366.13,357.38,358.01,,,,
2025-02-24,360.44,361.44,355.18,355.74,,,,
2025-02-25,354.63,355.71,346.71,350.31,,,,
2025-02-26,349.72,354.83,348.97,350.61,,,,
2025-02-27,353.5,354.55,343.68,344.18,,,,
2025-02-28,344.91,349.31,340.77,348.89,,,,
2025-03-03,350.89,353.83,342.11,344.16,,,,
2025-03-04,341.9,347.15,337.54,342.77,,,,
2025-03-05,342.6,349.09,340.41,347.9,,,,
2025-03-06,343.9,347.59,338.8,340.36,,,,
2025-03-07,338.87,343.35,333.59,342.03,,,,
2025-03-10,334.27,335.02,326.69,329.93,,,,
2025-03-11,326.7,331.8,323.41,327.59,,,,
2025-03-12,332.72,334.51,327.06,332.27,,,,
2025-03-13,331.28,331.55,322.32,323.4,,,,
2025-03-14,326.12,330.64,324.32,329.95,,,,
2025-03-17,330.33,332.45,328.43,330.33,,,,
2025-03-18,328.65,328.7,318.86,323.27,,,,
2025-03-19,324.6,330.74,323.06,327.44,,,,
2025-03-20,324.73,332.27,323.9,326.39,,,,
2025-03-21,324.11,329.92,323.8,329.64,,,,
2025-03-24,335.21,337.04,333.53,336.58,,,,
2025-03-25,339.32,342.33,337.8,341.39,,,,
2025-03-26,339.89,341.03,333.8,334.44,,,,
2025-03-27,332.69,335.7,331.24,331.63,,,,
2025-03-28,329.92,331.01,318.09,318.99,,,,
2025-03-31,315.66,320.7,311.43,319.75,,,,
2025-04-01,317.97,324.59,317.97,323,,,,
2025-04-02,318.73,325.37,318.44,322.56,,,,
2025-04-03,310.75,313.63,306.75,307.17,,,,
2025-04-04,299.26,303.23,292,292.16,,,,
2025-04-07,282.84,306.25,281.51,295.17,,,,
2025-04-08,305.21,306.85,287.95,291.48,,,,
2025-04-09,290,321.53,287.94,320.6,,,,
2025-04-10,315.87,317.47,301.03,307.34,,,,
2025-04-11,306.44,311.3,305,310.73,,,,
2025-04-14,315.51,316.8,309.33,311.52,,,,
2025-04-15,312.36,314.3,308.49,309.79,,,,
2025-04-16,304.83,307.93,299.2,302.11,,,,
2025-04-17,303.67,304.71,298.74,301.58,,,,
2025-04-21,298.22,299.35,292.8,294.92,,,,
2025-04-22,297.64,305.25,297.58,303.47,,,,
2025-04-23,311.51,314.96,308.11,310.36,,,,
2025-04-24,310.09,317.87,310.04,317.52,,,,
2025-04-25,323.42,323.76,318.31,320.76,,,,
2025-04-28,322.52,323.65,317.4,320.91,,,,
2025-04-29,319.31,323.11,317.53,322.51,,,,
2025-04-30,317.63,322.09,313.66,321.68,,,,
2025-05-01,329.8,329.8,324.77,326.68,,,,
2025-05-02,329.87,336.02,329.17,334.21,,,,
2025-05-05,330.62,335.75,330.28,334.02,,,,
2025-05-06,330.7,334.62,329.95,332.36,,,,
2025-05-07,334.74,336.27,323.02,326.23,,,,
2025-05-08,330.32,331.57,327.15,328.18,,,,
2025-05-09,329.17,330.25,325.5,326.13,,,,
2025-05-12,335.86,337.57,333.02,337.06,,,,
2025-05-13,338.32,342.82,337.31,341.31,,,,
2025-05-14,341.81,347.57,341.34,346.71,,,,
2025-05-15,346.6,348.19,343.08,345.24,,,,
2025-05-16,347.13,348.33,344.02,347.5,,,,
2025-05-19,343.92,348.13,343.89,348.03,,,,
2025-05-20,346.83,349.08,343.44,345.37,,,,
2025-05-21,344.22,354.04,344.08,347.67,,,,
2025-05-22,350.38,354.9,348.57,348.77,,,,
2025-05-23,345.07,347.63,344.13,345.33,,,,
2025-05-27,349.31,352.96,348.55,352.72,,,,
2025-05-28,353.29,355.9,351.67,352.13,,,,
2025-05-29,354.93,354.93,348.45,350.88,,,,
2025-05-30,350.61,353.4,345.88,352.61,,,,
2025-06-02,348.76,355.27,348.26,354.78,,,,
2025-06-03,353.8,354.57,351.03,352.11,,,,
2025-06-04,353.34,357.17,353.19,356.92,,,,
2025-06-05,359.42,361.19,356.15,357.13,,,,
2025-06-06,361.97,364.68,361.1,363.86,,,,
2025-06-09,364.81,366.41,364.05,364.35,,,,
2025-06-10,365.82,369.09,364.56,368.29,,,,
2025-06-11,369.26,370.3,365.46,366.16,,,,
2025-06-12,365.02,365.68,362.99,364.01,,,,
2025-06-13,360.13,365.11,360.13,360.88,,,,
2025-06-16,363.79,366.85,363.44,366.41,,,,
2025-06-17,364.96,366.82,363.48,363.72,,,,
2025-06-18,364.41,365.15,361.06,361.27,,,,
2025-06-20,362.96,364.06,353.18,354.65,,,,
2025-06-23,354.44,357.88,351.52,357.65,,,,
2025-06-24,360.18,363.48,359.82,362.62,,,,
2025-06-25,363.69,366.85,363.52,364.46,,,,
2025-06-26,367.09,371.1,364.84,370.92,,,,
2025-06-27,371.31,376.88,370.17,376.65,,,,
2025-06-30,380.45,380.97,375.45,377.94,,,,
2025-07-01,376.68,377.21,371.25,373.46,,,,
2025-07-02,372.32,374.34,372.08,373.72,,,,
2025-07-03,376.32,376.84,374,376,,,,
2025-07-07,375.1,375.57,371.72,372.66,,,,
2025-07-08,373.75,373.86,368.54,370.68,,,,
2025-07-09,371.75,376.73,370.89,374.14,,,,
2025-07-10,372.71,372.97,369.32,372.36,,,,
2025-07-11,371.07,372.84,367.87,371.61,,,,
2025-07-14,372.15,375.34,372.15,374.33,,,,
2025-07-15,375.29,375.66,371.88,372.02,,,,
2025-07-16,374,374.4,370.37,371.45,,,,
2025-07-17,371.07,373.34,369.72,372.8,,,,
2025-07-18,373.23,373.53,369.2,371.99,,,,
2025-07-21,374.04,379.44,374.04,379.06,,,,
2025-07-22,380.51,380.52,375.85,377.89,,,,
2025-07-23,377.82,379.24,376.54,378.96,,,,
2025-07-24,384.77,386.44,380.45,380.91,,,,
2025-07-25,380.72,382.52,379.44,380.2,,,,
2025-07-28,380.7,382.05,378.09,379.52,,,,
2025-07-29,380.54,381.3,378.17,378.21,,,,
2025-07-30,379.19,380.85,377.09,378.76,,,,
2025-07-31,390.72,391.31,385.56,386.65,,,,
2025-08-01,382.69,384.24,379.09,380.26,,,,
2025-08-04,383.56,390.18,383.56,390.12,,,,
2025-08-05,390.24,392.87,386.35,386.67,,,,
2025-08-06,388.34,390.25,385.09,389.45,,,,
2025-08-07,391.02,391.06,385.79,388.14,,,,
2025-08-08,388.2,393.1,388.2,392.82,,,,
2025-08-11,392.76,393.99,391.19,392.52,,,,
2025-08-12,394.45,400.76,394.43,399.53,,,,
2025-08-13,400.6,401.54,395.06,397.59,,,,
2025-08-14,397.04,401.55,396.22,399.25,,,,
2025-08-15,400.31,404.52,399.51,401.19,,,,
2025-08-18,399.8,399.8,397.13,398.36,,,,
2025-08-19,398.05,398.05,392.11,393.76,,,,
2025-08-20,393.03,393.47,386.49,391.56,,,,
2025-08-21,391.5,392.92,388.81,390.37,,,,
2025-08-22,393.53,399.8,392.12,397.67,,,,
2025-08-25,397.46,401.57,396.53,399.4,,,,
2025-08-26,398.12,398.43,396.33,398.33,,,,
2025-08-27,396.8,399.35,396.06,397.98,,,,
2025-08-28,397.19,402.37,396.43,401.74,,,,
2025-08-29,399.82,401.76,398.54,400.45,,,,
2025-09-02,394.38,399.03,392.71,398.79,,,,
2025-09-03,409.96,413.81,408.46,413.8,,,,
2025-09-04,414.86,418.47,412.92,418.45,,,,
2025-09-05,419.64,422.55,417.36,420.76,,,,
2025-09-08,420.4,423.71,419.33,419.43,,,,
2025-09-09,420.47,426.84,419.52,426.32,,,,
2025-09-10,425.43,425.77,421.87,422.61,,,,
2025-09-11,424.13,425.1,419.4,423.36,,,,
2025-09-12,422.98,424.81,421.31,424.25,,,,
2025-09-15,427.58,434.74,427.11,434.14,,,,
2025-09-16,434.76,436.13,432.26,435.33,,,,
2025-09-17,436.28,436.76,431.01,435.06,,,,
2025-09-18,436.8,439.16,434.95,436.29,,,,
2025-09-19,438.71,439.41,435.47,438.54,,,,
2025-09-22,438.13,439.56,433.85,434.51,,,,
2025-09-23,435.71,436.49,430.73,432.26,,,,
2025-09-24,432.77,433.36,427.13,428.71,,,,
2025-09-25,425.26,428.05,421.92,425.97,,,,
2025-09-26,427.19,429.04,424.55,426.53,,,,
2025-09-29,428.43,431.01,423.38,424.59,,,,
2025-09-30,423.64,423.64,418.27,422.6,,,,
2025-10-01,417.28,420.85,415.51,419.19,,,,
2025-10-02,419.96,420.28,415.68,420.27,,,,
2025-10-03,419.8,420.63,415.5,417.58,,,,
2025-10-06,416.17,421.95,413.25,421.24,,,,
2025-10-07,419.8,421.91,417.14,418.18,,,,
2025-10-08,417.84,419.13,416.22,418.26,,,,
2025-10-09,417.7,418.81,414.79,418.04,,,,
2025-10-10,417.36,420.28,407.69,408.39,,,,
2025-10-13,412.57,416.03,411.63,415.7,,,,
2025-10-14,412.19,419.07,410,416.66,,,,
2025-10-15,419.37,424.22,417.13,421.96,,,,
2025-10-16,423.1,427.92,417.39,420.08,,,,
2025-10-17,418.89,424.03,417.07,423.26,,,,
2025-10-20,425.46,430.27,425.21,429.7,,,,
2025-10-21,429.26,429.31,420.26,426.05,,,,
2025-10-22,424.77,427.34,419.22,422.3,,,,
2025-10-23,423.91,425.69,422.01,422.16,,,,
2025-10-24,425.45,429.45,424.56,427.53,,,,
2025-10-27,433.24,438.17,432.69,437.35,,,,
2025-10-28,437.94,438.88,435.07,436.2,,,,
2025-10-29,437.45,441.73,435.34,440.76,,,,
2025-10-30,438.68,438.81,429.76,431.31,,,,
2025-10-31,433.74,435.34,427.58,429.97,,,,
2025-11-03,432.2,432.2,427.93,428.58,,,,
2025-11-04,421.36,426.75,420.94,422.03,,,,
2025-11-05,423.57,430.68,422.09,428.92,,,,
2025-11-06,429.12,430.23,423.88,426.06,,,,
2025-11-07,424.53,424.53,416.56,422.49,,,,
2025-11-10,428.04,434.24,426.86,433.19,,,,
2025-11-11,431.14,435.78,430.92,435.12,,,,
2025-11-12,435.27,435.52,426.93,429.98,,,,
2025-11-13,426.33,426.33,420.84,422.49,,,,
2025-11-14,415.33,421.46,414.23,419.11,,,,
2025-11-17,425.83,432.81,421.58,423.86,,,,
2025-11-18,424.59,428.81,416.5,424.33,,,,
2025-11-19,425.36,437.58,425.36,427.37,,,,
2025-11-20,438.23,439.88,421.6,422.78,,,,
2025-11-21,428.08,436.25,425.98,431.86,,,,
2025-11-24,441.02,449.7,440.5,448.87,,,,
2025-11-25,456.44,458.67,450.61,456.2,,,,
2025-11-26,454.91,457.66,451.98,453.96,,,,
2025-11-28,456.65,459.82,453.43,457.25,,,,
2025-12-01,453.53,455.69,451.21,452.63,,,,
2025-12-02,454.25,455.4,450.91,454.29,,,,
2025-12-03,452.8,456.84,451.13,454.7,,,,
2025-12-04,461.66,461.66,454.1,456.58,,,,
2025-12-05,457.12,462.92,457.12,460.93,,,,
2025-12-08,459.38,459.5,450.9,452.77,,,,
2025-12-09,451.93,454.09,448.74,453.28,,,,
2025-12-10,451.83,454.87,449.8,453.88,,,,
2025-12-11,453.31,454.16,446.11,449.29,,,,
2025-12-12,450.64,451.76,442.61,446.19,,,,
2025-12-15,447.95,447.95,442.65,445.36,,,,
2025-12-16,441.65,448.67,441.05,446.2,,,,
2025-12-17,446.54,446.77,437.55,437.71,,,,
2025-12-18,443.21,446.16,441.5,444.17,,,,
2025-12-19,444.53,447.61,443.11,446.45,,,,
2025-12-22,449.05,449.19,446.46,448.98,,,,
2025-12-23,448.31,453.85,448.31,453.41,,,,
2025-12-24,452.94,454.59,451.75,454.47,,,,
2025-12-26,454.53,454.96,452.71,453.5,,,,
2025-12-29,450.79,453.41,450.5,452.74,,,,
2025-12-30,451.61,456.31,451.61,454.22,,,,
2025-12-31,452.56,454.65,452.01,452.39,,,,
2026-01-02,456.19,458.61,446.62,450.67,,,,
2026-01-05,452.96,455.79,451.85,453.94,,,,
2026-01-06,454.04,456.94,447.9,451.7,,,,
2026-01-07,451.34,459.3,451.34,455.28,,,,
2026-01-08,460.5,460.5,453.39,457.95,,,,
2026-01-09,458.06,463.03,457.96,461.38,,,,
2026-01-12,458.46,464.06,457.57,461.45,,,,
2026-01-13,462.46,467.38,460,462.11,,,,
2026-01-14,459.92,460.52,455.97,459.56,,,,
2026-01-15,460.98,460.98,455.91,457.57,,,,
2026-01-16,459.11,459.11,453.5,454.28,,,,
2026-01-20,445.11,451.32,444.3,444.94,,,,
2026-01-21,443.68,454.3,441.84,451.36,,,,
2026-01-22,458.01,460.01,455.86,458.45,,,,
2026-01-23,459.3,462.27,458.48,459.09,,,,
2026-01-26,460.37,467.66,460.07,465.16,,,,
2026-01-27,466.74,467.85,463.71,465.24,,,,
2026-01-28,466.32,468.55,462.97,465.61,,,,
2026-01-29,479.3,480.8,465.86,479.23,,,,
2026-01-30,476.1,480.34,474.31,478.15,,,,
2026-02-02,475.29,481.64,474.94,479.76,,,,
2026-02-03,482.58,483.64,471.37,473.6,,,,
2026-02-04,475.95,475.95,462.73,465.68,,,,
2026-02-05,448.41,466.5,444.18,464.27,,,,
2026-02-06,461.26,463.37,452.2,457.28,,,,
2026-02-09,456.08,463.99,452.9,460.94,,,,
2026-02-10,459.29,459.36,454.44,457.06,,,,
2026-02-11,457.42,459.44,449.32,451.09,,,,
2026-02-12,451.93,452.5,443.34,444.51,,,,
2026-02-13,442.27,444.2,438.1,441.14,,,,
2026-02-17,437.65,441.06,432.03,438.51,,,,
2026-02-18,437.2,441.64,436.66,439.88,,,,
2026-02-19,437.94,442.4,437.05,439.69,,,,
2026-02-20,439.7,452.94,439.7,451.34,,,,
2026-02-23,453.2,454.12,444.04,445.21,,,,
2026-02-24,443.6,447.07,440.57,446.19,,,,
2026-02-25,447.67,450.63,446.44,450.5,,,,
2026-02-26,449.6,449.6,442.12,447.14,,,,
2026-02-27,444.83,454.04,444.83,453.56,,,,
2026-03-02,444.54,452.19,443.14,450.47,,,,
2026-03-03,441.83,449.77,440.07,449.24,,,,
2026-03-04,448.58,453.82,447.73,451.85,,,,
2026-03-05,450.98,451.28,444.81,448.92,,,,
2026-03-06,442.26,445.7,440.38,444.17,,,,
2026-03-09,438.51,449.62,436.56,449.2,,,,
2026-03-10,450.44,453.19,448.2,450.38,,,,
2026-03-11,451.01,453.29,448.58,450.41,,,,
2026-03-12,447.77,449.59,442.19,443.09,,,,
2026-03-13,444.46,445.7,436.28,438.73,,,,
2026-03-16,443.26,445.08,440.22,443.2,,,,
2026-03-17,444.41,446.7,443.96,446.16,,,,
2026-03-18,444.06,446.76,440.51,441.16,,,,
2026-03-19,438.02,439.75,435.53,438.58,,,,
2026-03-20,436.72,436.72,428.81,431.98,,,,
2026-03-23,435.51,438.45,433.32,434.96,,,,
2026-03-24,431.4,432.76,423.97,424.07,,,,
2026-03-25,427.29,430.45,423.22,424.91,,,,
2026-03-26,419.51,420.24,409,410.22,,,,
2026-03-27,406.7,408.15,400.24,400.99,,,,
2026-03-30,404.13,405.45,400.61,402.51,,,,
2026-03-31,409.62,420.35,408.13,420.28,,,,
2026-04-01,423.95,431.61,423.87,427.23,,,,
2026-04-02,419.91,428.13,418.4,426.61,,,,
2026-04-06,427.64,430.65,427.23,429.11,,,,
2026-04-07,430.9,433.64,426.12,433.55,,,,
2026-04-08,449.98,452.88,443.74,448.47,,,,
2026-04-09,449.83,454.04,445.87,452.63,,,,
2026-04-10,455.29,455.96,449.72,451.37,,,,
2026-04-13,451.13,455.05,448.77,454.87,,,,
2026-04-14,458.99,469.73,457.01,469.34,,,,
2026-04-15,470.28,475.21,468.3,474.34,,,,
2026-04-16,477.15,478.09,473.61,476.05,,,,
2026-04-17,473.56,480.46,472.81,479.73,,,,
2026-04-20,477.85,477.85,472.24,472.95,,,,
2026-04-21,472.64,474.79,466.41,467.09,,,,
2026-04-22,470.69,474.26,469.42,473.67,,,,
2026-04-23,473.35,475.7,468.51,471.88,,,,
2026-04-24,471.35,477.27,467.69,476.01,,,,
2026-04-27,476.99,483.31,475.06,480.48,,,,
2026-04-28,479.51,480.9,476.67,479.38,,,,
2026-04-29,476.73,484.15,474.5,478.69,,,,
2026-04-30,488.31,498.73,481.62,497.72,,,,
2026-05-01,496.17,499.73,493.82,497.64,,,,
2026-05-04,497.11,497.74,492.39,494.8,,,,
2026-05-05,497.1,500.9,492.77,496.27,,,,
2026-05-06,500.35,507.34,499.72,506.44,,,,
2026-05-07,507.42,509.06,503.67,506.87,,,,
2026-05-08,505.8,508.52,504.21,506.88,,,,
2026-05-11,500.91,502.76,494.94,495.09,,,,
2026-05-12,493.4,496.54,491.59,495.53,,,,
2026-05-13,492.6,509.89,492.6,508.66,,,,
2026-05-14,505.26,510.13,504.82,507.6,,,,
2026-05-15,503.73,505.84,501.35,502.61,,,,
2026-05-18,500.6,512.26,499.42,503.81,,,,
2026-05-19,503.42,503.42,494.46,495.83,,,,
2026-05-20,495.42,499.27,491.09,496.6,,,,
2026-05-21,493.26,501.19,490.6,496.63,,,,
2026-05-22,496.19,497.64,492.37,493.26,,,,
2026-05-26,493.93,497.62,492.88,497.52,,,,
2026-05-27,495.06,503.9,494.85,501.08,,,,
2026-05-28,500.93,502.98,497.59,501.66,,,,
2026-05-29,496.73,496.73,492.14,493.15,,,,
2026-06-01,489.47,490.66,485.12,485.3,,,,
2026-06-02,477.76,482.81,470.42,472.65,,,,
2026-06-03,472.24,477.57,469.64,471.82,,,,
2026-06-04,473.13,484.8,472.97,481.84,,,,
2026-06-05,477.29,481.37,470.07,473.88,,,,
2026-06-08,470.75,471.16,466.71,468.79,,,,
2026-06-09,472.87,476.74,463.61,469.51,,,,
2026-06-10,468.75,473.46,461.27,461.78,,,,
2026-06-11,460.95,464.4,451.96,463.35,,,,
2026-06-12,468.4,471.17,459.43,464.89,,,,
2026-06-15,473.21,480.15,473.17,476.14,,,,
2026-06-16,476.36,480.55,475.41,478.96,,,,
2026-06-17,474.07,475.48,463.31,464.67,,,,
2026-06-18,467.07,470.98,460.11,469.92,,,,
2026-06-22,460.05,461.28,446.02,451.94,,,,
2026-06-23,445.31,453.4,445.31,450.45,,,,
2026-06-24,452.49,456.16,445.52,447.72,,,,
2026-06-25,440.15,446.27,438.15,443.16,,,,
2026-06-26,441.86,449.11,438.5,440.67,,,,
2026-06-29,447.8,455.45,446.61,454.38,,,,
2026-06-30,454.01,455.7,449.07,454.4,,,,
2026-07-01,462.5,469.79,460.76,466.3,,,,
2026-07-02,465.55,467.61,456.71,462.41,,,,
2026-07-03,465.55,467.61,456.71,462.41,,,,
2026-07-06,465.44,471.19,459.61,470.01,,,,
2026-07-07,474.29,478.57,471.79,472.86,,,,
2026-07-08,472.49,473.02,462.89,466.23,,,,
2026-07-09,457.93,469.02,455.86,468.65,,,,
2026-07-13,472.33,475.49,467.81,468.37,,,,
2026-07-14,466.41,474.27,466.41,473.66,,,,
2026-07-15,473.51,489.61,473.13,486.82,,,,
2026-07-16,488.86,490.2,471.09,472.97,,,,
2026-07-17,462.22,463.73,457.51,461.73,,,,
2026-07-20,464.18,470.9,464.18,465.14,,,,
2026-07-21,465.18,465.18,461.05,461.18,,,,
2026-07-22,464.6,464.6,455.21,455.21,,,,
2026-07-23,435.82,437.58,429.15,431.53,,,,
2026-07-24,431.44,437.4,431.44,433.35,,,,
2026-07-27,440.33,444.85,439.35,439.68,,,,
2026-07-28,442.86,449.27,440.48,446.89,,,,
2026-07-29,447.86,455.15,444.1,447.79,,,,
2026-07-30,435.23,436.81,432,436.51,,,,
2026-07-31,442.15,458.06,442.15,456.61,,,,
2026-08-03,465.33,479.59,464.64,476.24,,,,
2026-08-04,470.3,481.31,470.3,478.92,,,,
2026-08-05,485.05,485.36,461.61,467.49,,,,
2026-08-07,466.27,469.37,462.9,464.07,,,,
2026-08-10,464.38,465.67,460.71,465.59,,,,
2026-08-11,464.44,464.82,455.37,455.73,,,,
2026-08-12,457.16,457.39,449.46,451.43,,,,
2026-08-13,454.67,458.98,453.65,458.47,,,,
2026-08-14,459.6,462.8,456.79,458.02,,,,
2026-08-17,458.06,458.14,449.9,451.3,,,,
2026-08-18,448.94,450.92,447.09,448.36,,,,
2026-08-19,447.56,453.57,445.62,450.71,,,,
2026-08-20,448.9,450.94,445.39,447.51,,,,
2026-08-21,448.83,453.18,447.22,451.38,,,,
2026-08-24,450.2,458.48,450.2,455.95,,,,
2026-08-25,457.69,458.82,455.35,458.06,,,,
2026-08-27,460.77,460.77,453.31,454.8,,,,
2026-08-28,452.41,454.61,449.69,451.4,,,,
2026-09-01,455.88,455.88,449.15,450.98,,,,
2026-09-02,447.63,456.66,447.63,453.81,,,,
