Date,Open,High,Low,Close,Volume,TradingValue,UpLimit,LowLimit
2009-01-16,370.98,380.71,367.26,375.24,,,,
2009-03-24,394.58,401.55,299.05,357.64,,,,
2009-03-25,357.64,364.65,349.99,359.42,,,,
2009-03-26,359.42,366.7,357.52,362.7,,,,
2009-03-27,362.7,362.7,350.67,352.98,,,,
2009-03-30,352.98,352.98,336,341.35,,,,
2009-03-31,341.35,346.9,338.85,339.68,,,,
2009-04-01,339.68,347.78,332.22,346.4,,,,
2009-04-02,346.4,363.57,346.4,358.31,,,,
2009-04-03,358.31,365.82,355.51,363.48,,,,
2009-04-06,363.48,363.48,352.02,357.4,,,,
2009-04-07,357.4,357.4,345.34,347.59,,,,
2009-04-08,347.59,354.03,341.45,351.32,,,,
2009-04-09,351.32,360.76,351.32,359.2,,,,
2009-04-13,359.2,359.2,348.12,354.65,,,,
2009-04-14,354.65,357.05,348.63,352.53,,,,
2009-04-15,352.53,354.56,348.41,353.5,,,,
2009-04-16,353.5,356.7,348,354.14,,,,
2009-04-17,354.14,358.49,352.52,356.07,,,,
2009-04-20,356.07,356.07,339.86,340.49,,,,
2009-04-21,340.49,348.01,337.27,347.78,,,,
2009-04-22,347.78,349.39,342.04,342.9,,,,
2009-04-23,342.9,349.27,342.28,349.13,,,,
2009-04-24,349.13,360.62,349.13,358.37,,,,
2009-04-27,358.37,358.37,348.34,351.96,,,,
2009-04-28,351.96,357.9,347.71,353.8,,,,
2009-04-29,353.8,366.27,353.8,363.59,,,,
2009-04-30,363.59,365.57,351.91,356.03,,,,
2009-05-01,356.03,368.65,355.37,366.87,,,,
2009-05-04,366.87,378.2,366.87,377.66,,,,
2009-05-05,377.66,377.67,368.19,372.69,,,,
2009-05-06,372.69,387.43,372.69,386.14,,,,
2009-05-07,386.14,393.7,377.58,382.19,,,,
2009-05-08,382.19,400.82,382.19,398.04,,,,
2009-05-11,398.04,398.04,382.76,385.47,,,,
2009-05-12,385.47,391.66,382.42,389.75,,,,
2009-05-13,389.75,389.75,376.1,378.27,,,,
2009-05-14,378.27,382.1,373.17,379.42,,,,
2009-05-15,379.42,379.46,368.27,370.96,,,,
2009-05-18,370.96,382.89,370.96,382.42,,,,
2009-05-19,382.42,387.19,381.11,383.76,,,,
2009-05-20,383.76,394.05,382.86,383.8,,,,
2009-05-21,383.8,383.8,369.89,372.87,,,,
2009-05-22,372.87,379.7,372.87,373.69,,,,
2009-05-26,373.69,381.89,367.17,381.57,,,,
2009-05-27,381.57,386.96,375.67,376.47,,,,
2009-05-28,376.47,390.75,376.01,387.77,,,,
2009-05-29,387.77,394.88,387.77,392.21,,,,
2009-06-01,392.21,409.21,392.21,407.52,,,,
2009-06-02,407.52,409.38,403.78,407.69,,,,
2009-06-03,407.69,407.69,389.25,394.07,,,,
2009-06-04,394.07,403.1,394.07,401.98,,,,
2009-06-05,401.98,405.94,394.91,399.3,,,,
2009-06-08,399.3,401.92,391.99,399.3,,,,
2009-06-09,399.3,405.03,398.58,402.69,,,,
2009-06-10,402.69,409.58,399.41,405.58,,,,
2009-06-11,405.58,418.29,405.58,412.75,,,,
2009-06-12,412.75,412.75,404.26,408.76,,,,
2009-06-15,408.76,408.76,394.93,399.34,,,,
2009-06-16,399.34,403.96,390.98,391.47,,,,
2009-06-17,391.47,391.47,381.88,386.01,,,,
2009-06-18,386.01,390.15,383.6,385.37,,,,
2009-06-19,385.37,388.53,379.07,382.06,,,,
2009-06-22,382.06,382.06,364.32,364.46,,,,
2009-06-23,364.46,369.68,362.18,367.22,,,,
2009-06-24,367.22,373.77,365.73,367.32,,,,
2009-06-25,367.32,376.46,366.31,375.49,,,,
2009-06-26,375.49,375.49,370.75,371.78,,,,
2009-06-29,371.78,379.08,371.78,376.73,,,,
2009-06-30,376.73,380.27,368.47,373.84,,,,
2009-07-01,373.84,381.94,373.84,374.67,,,,
2009-07-02,374.67,374.67,360.18,361.26,,,,
2009-07-06,361.26,361.26,348.61,357.08,,,,
2009-07-07,357.08,357.08,347.81,348.31,,,,
2009-07-08,348.31,351.97,342.24,347.88,,,,
2009-07-09,347.88,355.59,347.88,351.63,,,,
2009-07-10,351.63,351.63,343.46,347.64,,,,
2009-07-13,347.64,353.36,342.19,353.23,,,,
2009-07-14,353.23,358.48,353.12,357.59,,,,
2009-07-15,357.59,370.48,357.59,370.06,,,,
2009-07-16,370.06,375.36,365.81,373.69,,,,
2009-07-17,373.69,376.9,370.02,375.08,,,,
2009-07-20,375.08,382.36,375.02,381.22,,,,
2009-07-21,381.22,386.53,379.02,385.34,,,,
2009-07-22,385.34,385.44,379.51,381.39,,,,
2009-07-23,381.39,393.2,380.9,392.44,,,,
2009-07-24,392.44,396.5,389.49,396.19,,,,
2009-07-27,396.19,399.44,393.13,397.45,,,,
2009-07-28,397.45,397.45,385,391.31,,,,
2009-07-29,391.31,391.31,378.89,383.22,,,,
2009-07-30,383.22,390.72,382.41,387.36,,,,
2009-07-31,387.36,391.45,382.38,389.92,,,,
2009-08-03,389.92,401.16,389.92,398.78,,,,
2009-08-04,398.78,399.45,394.04,397.94,,,,
2009-08-05,397.94,397.94,391.87,393.8,,,,
2009-08-06,393.8,394.78,388.36,390.8,,,,
2009-08-07,390.8,395.32,389,390.51,,,,
2009-08-10,390.51,393.5,388.67,391.49,,,,
2009-08-11,391.49,391.49,383.92,384.94,,,,
2009-08-12,384.94,392.67,384.85,389.84,,,,
2009-08-13,389.84,393.12,387.2,392.69,,,,
2009-08-14,392.69,392.69,383.81,387.28,,,,
2009-08-17,387.28,387.28,373.16,375.29,,,,
2009-08-18,375.29,379.77,374.68,378.62,,,,
2009-08-19,378.62,388.11,374.54,385.82,,,,
2009-08-20,385.82,389.77,385.82,389.24,,,,
2009-08-21,389.24,400.4,389.24,399.68,,,,
2009-08-24,399.68,407.29,399.68,404.91,,,,
2009-08-25,404.91,408.09,398.12,399.42,,,,
2009-08-26,399.42,402.2,394.78,401.55,,,,
2009-08-27,401.55,401.55,392.19,400.05,,,,
2009-08-28,400.05,403.07,396.89,398.61,,,,
2009-08-31,398.61,398.61,389.49,391.31,,,,
2009-09-01,391.31,395.05,384.33,385.13,,,,
2009-09-02,385.13,387.77,383.07,383.23,,,,
2009-09-03,383.23,386.85,382.56,384.81,,,,
2009-09-04,384.81,391.13,384.16,390.64,,,,
2009-09-08,390.64,401.98,390.64,400.71,,,,
2009-09-09,400.71,404.72,398.54,401.19,,,,
2009-09-10,401.19,407.51,400.27,407.19,,,,
2009-09-11,407.19,412.57,404.59,407.32,,,,
2009-09-14,407.32,409.85,402.25,409.52,,,,
2009-09-15,409.52,413.37,407.75,412.43,,,,
2009-09-16,412.43,421.95,412.43,421.72,,,,
2009-09-17,421.72,424.17,417.32,419.09,,,,
2009-09-18,419.09,422.36,415.56,418.9,,,,
2009-09-21,418.9,418.9,410.51,415.11,,,,
2009-09-22,415.11,421.9,415.11,420.86,,,,
2009-09-23,420.86,421.9,412.35,412.84,,,,
2009-09-24,412.84,413.16,404.53,407.32,,,,
2009-09-25,407.32,411.89,404.35,406.91,,,,
2009-09-28,406.91,414.8,406.91,413.82,,,,
2009-09-29,413.82,414.8,409.24,411.47,,,,
2009-09-30,411.47,413.68,404.39,409.31,,,,
2009-10-01,409.31,409.31,397.63,397.97,,,,
2009-10-02,397.97,398.11,391.53,395.32,,,,
2009-10-05,395.32,405.22,394.73,404.04,,,,
2009-10-06,404.04,415.28,404.04,412.65,,,,
2009-10-07,412.65,415.35,409.39,415.21,,,,
2009-10-08,415.21,425.84,415.21,424.61,,,,
2009-10-09,424.61,426.14,421.78,425.14,,,,
2009-10-12,425.14,432.86,425.14,430.39,,,,
2009-10-13,430.39,431.41,424.57,430.5,,,,
2009-10-14,430.5,438.61,430.5,438.34,,,,
2009-10-15,438.34,446.98,435.85,446.93,,,,
2009-10-16,446.93,447.99,442.43,446.72,,,,
2009-10-19,446.72,453.36,445.56,452.23,,,,
2009-10-20,452.23,452.89,442.73,448.37,,,,
2009-10-21,448.37,457,444.78,447.34,,,,
2009-10-22,447.34,451.72,440.81,450.75,,,,
2009-10-23,450.75,452.09,438.46,441.69,,,,
2009-10-26,441.69,451.28,434.56,435.23,,,,
2009-10-27,435.23,443.74,435.23,439.85,,,,
2009-10-28,439.85,439.85,426.58,427.15,,,,
2009-10-29,427.15,437.53,425.47,437.49,,,,
2009-10-30,437.49,437.49,418.46,422.22,,,,
2009-11-02,422.22,430.55,417.72,424.18,,,,
2009-11-03,424.18,430.89,417.71,428.84,,,,
2009-11-04,428.84,435.5,427.06,428.29,,,,
2009-11-05,428.29,436.25,428.29,435.18,,,,
2009-11-06,435.18,437.64,430,434.26,,,,
2009-11-09,434.26,441.7,434.26,440.95,,,,
2009-11-10,440.95,443.37,437.48,441.12,,,,
2009-11-11,441.12,446.57,439.17,441.36,,,,
2009-11-12,441.36,441.36,430.68,432.36,,,,
2009-11-13,432.36,438.5,429.67,435.31,,,,
2009-11-16,435.35,448.21,435.35,445.97,,,,
2009-11-17,445.97,446.93,442.91,445.81,,,,
2009-11-18,445.81,447.54,441.61,444.59,,,,
2009-11-19,444.59,444.59,433.09,435.4,,,,
2009-11-20,435.4,435.4,428.9,431.55,,,,
2009-11-23,431.55,443.92,431.55,438.4,,,,
2009-11-24,438.4,440.66,432.89,440.27,,,,
2009-11-25,440.27,444.99,437.78,444.57,,,,
2009-11-27,444.57,444.57,430.29,433.84,,,,
2009-11-30,433.84,437.44,430.68,434.25,,,,
2009-12-01,434.25,442.92,434.25,440.51,,,,
2009-12-02,440.51,441.45,435.21,437.18,,,,
2009-12-03,437.17,437.91,430.33,430.92,,,,
2009-12-04,430.92,439.54,424.81,427.47,,,,
2009-12-07,427.47,430.6,425.26,426.16,,,,
2009-12-08,426.16,426.16,416.67,418.75,,,,
2009-12-09,418.75,422.56,414.17,419.29,,,,
2009-12-10,419.29,424.76,419.29,422.97,,,,
2009-12-11,422.98,425.58,420.71,423.35,,,,
2009-12-14,423.35,427.78,420.61,424.07,,,,
2009-12-15,424.07,427.19,422.92,424.43,,,,
2009-12-16,424.43,431.11,424.43,426.43,,,,
2009-12-17,426.43,426.8,422.27,423.43,,,,
2009-12-18,423.43,428.19,422.39,424.6,,,,
2009-12-21,425.04,430.57,425.04,429.14,,,,
2009-12-22,429.14,432.57,429.14,431.06,,,,
2009-12-23,431.06,434.37,431.04,433.11,,,,
2009-12-24,433.11,435.79,433.11,435.2,,,,
2009-12-28,435.23,438.32,434.7,436.43,,,,
2009-12-29,436.53,438.06,432.95,433.48,,,,
2009-12-30,433.42,433.85,431.01,433.67,,,,
2009-12-31,433.67,435.17,429.77,429.95,,,,
2010-01-04,429.95,442.1,429.95,442.08,,,,
2010-01-05,442.08,445.69,440.68,445.6,,,,
2010-01-06,445.6,451.17,444.49,450.2,,,,
2010-01-07,450.18,450.18,445.14,449.2,,,,
2010-01-08,449.18,451.47,446.21,451.47,,,,
2010-01-11,451.5,455.52,448.55,451.99,,,,
2010-01-12,451.99,451.99,443.73,445.74,,,,
2010-01-13,445.74,448.49,440.21,447.49,,,,
2010-01-14,447.48,448.89,445.36,448.26,,,,
2010-01-15,448.26,448.37,441.75,444.78,,,,
2010-01-19,444.77,448.84,442.52,448.58,,,,
2010-01-20,448.58,448.58,438.07,440.79,,,,
2010-01-21,440.77,442.21,431.17,432,,,,
2010-01-22,432,432.88,422.05,422.56,,,,
2010-01-25,422.56,429.08,422.56,425.17,,,,
2010-01-26,425.17,429.52,420.46,423.12,,,,
2010-01-27,423.12,424.98,415.11,420.67,,,,
2010-01-28,420.73,424.21,411.82,416.41,,,,
2010-01-29,416.41,423.28,408.11,410.57,,,,
2010-02-01,410.59,423.09,410.59,422.67,,,,
2010-02-02,422.71,429.16,421.76,428.65,,,,
2010-02-03,428.65,430.51,424.12,425.41,,,,
2010-02-04,425.45,425.45,408.34,408.83,,,,
2010-02-05,408.83,409.87,397.63,408.35,,,,
2010-02-08,408.35,412.75,404.49,404.65,,,,
2010-02-09,404.65,417.09,404.65,412.73,,,,
2010-02-10,412.57,412.71,404.81,410.57,,,,
2010-02-11,410.44,417.52,407.97,417.06,,,,
2010-02-12,417.04,417.04,408.89,414.74,,,,
2010-02-16,414.74,426.61,414.74,425.77,,,,
2010-02-17,425.77,427.2,422.07,424.3,,,,
2010-02-18,424.27,427.23,421.59,426.43,,,,
2010-02-19,426.43,428.84,423.01,427.13,,,,
2010-02-22,427.13,427.15,420.71,421.51,,,,
2010-02-23,421.51,421.51,413.74,415.17,,,,
2010-02-24,415.17,419.5,414.55,418.37,,,,
2010-02-25,418.37,418.37,409.36,417.62,,,,
2010-02-26,417.62,419.91,415.38,418.27,,,,
2010-03-01,418.27,422.99,418.27,422.25,,,,
2010-03-02,422.25,427.96,422.25,425.58,,,,
2010-03-03,425.58,429.93,425.58,426.39,,,,
2010-03-04,426.42,428.02,422.76,424.77,,,,
2010-03-05,424.77,432.8,424.77,432.46,,,,
2010-03-08,432.46,434.25,429.91,431.77,,,,
2010-03-09,429.75,434.4,429.75,432.04,,,,
2010-03-10,432.04,435.76,430.53,434.77,,,,
2010-03-11,434.77,435.19,432.67,434.7,,,,
2010-03-12,434.7,436.56,432.61,434.42,,,,
2010-03-15,434.42,434.42,426.27,430.27,,,,
2010-03-16,430.32,434.33,429.28,433.96,,,,
2010-03-17,433.96,441.29,433.96,438.74,,,,
2010-03-18,438.67,439.38,431.17,433.63,,,,
2010-03-19,433.63,434.78,425.47,429.54,,,,
2010-03-22,429.54,429.81,422.71,428.2,,,,
2010-03-23,428.2,429.77,426.26,429.62,,,,
2010-03-24,429.62,430.32,425.97,426.79,,,,
2010-03-25,426.79,430.29,420.15,420.45,,,,
2010-03-26,420.5,423.5,418.57,421.22,,,,
2010-03-29,421.22,429.22,421.22,428.62,,,,
2010-03-30,428.62,429.6,426.56,428.63,,,,
2010-03-31,428.63,432.02,427.45,430.31,,,,
2010-04-01,430.31,437.95,430.31,437.34,,,,
2010-04-05,437.34,445.13,437.34,444.53,,,,
2010-04-06,444.53,445.9,442.44,444.59,,,,
2010-04-07,444.59,444.59,438.05,440.15,,,,
2010-04-08,440.14,443.89,435.68,442.81,,,,
2010-04-09,442.81,448.16,442.81,447.72,,,,
2010-04-12,447.72,451.31,447.13,449.05,,,,
2010-04-13,449.05,449.26,442.91,446.97,,,,
2010-04-14,446.97,451.26,445.83,451.18,,,,
2010-04-15,451.18,452.33,449.28,451.14,,,,
2010-04-16,451.14,451.14,442.01,444.25,,,,
2010-04-19,444.25,445.42,439.76,445.05,,,,
2010-04-20,445.05,454.9,445.05,453.57,,,,
2010-04-21,453.57,456.13,449.68,452.82,,,,
2010-04-22,452.8,453.19,446.24,452.51,,,,
2010-04-23,452.51,463.02,452.5,462.89,,,,
2010-04-26,462.89,464.76,461.22,461.89,,,,
2010-04-27,461.89,462.72,448.22,449.04,,,,
2010-04-28,449.04,455.08,448.33,453.88,,,,
2010-04-29,453.88,459.48,452.36,454.39,,,,
2010-04-30,454.39,455.72,447.32,449.37,,,,
2010-05-03,449.37,457.22,446.39,453.62,,,,
2010-05-04,453.62,453.62,437.66,441.82,,,,
2010-05-05,441.82,441.82,432.47,435.3,,,,
2010-05-06,435.3,436.07,396.21,420.46,,,,
2010-05-07,420.46,425.01,409.54,414.04,,,,
2010-05-10,414.04,432.17,414.04,430.41,,,,
2010-05-11,430.41,433.26,425.85,427.01,,,,
2010-05-12,427.01,433.5,427.01,432.43,,,,
2010-05-13,432.43,434.61,427.73,429.09,,,,
2010-05-14,429.09,429.09,415.15,420.64,,,,
2010-05-17,420.64,422.4,408.64,416.64,,,,
2010-05-18,416.64,425.27,411.68,413.59,,,,
2010-05-19,413.59,414.51,403.57,409.48,,,,
2010-05-20,409.48,409.48,391.1,391.33,,,,
2010-05-21,391.33,398.35,384.46,398.03,,,,
2010-05-24,398.03,398.03,389.03,389.39,,,,
2010-05-25,389.39,389.65,377.29,389.15,,,,
2010-05-26,389.15,396.72,387.11,388.1,,,,
2010-05-27,388.1,404.62,388.1,404.39,,,,
2010-05-28,404.39,404.39,394.21,396.31,,,,
2010-06-01,396.31,396.31,379.34,379.47,,,,
2010-06-02,379.47,395.72,379.47,395.72,,,,
2010-06-03,395.72,400.71,391.1,400.02,,,,
2010-06-04,400.02,400.02,383.69,386.22,,,,
2010-06-07,386.22,391.79,382.77,383.16,,,,
2010-06-08,383.16,391.33,381.18,390.36,,,,
2010-06-09,390.36,398.76,383.86,385.37,,,,
2010-06-10,385.37,404.74,385.37,404.29,,,,
2010-06-11,404.29,406.11,400.01,406.05,,,,
2010-06-14,406.05,413.34,403.67,403.99,,,,
2010-06-15,403.99,415.24,403.99,414.93,,,,
2010-06-16,414.93,416.73,410.32,414.32,,,,
2010-06-17,414.32,415.27,410.26,414.53,,,,
2010-06-18,414.53,417.79,412,417.09,,,,
2010-06-21,417.09,425.11,413.5,416.11,,,,
2010-06-22,416.11,416.26,404.02,404.86,,,,
2010-06-23,404.86,404.86,399.26,400.96,,,,
2010-06-24,400.96,401.2,391.53,392.71,,,,
2010-06-25,392.71,396.44,388.66,392.5,,,,
2010-06-28,392.5,393.8,387.44,387.47,,,,
2010-06-29,387.47,387.47,373.46,375.65,,,,
2010-06-30,375.65,380.5,372.66,373.36,,,,
2010-07-01,373.36,375.99,365.72,371.82,,,,
2010-07-02,371.82,375.14,367.84,371.08,,,,
2010-07-06,371.08,380.26,370.86,375.03,,,,
2010-07-07,375.03,387.17,374.88,387.15,,,,
2010-07-08,387.15,392.79,385.75,392.22,,,,
2010-07-09,392.22,394.44,390.28,393.94,,,,
2010-07-12,393.94,395.5,389.79,393.4,,,,
2010-07-13,393.4,400.41,393.4,398.15,,,,
2010-07-14,398.15,399.27,393.67,397.13,,,,
2010-07-15,397.13,398.56,390.95,397.27,,,,
2010-07-16,397.27,397.27,385.43,386.77,,,,
2010-07-19,386.77,392.58,386.77,390.53,,,,
2010-07-20,390.51,398.6,385.56,397.97,,,,
2010-07-21,397.97,400.03,389.17,392.6,,,,
2010-07-22,392.6,404.12,392.6,401.21,,,,
2010-07-23,401.21,402.43,395.6,402.3,,,,
2010-07-27,406.57,407.98,401.78,405.07,,,,
2010-07-28,405.07,406.9,403.39,404.51,,,,
2010-07-29,404.51,410.38,400.91,404.16,,,,
2010-07-30,404.16,405.08,399.31,403.14,,,,
2010-08-02,403.14,418.4,403.14,417.48,,,,
2010-08-03,417.48,420.16,414.47,418.28,,,,
2010-08-04,418.28,421.2,416.7,420.44,,,,
2010-08-05,420.44,420.84,415.78,420.81,,,,
2010-08-06,420.81,420.81,410.44,415.95,,,,
2010-08-09,415.95,419.29,415.95,418.33,,,,
2010-08-10,418.33,418.33,411.06,415.02,,,,
2010-08-11,415.02,415.02,401.69,402.8,,,,
2010-08-12,402.8,403.54,397.93,400.82,,,,
2010-08-13,400.82,403.29,398.99,399.46,,,,
2010-08-16,399.46,400.54,395.37,399.74,,,,
2010-08-17,399.74,407.64,399.74,405.59,,,,
2010-08-18,405.59,405.59,398.14,401.23,,,,
2010-08-19,401.23,401.23,392.97,395.2,,,,
2010-08-20,395.2,395.2,387.76,390.41,,,,
2010-08-23,390.41,394.73,390.41,391.19,,,,
2010-08-24,391.19,391.19,384.71,385.57,,,,
2010-08-25,385.57,385.79,379.1,384.56,,,,
2010-08-26,384.56,387.95,379.44,380.6,,,,
2010-08-27,380.6,391.61,378.37,391.05,,,,
2010-08-30,391.05,391.51,384.92,385.01,,,,
2010-08-31,385.01,386.71,381.36,384.14,,,,
2010-09-01,384.14,398.79,384.14,398.13,,,,
2010-09-02,398.13,401.61,396.37,401.61,,,,
2010-09-03,401.61,406.57,401.61,405.43,,,,
2010-09-07,405.43,405.43,398.32,399.02,,,,
2010-09-08,399.02,404.21,399.02,402.41,,,,
2010-09-09,402.41,407.66,402.3,403.26,,,,
2010-09-10,403.26,407.94,403.26,407.17,,,,
2010-09-13,407.17,410.38,407.03,409.45,,,,
2010-09-14,409.45,411.53,407.09,408.36,,,,
2010-09-15,408.36,408.36,403.83,407.6,,,,
2010-09-16,407.6,407.6,403.75,406.09,,,,
2010-09-17,406.09,408.16,403.47,404.25,,,,
2010-09-20,404.25,412.52,404.25,411.3,,,,
2010-09-21,411.3,413.52,408.15,410.89,,,,
2010-09-22,410.89,414.98,408.41,408.81,,,,
2010-09-23,408.81,409.15,404.14,405.65,,,,
2010-09-24,405.65,416.08,405.65,414.52,,,,
2010-09-27,414.52,416.39,412.71,412.71,,,,
2010-09-28,412.71,417.05,409.24,415.9,,,,
2010-09-29,415.9,420.68,414.17,418.86,,,,
2010-09-30,418.86,423.95,415.62,419.27,,,,
2010-10-01,419.27,425.66,419.27,424.76,,,,
2010-10-04,424.76,425.43,417.22,420.12,,,,
2010-10-05,420.12,430.88,420.12,429.87,,,,
2010-10-07,433.31,435.04,428.72,431.7,,,,
2010-10-08,431.7,437.67,430.45,436.62,,,,
2010-10-11,436.62,439.27,435.82,437.18,,,,
2010-10-12,437.29,438.66,431.33,436.78,,,,
2010-10-13,436.78,443.63,436.57,441.52,,,,
2010-10-14,441.52,443.91,438,441.28,,,,
2010-10-15,441.28,443.83,438.01,442.47,,,,
2010-10-18,442.47,447.42,440.12,446.05,,,,
2010-10-19,446.05,446.05,431.94,435.4,,,,
2010-10-20,435.4,443.68,435.4,441.47,,,,
2010-10-21,441.47,445.8,436.62,440.86,,,,
2010-10-22,440.86,445.27,440.86,444.07,,,,
2010-10-25,444.07,450.47,444.07,444.49,,,,
2010-10-26,444.49,446.3,442.67,445.65,,,,
2010-10-27,445.65,445.65,437.16,442.96,,,,
2010-10-28,442.96,446.86,441.21,442.83,,,,
2010-10-29,442.84,443.17,439.59,442.59,,,,
2010-11-01,442.59,449.28,441.67,443.87,,,,
2010-11-02,443.87,450.62,443.87,448.8,,,,
2010-11-03,448.8,450.19,443.48,449.68,,,,
2010-11-04,449.68,463.44,449.68,462.95,,,,
2010-11-05,462.95,465.27,461.75,465.12,,,,
2010-11-08,465.12,467.1,462.69,466.69,,,,
2010-11-09,466.69,471.25,462.95,465.24,,,,
2010-11-10,465.24,471.34,462.41,471.34,,,,
2010-11-11,471.34,476.28,469.57,476.06,,,,
2010-11-12,476.06,476.06,465.82,469.56,,,,
2010-11-15,469.56,472.42,467.29,467.38,,,,
2010-11-16,467.38,467.38,454.39,457.61,,,,
2010-11-17,457.61,462.06,455.5,459.43,,,,
2010-11-18,459.43,470.19,459.43,469.29,,,,
2010-11-19,469.29,472.42,464.15,472.25,,,,
2010-11-22,472.25,472.25,461.65,470.43,,,,
2010-11-23,470.43,470.43,457.57,461.55,,,,
2010-11-24,461.55,469.98,461.55,469.6,,,,
2010-11-25,469.6,469.6,469.6,469.6,,,,
2010-11-26,469.6,469.6,462.92,464.2,,,,
2010-11-29,464.2,467.66,457.51,466.6,,,,
2010-11-30,466.6,468.66,459.82,465.21,,,,
2010-12-01,465.21,480.03,465.21,478.75,,,,
2010-12-02,478.75,485.52,478.75,485.07,,,,
2010-12-03,485.07,487.73,483.42,487.24,,,,
2010-12-06,487.24,489.85,486.36,488.53,,,,
2010-12-07,488.53,495.22,486.6,487.32,,,,
2010-12-08,487.32,490.34,483.02,485.77,,,,
2010-12-09,485.77,488.97,483.08,487.2,,,,
2010-12-10,487.2,489.24,486.16,488.94,,,,
2010-12-13,488.94,496.65,488.94,492.8,,,,
2010-12-14,492.8,494.74,489.65,491.25,,,,
2010-12-15,491.25,492.45,487.49,488.01,,,,
2010-12-16,488.01,491.46,485.34,491.46,,,,
2010-12-17,491.46,491.93,488.94,490.75,,,,
2010-12-20,490.75,495.53,490.34,494.22,,,,
2010-12-21,494.22,499.32,494.22,498.52,,,,
2010-12-22,498.52,500.79,498.52,500.52,,,,
2010-12-23,500.52,502.37,499.81,501.98,,,,
2010-12-27,501.98,501.98,498.67,500.16,,,,
2010-12-28,500.16,503.08,499.83,502.36,,,,
2010-12-29,502.36,508.08,502.36,506.38,,,,
2010-12-30,506.38,509.05,505.25,506.96,,,,
2010-12-31,506.96,509.27,505.45,506.75,,,,
2011-01-03,506.75,514.43,506.75,511.54,,,,
2011-01-04,511.54,513.44,503.72,508.41,,,,
2011-01-05,508.41,510.34,503.65,509.48,,,,
2011-01-06,509.48,510.96,503.76,505.8,,,,
2011-01-07,505.8,510.43,504.74,509.1,,,,
2011-01-10,509.1,509.1,503.54,507.03,,,,
2011-01-11,507.03,515.12,507.03,514.98,,,,
2011-01-12,514.98,521.71,514.98,521.14,,,,
2011-01-13,521.14,522.99,518.04,520.08,,,,
2011-01-14,520.08,526.24,517.4,526.08,,,,
2011-01-18,526.08,530.03,524.63,529.68,,,,
2011-01-19,529.68,530.65,523.4,524.29,,,,
2011-01-20,524.29,524.29,513.87,520.64,,,,
2011-01-21,520.64,526.99,520.64,524.23,,,,
2011-01-24,524.23,526.56,521.66,525.41,,,,
2011-01-25,525.41,525.41,518.61,523.93,,,,
2011-01-26,523.93,536.69,523.93,535.34,,,,
2011-01-27,535.34,536.18,530.17,532.94,,,,
2011-01-28,532.94,534.38,528.93,530.31,,,,
2011-01-31,530.31,544.06,530.31,543.84,,,,
2011-02-01,543.84,554.76,543.84,554.13,,,,
2011-02-02,554.13,557.08,550.8,553.92,,,,
2011-02-03,553.92,554.56,547.21,554.2,,,,
2011-02-04,554.2,555.33,549.76,552.51,,,,
2011-02-07,552.51,559.41,552.51,555.71,,,,
2011-02-08,555.71,555.71,548.75,552.71,,,,
2011-02-09,552.71,552.71,542.36,546.25,,,,
2011-02-10,546.25,552.12,542.74,551.28,,,,
2011-02-11,551.28,554.66,547.69,551.07,,,,
2011-02-14,551.07,563.37,550.4,562.7,,,,
2011-02-15,562.7,562.7,554.06,556.37,,,,
2011-02-16,556.37,563.85,556.37,563.38,,,,
2011-02-17,563.38,568.98,561.87,568,,,,
2011-02-18,568,572.1,565.8,571.28,,,,
2011-02-22,571.28,579.98,564.53,567.51,,,,
2011-02-23,567.51,582.51,567.51,578.55,,,,
2011-02-24,578.55,580.57,567.38,570.46,,,,
2011-02-25,570.46,577.68,570.36,577.37,,,,
2011-02-28,577.37,582.98,576.46,580.67,,,,
2011-03-01,580.67,585.08,571.48,571.79,,,,
2011-03-02,571.79,575.63,566.05,574.65,,,,
2011-03-03,574.65,584.32,574.65,583.52,,,,
2011-03-04,583.52,584.16,575.58,579.78,,,,
2011-03-07,579.78,586.53,573.87,575.54,,,,
2011-03-08,575.54,576.32,566.7,571.9,,,,
2011-03-09,571.9,573.29,566.18,568.3,,,,
2011-03-10,568.3,568.3,546.32,547.64,,,,
2011-03-11,547.64,560.44,542.16,556.57,,,,
2011-03-14,556.57,560.28,550.62,558.89,,,,
2011-03-15,558.89,558.89,540.45,554.36,,,,
2011-03-16,554.36,559.22,538.99,544.21,,,,
2011-03-17,544.21,563.09,544.21,560.82,,,,
2011-03-18,560.82,568.79,557.7,558.63,,,,
2011-03-21,558.63,574.9,558.63,574.87,,,,
2011-03-22,574.87,576.62,571.77,573.3,,,,
2011-03-23,573.3,576.52,569.9,574.63,,,,
2011-03-24,574.63,577.73,571.78,576.11,,,,
2011-03-25,576.11,583.13,575.64,581.42,,,,
2011-03-28,581.42,586.48,579.37,580.69,,,,
2011-03-29,580.69,588.02,577.79,586.67,,,,
2011-03-30,586.67,593.8,586.66,591.34,,,,
2011-03-31,591.34,597.88,589.17,589.31,,,,
2011-04-01,589.31,595.36,589.31,591.66,,,,
2011-04-04,591.66,594.41,590.55,591.55,,,,
2011-04-05,591.55,596.52,590.29,593.57,,,,
2011-04-06,593.57,597.33,586.04,587.97,,,,
2011-04-07,587.97,590.77,583.69,589.13,,,,
2011-04-08,589.13,594.87,588.08,591.18,,,,
2011-04-11,591.18,592.41,578.45,580.27,,,,
2011-04-12,580.27,580.27,559.64,562.93,,,,
2011-04-13,562.93,568.98,560.42,564.47,,,,
2011-04-14,564.47,569.83,559.64,567.88,,,,
2011-04-15,567.88,573.92,565.82,573.06,,,,
2011-04-18,573.06,573.06,558.66,564.35,,,,
2011-04-19,564.35,571.39,563.99,570.5,,,,
2011-04-20,570.5,583.27,570.5,582.98,,,,
2011-04-21,582.98,587.04,582.44,586.74,,,,
2011-04-25,586.74,586.77,580.13,583.39,,,,
2011-04-26,583.39,590.52,583.16,590.11,,,,
2011-04-27,590.11,591.36,580.5,590.04,,,,
2011-04-28,590.04,590.12,584.11,589.1,,,,
2011-04-29,589.1,598.09,588.87,598.02,,,,
2011-05-02,598.02,599.69,586.73,590.2,,,,
2011-05-03,590.2,590.2,571.42,576.31,,,,
2011-05-04,576.31,576.31,561.92,567.25,,,,
2011-05-05,567.25,567.25,548.49,554.44,,,,
2011-05-06,554.44,568.7,551.21,556.46,,,,
2011-05-09,556.46,568.32,556.46,565.4,,,,
2011-05-10,565.4,570.48,561.31,568.06,,,,
2011-05-11,568.06,568.06,547.61,551.34,,,,
2011-05-12,551.34,554.81,540.79,550.99,,,,
2011-05-13,550.99,555.51,543.53,548.64,,,,
2011-05-16,548.64,554.2,542.91,544.23,,,,
2011-05-17,544.23,546.11,537.25,543.36,,,,
2011-05-18,543.36,557.96,543.36,554.08,,,,
2011-05-19,554.08,558.73,549.94,554.77,,,,
2011-05-20,554.77,557.8,547.14,553.32,,,,
2011-05-23,553.32,553.32,542.09,545.14,,,,
2011-05-24,545.14,557.92,545.14,552.44,,,,
2011-05-25,552.44,563.34,549.98,560.47,,,,
2011-05-26,560.47,564.62,556.27,563.45,,,,
2011-05-27,563.45,570.04,562.03,564.6,,,,
2011-05-31,564.6,573.93,564.5,570.47,,,,
2011-06-01,570.47,571.11,555.94,557.31,,,,
2011-06-02,557.31,560.99,550.69,556.32,,,,
2011-06-03,556.32,561.5,547.9,556.49,,,,
2011-06-06,556.49,557.19,543.91,545.22,,,,
2011-06-07,545.22,551.93,544.32,544.54,,,,
2011-06-08,544.54,553.03,544.54,546.84,,,,
2011-06-09,546.84,556.72,546.84,553.6,,,,
2011-06-10,553.6,553.6,542.58,543.2,,,,
2011-06-13,543.2,547.7,531.19,535.78,,,,
2011-06-14,535.78,549.18,535.78,546.43,,,,
2011-06-15,546.43,546.43,531.45,534.24,,,,
2011-06-16,534.24,539.78,530.62,535.64,,,,
2011-06-17,535.64,540.84,531.29,534.25,,,,
2011-06-20,534.25,537.51,530.71,536.24,,,,
2011-06-21,536.24,548.62,536.24,546.03,,,,
2011-06-22,546.03,550.7,542.33,543.68,,,,
2011-06-23,543.68,543.68,524.47,537.4,,,,
2011-06-24,537.4,538.14,526.92,527.05,,,,
2011-06-27,527.05,533.86,524.91,530.8,,,,
2011-06-28,530.8,545.4,530.8,545.13,,,,
2011-06-29,545.13,554.6,544.5,551.14,,,,
2011-06-30,551.14,559.78,551.14,559.46,,,,
2011-07-01,559.46,565.27,553.82,564.86,,,,
2011-07-05,564.86,569.74,563.54,567.43,,,,
2011-07-06,567.43,567.43,561.87,566.42,,,,
2011-07-07,566.42,575.55,566.42,574.11,,,,
2011-07-08,574.11,574.11,564.82,570.15,,,,
2011-07-11,570.15,570.15,556.25,558.5,,,,
2011-07-12,558.5,564.33,556.36,556.77,,,,
2011-07-13,556.77,568.35,556.77,560.58,,,,
2011-07-14,560.58,568.02,557.17,557.8,,,,
2011-07-15,557.8,571.1,557.8,570.84,,,,
2011-07-18,570.84,570.84,564.59,568.3,,,,
2011-07-19,568.3,578.32,568.3,577.87,,,,
2011-07-20,577.87,579.11,575.43,575.99,,,,
2011-07-21,575.99,588.21,575.99,587.34,,,,
2011-07-22,587.34,590.79,584.53,590.09,,,,
2011-07-25,590.09,591.24,582.87,587.27,,,,
2011-07-26,587.27,589.5,582.78,584.29,,,,
2011-07-27,584.29,584.29,572.51,573.62,,,,
2011-07-28,573.62,576.36,568.8,569.6,,,,
2011-07-29,569.6,569.6,561.29,563.02,,,,
2011-08-01,563.02,571.65,557.28,562.54,,,,
2011-08-02,562.54,564.39,547.38,547.49,,,,
2011-08-03,547.49,547.96,532.85,544.4,,,,
2011-08-04,544.4,544.4,506.06,507.44,,,,
2011-08-05,507.44,518.19,486.94,506.81,,,,
2011-08-08,506.81,506.81,463.73,464.88,,,,
2011-08-09,464.88,486.51,454.52,486.39,,,,
2011-08-10,486.39,486.68,465.9,468,,,,
2011-08-11,468,498.75,468,492.2,,,,
2011-08-15,495.53,512.55,495.53,512.34,,,,
2011-08-16,512.34,512.34,498.6,503.65,,,,
2011-08-17,503.65,514.15,502.54,505.96,,,,
2011-08-18,505.96,505.96,472.52,477.22,,,,
2011-08-19,477.22,485.07,468.01,469.33,,,,
2011-08-22,469.33,481.01,464.83,466.75,,,,
2011-08-23,466.75,488.13,466.75,488.13,,,,
2011-08-24,488.13,490.81,480.63,490.24,,,,
2011-08-25,490.24,495.17,476.86,479.27,,,,
2011-08-26,479.27,489.86,469.2,487.62,,,,
2011-08-29,487.62,501.84,487.62,501.57,,,,
2011-08-30,501.57,506.52,493.68,503.21,,,,
2011-08-31,503.21,513.03,502.05,506.52,,,,
2011-09-01,506.52,513.51,501.82,502.12,,,,
2011-09-02,502.12,502.12,485.46,489.4,,,,
2011-09-06,489.4,489.4,470.72,483.84,,,,
2011-09-07,483.84,501.5,483.84,501.5,,,,
2011-09-08,501.5,505.74,492.89,495.38,,,,
2011-09-09,495.38,495.38,476.34,479.28,,,,
2011-09-12,479.28,481.9,468.6,481.82,,,,
2011-09-13,481.82,485.97,475.05,483.01,,,,
2011-09-14,483.01,496.15,477.06,489.21,,,,
2011-09-15,489.21,499.08,489.21,499,,,,
2011-09-16,499,502.38,492.63,498.61,,,,
2011-09-19,498.61,498.61,482.07,491.32,,,,
2011-09-20,491.32,498.87,487.92,488.29,,,,
2011-09-21,488.29,488.67,468.49,468.86,,,,
2011-09-22,468.86,468.86,436.49,444.02,,,,
2011-09-23,444.02,446.59,437.23,440.57,,,,
2011-09-26,440.57,456.94,436.45,456.24,,,,
2011-09-27,456.24,474.14,456.24,463.12,,,,
2011-09-28,463.12,467.76,448.5,449.2,,,,
2011-09-29,449.2,460.88,446.2,455.47,,,,
2011-09-30,455.47,455.47,442.76,442.79,,,,
2011-10-03,442.79,442.79,428.23,428.25,,,,
2011-10-04,428.25,442.72,412.66,441.75,,,,
2011-10-05,441.75,457.33,439.27,456.5,,,,
2011-10-06,456.5,464.25,450.45,463.77,,,,
2011-10-07,463.77,467,454.3,458.1,,,,
2011-10-10,458.1,478.54,458.1,478.54,,,,
2011-10-11,478.54,482.98,475.38,478.77,,,,
2011-10-12,478.77,488.73,478.77,482.46,,,,
2011-10-13,482.46,482.69,472.51,480.97,,,,
2011-10-14,480.97,498.31,480.97,498.17,,,,
2011-10-17,498.17,499.71,488.66,489.74,,,,
2011-10-18,489.74,507.71,484.53,504.5,,,,
2011-10-19,504.5,509.26,497.46,499.85,,,,
2011-10-20,499.85,505.35,493.97,503.17,,,,
2011-10-21,503.17,513.94,503.17,512.36,,,,
2011-10-24,512.36,519.34,512.28,518.25,,,,
2011-10-25,518.25,518.25,505.73,507.86,,,,
2011-10-26,507.86,520.55,505.27,519.27,,,,
2011-10-27,519.27,543.85,519.27,539.32,,,,
2011-10-28,539.32,543.49,532.92,541.85,,,,
2011-10-31,541.85,541.85,517.85,517.85,,,,
2011-11-01,517.85,517.85,496.15,501.74,,,,
2011-11-02,501.74,517.12,501.74,516.05,,,,
2011-11-03,516.05,530,516.05,528.9,,,,
2011-11-04,528.9,529.27,519.2,528.15,,,,
2011-11-07,528.15,534.49,522.5,531.96,,,,
2011-11-08,531.96,539.81,528.41,539.15,,,,
2011-11-09,539.15,539.15,515.04,516.19,,,,
2011-11-10,516.19,528.38,515.56,525.26,,,,
2011-11-11,525.25,536.9,525.25,534.89,,,,
2011-11-14,534.89,534.89,524.08,528.4,,,,
2011-11-15,528.4,532.23,524.24,527.6,,,,
2011-11-16,527.6,532.11,518.63,519.55,,,,
2011-11-17,519.55,522.22,504.22,508.53,,,,
2011-11-18,508.53,514.11,503.07,506.09,,,,
2011-11-21,506.09,506.09,490.78,497.56,,,,
2011-11-22,497.56,499.54,490.01,492.81,,,,
2011-11-23,492.81,492.81,478.52,478.52,,,,
2011-11-25,478.52,482.85,474.51,474.51,,,,
2011-11-28,474.51,495.47,474.51,491.48,,,,
2011-11-29,491.48,503.27,491.48,498.99,,,,
2011-11-30,498.99,526.94,498.99,526.41,,,,
2011-12-01,526.41,528.54,519.9,522.76,,,,
2011-12-02,522.76,529.37,521.7,522.32,,,,
2011-12-05,522.32,534.6,522.32,528.47,,,,
2011-12-06,528.47,533.37,525.28,528.85,,,,
2011-12-07,528.85,529.29,521.22,525.03,,,,
2011-12-08,525.03,525.03,509.93,511.58,,,,
2011-12-09,511.58,524.79,511.58,522.91,,,,
2011-12-12,522.91,522.91,504.35,510.61,,,,
2011-12-13,510.61,521.46,504.83,507.98,,,,
2011-12-14,507.98,507.98,492.09,494.18,,,,
2011-12-15,494.18,501.07,491.55,493.02,,,,
2011-12-16,493.02,500.12,492.73,497.4,,,,
2011-12-19,497.4,498,488.16,489.2,,,,
2011-12-20,489.2,509.32,489.2,508.52,,,,
2011-12-21,508.52,515.48,506.26,514.42,,,,
2011-12-22,514.42,521.43,514.42,520.29,,,,
2011-12-23,520.29,524.48,520.04,524.47,,,,
2011-12-27,524.47,527.54,523.69,525.49,,,,
2011-12-28,525.49,526.63,515.29,515.62,,,,
2011-12-29,515.62,521.94,515.62,521.62,,,,
2011-12-30,521.62,523.24,520.47,520.81,,,,
2012-01-03,520.81,536.89,520.81,534.38,,,,
2012-01-04,534.38,535.97,529.43,535.16,,,,
2012-01-05,535.16,535.16,526.65,531.91,,,,
2012-01-06,531.91,533.08,528.37,529.04,,,,
2012-01-09,529.04,532.65,528.92,532.06,,,,
2012-01-10,532.06,539.99,532.06,535.89,,,,
2012-01-11,535.89,535.89,527.12,528.84,,,,
2012-01-12,528.84,529.11,522.2,524.36,,,,
2012-01-13,524.36,524.36,516.94,522.47,,,,
2012-01-17,522.47,529.45,522.47,526.3,,,,
2012-01-18,526.3,534.25,522.95,534.25,,,,
2012-01-19,534.25,537.89,533.61,536.43,,,,
2012-01-20,536.43,538.19,533.02,537,,,,
2012-01-23,537,541.9,537,540.54,,,,
2012-01-24,540.54,540.54,534.3,539.1,,,,
2012-01-25,539.1,545.81,531.8,544.78,,,,
2012-01-26,544.78,547.83,535.85,537.56,,,,
2012-01-27,537.56,537.76,533.91,535.34,,,,
2012-01-30,535.34,535.34,525.93,533.06,,,,
2012-01-31,533.06,535.74,526.23,528.53,,,,
2012-02-01,528.53,534.77,528.53,530.95,,,,
2012-02-02,530.95,535.47,529.19,533.51,,,,
2012-02-03,533.51,543.61,533.51,543.29,,,,
2012-02-06,543.29,549.43,539.56,549.34,,,,
2012-02-07,549.34,552.97,543,552.03,,,,
2012-02-08,552.03,553.17,545.8,549.01,,,,
2012-02-09,549.01,551.34,545.21,548.72,,,,
2012-02-10,548.72,548.72,540.07,542.98,,,,
2012-02-13,542.98,548.3,542.98,547.41,,,,
2012-02-14,547.41,549.27,543.94,548.53,,,,
2012-02-15,548.53,550.43,545.04,546.77,,,,
2012-02-16,546.77,554.34,544.66,553.53,,,,
2012-02-17,553.53,557.39,552.01,555.03,,,,
2012-02-21,555.03,562.15,555.03,559.62,,,,
2012-02-22,559.62,564.18,559.51,560.74,,,,
2012-02-23,560.74,564,557.58,563.49,,,,
2012-02-24,563.49,567.28,563.49,565.66,,,,
2012-02-27,565.66,566.96,560.3,563.98,,,,
2012-02-28,563.98,566.47,560.42,563.14,,,,
2012-02-29,563.14,566.23,556,557.36,,,,
2012-03-01,557.36,563.42,557.36,562.47,,,,
2012-03-02,562.47,562.47,554.32,556.19,,,,
2012-03-05,556.19,556.19,548.76,554.41,,,,
2012-03-06,554.41,554.41,542.15,545.37,,,,
2012-03-07,545.37,550.37,543.4,548.83,,,,
2012-03-08,548.83,553.36,548.38,551.56,,,,
2012-03-09,551.56,555.57,549.81,550.8,,,,
2012-03-12,550.8,550.87,546.99,549.18,,,,
2012-03-13,549.18,556.45,547.17,556.16,,,,
2012-03-14,556.16,557.06,549.29,550.59,,,,
2012-03-15,550.59,553.26,547.39,551.31,,,,
2012-03-16,551.31,559.57,551.31,557.69,,,,
2012-03-19,557.69,562.68,556.57,560.98,,,,
2012-03-20,560.98,560.98,552.32,552.97,,,,
2012-03-21,552.97,552.97,546.1,547.21,,,,
2012-03-22,547.21,547.21,533.73,535.84,,,,
2012-03-23,535.84,542.76,534.46,541.01,,,,
2012-03-26,541.01,546.39,541.01,545.95,,,,
2012-03-27,545.95,547,540.64,540.83,,,,
2012-03-28,540.83,540.83,530.22,534.19,,,,
2012-03-29,534.19,534.94,526.76,534.42,,,,
2012-03-30,534.42,539.53,533.58,538.43,,,,
2012-04-02,538.43,547.11,535.59,543.41,,,,
2012-04-03,543.41,543.41,532.95,538.06,,,,
2012-04-04,538.06,538.06,528.71,531.52,,,,
2012-04-05,531.52,535.2,527.91,528.72,,,,
2012-04-09,528.72,528.72,520.38,521.99,,,,
2012-04-10,521.99,521.99,510.89,511.89,,,,
2012-04-11,511.89,518.75,511.37,512,,,,
2012-04-12,512,523.38,512,522.64,,,,
2012-04-13,522.64,522.64,514.06,514.39,,,,
2012-04-16,514.39,518.61,511.1,513.04,,,,
2012-04-17,513.04,523.78,513.04,522.04,,,,
2012-04-18,522.04,523.65,519.35,521.01,,,,
2012-04-19,521.01,524.13,517.77,519.53,,,,
2012-04-20,519.53,525.9,518.77,519.06,,,,
2012-04-23,519.06,519.77,510.02,518.5,,,,
2012-04-24,518.5,523.3,518.48,522.32,,,,
2012-04-25,522.32,526.94,521.89,526.88,,,,
2012-04-26,526.88,531.34,522.95,530.77,,,,
2012-04-27,530.77,532.7,528.6,530.49,,,,
2012-04-30,530.49,533.45,528.84,533.15,,,,
2012-05-01,533.15,544.25,533.15,540.68,,,,
2012-05-02,540.68,540.68,530.78,532,,,,
2012-05-03,532,532.01,522.61,524.11,,,,
2012-05-04,524.11,524.11,510.79,512.76,,,,
2012-05-07,512.76,514.32,506.93,511.65,,,,
2012-05-08,511.65,511.65,499.85,509.77,,,,
2012-05-09,509.77,509.93,500.22,506.16,,,,
2012-05-10,506.16,512.86,506.16,508.03,,,,
2012-05-11,508.03,511.33,503.73,504.42,,,,
2012-05-14,504.42,504.42,495.47,496.59,,,,
2012-05-15,496.59,498.57,487.93,489.22,,,,
2012-05-16,489.22,497.17,486.9,486.95,,,,
2012-05-17,486.95,490.69,483.41,483.63,,,,
2012-05-18,483.63,489.13,478.69,480.27,,,,
2012-05-21,480.27,490.55,480.27,490.45,,,,
2012-05-22,490.45,496.98,486.03,488.87,,,,
2012-05-23,488.87,490.99,478.55,490.77,,,,
2012-05-24,490.77,492.43,485.18,490.48,,,,
2012-05-25,490.48,492.68,487.31,488.9,,,,
2012-05-29,488.9,498.73,488.9,495.38,,,,
2012-05-30,495.38,495.38,479.37,480.65,,,,
2012-05-31,480.65,481.65,469.41,476.51,,,,
2012-06-01,476.51,476.51,465.57,466.44,,,,
2012-06-04,466.44,468.94,459.94,466.27,,,,
2012-06-05,466.27,471.83,464.98,469.09,,,,
2012-06-06,469.09,483.84,469.09,483.84,,,,
2012-06-07,483.84,493.34,483.26,484.71,,,,
2012-06-08,484.71,485.2,477.33,484.73,,,,
2012-06-11,484.73,490.78,478.37,479.07,,,,
2012-06-12,479.07,486.63,479.07,485.27,,,,
2012-06-13,485.27,487.51,477.88,479.96,,,,
2012-06-14,479.96,489.49,479.52,487.97,,,,
2012-06-15,487.97,497.03,487.97,496.71,,,,
2012-06-18,496.71,496.71,489.72,492.54,,,,
2012-06-19,492.54,501.72,492.54,499.52,,,,
2012-06-20,499.52,502.73,493.53,498,,,,
2012-06-21,498,498.37,477.63,478.12,,,,
2012-06-22,478.12,483.08,476.45,480.17,,,,
2012-06-25,480.17,480.17,467,471.13,,,,
2012-06-26,471.13,478.21,469.07,476.38,,,,
2012-06-27,476.38,486.74,476.38,485.34,,,,
2012-06-28,485.34,488.99,480.21,488.25,,,,
2012-06-29,488.25,503.37,488.25,503.27,,,,
2012-07-02,503.27,504.76,498.03,503.13,,,,
2012-07-03,503.13,514.04,503.13,514.04,,,,
2012-07-05,514.04,514.04,506.01,506.99,,,,
2012-07-06,506.99,506.99,497.74,501.52,,,,
2012-07-09,501.26,501.26,495.34,498.67,,,,
2012-07-10,498.97,502.73,489.44,491.77,,,,
2012-07-11,492.12,500.33,492.12,498.59,,,,
2012-07-12,498.51,499.12,491.42,496.49,,,,
2012-07-13,496.93,505.54,496.93,505.18,,,,
2012-07-16,504.88,508.61,501.02,506.67,,,,
2012-07-17,507.16,512.87,501.46,512.57,,,,
2012-07-18,511.94,517.15,509.86,516.82,,,,
2012-07-19,517,518.78,514.58,517.78,,,,
2012-07-20,517.19,518.49,514.12,518.11,,,,
2012-07-23,518.11,518.11,505.17,513.11,,,,
2012-07-24,513.08,513.55,499.44,505.94,,,,
2012-07-25,506.23,509.54,502.57,506.64,,,,
2012-07-26,506.89,521.17,506.89,520.18,,,,
2012-07-27,520.51,529.99,518.68,528.23,,,,
2012-07-30,528.1,531.04,526.13,529.55,,,,
2012-07-31,529.22,530.17,523.6,523.7,,,,
2012-08-01,524.05,528.81,520.94,526.23,,,,
2012-08-02,525.96,525.96,513.36,517.51,,,,
2012-08-03,517.57,532.28,517.57,529.72,,,,
2012-08-06,529.97,533.25,529.97,530.48,,,,
2012-08-07,531.5,539.66,531.5,537.5,,,,
2012-08-08,537.29,539.79,535.19,538.4,,,,
2012-08-09,537.26,542.46,535.55,540.36,,,,
2012-08-10,539.87,542.38,533.96,542.1,,,,
2012-08-13,541.95,541.95,537.11,539.38,,,,
2012-08-14,539.56,542.32,537.19,538.87,,,,
2012-08-15,538.73,539.18,536.09,537.29,,,,
2012-08-16,537.53,543.06,537.33,542.49,,,,
2012-08-17,542.49,543.15,540.07,541.32,,,,
2012-08-20,541,541.33,538.14,539.98,,,,
2012-08-21,540.31,544.46,537,538.01,,,,
2012-08-22,537.57,540.27,534.59,539.45,,,,
2012-08-23,539.33,539.8,533.23,534.14,,,,
2012-08-24,533.86,538.71,530.79,537.64,,,,
2012-08-27,537.72,540.66,535.78,537,,,,
2012-08-28,536.85,539.64,535.79,537.93,,,,
2012-08-29,537.97,537.97,534.21,534.82,,,,
2012-08-30,534.5,534.5,527.96,529.06,,,,
2012-08-31,529.76,536.53,529.76,533.54,,,,
2012-09-04,533.51,533.68,526.07,529.83,,,,
2012-09-05,529.87,531.18,527.22,528.26,,,,
2012-09-06,528.6,542.01,528.6,538.87,,,,
2012-09-07,539.02,547.67,539.02,547.66,,,,
2012-09-10,547.6,549.76,544.92,545.2,,,,
2012-09-11,545.35,551.46,545.35,550.17,,,,
2012-09-12,550.41,553.84,550.41,552.33,,,,
2012-09-13,552.41,564.94,550.34,562.54,,,,
2012-09-14,562.72,574.55,562.72,569.9,,,,
2012-09-17,569.69,571.16,563.94,565.44,,,,
2012-09-18,565.19,565.19,558.41,561.37,,,,
2012-09-19,561.5,561.5,556.12,556.12,,,,
2012-09-20,556,559.61,550.22,558.53,,,,
2012-09-21,558.53,562.57,558.53,559.57,,,,
2012-09-24,559.4,559.4,555.05,556.66,,,,
2012-09-25,556.92,559.28,551.39,551.69,,,,
2012-09-26,551.53,551.53,545.59,546.8,,,,
2012-09-27,547.11,555.09,547.11,553.93,,,,
2012-09-28,553.69,553.69,548.08,551.19,,,,
2012-10-01,551.56,558.75,551.56,554.18,,,,
2012-10-02,554.73,556.6,551.28,554.42,,,,
2012-10-03,553.93,553.93,545.89,548.24,,,,
2012-10-04,548.78,554.81,548.78,553.75,,,,
2012-10-05,554.61,557.47,551.19,552.93,,,,
2012-10-08,552.44,554.56,549.54,553.7,,,,
2012-10-09,553.95,558.74,553.75,553.75,,,,
2012-10-10,553.1,553.1,542.8,543.84,,,,
2012-10-11,545.37,551.54,545.37,547.08,,,,
2012-10-12,547.18,547.92,540.98,544.24,,,,
2012-10-15,543.95,547.9,540.01,547.04,,,,
2012-10-16,547.48,556.14,547.48,555.46,,,,
2012-10-17,555.85,562.38,555.49,562.02,,,,
2012-10-18,561.09,563.4,559.79,562.19,,,,
2012-10-19,562.23,562.73,551.82,553.76,,,,
2012-10-22,553.32,555.03,545.48,551.38,,,,
2012-10-23,551.26,551.26,535.41,538.35,,,,
2012-10-24,538.82,541.8,534.04,534.98,,,,
2012-10-25,535.37,540.55,534.01,539.93,,,,
2012-10-26,540,543.36,537.78,540.44,,,,
2012-10-31,540.92,544.25,536.12,539.94,,,,
2012-11-01,540.08,543.47,537.72,543.14,,,,
2012-11-02,543.04,545.64,532.24,533.87,,,,
2012-11-05,533.72,538.64,532.66,537.74,,,,
2012-11-06,538.9,547.9,538.9,546.16,,,,
2012-11-07,543.66,543.66,526.66,529.44,,,,
2012-11-08,529.43,531.39,520.7,520.71,,,,
2012-11-09,520.27,526.2,517.79,520.82,,,,
2012-11-12,521.18,522.95,519.6,521.54,,,,
2012-11-13,519.51,525.73,517.05,518.57,,,,
2012-11-14,518.67,520.48,511.02,511.96,,,,
2012-11-15,512,516.76,509.17,512.49,,,,
2012-11-16,512.5,515.21,506.16,514.35,,,,
2012-11-19,516.01,526.34,516.01,525.8,,,,
2012-11-20,525.33,526.16,522.68,523.29,,,,
2012-11-21,524.01,526.79,523.29,526.61,,,,
2012-11-23,527.05,533.6,527.05,533.58,,,,
2012-11-26,532.56,532.56,525.55,529.21,,,,
2012-11-27,528.94,529.6,523.58,524.2,,,,
2012-11-28,523.85,530.12,518.21,529.88,,,,
2012-11-29,530.6,534.42,528.65,530.38,,,,
2012-11-30,530.29,532.56,528.1,530.21,,,,
2012-12-03,530.57,533.87,526.22,526.97,,,,
2012-12-04,526.71,529.32,524.88,524.95,,,,
2012-12-05,525.27,531.54,525.24,528.62,,,,
2012-12-06,528.36,530.29,526.56,530.23,,,,
2012-12-07,530.86,533.8,529.51,533.69,,,,
2012-12-10,533.75,535.47,532.08,533.16,,,,
2012-12-11,533.52,538.28,533.52,536.09,,,,
2012-12-12,536.64,543.17,536.51,538.22,,,,
2012-12-13,538.03,538.03,531.29,533.45,,,,
2012-12-14,533.11,533.11,528.99,531.05,,,,
2012-12-17,531.48,536,531.48,535.74,,,,
2012-12-18,535.76,545.8,534.89,544.76,,,,
2012-12-19,544.99,545.84,540.41,540.42,,,,
2012-12-20,541.07,544.35,539.54,544.35,,,,
2012-12-21,544.35,544.35,535.07,538.03,,,,
2012-12-24,537.7,537.7,533.5,534.15,,,,
2012-12-26,534.87,537.24,531.23,532.16,,,,
2012-12-27,532.21,533.01,524.98,531.43,,,,
2012-12-28,530.89,530.89,521.66,522.03,,,,
2012-12-31,521.83,533.16,520.07,532.96,,,,
2013-01-02,533.41,545.44,533.41,545.39,,,,
2013-01-03,545.13,549.05,542.29,544.85,,,,
2013-01-04,545.05,551.1,545.05,550.56,,,,
2013-01-07,550.55,550.55,544.02,546.06,,,,
2013-01-08,545.59,545.59,541.43,545.19,,,,
2013-01-09,545.34,547.06,542.22,544.08,,,,
2013-01-10,544.62,550.14,544.62,549.24,,,,
2013-01-11,549.16,550.6,547.94,550.46,,,,
2013-01-14,550.59,551.56,548.66,550.41,,,,
2013-01-15,549.93,552.63,548.32,552.49,,,,
2013-01-16,552.37,554.41,550.7,554.2,,,,
2013-01-17,555.47,561.53,555.47,558.03,,,,
2013-01-18,558.05,563.07,557.27,563.07,,,,
2013-01-22,563.07,568.06,560.78,567.98,,,,
2013-01-23,567.95,568.02,564.21,565.89,,,,
2013-01-24,565.91,572,565.91,568.31,,,,
2013-01-25,568.34,573.98,568.34,573.26,,,,
2013-01-28,573.31,573.31,568.84,571.38,,,,
2013-01-29,571.31,580.97,571.31,580.33,,,,
2013-01-30,579.65,583.48,575.83,576.47,,,,
2013-01-31,576.21,576.55,572.89,573.41,,,,
2013-02-01,573.65,579.19,572.28,578.72,,,,
2013-02-04,578.36,578.36,572.66,573.23,,,,
2013-02-05,573.73,579.12,573.73,577.41,,,,
2013-02-06,576.88,577.61,572.68,577.57,,,,
2013-02-07,577.58,577.58,570.66,574.53,,,,
2013-02-08,574.83,579.27,574.83,579.27,,,,
2013-02-11,579.17,579.17,575.55,576.04,,,,
2013-02-12,576.49,578.65,574.35,577.85,,,,
2013-02-13,578.03,579.12,577.01,579.07,,,,
2013-02-14,578.4,583.52,575.69,582.1,,,,
2013-02-15,582.15,582.3,572.95,575.96,,,,
2013-02-19,576.43,582.96,576.43,582.61,,,,
2013-02-20,582.51,582.51,571.66,572.03,,,,
2013-02-21,571.43,571.45,564.91,568.2,,,,
2013-02-22,568.51,573.68,567.22,573.57,,,,
2013-02-25,574.19,579.28,559.15,559.15,,,,
2013-02-26,559.66,566.08,556.55,564.35,,,,
2013-02-27,564.09,574.1,563.65,572.96,,,,
2013-02-28,572.77,576.71,571.44,573.39,,,,
2013-03-01,572.81,573.36,567.41,572.13,,,,
2013-03-04,571.99,571.99,565.63,570.75,,,,
2013-03-05,571.28,576.77,571.28,574.87,,,,
2013-03-06,575.16,577.2,572.83,575.16,,,,
2013-03-07,575.46,577.46,573.7,576.61,,,,
2013-03-08,578.08,580.05,575.56,579.21,,,,
2013-03-11,578.78,580.58,575.2,579.42,,,,
2013-03-12,579.75,583.34,578.93,580.15,,,,
2013-03-13,579.85,580.85,577.76,579.07,,,,
2013-03-14,579.5,587.17,579.5,586.61,,,,
2013-03-15,586.43,587.75,583.43,585.73,,,,
2013-03-18,585.6,585.6,578.92,580.57,,,,
2013-03-19,580.97,581.8,570.52,575.11,,,,
2013-03-20,575.7,580,575.25,578.44,,,,
2013-03-21,577.63,579.66,575.07,575.41,,,,
2013-03-22,576.01,581.03,576.01,580.13,,,,
2013-03-25,580.76,584.54,575.73,577.93,,,,
2013-03-26,579.01,584.56,579.01,584.09,,,,
2013-03-27,583.58,586.64,579.57,585.81,,,,
2013-03-28,585.72,587.92,583.59,583.98,,,,
2013-04-01,584.01,586.05,580.15,583.88,,,,
2013-04-02,583.82,585.11,579.35,581.14,,,,
2013-04-03,581.19,581.67,570.02,571.78,,,,
2013-04-04,571.67,574.03,567.46,571.12,,,,
2013-04-05,568.41,571.41,563.07,571.16,,,,
2013-04-08,571.37,574.06,569.21,574,,,,
2013-04-09,574.38,580.54,572.76,578.31,,,,
2013-04-10,578.84,583.16,578.27,581.22,,,,
2013-04-11,582.11,585.7,579.92,583.87,,,,
2013-04-12,583.32,583.32,572.69,576.11,,,,
2013-04-15,575.72,575.72,553.66,553.79,,,,
2013-04-16,554.68,560.51,552.97,559.74,,,,
2013-04-17,559.27,559.27,544.56,548.87,,,,
2013-04-18,549.38,555.95,545.52,552.73,,,,
2013-04-19,553.36,557.93,549.37,552.56,,,,
2013-04-22,553.24,560.09,550.97,558.32,,,,
2013-04-23,558.62,565.1,558.05,564.69,,,,
2013-04-24,565.6,573.69,565.6,571.3,,,,
2013-04-25,571.69,576.96,568.36,570.45,,,,
2013-04-26,570.35,571.62,566.56,570.34,,,,
2013-04-29,571.08,578.01,571.08,575.94,,,,
2013-04-30,575.74,578.84,571.65,578.84,,,,
2013-05-01,578.54,578.54,569.01,569.36,,,,
2013-05-02,569.91,577.85,569.7,576.68,,,,
2013-05-03,577.33,588.05,577.33,587.07,,,,
2013-05-06,587.26,592.29,587.19,590.35,,,,
2013-05-07,590.81,596.15,590.44,594.33,,,,
2013-05-08,594.08,596.03,592.26,595.6,,,,
2013-05-09,595.42,596.64,591.29,593.95,,,,
2013-05-10,593.48,593.48,586.6,591.2,,,,
2013-05-13,590.33,591.06,587.55,591.06,,,,
2013-05-14,591.11,598.82,591.11,598.67,,,,
2013-05-15,598.23,598.23,591.65,596.44,,,,
2013-05-16,595.49,597.74,592.2,593.27,,,,
2013-05-17,593.54,602.76,593.54,598.01,,,,
2013-05-20,602.5,611.38,602.24,610.38,,,,
2013-05-21,610.53,614.51,608.18,610.14,,,,
2013-05-22,610.03,614.69,599.98,602.63,,,,
2013-05-23,602.1,602.68,593.95,601.43,,,,
2013-05-24,599.65,599.65,594.58,599.35,,,,
2013-05-28,599.79,610.15,599.79,605.39,,,,
2013-05-29,604.74,605.99,600.16,604.25,,,,
2013-05-30,604.01,606.08,599.53,602.87,,,,
2013-05-31,602.12,602.58,590.86,590.86,,,,
2013-06-03,591.38,596.83,590.8,596.79,,,,
2013-06-04,596.21,597.16,588.16,592.09,,,,
2013-06-05,591.63,592.48,585.09,585.45,,,,
2013-06-06,585.4,589.28,580.64,589.28,,,,
2013-06-07,589.96,596.71,589.78,596.22,,,,
2013-06-10,597.22,598.53,593.09,594.6,,,,
2013-06-11,594.14,594.14,585.62,586.23,,,,
2013-06-12,586.72,592.05,580.96,581.85,,,,
2013-06-13,581.71,593.49,581.42,591.98,,,,
2013-06-14,592.18,592.59,585.34,586.24,,,,
2013-06-17,587.28,595.32,587.28,593.84,,,,
2013-06-18,593.89,598.62,593.53,597.23,,,,
2013-06-19,597.34,599.93,591.24,591.24,,,,
2013-06-20,591,591,573.43,575.13,,,,
2013-06-21,575.13,580.47,570.48,576.99,,,,
2013-06-24,576.57,576.57,562.11,568.18,,,,
2013-06-25,569.99,576.57,569.99,574.49,,,,
2013-06-26,574.78,579.81,573.46,578.5,,,,
2013-06-27,579.46,584.7,579.46,579.78,,,,
2013-06-28,579.38,582.08,576.05,578.54,,,,
2013-07-01,579.61,586.48,579.61,581.76,,,,
2013-07-02,581.76,587.57,580.29,583.06,,,,
2013-07-03,582.47,583.75,578.35,583.21,,,,
2013-07-05,583.97,590.05,581.93,589.59,,,,
2013-07-08,590.83,596.94,590.83,593.72,,,,
2013-07-09,594.66,600.35,594.66,600.05,,,,
2013-07-10,600.42,601.56,595.55,596.56,,,,
2013-07-11,596.8,603.27,596.8,602.11,,,,
2013-07-12,601.86,604.5,599.94,604.48,,,,
2013-07-15,604.22,605.42,602.86,604.05,,,,
2013-07-16,604.27,605.32,597.18,600.67,,,,
2013-07-17,601.41,604.92,601.41,603.36,,,,
2013-07-18,603.72,610.65,603.72,609.03,,,,
2013-07-19,609.46,617.34,609.1,617.28,,,,
2013-07-22,617.21,618.17,615.42,615.76,,,,
2013-07-23,616.35,618.84,616.26,616.96,,,,
2013-07-24,617.1,617.28,607.99,611.06,,,,
2013-07-25,610.64,615.09,608.76,614.24,,,,
2013-07-26,613.77,613.77,607.55,612.55,,,,
2013-07-29,611.45,611.45,605.24,607.37,,,,
2013-07-30,607.85,608.94,602.76,605.65,,,,
2013-07-31,606.23,611.85,606.23,607.46,,,,
2013-08-01,607.94,614.72,607.58,614.56,,,,
2013-08-02,612.98,612.98,607.37,610.96,,,,
2013-08-05,610.48,610.48,606.32,609.26,,,,
2013-08-06,608.89,610.7,604.83,606.25,,,,
2013-08-07,605.68,606.14,602.13,604.15,,,,
2013-08-08,604.86,608.53,602.72,607.54,,,,
2013-08-09,607.4,607.54,601.55,604.56,,,,
2013-08-12,603.16,603.64,599.92,601.33,,,,
2013-08-13,601.51,603.92,599.08,602.34,,,,
2013-08-14,602.25,603.36,599.5,599.92,,,,
2013-08-15,598.89,598.89,593.77,595.94,,,,
2013-08-16,595.62,595.78,591.18,593.49,,,,
2013-08-19,592.88,592.88,583.93,584.37,,,,
2013-08-20,584.6,590.39,584.01,587.04,,,,
2013-08-21,586.51,588.97,583.08,583.87,,,,
2013-08-22,584.56,593.76,584.56,591.73,,,,
2013-08-23,592.08,596.82,590.22,596.12,,,,
2013-08-26,596.65,599.34,593.53,594.64,,,,
2013-08-27,593.97,595.29,590.85,591.05,,,,
2013-08-28,592.1,603.34,592.1,601.53,,,,
2013-08-29,600.25,600.25,594.12,594.99,,,,
2013-08-30,595.11,597.51,593,594.84,,,,
2013-09-03,597.07,601.62,595.44,598.33,,,,
2013-09-04,598.01,603.34,596.37,601.48,,,,
2013-09-05,601.92,605.45,601.92,602.98,,,,
2013-09-06,603.51,607.19,598.87,603.11,,,,
2013-09-09,603.59,610,603.59,609.27,,,,
2013-09-10,609.26,609.5,604.47,609.37,,,,
2013-09-11,609.95,613.98,607.34,613.98,,,,
2013-09-12,613.84,614.14,609.93,610.33,,,,
2013-09-13,610.54,613.13,609.61,610.62,,,,
2013-09-16,611.64,614.66,609.91,610.72,,,,
2013-09-17,610.87,615.22,610.87,613.31,,,,
2013-09-18,613.43,623.03,611.59,620.75,,,,
2013-09-19,621.05,623.08,618.37,619.42,,,,
2013-09-20,619.4,621.31,613.66,614.58,,,,
2013-09-23,613.77,614.69,610.45,611.53,,,,
2013-09-24,611.12,616.17,609.92,611.76,,,,
2013-09-25,612.65,614.7,611.38,611.45,,,,
2013-09-26,611.84,613.66,609.45,611.83,,,,
2013-09-27,611.24,611.24,607.9,609.94,,,,
2013-09-30,609.56,609.56,601.77,604.86,,,,
2013-10-01,604.57,609.7,603.8,608.14,,,,
2013-10-02,607.46,610.19,602.81,609.72,,,,
2013-10-03,609.31,609.31,601.8,604.6,,,,
2013-10-04,604.77,611.23,603.1,609.76,,,,
2013-10-07,608.76,608.98,603.43,605.45,,,,
2013-10-08,605.36,606.58,599.19,599.32,,,,
2013-10-09,599.27,600.05,593.83,597.37,,,,
2013-10-10,597.5,607.65,597.5,607.65,,,,
2013-10-11,607.06,615.18,604.74,613.92,,,,
2013-10-14,613.21,618.41,609.39,617.74,,,,
2013-10-15,616.95,619.17,613.52,615.08,,,,
2013-10-16,615.79,624.96,615.79,623.49,,,,
2013-10-17,623.14,624.84,621.21,624.83,,,,
2013-10-18,624.92,630.28,624.92,630.27,,,,
2013-10-21,630.44,632.21,626.48,627.86,,,,
2013-10-22,628.14,634.73,628.14,632.11,,,,
2013-10-23,631.7,631.7,621.72,623.6,,,,
2013-10-24,623.85,628.28,621.62,627.24,,,,
2013-10-25,627.57,631.44,626.31,629.82,,,,
2013-10-28,629.98,632.01,627.33,630.71,,,,
2013-10-29,631.15,634.93,631.15,634.86,,,,
2013-10-30,634.9,637.06,626.83,630.89,,,,
2013-10-31,631.92,635.66,628.25,629.49,,,,
2013-11-01,629.7,630.02,620.67,627.55,,,,
2013-11-04,628.5,636.44,628.5,635.79,,,,
2013-11-05,635.16,635.16,630.56,630.9,,,,
2013-11-06,631.49,637.59,631.49,634.64,,,,
2013-11-07,634.93,635.85,623.56,625.19,,,,
2013-11-08,625.3,634.2,625.04,634.08,,,,
2013-11-11,634.08,636.83,633.36,635.12,,,,
2013-11-12,634.56,634.84,627.92,629.63,,,,
2013-11-13,628.3,633.83,626.68,633.7,,,,
2013-11-14,633.77,637.5,633.03,637.11,,,,
2013-11-15,637.14,641.59,636.6,641.56,,,,
2013-11-18,643.54,644.03,635.84,637.59,,,,
2013-11-19,637.43,640.66,633.94,638.71,,,,
2013-11-20,639.22,642.88,635.19,636.82,,,,
2013-11-21,637.23,643.33,637.23,642.13,,,,
2013-11-22,642.45,645.83,639.21,645.71,,,,
2013-11-25,645.61,645.61,638.42,640.37,,,,
2013-11-26,639.8,641.98,636.12,638.17,,,,
2013-11-27,637.61,639,630.8,633.67,,,,
2013-11-29,633.78,638.04,631.64,632.66,,,,
2013-12-02,632.44,637.1,629.81,632.96,,,,
2013-12-03,632.45,636.06,630.24,635.05,,,,
2013-12-04,634.8,635.76,628.06,632.34,,,,
2013-12-05,631.95,632.8,628.76,629.61,,,,
2013-12-06,630.15,635.46,630.15,632.93,,,,
2013-12-09,632.94,635.85,631.56,633.49,,,,
2013-12-10,633.76,634.9,630.9,631.75,,,,
2013-12-11,631.55,631.58,621.59,622.73,,,,
2013-12-12,623.02,628.44,621.4,625.69,,,,
2013-12-13,625.14,625.14,620.68,623.3,,,,
2013-12-16,623.53,631.99,623.53,629.28,,,,
2013-12-17,629.21,629.25,623.55,625.48,,,,
2013-12-18,625.58,636.63,623.04,635.81,,,,
2013-12-19,635.53,637.7,632.83,637.23,,,,
2013-12-20,637.27,640.26,636.77,638.04,,,,
2013-12-23,638.66,642.61,637.82,638.26,,,,
2013-12-24,638.47,642.75,638.47,642.32,,,,
2013-12-26,642.85,648.37,642.85,647.83,,,,
2013-12-27,648.01,651.78,648.01,650.97,,,,
2013-12-30,651.46,652.08,645.77,645.77,,,,
2013-12-31,646.51,652.46,645.77,651.67,,,,
2014-01-02,651.23,651.23,640.87,643.16,,,,
2014-01-03,643.89,646.27,639.91,641.53,,,,
2014-01-06,642.07,644.17,638.9,641.93,,,,
2014-01-07,642.2,647.82,640.99,647.66,,,,
2014-01-08,647.53,647.53,640.78,643.24,,,,
2014-01-09,643.83,644,636.09,640.88,,,,
2014-01-10,641.17,642.03,637.23,641.83,,,,
2014-01-13,641.51,641.51,628.79,629.63,,,,
2014-01-14,630.37,636.6,630.37,636.5,,,,
2014-01-15,636.8,637.07,633.75,634.47,,,,
2014-01-16,634.4,635,630.38,634.96,,,,
2014-01-17,634.96,640.4,633.5,634.62,,,,
2014-01-21,633.8,639.63,633.34,637.84,,,,
2014-01-22,638.49,641.06,636.84,639.89,,,,
2014-01-23,638.96,638.96,629.58,632.71,,,,
2014-01-24,631.74,631.74,619.65,619.65,,,,
2014-01-27,619.57,622.13,614.31,617.54,,,,
2014-01-28,617.74,623.1,617.58,622.35,,,,
2014-01-29,621.06,622.91,614.09,618.66,,,,
2014-01-30,619.01,622.44,615.79,619.63,,,,
2014-01-31,619.03,619.03,608.08,610.44,,,,
2014-02-03,610.56,612.14,598.48,599.58,,,,
2014-02-04,599.98,605.69,599.98,603.98,,,,
2014-02-05,603.66,603.66,597.91,598.77,,,,
2014-02-06,599.39,607.57,599.39,606.57,,,,
2014-02-07,607.27,613.64,606.5,613.21,,,,
2014-02-10,612.98,612.98,607.46,609.35,,,,
2014-02-11,609.55,619.61,609.55,618.04,,,,
2014-02-12,618.52,620.25,615.29,615.76,,,,
2014-02-13,614.77,619.57,610.92,618.12,,,,
2014-02-14,618.39,628.46,618.34,627.11,,,,
2014-02-18,627.36,630.43,626.22,629.11,,,,
2014-02-20,628.95,635.54,628.89,634.22,,,,
2014-02-21,634.24,634.35,629.76,629.81,,,,
2014-02-24,630.66,644.58,630.66,639.36,,,,
2014-02-25,639.17,640.75,634.61,639.27,,,,
2014-02-26,639.37,640.62,633.6,635.36,,,,
2014-02-27,635.22,636.57,631.6,635.29,,,,
2014-02-28,635.48,641.16,635.05,638.36,,,,
2014-03-03,637.94,641.04,631.91,634.51,,,,
2014-03-04,635.16,643.07,635.16,640.96,,,,
2014-03-05,640.8,641.02,632.58,634.07,,,,
2014-03-06,634.36,638.19,633.88,637.61,,,,
2014-03-07,638.12,641.08,637.27,640.16,,,,
2014-03-10,639.92,641.71,636.09,641.48,,,,
2014-03-11,641.32,642.07,632.21,633.99,,,,
2014-03-12,633.05,635.94,629.66,634.28,,,,
2014-03-13,634.47,635.23,626.24,628.11,,,,
2014-03-14,628,631.07,627.35,628.98,,,,
2014-03-17,629.42,633.93,629.42,633.01,,,,
2014-03-18,633.33,639.7,633.1,637.94,,,,
2014-03-19,637.74,638.29,628.79,632.13,,,,
2014-03-20,631.72,636.12,627.72,635.32,,,,
2014-03-21,635.32,641.95,635.32,636.96,,,,
2014-03-24,637.29,641.62,635.31,636.21,,,,
2014-03-25,636.89,642.43,636.89,641.55,,,,
2014-03-26,642.13,645.75,638.94,639.49,,,,
2014-03-27,639.68,646.21,637.99,645,,,,
2014-03-28,645.6,654.15,645.6,652.98,,,,
2014-03-31,653.73,656.93,651.39,652.9,,,,
2014-04-01,653.21,656.4,653.1,656.38,,,,
2014-04-02,656.23,659.33,654.77,658.47,,,,
2014-04-03,658.84,664.51,658.5,662.19,,,,
2014-04-04,663.25,667.52,658.61,659.5,,,,
2014-04-07,658.98,658.98,649.94,649.98,,,,
2014-04-08,650.23,657.2,650.23,655.87,,,,
2014-04-09,656.31,659.32,652.59,659.03,,,,
2014-04-10,657.26,660.59,649.23,650.25,,,,
2014-04-11,649.62,652.55,648.15,648.8,,,,
2014-04-14,649.57,658.56,649.57,657.31,,,,
2014-04-15,657.32,665.63,654.89,665.55,,,,
2014-04-16,665.92,673.58,665.92,673.58,,,,
2014-04-17,673.55,680.79,673.17,679.12,,,,
2014-04-21,679.34,683.71,678.08,683.56,,,,
2014-04-22,683.18,683.98,678.78,682.05,,,,
2014-04-23,682.04,687.01,681.96,685.28,,,,
2014-04-24,685.68,687.76,683.79,684.62,,,,
2014-04-25,684.26,685.28,679.85,681.62,,,,
2014-04-28,682.1,685.13,677.96,683.45,,,,
2014-04-29,683.79,692.35,683.79,686.34,,,,
2014-04-30,685.89,686.7,681.43,686.29,,,,
2014-05-01,686.47,686.48,682.34,683.84,,,,
2014-05-02,683.84,690.68,681.98,686.03,,,,
2014-05-05,685.25,690.46,682.54,689.2,,,,
2014-05-06,689.23,693.37,688.63,690.2,,,,
2014-05-07,691.49,696.53,689.69,695.51,,,,
2014-05-08,695.18,695.66,685.89,686.57,,,,
2014-05-09,686.76,687.45,682.66,685.35,,,,
2014-05-12,686.27,689.84,686.07,689.56,,,,
2014-05-13,690.15,692.51,689.77,691.8,,,,
2014-05-14,691.85,694.1,691.18,692.09,,,,
2014-05-15,691.55,691.55,678.53,683.03,,,,
2014-05-16,683.02,683.02,678.76,681.13,,,,
2014-05-19,680.85,684.76,680.17,683.14,,,,
2014-05-20,682.85,684.48,680.47,681.49,,,,
2014-05-21,682.5,689.72,682.5,688.88,,,,
2014-05-22,688.89,691.1,687.34,687.75,,,,
2014-05-23,687.99,690.48,686.64,686.9,,,,
2014-05-27,688.29,690.04,686.02,688.47,,,,
2014-05-28,688.98,691.68,687.48,689.28,,,,
2014-05-29,689.7,694.46,688.6,694.26,,,,
2014-05-30,693.74,693.93,690.09,693.46,,,,
2014-06-02,693.81,695.1,690.52,691.8,,,,
2014-06-03,691.6,694.83,690.57,694.1,,,,
2014-06-04,693.27,694.08,691.01,693.16,,,,
2014-06-05,693.29,698.11,691.49,697.36,,,,
2014-06-06,697.72,703.63,697.72,703.13,,,,
2014-06-09,703.13,707.14,702.1,703.85,,,,
2014-06-10,703.97,704.34,701.41,703.14,,,,
2014-06-11,702.17,706.5,700.22,705.42,,,,
2014-06-12,705.94,712.33,705.94,707.69,,,,
2014-06-13,708.13,714.83,706.02,714.83,,,,
2014-06-16,714.83,720,714.01,718.56,,,,
2014-06-17,718.36,718.36,713.1,717.34,,,,
2014-06-18,717.44,723.13,715.57,722.75,,,,
2014-06-19,722.84,727.23,721.14,727.23,,,,
2014-06-20,727.23,734.68,727.02,734.16,,,,
2014-06-23,734.51,738.71,734.51,737.09,,,,
2014-06-24,736.84,737.04,721.38,722.5,,,,
2014-06-25,722.35,727.66,718.7,727.3,,,,
2014-06-26,727.1,728.22,721.22,727.87,,,,
2014-06-27,727.26,728.05,723.59,727.52,,,,
2014-06-30,727.59,728.63,724.35,727.63,,,,
2014-07-01,728,731.24,726.53,728.34,,,,
2014-07-02,728.26,729.65,725.91,727.53,,,,
2014-07-03,727.93,731.45,726.92,730.37,,,,
2014-07-07,729.33,729.33,724.71,726.23,,,,
2014-07-08,725.72,726.9,723.04,725.08,,,,
2014-07-09,725.62,730.22,725.59,729.69,,,,
2014-07-10,729.34,729.34,719.41,722.76,,,,
2014-07-11,721.73,722,715.6,717.24,,,,
2014-07-14,717.96,724.31,717.96,723.51,,,,
2014-07-15,723.32,723.32,716.05,720.34,,,,
2014-07-16,721.3,731.66,721.3,731.59,,,,
2014-07-17,731.19,732.38,719.42,719.87,,,,
2014-07-18,720.05,723.58,718.03,721.91,,,,
2014-07-21,721.31,723.67,718.97,723.03,,,,
2014-07-22,724.41,730.52,724.41,728.55,,,,
2014-07-23,728.95,732.96,727.53,732.62,,,,
2014-07-24,732.95,736.09,731.31,733.44,,,,
2014-07-25,732.66,732.66,727.12,727.81,,,,
2014-07-28,728.04,728.52,722.35,726.97,,,,
2014-07-29,726.75,728.91,724.07,724.07,,,,
2014-07-30,724.73,729.69,718.01,720.33,,,,
2014-07-31,718.58,718.58,702.86,702.87,,,,
2014-08-01,702.33,703.23,692.49,697.87,,,,
2014-08-04,698.14,710.69,695.67,709.1,,,,
2014-08-05,708.77,708.77,690.15,693.94,,,,
2014-08-06,692.93,703.76,691.94,696.66,,,,
2014-08-07,697.52,700.84,688.47,691.9,,,,
2014-08-08,692.97,703.89,692.62,703.5,,,,
2014-08-11,704.76,708.76,701.81,702.45,,,,
2014-08-12,701.86,701.86,694.88,697.78,,,,
2014-08-13,698.46,703.42,697.37,700.1,,,,
2014-08-14,700.84,701.68,695.57,696.58,,,,
2014-08-15,696.76,701.38,694.91,700.15,,,,
2014-08-18,701.16,703.95,699.35,702.12,,,,
2014-08-19,702.7,708.38,702.7,707.23,,,,
2014-08-20,706.62,709.49,703.76,708.65,,,,
2014-08-21,708.84,709.72,706.67,708.67,,,,
2014-08-22,707.69,707.69,701.35,704.06,,,,
2014-08-25,705.33,710.11,705.33,709.61,,,,
2014-08-26,709.84,716.87,709.84,713.29,,,,
2014-08-27,713.59,715.1,710.6,712.59,,,,
2014-08-28,711.78,713.21,709.68,712.27,,,,
2014-08-29,712.75,715.89,711.16,715.72,,,,
2014-09-02,715.54,715.54,703.5,706.8,,,,
2014-09-03,708.33,713.19,708.33,709,,,,
2014-09-04,709.59,710.69,696.77,699.83,,,,
2014-09-05,699.74,704.67,695.8,704.64,,,,
2014-09-08,704.05,704.05,690.46,693.47,,,,
2014-09-09,693.89,696.66,686.34,690.18,,,,
2014-09-10,689.82,689.82,680.38,688.1,,,,
2014-09-11,687.45,689.5,680.21,688.7,,,,
2014-09-12,687.43,687.43,676.56,678.33,,,,
2014-09-15,677.64,684.83,674.61,683.29,,,,
2014-09-16,682.82,695.6,682.13,691.39,,,,
2014-09-17,692,693.32,686.36,688.08,,,,
2014-09-18,688.74,689.36,683.31,684.8,,,,
2014-09-19,684.81,689.5,684.65,684.82,,,,
2014-09-22,684.1,684.1,673.53,675.52,,,,
2014-09-23,675.17,679.83,673.3,673.39,,,,
2014-09-24,673.03,677.28,663.88,673.63,,,,
2014-09-25,673.38,673.71,663.29,663.29,,,,
2014-09-26,663.22,674.37,661.13,671.95,,,,
2014-09-29,671.64,671.64,661.47,669.11,,,,
2014-09-30,668.48,669.9,657.71,661.05,,,,
2014-10-01,661.1,663.69,646.73,648.71,,,,
2014-10-02,647.97,649.94,635.44,646.25,,,,
2014-10-03,646.89,648.61,640.16,646.26,,,,
2014-10-06,646.97,653.07,642.6,647.09,,,,
2014-10-07,646.3,651.23,638.35,638.48,,,,
2014-10-08,637.68,645.41,627.43,644.91,,,,
2014-10-09,643.66,643.66,620.29,621.04,,,,
2014-10-10,621.01,626.35,607.77,613.73,,,,
2014-10-13,613.13,619.17,595.86,596.21,,,,
2014-10-14,596.83,605.43,586.14,588.9,,,,
2014-10-15,588.72,593.07,571.04,591.42,,,,
2014-10-16,591.15,606.47,580.28,601.39,,,,
2014-10-17,601.39,617.97,601.39,606.9,,,,
2014-10-20,606.77,612.31,603.26,611.51,,,,
2014-10-21,611.9,630.74,611.9,629.4,,,,
2014-10-22,629.86,634.62,618.53,618.97,,,,
2014-10-23,619.66,635.99,619.66,630.02,,,,
2014-10-24,629.87,629.87,620.27,628.23,,,,
2014-10-27,627.99,627.99,609.8,615.48,,,,
2014-10-28,616,630.22,615.5,629.44,,,,
2014-10-29,629.68,639.92,624.43,630.45,,,,
2014-10-30,630.09,630.78,621.14,628.5,,,,
2014-10-31,628.77,641.77,624.17,641.32,,,,
2014-11-03,641.78,646.4,628.42,630.16,,,,
2014-11-04,629.29,629.29,613.3,617.99,,,,
2014-11-05,618.3,631.21,618.3,628.79,,,,
2014-11-06,627.97,636.84,623.47,636.84,,,,
2014-11-07,636.83,646.94,636.83,642.8,,,,
2014-11-10,643.24,650.17,635.8,637.45,,,,
2014-11-11,637.5,640.33,632.29,639.12,,,,
2014-11-12,638.4,640.93,632.18,633.21,,,,
2014-11-13,631.77,631.77,615.64,624.69,,,,
2014-11-14,624.57,630.25,623.22,629.88,,,,
2014-11-17,629.21,630.11,623.83,627.15,,,,
2014-11-18,627.18,631.89,624.77,627.42,,,,
2014-11-19,628.1,632.41,622.97,630.93,,,,
2014-11-20,630.67,638.43,630.67,637.82,,,,
2014-11-21,638.47,650.05,638.47,645.6,,,,
2014-11-24,644.67,646.65,638.22,640.88,,,,
2014-11-25,641.69,642.94,629.87,630.62,,,,
2014-11-26,630.4,630.4,622.81,623.65,,,,
2014-11-28,623.65,623.65,583.1,584.58,,,,
2014-12-01,584.36,590.1,578.75,588.74,,,,
2014-12-02,588.52,600.67,584.97,596.58,,,,
2014-12-03,597.15,607.22,597.15,603.53,,,,
2014-12-04,601.84,601.84,592.6,598.67,,,,
2014-12-05,597.98,598.09,589.21,591.53,,,,
2014-12-08,591.31,591.31,567.26,568.43,,,,
2014-12-09,568.29,575.95,565.36,573.29,,,,
2014-12-10,572.01,572.01,552.21,555.63,,,,
2014-12-11,555.62,569.83,554.77,555.82,,,,
2014-12-12,555.55,555.55,543.9,543.9,,,,
2014-12-15,544.13,553.94,538.52,540.03,,,,
2014-12-16,539.49,560.26,534.01,543.79,,,,
2014-12-17,543.99,571.07,543.99,566.75,,,,
2014-12-18,566.77,579.71,562.8,578.79,,,,
2014-12-19,578.81,596.85,577.08,596.85,,,,
2014-12-22,596.72,596.72,585.33,591.01,,,,
2014-12-23,591.51,600.55,591.03,598.44,,,,
2014-12-24,597.74,597.74,587.37,593.6,,,,
2014-12-26,594.79,598.44,590.91,593.19,,,,
2014-12-29,593.84,599.29,591.9,594.76,,,,
2014-12-30,594.33,595.3,588.75,591.05,,,,
2014-12-31,590.15,592.49,583.49,586.59,,,,
2015-01-02,586.59,590.73,581.11,589.12,,,,
2015-01-05,589.12,589.12,563.23,565.6,,,,
2015-01-06,565.6,569.7,554.44,558.19,,,,
2015-01-07,558.19,567.23,556.31,560.09,,,,
2015-01-08,560.09,572.78,560.09,572.44,,,,
2015-01-09,572.44,573.21,562.91,567.92,,,,
2015-01-12,567.92,567.92,549.3,552,,,,
2015-01-13,552,558.11,542.82,547.99,,,,
2015-01-14,547.99,549.6,533.63,548.68,,,,
2015-01-15,548.68,555.18,541.68,542.06,,,,
2015-01-16,542.06,559.63,542.06,559.36,,,,
2015-01-20,559.36,560.19,550.28,559.9,,,,
2015-01-21,559.9,570.53,559.9,570.15,,,,
2015-01-22,570.15,573.62,563.49,573.44,,,,
2015-01-23,573.44,576.17,568.05,568.28,,,,
2015-01-26,568.28,577.37,565.18,576.18,,,,
2015-01-27,576.18,577.86,570.38,575.18,,,,
2015-01-28,575.18,575.18,551.85,552.91,,,,
2015-01-29,552.91,556.99,542.05,553.86,,,,
2015-01-30,553.86,564.12,545.7,557.95,,,,
2015-02-02,557.95,574.68,557.95,574.68,,,,
2015-02-03,574.68,592.83,574.68,590.64,,,,
2015-02-04,590.64,590.64,576.36,581.12,,,,
2015-02-05,581.12,592.01,581.12,589.53,,,,
2015-02-06,589.53,593.63,585.68,587.98,,,,
2015-02-09,587.98,595.12,587.56,589.03,,,,
2015-02-10,589.03,589.2,578.16,587.89,,,,
2015-02-11,587.89,587.89,577.89,584.03,,,,
2015-02-12,584.03,594.2,584.03,591.84,,,,
2015-02-13,591.84,603.67,591.84,603.4,,,,
2015-02-17,603.4,604.98,596.85,604.28,,,,
2015-02-18,604.28,604.28,594.38,595.48,,,,
2015-02-19,595.48,595.48,580.68,590.83,,,,
2015-02-20,590.83,592.46,584.01,589.07,,,,
2015-02-23,589.07,590.58,581.85,586.6,,,,
2015-02-24,586.6,590.04,584.7,587.73,,,,
2015-02-25,587.73,591.05,585.51,590.18,,,,
2015-02-26,590.18,590.18,576.87,579.76,,,,
2015-02-27,579.76,582.13,577.07,577.51,,,,
2015-03-02,577.51,577.51,568.29,573.51,,,,
2015-03-03,573.51,577.94,570.8,574.81,,,,
2015-03-04,574.81,574.92,568.22,573.63,,,,
2015-03-05,573.63,573.63,569.83,570.08,,,,
2015-03-06,570.08,570.08,559.07,560.66,,,,
2015-03-09,560.66,565.87,556.78,556.79,,,,
2015-03-10,556.79,556.79,548.87,548.87,,,,
2015-03-11,548.87,552.52,546.99,549.97,,,,
2015-03-12,550.1,552.75,547.18,547.42,,,,
2015-03-13,547.42,547.42,539.26,544.87,,,,
2015-03-16,544.87,552.52,540.51,552.2,,,,
2015-03-17,552.2,552.2,546.23,549.32,,,,
2015-03-18,549.32,567.95,545.5,565.25,,,,
2015-03-19,565.25,565.25,554.53,555.68,,,,
2015-03-20,555.68,566.61,555.68,563.3,,,,
2015-03-23,563.3,568.46,562.19,562.3,,,,
2015-03-24,562.3,564.05,557.69,557.75,,,,
2015-03-25,557.75,568.57,557.75,564.55,,,,
2015-03-26,564.55,571.48,561.47,563.41,,,,
2015-03-27,563.41,563.41,557.6,559.23,,,,
2015-03-30,559.23,572.19,559.23,571,,,,
2015-03-31,571,571,564.52,565.76,,,,
2015-04-01,565.76,571.92,565.76,566.8,,,,
2015-04-02,566.8,571,563.14,567.79,,,,
2015-04-06,567.79,581.23,567.79,577.84,,,,
2015-04-07,577.84,582.37,575.94,579.62,,,,
2015-04-08,579.62,582.69,573.48,573.65,,,,
2015-04-09,573.65,583.61,573.65,582.43,,,,
2015-04-10,582.43,586.64,582.14,585.36,,,,
2015-04-13,585.36,588.79,579.67,580.43,,,,
2015-04-14,580.43,592.6,580.43,590.73,,,,
2015-04-15,590.73,605.52,590.73,604.34,,,,
2015-04-16,604.34,607.49,597.93,602.67,,,,
2015-04-17,602.67,602.67,593.29,597.81,,,,
2015-04-20,597.81,606.79,597.81,600.48,,,,
2015-04-21,600.48,601.41,592.45,594.4,,,,
2015-04-22,594.4,600.32,591.87,598.17,,,,
2015-04-23,598.17,605.99,598.17,601.86,,,,
2015-04-24,601.86,601.86,595.54,597.98,,,,
2015-04-27,597.98,601.99,596.77,597.61,,,,
2015-04-28,597.61,601.15,595.69,600.79,,,,
2015-04-29,600.79,605.66,596.75,605.07,,,,
2015-04-30,605.07,608.27,600.3,602.89,,,,
2015-05-01,602.89,605.42,600.01,604.75,,,,
2015-05-04,604.75,608.18,601.11,603.36,,,,
2015-05-05,603.36,610.82,596.62,596.72,,,,
2015-05-06,596.72,604.44,592,594.93,,,,
2015-05-07,594.93,594.93,584.25,588.39,,,,
2015-05-08,588.39,598.37,587.06,597.81,,,,
2015-05-11,597.81,597.81,585.06,585.57,,,,
2015-05-12,585.57,590.96,583.87,588.13,,,,
2015-05-13,588.13,593.46,584.34,586.32,,,,
2015-05-14,586.32,591.7,585.66,586.6,,,,
2015-05-15,586.6,589.74,581.71,587.93,,,,
2015-05-18,587.93,588.25,584.25,587.44,,,,
2015-05-19,587.44,587.44,579.33,580.21,,,,
2015-05-20,580.21,583.02,578.13,581.13,,,,
2015-05-21,581.13,587.05,581.13,586.02,,,,
2015-05-22,586.02,586.22,581.35,583.44,,,,
2015-05-26,583.44,583.44,572.35,574.21,,,,
2015-05-27,574.21,578.71,570.84,573.6,,,,
2015-05-28,573.6,573.6,568.42,571.77,,,,
2015-05-29,571.77,574.74,569.81,571.41,,,,
2015-06-01,571.41,572.39,568.96,570.14,,,,
2015-06-02,570.14,575.84,568.71,573,,,,
2015-06-03,573,575.76,568.99,569.26,,,,
2015-06-04,569.26,569.26,561.66,562.18,,,,
2015-06-05,562.18,570.79,560.42,565.88,,,,
2015-06-08,565.88,566.51,562.01,563.1,,,,
2015-06-09,563.1,569.44,562.7,562.82,,,,
2015-06-10,562.82,570.75,562.82,569.45,,,,
2015-06-11,569.45,571.37,566.49,567.19,,,,
2015-06-12,567.19,567.19,559.55,560.6,,,,
2015-06-15,560.6,561.79,555,558.88,,,,
2015-06-16,558.88,563.78,557.49,563.43,,,,
2015-06-17,563.43,568.77,559.85,562.62,,,,
2015-06-18,562.62,566.52,562.51,563,,,,
2015-06-19,563,563,557.7,558.01,,,,
2015-06-22,558.01,563.88,557.95,563.5,,,,
2015-06-23,563.5,566.08,562.21,565.27,,,,
2015-06-24,565.27,566.87,561.71,561.72,,,,
2015-06-25,561.72,562.31,555.96,555.98,,,,
2015-06-26,555.98,557.92,552.8,557.32,,,,
2015-06-29,557.32,557.32,547.33,547.54,,,,
2015-06-30,547.54,553.56,547.54,551.11,,,,
2015-07-01,551.11,552.04,541.91,543.91,,,,
2015-07-02,543.91,549.22,543.91,546.28,,,,
2015-07-06,546.28,546.28,537.28,539.38,,,,
2015-07-07,539.38,545.91,531.81,544.14,,,,
2015-07-08,544.14,544.14,531.64,533.49,,,,
2015-07-09,533.49,542.58,533.49,535.53,,,,
2015-07-10,535.53,541.59,535.53,538.25,,,,
2015-07-13,538.25,543.01,538.25,541.64,,,,
2015-07-14,541.64,547.5,541.17,546.16,,,,
2015-07-15,546.16,546.16,535.42,537.33,,,,
2015-07-16,537.33,541.35,536.47,537.62,,,,
2015-07-17,537.62,537.62,529.56,531.86,,,,
2015-07-20,531.86,531.86,524.52,525.01,,,,
2015-07-21,525.01,530.17,523.92,525.51,,,,
2015-07-22,525.51,526.71,521.04,522.13,,,,
2015-07-23,522.13,524.69,517.27,520.56,,,,
2015-07-24,520.56,520.56,508.57,510.24,,,,
2015-07-27,510.24,510.24,501.16,503.33,,,,
2015-07-28,503.33,520.71,503.33,518.36,,,,
2015-07-29,518.36,525.33,515.24,525,,,,
2015-07-30,525,525.5,519.28,521.6,,,,
2015-07-31,521.6,521.6,507.43,508.05,,,,
2015-08-03,508.05,508.05,496.86,497.85,,,,
2015-08-04,497.85,503.46,493.72,495.55,,,,
2015-08-05,495.55,504.31,491.66,491.84,,,,
2015-08-06,491.84,500.75,486.1,499.63,,,,
2015-08-07,499.63,501.05,488.96,490.35,,,,
2015-08-10,490.35,505.64,490.35,505.61,,,,
2015-08-11,505.61,505.61,494.13,504.66,,,,
2015-08-12,504.66,515.24,500.62,514.03,,,,
2015-08-13,514.03,514.03,506.67,507.11,,,,
2015-08-14,507.11,511.47,504.96,506.05,,,,
2015-08-17,506.05,508.54,500.97,505.81,,,,
2015-08-18,505.81,505.93,501.33,503.79,,,,
2015-08-19,503.79,503.79,487.72,489.75,,,,
2015-08-20,489.75,491.47,478.93,478.94,,,,
2015-08-21,478.94,479.4,462.29,462.29,,,,
2015-08-24,462.29,462.29,434.43,438.36,,,,
2015-08-25,438.36,451.37,432.11,432.4,,,,
2015-08-26,432.4,448.08,432.4,447.55,,,,
2015-08-27,447.55,470.12,447.55,469.53,,,,
2015-08-28,469.53,484.02,468.89,479.16,,,,
2015-08-31,479.16,486.07,467.07,484.21,,,,
2015-09-01,484.21,484.21,462.69,466.5,,,,
2015-09-02,466.5,472.29,460.79,470.8,,,,
2015-09-03,470.8,481.96,469.57,472.35,,,,
2015-09-04,472.35,472.35,462.43,464.18,,,,
2015-09-08,464.18,471.47,463.68,471.03,,,,
2015-09-09,471.03,479.61,461.04,461.89,,,,
2015-09-10,461.89,466.86,457.69,464.39,,,,
2015-09-11,464.39,464.39,454.93,460.95,,,,
2015-09-14,460.95,460.95,454.84,457.24,,,,
2015-09-15,457.24,463.99,457.24,462.23,,,,
2015-09-16,462.29,475.6,462.29,475.03,,,,
2015-09-17,475.03,482.96,471.66,474.86,,,,
2015-09-18,474.86,474.86,459.48,462.41,,,,
2015-09-21,462.41,467.98,462.11,465.06,,,,
2015-09-22,465.06,465.06,457,460.02,,,,
2015-09-23,460.02,463.06,453.7,453.71,,,,
2015-09-24,453.62,458.78,448.02,455.58,,,,
2015-09-25,455.58,459.93,453.05,456.85,,,,
2015-09-28,456.85,456.85,440.23,440.49,,,,
2015-09-29,440.49,445.74,437.25,440.55,,,,
2015-09-30,440.55,451.97,440.55,451.33,,,,
2015-10-01,451.52,461.61,447.76,451.58,,,,
2015-10-02,451.58,469.7,446.03,469.69,,,,
2015-10-05,469.69,484.23,469.69,483.09,,,,
2015-10-06,483.09,497.35,482.06,493.86,,,,
2015-10-07,493.86,505.92,490.34,500.41,,,,
2015-10-08,500.41,511.4,496.48,509.88,,,,
2015-10-09,509.88,510.88,503.34,506.18,,,,
2015-10-12,506.18,506.56,496.33,500.69,,,,
2015-10-13,500.69,502.8,494.71,496.2,,,,
2015-10-14,496.2,502.65,494.43,500.9,,,,
2015-10-15,500.9,509.3,496.67,509.05,,,,
2015-10-16,509.05,512.42,503.32,509.95,,,,
2015-10-19,509.95,509.95,497.85,500.12,,,,
2015-10-20,500.12,503.48,496.55,500.96,,,,
2015-10-21,500.96,501.93,495.11,495.77,,,,
2015-10-22,495.77,506.76,495.77,505.85,,,,
2015-10-23,505.85,508.65,500.02,504.85,,,,
2015-10-26,504.85,504.85,492.02,492.13,,,,
2015-10-27,492.13,492.13,481.27,486.44,,,,
2015-10-28,486.44,500.02,486.37,497.23,,,,
2015-10-29,497.23,503.56,493.97,498.71,,,,
2015-10-30,498.71,507.5,495.75,502.11,,,,
2015-11-02,502.11,516.91,498.56,514.36,,,,
2015-11-03,514.36,530.61,514.36,527.38,,,,
2015-11-04,527.38,528.32,518.46,521.87,,,,
2015-11-05,521.87,524.74,514.8,516.43,,,,
2015-11-06,516.43,516.43,506.44,514.21,,,,
2015-11-09,514.21,516.64,505.33,506.73,,,,
2015-11-10,506.73,511.6,503.26,508.03,,,,
2015-11-11,508.03,508.67,497.02,498.34,,,,
2015-11-12,498.34,498.34,485.7,486.41,,,,
2015-11-13,486.41,487.5,478.67,483.52,,,,
2015-11-16,483.52,499.46,483.11,499.26,,,,
2015-11-17,499.26,499.65,492.16,493.49,,,,
2015-11-18,493.49,502.18,492.57,501.42,,,,
2015-11-19,501.42,501.42,491.65,495,,,,
2015-11-20,495,497.52,489.2,489.86,,,,
2015-11-23,489.86,495.68,486.22,493.11,,,,
2015-11-24,493.11,506.01,493.11,503.9,,,,
2015-11-25,503.9,503.9,497.02,499.73,,,,
2015-11-27,499.73,499.73,494.79,496.34,,,,
2015-11-30,496.34,502.89,496.34,498.26,,,,
2015-12-01,498.28,502.22,497.68,501.81,,,,
2015-12-02,501.81,501.81,484.97,486.21,,,,
2015-12-03,486.21,489.69,474.15,476.43,,,,
2015-12-04,476.43,476.43,464.89,473.94,,,,
2015-12-07,473.94,473.94,450.15,456.56,,,,
2015-12-08,456.56,456.86,441,449.75,,,,
2015-12-09,449.75,465.58,449.75,455.74,,,,
2015-12-10,455.74,465.85,453.46,458.55,,,,
2015-12-11,458.55,458.55,442.76,443.14,,,,
2015-12-14,443.14,448.94,437.24,446.73,,,,
2015-12-15,446.73,461.51,446.73,459.45,,,,
2015-12-16,459.45,462.11,451.62,457.09,,,,
2015-12-17,457.09,457.97,445.65,445.74,,,,
2015-12-18,445.74,445.83,438.46,438.48,,,,
2015-12-21,438.48,442.39,434.63,438.68,,,,
2015-12-22,438.68,446.41,438.42,444.03,,,,
2015-12-23,444.03,462.95,444.03,462.88,,,,
2015-12-24,462.88,463.68,457.03,458.67,,,,
2015-12-28,458.67,458.67,448.36,450.45,,,,
2015-12-29,450.45,459.32,450.45,453.58,,,,
2015-12-30,453.58,453.58,446.63,446.93,,,,
2015-12-31,446.93,450.96,443.64,448.44,,,,
2016-01-04,448.44,450.95,440.67,447.75,,,,
2016-01-05,447.75,450.19,442.56,450.01,,,,
2016-01-06,450.01,450.01,430.65,433.71,,,,
2016-01-07,433.71,435.24,421.63,423.45,,,,
2016-01-08,423.45,427.48,416.36,417.77,,,,
2016-01-11,417.77,418.89,403.93,409.02,,,,
2016-01-12,409.02,416.25,399.7,410.55,,,,
2016-01-13,410.55,418.87,399.08,403.26,,,,
2016-01-14,403.26,424.71,401.52,421.3,,,,
2016-01-15,421.3,421.3,401.92,409.2,,,,
2016-01-19,409.2,413.51,394.11,400.32,,,,
2016-01-20,400.32,400.32,376.13,388.58,,,,
2016-01-21,388.58,404.52,385.78,399.79,,,,
2016-01-22,399.79,418.7,399.79,417.03,,,,
2016-01-25,417.03,418.82,397.96,398.19,,,,
2016-01-26,398.19,413.38,398.19,413.24,,,,
2016-01-27,413.24,422.07,405.95,410.61,,,,
2016-01-28,410.61,426.65,410.61,423.56,,,,
2016-01-29,423.61,434.7,421.59,434.67,,,,
2016-02-01,434.67,434.67,420.41,426.53,,,,
2016-02-02,426.53,426.53,410.78,412.63,,,,
2016-02-03,412.63,429.07,405.04,428.99,,,,
2016-02-04,428.99,436.26,426.55,428.83,,,,
2016-02-05,428.83,428.83,416.47,420.11,,,,
2016-02-08,420.11,422.99,407.34,420.39,,,,
2016-02-09,420.39,420.39,403.51,410,,,,
2016-02-10,410,417.27,404.59,407.95,,,,
2016-02-11,407.95,409.16,395.48,406.22,,,,
2016-02-12,406.22,417.89,406.22,416.7,,,,
2016-02-16,416.7,421.44,414.04,420.04,,,,
2016-02-17,420.04,434.24,420.04,432.3,,,,
2016-02-18,432.3,436.36,426.11,428.26,,,,
2016-02-19,428.26,428.26,418.79,426.77,,,,
2016-02-22,426.77,438.19,426.77,436.31,,,,
2016-02-23,436.31,436.31,421.3,422.28,,,,
2016-02-24,422.28,426.76,413.18,426.08,,,,
2016-02-25,426.08,427.04,417.97,426.87,,,,
2016-02-26,426.87,434.09,426.87,428.49,,,,
2016-02-29,428.49,430.86,422.58,423.54,,,,
2016-03-01,423.54,434.05,422.01,432.95,,,,
2016-03-02,432.95,443.65,428.41,443.56,,,,
2016-03-03,443.56,449.83,441.36,449.24,,,,
2016-03-04,449.24,459.2,446.74,453.31,,,,
2016-03-07,453.31,464.25,451.76,464.02,,,,
2016-03-08,464.02,464.02,444.63,444.86,,,,
2016-03-09,444.86,457.48,444.86,451.7,,,,
2016-03-10,451.7,452,443.73,451.81,,,,
2016-03-11,451.81,463.39,451.81,461.9,,,,
2016-03-14,461.9,461.9,454.26,459.05,,,,
2016-03-15,459.05,459.05,450.46,458.39,,,,
2016-03-16,458.39,466.68,457.93,465.75,,,,
2016-03-17,465.75,476.1,465.52,472.43,,,,
2016-03-18,472.43,476,469.3,473.35,,,,
2016-03-21,473.35,474.54,467.16,470.98,,,,
2016-03-22,470.98,473.12,467.59,469.44,,,,
2016-03-23,469.44,469.44,459.21,459.58,,,,
2016-03-24,459.58,461.86,452.39,461.84,,,,
2016-03-28,461.84,462.63,457.15,460.26,,,,
2016-03-29,460.26,462.24,452.55,461.87,,,,
2016-03-30,461.87,467.72,460.65,463.14,,,,
2016-03-31,463.14,466.63,460.66,462.41,,,,
2016-04-01,462.41,462.41,453.3,456,,,,
2016-04-04,456,460.26,452.28,453.67,,,,
2016-04-05,453.67,453.67,448.88,450.16,,,,
2016-04-06,450.16,460.1,450.16,459.62,,,,
2016-04-07,459.62,460.45,453.49,456.8,,,,
2016-04-08,456.8,467.87,456.8,466.03,,,,
2016-04-11,466.03,470.58,464.17,464.17,,,,
2016-04-12,464.17,479.42,464.17,477.34,,,,
2016-04-13,477.34,480.42,473.97,479.3,,,,
2016-04-14,479.3,481.59,477.92,481.31,,,,
2016-04-15,481.31,481.31,474.56,475.25,,,,
2016-04-18,475.25,483.37,467.69,482.79,,,,
2016-04-19,482.79,491.88,482.75,491.88,,,,
2016-04-20,491.88,499.62,488.12,495.84,,,,
2016-04-21,495.84,499.02,492.42,493.4,,,,
2016-04-22,493.4,501.27,493.4,499.96,,,,
2016-04-25,499.96,499.96,490.96,494.56,,,,
2016-04-26,494.56,501.76,494.56,501.47,,,,
2016-04-27,501.47,511.16,501.47,509.79,,,,
2016-04-28,509.79,511.41,501.14,502.92,,,,
2016-04-29,502.92,509.34,495.82,502.42,,,,
2016-05-02,502.42,504.11,496.73,502.57,,,,
2016-05-03,502.57,502.57,488.49,491.33,,,,
2016-05-04,491.33,494.87,482.63,484.94,,,,
2016-05-05,484.94,495.28,484.53,488.53,,,,
2016-05-06,488.53,492.91,485.06,487.59,,,,
2016-05-09,487.59,487.59,475.43,481.52,,,,
2016-05-10,481.52,489.99,481.52,489.96,,,,
2016-05-11,489.96,493.59,483.93,489.3,,,,
2016-05-12,489.3,497.02,487.98,491.27,,,,
2016-05-13,491.27,492.27,484.19,485.15,,,,
2016-05-16,485.15,494.25,485.15,492.84,,,,
2016-05-17,492.84,497.58,490.58,493.96,,,,
2016-05-18,493.96,494.97,486.35,489.21,,,,
2016-05-19,489.21,491.03,480.76,490.43,,,,
2016-05-20,490.43,493.92,488.96,492.5,,,,
2016-05-23,492.5,493.27,487.97,491.28,,,,
2016-05-24,491.28,496.46,491.28,493.74,,,,
2016-05-25,493.74,501.86,493.74,501.19,,,,
2016-05-26,501.19,504.98,497.58,499.14,,,,
2016-05-27,499.14,499.45,494.57,499.38,,,,
2016-05-31,499.38,503.75,494.47,496.54,,,,
2016-06-01,496.54,497.99,490.52,497.3,,,,
2016-06-02,497.3,497.3,490.51,495.71,,,,
2016-06-03,495.71,497.84,491,494.31,,,,
2016-06-06,494.31,504.41,494.31,504.16,,,,
2016-06-07,504.16,516.24,504.16,514.93,,,,
2016-06-08,514.93,519.84,512.68,513.89,,,,
2016-06-09,513.89,513.89,508.21,511.3,,,,
2016-06-10,511.3,511.3,499.85,501.15,,,,
2016-06-13,501.15,506.04,497.99,499.63,,,,
2016-06-14,499.63,501.17,494.26,499.38,,,,
2016-06-15,499.38,503.48,494.9,497.71,,,,
2016-06-16,497.71,497.71,486.8,496.65,,,,
2016-06-17,496.65,501.75,496.65,500.82,,,,
2016-06-20,500.82,508.92,500.82,505.1,,,,
2016-06-21,505.1,511.47,502.49,510.44,,,,
2016-06-22,510.44,512.59,507.13,507.41,,,,
2016-06-23,507.41,515.84,507.41,515.84,,,,
2016-06-24,515.84,515.84,495.93,497.72,,,,
2016-06-27,497.72,497.72,481.34,485.07,,,,
2016-06-28,485.07,497.86,485.07,497.86,,,,
2016-06-29,497.86,510.49,497.86,507.93,,,,
2016-06-30,507.93,512.62,505.12,512.39,,,,
2016-07-01,512.39,515.92,511.71,514.79,,,,
2016-07-05,514.79,514.79,500.12,505.04,,,,
2016-07-06,505.04,508.03,499.17,507.85,,,,
2016-07-07,507.85,512.73,499.16,502.53,,,,
2016-07-08,502.53,510.19,502.53,509.01,,,,
2016-07-11,509.01,513.61,509.01,509.84,,,,
2016-07-12,509.84,523.21,509.84,521.33,,,,
2016-07-13,521.33,522.24,512.83,517.63,,,,
2016-07-14,517.63,522.16,517.63,519.75,,,,
2016-07-15,519.75,522.51,517.69,519.62,,,,
2016-07-18,519.62,519.62,514.91,519.33,,,,
2016-07-19,519.33,519.33,515.01,516.63,,,,
2016-07-20,516.63,517.98,510.88,515.76,,,,
2016-07-21,515.76,518.54,509.75,511.11,,,,
2016-07-22,511.11,513.47,510.03,512.82,,,,
2016-07-25,512.82,512.82,500.99,502.6,,,,
2016-07-26,502.6,504.99,499.36,504.65,,,,
2016-07-27,504.65,508.28,497.87,499.44,,,,
2016-07-28,499.44,500.99,495.34,498.63,,,,
2016-07-29,498.63,502.57,489.18,502.23,,,,
2016-08-01,502.23,502.23,484.05,485.5,,,,
2016-08-02,485.5,492.23,481.57,489.84,,,,
2016-08-03,489.84,498.47,488.22,498.47,,,,
2016-08-04,498.47,500.7,495.11,497.71,,,,
2016-08-05,497.71,502.1,496.91,501.92,,,,
2016-08-08,501.99,511.01,501.99,508.05,,,,
2016-08-09,508.05,509.29,503.68,505.52,,,,
2016-08-10,505.52,506.73,497.36,498.38,,,,
2016-08-11,498.38,507.26,498.38,504.87,,,,
2016-08-12,504.87,509.47,504.87,508.16,,,,
2016-08-15,508.16,512.7,508.16,511.14,,,,
2016-08-16,511.14,513.91,507.82,512.22,,,,
2016-08-17,512.22,513.6,508.85,513.29,,,,
2016-08-18,513.29,522.44,513.29,522.44,,,,
2016-08-19,522.44,522.44,516.59,518.15,,,,
2016-08-22,518.15,518.15,510.27,513.59,,,,
2016-08-23,513.59,517.26,513.36,515.85,,,,
2016-08-24,515.85,516.73,513.27,514.46,,,,
2016-08-25,514.46,515.06,511.45,512.96,,,,
2016-08-26,512.96,517.69,509.11,511.22,,,,
2016-08-29,511.22,515.06,510.07,514.62,,,,
2016-08-30,514.62,517.66,511.03,512.47,,,,
2016-08-31,512.47,512.47,502.23,505.45,,,,
2016-09-01,505.45,505.45,499.95,504.11,,,,
2016-09-02,504.11,510.03,504.11,508.35,,,,
2016-09-06,508.35,516.45,508.35,516.07,,,,
2016-09-07,516.07,518.82,515.22,517.78,,,,
2016-09-08,517.78,527.42,517.78,526.42,,,,
2016-09-09,526.42,526.42,511.68,511.68,,,,
2016-09-12,511.68,518.47,507.47,516.18,,,,
2016-09-13,516.18,516.18,500.05,501.41,,,,
2016-09-14,501.41,506.09,494.06,495.65,,,,
2016-09-15,495.65,504.56,495.65,501.07,,,,
2016-09-16,501.07,501.07,494.46,496.79,,,,
2016-09-19,496.79,501.61,496.1,496.19,,,,
2016-09-20,496.19,498.61,492.08,492.1,,,,
2016-09-21,492.1,502.72,492.1,502.53,,,,
2016-09-22,502.53,509.7,502.53,503.62,,,,
2016-09-23,503.62,505.63,494.79,497.27,,,,
2016-09-26,497.27,501.64,494.49,495,,,,
2016-09-27,495,495,487.1,492.72,,,,
2016-09-28,492.72,514.8,491.74,514.12,,,,
2016-09-29,514.12,518.55,509.19,513.68,,,,
2016-09-30,513.68,523,513.68,520.35,,,,
2016-10-03,520.35,520.98,515.75,519.53,,,,
2016-10-04,519.53,521.45,512.44,514.55,,,,
2016-10-05,514.55,523.94,514.55,521.79,,,,
2016-10-06,521.79,524.94,518.13,522.67,,,,
2016-10-07,522.67,524.9,518.74,520.28,,,,
2016-10-10,520.28,530.12,520.28,528.11,,,,
2016-10-11,528.11,528.11,519.75,521.96,,,,
2016-10-12,521.96,521.96,515.79,519.82,,,,
2016-10-13,519.82,519.82,509.96,516.39,,,,
2016-10-14,516.39,521.22,513.74,514.27,,,,
2016-10-17,514.27,515.62,509.45,512,,,,
2016-10-18,512,516.55,511.73,513.9,,,,
2016-10-19,513.9,524.74,513.9,520.89,,,,
2016-10-20,520.89,522.2,515.22,520.41,,,,
2016-10-21,520.41,520.41,513.54,516.84,,,,
2016-10-24,516.84,518.68,510.51,516.01,,,,
2016-10-25,516.01,521.13,512.93,513.29,,,,
2016-10-26,513.29,516.91,508.57,514.75,,,,
2016-10-27,514.75,517.72,512.85,513.05,,,,
2016-10-28,513.05,518.78,507.97,510.77,,,,
2016-10-31,510.77,511.15,504.01,504.89,,,,
2016-11-01,504.89,510.02,499.98,505.37,,,,
2016-11-02,505.37,505.37,494.68,500.26,,,,
2016-11-03,500.26,503.29,498.03,502.11,,,,
2016-11-04,502.11,504.02,496.83,499.68,,,,
2016-11-07,499.68,510.67,499.68,510.58,,,,
2016-11-08,510.58,513.31,506.69,510.49,,,,
2016-11-09,510.49,521.66,506.97,518.23,,,,
2016-11-10,518.23,524.06,516.32,519.83,,,,
2016-11-11,519.83,519.83,507.41,511.21,,,,
2016-11-14,511.21,513.27,506.08,513,,,,
2016-11-15,513,526.97,513,526.77,,,,
2016-11-16,526.77,527.81,520.8,522.16,,,,
2016-11-17,522.16,529.35,517.38,518.63,,,,
2016-11-18,518.63,523.49,517.95,521.02,,,,
2016-11-21,521.02,533.42,521.02,532.48,,,,
2016-11-22,532.48,535.49,526.22,532.41,,,,
2016-11-23,532.41,536.19,529.89,534.79,,,,
2016-11-25,534.79,534.79,529.7,532.69,,,,
2016-11-28,532.69,534.81,525.04,525.71,,,,
2016-11-29,525.71,525.71,514.43,519.64,,,,
2016-11-30,519.64,549.42,519.64,544.67,,,,
2016-12-01,544.67,555.92,544.67,546.15,,,,
2016-12-02,546.15,549.64,543.53,546.74,,,,
2016-12-05,546.74,555.1,546.74,550.67,,,,
2016-12-06,550.67,551.77,544.05,550.11,,,,
2016-12-07,550.11,553.93,548.46,553.78,,,,
2016-12-08,553.78,557.33,550.95,556.42,,,,
2016-12-09,556.42,559.08,555.43,558.71,,,,
2016-12-12,558.71,572.49,558.71,562.73,,,,
2016-12-13,562.73,573.7,562.31,569.85,,,,
2016-12-14,569.85,569.85,556.61,557.75,,,,
2016-12-15,557.75,561.54,552.85,560.03,,,,
2016-12-16,560.03,563.7,560.03,563.18,,,,
2016-12-19,563.18,563.72,559.36,560.42,,,,
2016-12-20,560.42,563.82,558.04,559.24,,,,
2016-12-21,559.24,562.72,558.82,560.15,,,,
2016-12-22,560.15,563.68,559.24,562.68,,,,
2016-12-23,562.68,562.68,560.53,561.56,,,,
2016-12-27,561.56,564.8,561.56,562.88,,,,
2016-12-28,562.88,563.96,556.91,557.38,,,,
2016-12-29,557.38,558.09,554.59,556.03,,,,
2016-12-30,556.03,558.62,553.12,554.5,,,,
2017-01-03,554.5,564.8,554.5,560.9,,,,
2017-01-04,560.9,561.94,557.67,559.3,,,,
2017-01-05,559.3,561.77,554.92,557.48,,,,
2017-01-06,557.48,559.05,553.89,557.57,,,,
2017-01-09,557.57,557.57,548.77,549.33,,,,
2017-01-10,549.33,550.38,544.01,544.11,,,,
2017-01-11,544.11,551.34,544.01,550.65,,,,
2017-01-12,550.65,552.96,546.02,548,,,,
2017-01-13,548,548.77,545.58,546.96,,,,
2017-01-17,546.96,551.62,546.96,550.39,,,,
2017-01-18,550.39,550.39,546.67,548.53,,,,
2017-01-19,548.53,548.53,543.62,544.55,,,,
2017-01-20,544.55,550.11,544.55,547.41,,,,
2017-01-23,547.41,547.41,539.08,541.29,,,,
2017-01-24,541.29,549.14,541.29,546.61,,,,
2017-01-25,546.61,551.53,546.61,549.68,,,,
2017-01-26,549.68,551.97,548.76,549.61,,,,
2017-01-27,549.61,549.61,542.73,544.42,,,,
2017-01-30,544.42,544.42,531.39,534.86,,,,
2017-01-31,534.86,536.09,529.13,534.34,,,,
2017-02-01,534.34,538.21,527.33,530.33,,,,
2017-02-02,530.33,534.28,527.13,533.45,,,,
2017-02-03,533.45,540.25,532.28,538.04,,,,
2017-02-06,538.04,538.96,531.71,533.27,,,,
2017-02-07,533.27,533.28,523.44,525.95,,,,
2017-02-08,525.95,526.42,517.16,525.58,,,,
2017-02-09,525.58,531.82,525.58,530.46,,,,
2017-02-10,530.46,536.96,530.46,534.42,,,,
2017-02-13,534.42,534.95,531.81,534.57,,,,
2017-02-14,534.57,535.45,528.88,535.25,,,,
2017-02-15,535.25,535.93,531.64,533.36,,,,
2017-02-16,533.36,534.45,525.55,526.07,,,,
2017-02-17,526.07,526.07,521.54,523.3,,,,
2017-02-21,523.34,529.3,523.34,526.88,,,,
2017-02-22,526.86,526.86,518.33,518.55,,,,
2017-02-23,518.55,524.95,518.27,521.17,,,,
2017-02-24,520.99,520.99,513.99,516.53,,,,
2017-02-27,516.53,522.68,516.19,521.01,,,,
2017-02-28,521.01,521.95,518.13,519.74,,,,
2017-03-01,519.74,532.27,519.74,530.4,,,,
2017-03-02,530.4,530.72,525.72,525.9,,,,
2017-03-03,525.9,527.92,523.06,523.98,,,,
2017-03-06,523.98,526,521.6,525.53,,,,
2017-03-07,525.53,526.91,520.19,520.78,,,,
2017-03-08,520.78,520.94,507.17,507.54,,,,
2017-03-09,507.54,511.01,502.46,510.54,,,,
2017-03-10,510.54,514.69,507.31,510.15,,,,
2017-03-13,510.15,512.63,508.34,510.37,,,,
2017-03-14,510.37,510.37,500.57,504.73,,,,
2017-03-15,504.73,516.32,504.73,515.23,,,,
2017-03-16,515.23,515.77,510.62,512.24,,,,
2017-03-17,512.24,514.87,511.59,511.82,,,,
2017-03-20,511.82,511.84,506.99,511.18,,,,
2017-03-21,511.18,513.2,505.98,507.58,,,,
2017-03-22,507.58,509.09,504.31,507.05,,,,
2017-03-23,507.05,509.07,504.65,505.24,,,,
2017-03-24,505.24,506.8,502.03,502.92,,,,
2017-03-27,502.92,502.92,498.3,500.87,,,,
2017-03-28,500.87,508.55,500.2,507.32,,,,
2017-03-29,507.32,514.09,505.82,513.51,,,,
2017-03-30,513.51,518.94,512.91,515.92,,,,
2017-03-31,515.92,516.99,511.53,514.01,,,,
2017-04-03,514.01,514.94,507.92,513.13,,,,
2017-04-04,513.13,516.91,509.12,516.78,,,,
2017-04-05,516.78,525.26,514.56,515.04,,,,
2017-04-06,515.04,520.48,515.04,519.14,,,,
2017-04-07,519.14,520.76,516.4,517.13,,,,
2017-04-10,517.13,523.34,517.13,521.12,,,,
2017-04-11,521.12,521.12,515.6,520.68,,,,
2017-04-12,520.68,524.58,517.32,518.9,,,,
2017-04-13,518.9,518.9,508.37,509.4,,,,
2017-04-17,509.4,511.12,508.16,510.38,,,,
2017-04-18,510.38,511.48,504.89,505.94,,,,
2017-04-19,505.94,507.89,497.18,498.72,,,,
2017-04-20,498.72,504.63,498.72,500.67,,,,
2017-04-21,500.67,500.93,496.02,498.53,,,,
2017-04-24,498.53,503.33,498.53,501.23,,,,
2017-04-25,501.23,506.76,501.1,505.94,,,,
2017-04-26,505.94,510.5,503.28,503.91,,,,
2017-04-27,503.91,503.91,493.65,498.31,,,,
2017-04-28,498.31,503.41,498.27,498.95,,,,
2017-05-01,498.95,500.2,496.53,497.84,,,,
2017-05-02,497.84,500.3,493.29,495.37,,,,
2017-05-03,495.37,499.05,492.95,496.99,,,,
2017-05-04,496.99,496.99,484.81,487.54,,,,
2017-05-05,487.54,495.96,487.54,495.45,,,,
2017-05-08,495.45,499.53,494.86,498.95,,,,
2017-05-09,498.95,499.37,493.22,494.67,,,,
2017-05-10,494.67,502.13,494.67,499.94,,,,
2017-05-11,499.94,502.26,498.05,498.94,,,,
2017-05-12,498.94,499.32,495.83,497.35,,,,
2017-05-15,497.35,505.08,497.35,500.45,,,,
2017-05-16,500.45,502.27,496.6,498.24,,,,
2017-05-17,498.24,498.74,492.37,492.61,,,,
2017-05-18,492.61,494.79,488.57,492.05,,,,
2017-05-19,492.05,499.25,492.05,498.15,,,,
2017-05-22,498.15,500.34,495.54,497.31,,,,
2017-05-23,497.31,499.19,495.98,498.13,,,,
2017-05-24,498.13,499.19,493.69,495.96,,,,
2017-05-25,495.96,499.44,485.46,487.09,,,,
2017-05-26,487.09,488.28,484.85,487.49,,,,
2017-05-30,487.49,487.49,481.09,481.11,,,,
2017-05-31,481.11,481.11,476.76,479.19,,,,
2017-06-01,479.19,483.77,477.84,482.37,,,,
2017-06-02,482.37,482.37,474.62,476.67,,,,
2017-06-05,476.67,479.14,474.97,477.46,,,,
2017-06-06,477.46,483.85,476.17,483.2,,,,
2017-06-07,483.2,483.2,472.95,476.05,,,,
2017-06-08,476.05,478.21,474.11,474.73,,,,
2017-06-09,474.73,487.65,474.73,486.49,,,,
2017-06-12,486.49,494.36,486.49,489.77,,,,
2017-06-13,489.77,493.79,488.79,493.02,,,,
2017-06-14,493.02,493.02,480.68,483.99,,,,
2017-06-15,483.99,484.46,478.72,480.7,,,,
2017-06-16,480.7,488.95,480.69,488.95,,,,
2017-06-19,488.95,488.95,484.49,485.6,,,,
2017-06-20,485.6,485.6,474.36,479.55,,,,
2017-06-21,479.55,480.79,469.6,471.88,,,,
2017-06-22,471.88,475.6,469.8,471.28,,,,
2017-06-23,471.28,475.22,470.45,474.83,,,,
2017-06-26,474.83,476.91,471.74,473.69,,,,
2017-06-27,473.69,477.43,472.84,472.88,,,,
2017-06-28,472.92,478.27,472.92,475.57,,,,
2017-06-29,475.57,481.49,475.32,476.16,,,,
2017-06-30,476.16,480.42,475.46,477.91,,,,
2017-07-03,477.91,489.53,477.91,487.49,,,,
2017-07-05,487.49,487.49,476.03,477.67,,,,
2017-07-06,477.67,479.74,471.7,472.4,,,,
2017-07-07,472.4,472.69,466.94,471.95,,,,
2017-07-10,471.95,474.48,470.34,473.2,,,,
2017-07-11,473.2,477.4,471.35,475.69,,,,
2017-07-12,475.69,481.64,475.39,477.09,,,,
2017-07-13,477.09,479.39,475.14,479.19,,,,
2017-07-14,479.19,482.64,478.8,481.78,,,,
2017-07-17,481.77,484.31,480.47,481.13,,,,
2017-07-18,481.13,482.97,476.98,478.78,,,,
2017-07-19,478.78,485.7,478.19,485.46,,,,
2017-07-20,485.46,489.55,482.69,483.72,,,,
2017-07-21,483.72,484.47,478.58,479.45,,,,
2017-07-24,479.45,480.28,477.26,478.03,,,,
2017-07-25,478.03,487.42,478.03,484.07,,,,
2017-07-26,484.07,489.92,483.39,484.56,,,,
2017-07-27,484.56,489.51,482.4,489.38,,,,
2017-07-28,489.38,492.57,486.47,488.44,,,,
2017-07-31,488.44,492.33,487.52,489.57,,,,
2017-08-01,489.57,492.52,487.85,489.87,,,,
2017-08-02,489.87,490.26,483.63,488.33,,,,
2017-08-03,488.33,488.33,479.81,481.77,,,,
2017-08-04,481.77,484.47,480.99,483.44,,,,
2017-08-07,483.44,483.44,478.23,479.27,,,,
2017-08-08,479.27,482.53,477.27,478.67,,,,
2017-08-09,478.67,481.86,477.32,479.23,,,,
2017-08-10,479.23,479.31,472.15,472.82,,,,
2017-08-11,472.82,474.04,469.31,469.55,,,,
2017-08-14,469.55,472.5,467.75,468.29,,,,
2017-08-15,468.29,468.29,463.94,466.44,,,,
2017-08-16,466.44,466.66,460.33,461.18,,,,
2017-08-17,461.18,461.18,454.52,454.52,,,,
2017-08-18,454.52,460.01,453.29,457.09,,,,
2017-08-21,457.09,457.09,453.2,454.57,,,,
2017-08-22,454.57,458.62,454.57,457.72,,,,
2017-08-23,457.72,461.63,456.4,459.47,,,,
2017-08-24,459.47,460.71,457.66,459.39,,,,
2017-08-25,459.39,463.56,459.39,461.78,,,,
2017-08-28,461.78,463.32,457.34,459.61,,,,
2017-08-29,459.61,459.66,455.87,459.06,,,,
2017-08-30,459.06,460.52,456.21,459.21,,,,
2017-08-31,459.21,462.48,459.21,461.61,,,,
2017-09-01,461.61,466.77,460.71,465.36,,,,
2017-09-05,465.36,470.05,464.76,467.98,,,,
2017-09-06,467.98,477.17,467.98,475.65,,,,
2017-09-07,475.65,477.83,473.46,476.48,,,,
2017-09-08,476.48,476.48,469.5,471.43,,,,
2017-09-11,471.43,476.63,471.43,476.23,,,,
2017-09-12,476.23,479.81,476.18,478.7,,,,
2017-09-13,478.7,484.73,478.7,484.63,,,,
2017-09-14,484.63,489.87,484.63,486.5,,,,
2017-09-15,486.5,487.76,484.62,487.76,,,,
2017-09-18,487.76,490.03,486.43,489.89,,,,
2017-09-19,489.89,492.42,489.89,491.73,,,,
2017-09-20,491.73,496.12,491.73,495.11,,,,
2017-09-21,495.11,496.2,492.82,494.78,,,,
2017-09-22,494.78,498.62,493.86,497.41,,,,
2017-09-25,497.41,505.68,497.41,504.74,,,,
2017-09-26,504.74,504.91,501.81,503.77,,,,
2017-09-27,503.77,506.26,501.84,506.17,,,,
2017-09-28,506.17,509.7,505.61,506.93,,,,
2017-09-29,506.93,506.93,503.62,506.72,,,,
2017-10-02,506.72,506.72,499.82,506.63,,,,
2017-10-03,506.63,507.79,505.07,506.21,,,,
2017-10-04,506.21,507.49,504.04,505.89,,,,
2017-10-05,505.89,508.76,505.83,507.94,,,,
2017-10-06,507.94,507.94,502.11,503.79,,,,
2017-10-09,503.79,506.35,503.79,505.05,,,,
2017-10-10,505.05,510.24,504.97,505.57,,,,
2017-10-11,505.57,506.99,503.05,506.78,,,,
2017-10-12,506.78,506.78,502.35,504.87,,,,
2017-10-13,504.87,509.13,504.24,504.51,,,,
2017-10-16,504.51,508.53,504.51,505.61,,,,
2017-10-17,505.61,506.92,503.38,506.03,,,,
2017-10-18,506.03,507.77,501.97,502.5,,,,
2017-10-19,502.5,503.1,499.69,500.93,,,,
2017-10-20,500.93,502.26,498.67,502.26,,,,
2017-10-23,502.26,504.04,499.25,499.32,,,,
2017-10-24,499.32,502.78,499.32,500.67,,,,
2017-10-25,500.67,501.19,495.9,497.25,,,,
2017-10-26,497.25,500.02,495.56,498.46,,,,
2017-10-27,498.46,501.9,491.89,499.45,,,,
2017-10-30,499.45,502.74,498.83,501.26,,,,
2017-10-31,501.26,504.7,499.48,503.07,,,,
2017-11-01,503.07,510.67,503.07,508.54,,,,
2017-11-02,508.54,509.76,504.02,506.96,,,,
2017-11-03,506.96,510.04,506.06,508.14,,,,
2017-11-06,508.14,519.82,508.14,519.33,,,,
2017-11-07,519.33,520.76,515.86,518.41,,,,
2017-11-08,518.41,518.51,513.36,516.35,,,,
2017-11-09,516.35,518.61,513.51,517.84,,,,
2017-11-10,517.84,517.84,510,513.67,,,,
2017-11-13,513.67,514.25,510.43,510.88,,,,
2017-11-14,510.88,510.88,502.46,503,,,,
2017-11-15,503,503,495.51,497.09,,,,
2017-11-16,497.09,497.09,492.95,494.2,,,,
2017-11-17,494.2,497.41,493.97,496.33,,,,
2017-11-20,496.33,496.33,493.26,495.3,,,,
2017-11-21,495.3,499.13,495.3,496.41,,,,
2017-11-22,496.41,500.45,496.41,498.58,,,,
2017-11-24,498.58,501.42,498.58,499.94,,,,
2017-11-27,499.94,499.94,493.93,494.8,,,,
2017-11-28,494.8,499.48,494.8,498.87,,,,
2017-11-29,498.87,502.27,497.7,501.51,,,,
2017-11-30,501.51,509.92,501.51,509.28,,,,
2017-12-01,509.28,516.47,507.62,513.33,,,,
2017-12-04,513.33,520.87,511.51,513.18,,,,
2017-12-05,513.18,514.57,509.92,510.46,,,,
2017-12-06,510.46,511.52,503.44,503.88,,,,
2017-12-07,503.88,506.19,503.02,505.47,,,,
2017-12-08,505.47,509.81,505.43,509.77,,,,
2017-12-11,509.77,515.79,509.77,513.4,,,,
2017-12-12,513.4,515.37,511.27,511.74,,,,
2017-12-13,511.74,512.94,509.64,511.04,,,,
2017-12-14,511.04,513.02,509.34,509.38,,,,
2017-12-15,509.38,512.56,508.43,509.24,,,,
2017-12-18,509.24,515.31,509.24,512.76,,,,
2017-12-19,512.76,516.29,512.45,513.32,,,,
2017-12-20,513.32,521.23,513.32,520.38,,,,
2017-12-21,520.38,532.71,520.37,531.21,,,,
2017-12-22,531.21,534.29,529.68,532.36,,,,
2017-12-26,532.36,537.6,532.36,536.75,,,,
2017-12-27,536.75,537.01,534.01,535.03,,,,
2017-12-28,535.03,535.87,534.05,535.52,,,,
2017-12-29,535.52,536.89,533.41,533.41,,,,
2018-01-02,533.41,543.53,533.41,542.93,,,,
2018-01-03,542.93,552.56,542.93,551.22,,,,
2018-01-04,551.22,554.72,549,554.51,,,,
2018-01-05,554.51,554.66,549.63,554.41,,,,
2018-01-08,554.41,557.76,552.62,557.64,,,,
2018-01-09,557.64,558.75,555.32,555.87,,,,
2018-01-10,555.87,557.81,555.12,555.32,,,,
2018-01-11,555.32,568.46,555.32,566.56,,,,
2018-01-12,566.56,572.35,566.56,572.02,,,,
2018-01-16,572.02,572.68,563.88,564.96,,,,
2018-01-17,564.96,572.2,562.99,569.78,,,,
2018-01-18,569.78,569.78,564.47,565.24,,,,
2018-01-19,565.24,565.24,560.89,564.66,,,,
2018-01-22,564.66,576.59,564.66,576.52,,,,
2018-01-23,576.52,578.09,572.81,575.64,,,,
2018-01-24,575.64,579.19,572.31,574.21,,,,
2018-01-25,574.21,576.1,568.88,569.76,,,,
2018-01-26,569.76,573.7,569.76,573.24,,,,
2018-01-29,573.24,573.24,563.53,564.37,,,,
2018-01-30,564.37,564.37,552.66,552.97,,,,
2018-01-31,552.97,555.42,549.63,553.45,,,,
2018-02-01,553.45,559.66,551.57,559.54,,,,
2018-02-02,559.54,559.54,532.77,536.43,,,,
2018-02-05,536.43,536.43,504.81,513.07,,,,
2018-02-06,513.07,520.32,502.28,516.52,,,,
2018-02-07,516.52,524.36,507.87,507.9,,,,
2018-02-08,507.9,510.5,492.76,492.78,,,,
2018-02-09,492.78,497.43,475.12,491.04,,,,
2018-02-12,491.04,504.52,491.04,499.15,,,,
2018-02-13,499.15,499.15,493.95,496.92,,,,
2018-02-14,496.92,505.34,491.03,503.89,,,,
2018-02-15,503.89,505.04,494.03,501.76,,,,
2018-02-16,501.76,505.17,497.65,500.52,,,,
2018-02-20,500.52,505.04,495.51,497.69,,,,
2018-02-21,497.69,500.84,489.42,489.44,,,,
2018-02-22,489.44,501.93,489.44,494.73,,,,
2018-02-23,494.73,505.94,494.73,505.59,,,,
2018-02-26,505.59,509.76,505.59,508.91,,,,
2018-02-27,508.91,513.86,502.12,502.15,,,,
2018-02-28,502.15,506.49,490.54,490.67,,,,
2018-03-01,490.67,497.39,486.26,489.87,,,,
2018-03-02,489.87,493.58,482.6,491.86,,,,
2018-03-05,491.86,498.55,489.62,497.11,,,,
2018-03-06,497.11,501.93,494.89,497.31,,,,
2018-03-07,497.31,497.31,488.63,493.18,,,,
2018-03-08,493.18,495.45,489.28,492.6,,,,
2018-03-09,492.6,502.4,492.6,502.18,,,,
2018-03-12,502.18,505.59,499.61,501.89,,,,
2018-03-13,501.89,505.75,496.3,498.27,,,,
2018-03-14,498.27,501.34,494.23,495.04,,,,
2018-03-15,495.04,499.22,489.25,492.95,,,,
2018-03-16,492.95,499.34,492.26,497.93,,,,
2018-03-19,497.93,497.93,486.89,489.5,,,,
2018-03-20,489.5,496.93,489.5,493.61,,,,
2018-03-21,493.61,509.72,493.61,506.58,,,,
2018-03-22,506.58,506.58,495.32,496.27,,,,
2018-03-23,496.27,504.39,492.18,493.31,,,,
2018-03-26,493.31,502.79,493.31,502.07,,,,
2018-03-27,502.07,506.36,494.81,497.67,,,,
2018-03-28,497.67,499.33,487.17,487.78,,,,
2018-03-29,487.78,500.1,487.78,498.29,,,,
2018-04-02,498.29,498.29,479.9,488.35,,,,
2018-04-03,488.35,499.09,485.49,498.79,,,,
2018-04-04,498.79,499.07,487.79,498.1,,,,
2018-04-05,498.1,510.04,498.1,507.14,,,,
2018-04-06,507.14,507.14,491.28,497.8,,,,
2018-04-09,497.8,506.49,497.8,500.13,,,,
2018-04-10,500.13,520.74,500.13,516.73,,,,
2018-04-11,516.73,523.2,515.38,522.11,,,,
2018-04-12,522.11,526.04,520.22,522.08,,,,
2018-04-13,522.08,529.74,522.08,527.75,,,,
2018-04-16,527.75,535.48,526.2,533.1,,,,
2018-04-17,533.1,537.56,531.59,535.23,,,,
2018-04-18,535.23,548.26,535.23,543.5,,,,
2018-04-19,543.5,548.11,540.91,544.26,,,,
2018-04-20,544.26,544.26,538.05,541.48,,,,
2018-04-23,541.48,544.78,536.95,544.78,,,,
2018-04-24,544.78,549.85,536.05,538.93,,,,
2018-04-25,538.93,543.99,533.92,543.32,,,,
2018-04-26,543.32,551.66,543.32,551.49,,,,
2018-04-27,551.49,551.49,542.74,544.78,,,,
2018-04-30,544.78,550.85,544.19,544.56,,,,
2018-05-01,544.56,544.56,534.67,541.54,,,,
2018-05-02,541.54,547.75,539.92,543.68,,,,
2018-05-03,543.68,543.68,535.1,542.41,,,,
2018-05-04,542.41,546.9,538.56,544.84,,,,
2018-05-07,544.84,557.66,544.74,545.84,,,,
2018-05-08,545.84,550.19,536.4,550.1,,,,
2018-05-09,550.1,567.34,550.1,561.29,,,,
2018-05-10,561.29,566.95,561.14,565.87,,,,
2018-05-11,565.87,568.92,563.9,565.28,,,,
2018-05-14,565.28,571.67,565.28,568.85,,,,
2018-05-15,568.85,569.93,564.75,568.92,,,,
2018-05-16,568.92,571.2,565.29,571.02,,,,
2018-05-17,571.02,579.21,571.02,578.51,,,,
2018-05-18,578.51,578.51,573.46,573.85,,,,
2018-05-21,573.85,579.65,573.85,579.4,,,,
2018-05-22,579.4,583.43,570.55,571.99,,,,
2018-05-23,571.99,572.3,564.11,571.98,,,,
2018-05-24,571.98,571.98,560.05,562.44,,,,
2018-05-25,562.44,562.44,542.4,547.77,,,,
2018-05-29,547.77,549.25,540.97,546.01,,,,
2018-05-30,546.01,565.17,546.01,563.01,,,,
2018-05-31,563.01,565.06,557.4,558.35,,,,
2018-06-01,558.35,564.92,558.26,561.37,,,,
2018-06-04,561.37,567.25,554.92,556.21,,,,
2018-06-05,556.21,558.96,552.34,554.3,,,,
2018-06-06,554.3,558.77,552.54,557.43,,,,
2018-06-07,557.43,569.03,557.43,566.26,,,,
2018-06-08,566.26,567.72,561.19,565.02,,,,
2018-06-11,565.02,570.06,563.32,567.05,,,,
2018-06-12,567.05,568.83,561.56,562.79,,,,
2018-06-13,562.79,564.2,558.68,560.5,,,,
2018-06-14,560.5,564.03,558.71,559.3,,,,
2018-06-15,559.3,559.3,546.89,547.51,,,,
2018-06-18,547.51,557.09,546.91,553.66,,,,
2018-06-19,553.66,554.26,545.46,552.17,,,,
2018-06-20,552.17,556.48,550.23,554.52,,,,
2018-06-21,554.52,554.52,541.83,543.84,,,,
2018-06-22,543.84,561.29,543.84,555.82,,,,
2018-06-25,555.82,555.82,540.58,543.6,,,,
2018-06-26,543.6,553.1,543.6,551.2,,,,
2018-06-27,551.2,565.33,551.2,558.58,,,,
2018-06-28,558.58,561.21,553.66,557.93,,,,
2018-06-29,557.93,567.32,557.93,561.54,,,,
2018-07-02,561.54,561.54,550.25,552.86,,,,
2018-07-03,552.86,565.35,552.86,556.84,,,,
2018-07-05,556.84,561.88,554.55,555.97,,,,
2018-07-06,555.97,561.14,551.75,559.67,,,,
2018-07-09,559.67,568.42,559.67,567.93,,,,
2018-07-10,567.93,576.58,567.93,572.13,,,,
2018-07-11,572.13,572.13,556.29,559.84,,,,
2018-07-12,559.84,564.33,557.1,560.96,,,,
2018-07-13,560.96,567.39,560.5,564.08,,,,
2018-07-16,564.08,564.08,552.67,557.42,,,,
2018-07-17,557.42,558.27,552.18,555.3,,,,
2018-07-18,555.3,556.46,547.23,555.47,,,,
2018-07-19,555.47,557.97,553.47,555.37,,,,
2018-07-20,555.37,556.66,551.85,553.41,,,,
2018-07-23,553.41,555.32,550.38,551.23,,,,
2018-07-24,551.23,561.52,551.23,558.48,,,,
2018-07-25,558.48,564.29,556.37,563.52,,,,
2018-07-26,563.52,569.92,563.23,569.12,,,,
2018-07-27,569.12,569.2,562.2,566.22,,,,
2018-07-30,566.22,572.93,566.22,570.98,,,,
2018-07-31,570.98,573.15,568.47,569.16,,,,
2018-08-01,569.16,569.16,558.87,561.58,,,,
2018-08-02,561.58,561.58,554.19,558.66,,,,
2018-08-03,558.66,558.66,553,556.06,,,,
2018-08-06,556.06,560.3,554.09,557.93,,,,
2018-08-07,557.93,565.09,557.93,561.93,,,,
2018-08-08,561.93,561.93,554.47,557.65,,,,
2018-08-09,557.65,559.18,551.88,552.7,,,,
2018-08-10,552.7,554.48,549.01,554.18,,,,
2018-08-13,554.18,555.44,547.34,547.44,,,,
2018-08-14,547.44,552.51,546.79,548.87,,,,
2018-08-15,548.87,548.87,528.23,529.59,,,,
2018-08-16,529.59,535.73,529.59,532.85,,,,
2018-08-17,532.85,535.53,532.2,534.27,,,,
2018-08-20,534.27,539.5,534.01,537.8,,,,
2018-08-21,537.8,544.69,537.8,540.46,,,,
2018-08-22,540.46,548.53,540.46,546.93,,,,
2018-08-23,546.93,546.93,542.11,544.07,,,,
2018-08-24,544.07,551.46,544.07,548.4,,,,
2018-08-27,548.4,552.93,548.4,552.44,,,,
2018-08-28,552.44,555.58,549.54,549.94,,,,
2018-08-29,549.94,555.66,549.94,553.39,,,,
2018-08-30,553.39,554.27,548.98,551.63,,,,
2018-08-31,551.63,551.63,545.32,547.58,,,,
2018-09-04,547.58,550.21,544.01,546.02,,,,
2018-09-05,546.02,546.02,538.23,545.58,,,,
2018-09-06,545.58,545.58,533.85,535.06,,,,
2018-09-07,535.06,535.96,527.36,534.93,,,,
2018-09-10,534.93,540.06,534.74,534.83,,,,
2018-09-11,534.83,543.03,532.91,540.06,,,,
2018-09-12,540.06,548.11,540.06,542.82,,,,
2018-09-13,542.82,543.94,538.28,542.83,,,,
2018-09-14,542.83,547.84,542.83,545.87,,,,
2018-09-17,545.87,550.42,545.6,546.77,,,,
2018-09-18,546.77,554.14,546.77,550.58,,,,
2018-09-19,550.58,554.51,550.39,552.68,,,,
2018-09-20,552.68,556.91,551.91,552.36,,,,
2018-09-21,552.36,557.99,551.48,556.34,,,,
2018-09-24,556.34,566.65,556.34,564.51,,,,
2018-09-25,564.51,570.35,564.51,567.74,,,,
2018-09-26,567.74,567.74,561.64,562.11,,,,
2018-09-27,562.11,565.28,560.97,562.37,,,,
2018-09-28,562.37,566.74,559.55,560.91,,,,
2018-10-01,560.91,570.87,560.91,569.13,,,,
2018-10-02,569.13,571.39,565.51,569.86,,,,
2018-10-03,569.86,575.65,569.86,574.55,,,,
2018-10-04,574.55,575.42,568.3,571.61,,,,
2018-10-05,571.61,573.23,568.01,571.36,,,,
2018-10-08,571.36,572.03,565.2,571.09,,,,
2018-10-09,571.09,580.35,570.64,576.72,,,,
2018-10-10,576.72,578.06,555.93,556.04,,,,
2018-10-11,556.04,556.04,535.38,538.87,,,,
2018-10-12,538.87,545.77,532.44,540.51,,,,
2018-10-15,540.51,542.59,536.07,536.08,,,,
2018-10-16,536.08,541.25,535.64,540.77,,,,
2018-10-17,540.77,541.02,532.57,537.01,,,,
2018-10-18,537.01,539.4,531.34,534.41,,,,
2018-10-19,534.41,537.89,529.76,530.02,,,,
2018-10-22,530.02,530.55,520.94,524.19,,,,
2018-10-23,524.19,524.19,503.28,510.17,,,,
2018-10-24,510.17,512.45,490.36,490.83,,,,
2018-10-25,490.83,501.36,490.83,496.47,,,,
2018-10-26,496.47,498.66,484.71,492.59,,,,
2018-10-29,492.59,496.83,477.33,483.31,,,,
2018-10-30,483.31,495.65,482.11,494.41,,,,
2018-10-31,494.41,505.69,494.41,497.37,,,,
2018-11-01,497.37,503.95,493.46,501.52,,,,
2018-11-02,501.52,510.67,495.32,500.99,,,,
2018-11-05,500.99,510.53,500.99,509.06,,,,
2018-11-06,509.06,511.83,505.07,510.77,,,,
2018-11-07,510.77,520.62,510.77,519,,,,
2018-11-08,519,520.88,506.21,507.56,,,,
2018-11-09,507.56,508.93,497.16,505.68,,,,
2018-11-12,505.68,511.05,494.27,494.86,,,,
2018-11-13,494.86,496.23,481.3,483.03,,,,
2018-11-14,483.03,492.92,478.52,482.52,,,,
2018-11-15,482.52,489.69,474.84,489.65,,,,
2018-11-16,489.65,496.4,489.63,495.03,,,,
2018-11-19,495.03,496.47,490.24,494.55,,,,
2018-11-20,494.55,494.55,474.73,478.27,,,,
2018-11-21,478.27,490.84,478.27,485.82,,,,
2018-11-23,485.82,485.82,466.92,469.96,,,,
2018-11-26,469.96,480.7,469.96,478.03,,,,
2018-11-27,478.03,479.58,473.65,476.45,,,,
2018-11-28,476.45,484.77,472.94,484.76,,,,
2018-11-29,484.76,491.44,484.17,487.6,,,,
2018-11-30,487.6,488.01,480.95,486.42,,,,
2018-12-03,486.42,500.45,486.42,497.52,,,,
2018-12-04,497.52,499.14,482.2,482.93,,,,
2018-12-06,482.93,482.93,464.16,474.39,,,,
2018-12-07,474.39,489.95,470.5,471.34,,,,
2018-12-10,471.34,471.34,453.14,463.72,,,,
2018-12-11,463.72,471.54,458.92,463.86,,,,
2018-12-12,463.86,474.37,463.86,465.37,,,,
2018-12-13,465.37,469.62,462.27,467.05,,,,
2018-12-14,467.05,467.05,453.83,455.93,,,,
2018-12-17,455.93,458.49,444.6,447.46,,,,
2018-12-18,447.46,448.33,434.57,436.96,,,,
2018-12-19,436.96,446.95,428.26,431.5,,,,
2018-12-20,431.5,432.81,417.02,419.45,,,,
2018-12-21,419.45,426.47,412.09,415.06,,,,
2018-12-24,415.06,415.06,398.39,398.39,,,,
2018-12-26,398.39,423.28,395.14,423.26,,,,
2018-12-27,423.26,426,409.13,425.97,,,,
2018-12-28,425.97,429.04,419.63,422.16,,,,
2018-12-31,422.16,427.37,419.4,424.07,,,,
2019-01-02,424.07,435.44,416.1,432.85,,,,
2019-01-03,432.85,435.22,423.72,428.07,,,,
2019-01-04,428.07,444.2,428.07,443.41,,,,
2019-01-07,443.41,452.54,440.34,449.14,,,,
2019-01-08,449.14,456.61,449.14,452.87,,,,
2019-01-09,452.87,461.22,452.87,459.67,,,,
2019-01-10,459.67,461.46,453.9,461.17,,,,
2019-01-11,461.17,461.17,454.16,458.28,,,,
2019-01-14,458.28,458.91,453.54,457.43,,,,
2019-01-15,457.43,463,456.5,458.8,,,,
2019-01-16,458.8,461.87,456.68,458.1,,,,
2019-01-17,458.1,464.21,453.57,462.58,,,,
2019-01-18,462.58,472.83,462.58,471.53,,,,
2019-01-22,471.53,471.53,460.15,461.15,,,,
2019-01-23,461.15,463.42,452.97,456.54,,,,
2019-01-24,456.54,462.85,453.83,459.26,,,,
2019-01-25,459.26,467.41,459.26,464.69,,,,
2019-01-28,464.69,464.69,454.95,459.9,,,,
2019-01-29,459.9,464.58,459.9,461.36,,,,
2019-01-30,461.36,469.12,461.36,467.49,,,,
2019-01-31,467.49,472.73,467.22,470.81,,,,
2019-02-01,470.81,482.07,470.81,479.44,,,,
2019-02-04,479.44,480.28,472.59,480.26,,,,
2019-02-05,480.26,481.83,478.43,481.05,,,,
2019-02-06,481.05,481.05,477.2,477.37,,,,
2019-02-07,477.37,477.37,462.95,467.21,,,,
2019-02-08,467.21,467.21,455.85,463.84,,,,
2019-02-11,463.84,466.63,460.32,465.97,,,,
2019-02-12,465.97,474.11,465.97,471.49,,,,
2019-02-13,471.49,481.15,471.49,477.57,,,,
2019-02-14,477.57,481.62,474.09,478.3,,,,
2019-02-15,478.3,486.05,478.3,485.89,,,,
2019-02-19,485.89,489.17,482.66,487.3,,,,
2019-02-20,487.3,491.75,486.91,489.38,,,,
2019-02-21,489.38,489.38,480.14,481.81,,,,
2019-02-22,481.81,486.92,480.87,483.41,,,,
2019-02-25,483.41,485.74,482.61,484.13,,,,
2019-02-26,484.13,486.97,482.59,482.79,,,,
2019-02-27,482.79,489.57,482.41,484.65,,,,
2019-02-28,484.65,485.09,477.02,479.94,,,,
2019-03-01,479.94,488.68,479.94,488.65,,,,
2019-03-04,488.65,491.6,482.26,489.64,,,,
2019-03-05,489.64,489.83,484.71,488.11,,,,
2019-03-06,488.11,488.11,479.28,481.88,,,,
2019-03-07,481.88,482.28,477.15,479.13,,,,
2019-03-08,479.13,479.13,465.5,469.77,,,,
2019-03-11,469.77,478.19,469.77,476.99,,,,
2019-03-12,476.99,482.46,476.99,479.75,,,,
2019-03-13,479.75,485.12,479.75,484.96,,,,
2019-03-14,484.96,487.71,484.77,485.24,,,,
2019-03-15,485.24,486.46,483.75,484.84,,,,
2019-03-18,484.84,492.45,484.84,491.57,,,,
2019-03-19,491.57,496.64,488.46,490.15,,,,
2019-03-20,490.15,498.87,488.51,494.51,,,,
2019-03-21,494.51,498.77,492.26,497.92,,,,
2019-03-22,497.92,497.92,483.08,484.86,,,,
2019-03-25,484.86,485.66,480.53,484.83,,,,
2019-03-26,484.83,494.86,484.83,491.84,,,,
2019-03-27,491.84,493.44,484.6,488.39,,,,
2019-03-28,488.39,490.64,485.96,490.21,,,,
2019-03-29,490.21,495.95,487.87,489.45,,,,
2019-04-01,489.45,496.86,489.45,496.14,,,,
2019-04-02,496.14,497.6,491.42,492.66,,,,
2019-04-03,492.66,494.92,486.19,487.93,,,,
2019-04-04,487.93,492.4,486.05,492.11,,,,
2019-04-05,492.11,500.99,492.11,500.45,,,,
2019-04-08,500.45,505.13,500.45,502.9,,,,
2019-04-09,502.9,502.9,495.23,496.42,,,,
2019-04-10,496.42,500.52,496.42,498.51,,,,
2019-04-11,498.51,501.98,494.89,498.68,,,,
2019-04-12,498.68,504.08,498.4,499.6,,,,
2019-04-15,499.6,500.14,495.88,496.76,,,,
2019-04-16,496.76,500.68,496.76,499.94,,,,
2019-04-17,499.94,503.9,498.82,499.51,,,,
2019-04-18,499.51,501.63,495.95,496.88,,,,
2019-04-22,496.88,507.96,496.88,507.08,,,,
2019-04-23,507.08,509.02,503.68,507.26,,,,
2019-04-24,507.26,507.48,497.78,497.89,,,,
2019-04-25,497.89,500.69,495.39,496.5,,,,
2019-04-26,496.5,496.5,485.54,490.47,,,,
2019-04-29,490.47,491.62,488.13,489.24,,,,
2019-04-30,489.24,493.87,488.24,489.38,,,,
2019-05-01,489.38,490.31,478.73,478.74,,,,
2019-05-02,478.74,478.84,470.51,470.54,,,,
2019-05-03,470.54,478.57,470.54,474.5,,,,
2019-05-06,474.5,476.74,470.75,474.19,,,,
2019-05-07,474.19,474.19,465.21,471.23,,,,
2019-05-08,471.23,474.76,470.14,470.95,,,,
2019-05-09,470.95,472.76,465.03,471.27,,,,
2019-05-10,471.27,472.94,463.02,471.66,,,,
2019-05-13,471.66,471.66,461.65,464.19,,,,
2019-05-14,464.19,473.11,464.19,469.26,,,,
2019-05-15,469.26,472.46,465.1,471.42,,,,
2019-05-16,471.42,474.71,471.42,473.19,,,,
2019-05-17,473.19,473.19,467.61,468.23,,,,
2019-05-20,468.23,470.5,467.37,468.55,,,,
2019-05-21,468.55,474.84,468.55,473.58,,,,
2019-05-22,473.58,473.58,464.89,466.1,,,,
2019-05-23,466.1,466.1,448.11,451.53,,,,
2019-05-24,451.53,456.11,448.64,452.22,,,,
2019-05-28,452.22,453.5,446.95,447.24,,,,
2019-05-29,447.24,447.24,438.85,444.45,,,,
2019-05-30,444.45,444.59,437.84,439.19,,,,
2019-05-31,439.19,439.19,431.64,432.1,,,,
2019-06-03,432.13,439.18,432.13,438.01,,,,
2019-06-04,438.01,445.52,438.01,445.06,,,,
2019-06-05,445.06,445.85,437.17,440.25,,,,
2019-06-06,440.25,449.31,440.25,447.85,,,,
2019-06-07,447.85,452.3,447.85,449.69,,,,
2019-06-10,449.69,454.85,449.69,451.19,,,,
2019-06-11,451.19,456.3,451.19,451.75,,,,
2019-06-12,451.75,451.75,444.01,445.26,,,,
2019-06-13,445.26,452.67,445.26,450.81,,,,
2019-06-14,450.81,451.05,446.63,447.48,,,,
2019-06-17,447.48,452.6,445.26,451.55,,,,
2019-06-18,451.55,460.28,451.55,457.67,,,,
2019-06-19,457.67,459.52,454.58,456.65,,,,
2019-06-20,456.65,467.75,456.65,466.74,,,,
2019-06-21,466.74,472.01,466.74,470.57,,,,
2019-06-24,470.57,471.48,465.6,466.21,,,,
2019-06-25,466.21,466.21,462,462.36,,,,
2019-06-26,462.36,472.9,462.36,469.46,,,,
2019-06-27,469.46,470.53,464.99,465.73,,,,
2019-06-28,465.73,471.69,465.73,471.28,,,,
2019-07-01,471.28,478.62,470.5,471.74,,,,
2019-07-02,471.74,471.74,462.24,463.54,,,,
2019-07-03,463.54,466.49,462.19,466.33,,,,
2019-07-05,466.33,467.06,463.36,466.84,,,,
2019-07-08,466.84,469.93,464.81,467.3,,,,
2019-07-09,467.3,468.16,463.69,467.7,,,,
2019-07-10,467.7,475.32,467.7,474.26,,,,
2019-07-11,474.26,475.25,471.93,475.13,,,,
2019-07-12,475.13,478.27,475.13,476.89,,,,
2019-07-15,476.89,477.26,471.45,472.47,,,,
2019-07-16,472.47,472.47,465.47,467.15,,,,
2019-07-17,467.15,468.18,461.79,461.79,,,,
2019-07-18,461.79,462.03,457.1,461.75,,,,
2019-07-19,461.75,465.35,460.23,464.01,,,,
2019-07-22,464.01,467.38,462.26,466.07,,,,
2019-07-23,466.07,468.5,464.58,467.32,,,,
2019-07-24,467.32,472.22,466.12,469.21,,,,
2019-07-25,469.21,471.08,462.58,463.77,,,,
2019-07-26,463.77,463.91,459.74,461.46,,,,
2019-07-29,461.46,461.46,456.61,459.92,,,,
2019-07-30,459.92,465.9,457.1,464.95,,,,
2019-07-31,464.95,468.63,459.55,462.47,,,,
2019-08-01,462.47,462.47,449.88,451.93,,,,
2019-08-02,451.93,457.04,441.57,445.85,,,,
2019-08-05,445.85,445.85,429.63,432.63,,,,
2019-08-06,432.63,436.35,427.85,432.35,,,,
2019-08-07,432.35,432.35,422.48,429.08,,,,
2019-08-08,429.08,441.6,429.08,441.49,,,,
2019-08-09,441.49,442.46,434.54,435.96,,,,
2019-08-12,435.96,435.96,427.94,429.65,,,,
2019-08-13,429.65,437.69,425.78,434.15,,,,
2019-08-14,434.15,434.15,416.27,416.27,,,,
2019-08-15,416.27,416.27,409.73,414.12,,,,
2019-08-16,414.12,419.96,414.12,419.03,,,,
2019-08-19,419.03,429.29,419.03,428.01,,,,
2019-08-20,428.01,428.01,422.6,423.89,,,,
2019-08-21,423.89,429.38,423.89,427.08,,,,
2019-08-22,427.08,429.95,424.82,425.02,,,,
2019-08-23,425.02,425.02,408.5,410.68,,,,
2019-08-26,410.68,416.16,410.68,412.53,,,,
2019-08-27,412.53,416.45,407.81,409.96,,,,
2019-08-28,409.96,417.55,409.96,415.71,,,,
2019-08-29,415.71,423.4,415.71,421.74,,,,
2019-08-30,421.74,426.99,419.31,422.09,,,,
2019-09-03,422.09,422.09,413.63,419.76,,,,
2019-09-04,419.76,427.08,419.76,425.6,,,,
2019-09-05,425.6,435.23,425.6,431.01,,,,
2019-09-06,431.01,433.52,427.6,433.24,,,,
2019-09-09,433.24,442.32,433.24,441.27,,,,
2019-09-10,441.27,452.69,441.27,446.98,,,,
2019-09-11,446.98,452.28,444.4,447.08,,,,
2019-09-12,447.08,447.08,437.62,444.25,,,,
2019-09-13,444.25,449.52,444.25,447.81,,,,
2019-09-16,447.81,464.84,447.81,462.55,,,,
2019-09-17,462.55,462.55,452.83,455.54,,,,
2019-09-18,455.54,455.54,450.56,453.64,,,,
2019-09-19,453.64,457.03,451.08,451.89,,,,
2019-09-20,451.89,454.39,450.6,452.25,,,,
2019-09-23,452.25,453.81,449.03,452.76,,,,
2019-09-24,452.76,452.76,442.97,445.38,,,,
2019-09-25,445.38,446.82,442.73,446.4,,,,
2019-09-26,446.4,446.4,438.34,440.45,,,,
2019-09-27,440.45,443.75,437.43,440.45,,,,
2019-09-30,440.45,440.45,436.91,437.13,,,,
2019-10-01,437.13,440.28,427,427.07,,,,
2019-10-02,427.07,427.07,415.21,415.93,,,,
2019-10-03,415.93,421.26,410.74,421.16,,,,
2019-10-04,421.16,424.26,418.44,423.76,,,,
2019-10-07,423.76,425.93,419.84,419.86,,,,
2019-10-08,419.86,419.86,412.29,412.37,,,,
2019-10-09,412.37,418.75,412.37,416.77,,,,
2019-10-10,416.77,422.92,416.77,422.11,,,,
2019-10-11,422.11,431.42,422.11,428.04,,,,
2019-10-14,428.04,428.83,423.03,427.54,,,,
2019-10-15,427.54,433.38,426.05,429.22,,,,
2019-10-16,429.22,430.37,422.76,422.81,,,,
2019-10-17,422.81,425.83,421.82,422.97,,,,
2019-10-18,422.97,425.16,420.67,420.67,,,,
2019-10-21,420.67,428.64,420.67,428.49,,,,
2019-10-22,428.49,438.62,428.42,434.1,,,,
2019-10-23,434.1,438.1,431.33,437.36,,,,
2019-10-24,437.36,440.11,433.14,435.5,,,,
2019-10-25,435.5,439.83,434.7,438.87,,,,
2019-10-28,438.87,442.54,435.39,436.14,,,,
2019-10-29,436.14,441.45,432.99,437.97,,,,
2019-10-30,437.97,438.81,427.05,428.68,,,,
2019-10-31,428.68,428.68,422.9,426.66,,,,
2019-11-01,426.66,437.56,426.66,437.36,,,,
2019-11-04,437.36,452.16,437.36,451.12,,,,
2019-11-05,451.12,455.7,450.52,453.17,,,,
2019-11-06,453.17,453.17,441.66,442.79,,,,
2019-11-07,442.79,450.76,442.79,449.78,,,,
2019-11-08,449.78,449.78,441.27,446.13,,,,
2019-11-11,446.13,446.13,440.33,443.65,,,,
2019-11-12,443.65,447.13,438.72,441.05,,,,
2019-11-13,441.05,441.05,437.25,438.79,,,,
2019-11-14,438.79,441.1,436.09,437.5,,,,
2019-11-15,437.5,441.71,437.5,440.43,,,,
2019-11-18,440.43,440.43,433.01,434.57,,,,
2019-11-19,434.57,434.57,427.71,428.17,,,,
2019-11-20,428.17,435.65,425.47,432.61,,,,
2019-11-21,432.61,440.21,432.59,439.68,,,,
2019-11-22,439.68,442.53,437.7,438.15,,,,
2019-11-25,438.15,439.43,436.13,438.86,,,,
2019-11-26,438.86,438.86,433.35,434.42,,,,
2019-11-27,434.42,436.76,432.38,435.78,,,,
2019-11-29,435.78,435.78,430.07,431.37,,,,
2019-12-02,431.37,435.86,431.23,431.49,,,,
2019-12-03,431.49,431.49,423.57,424.81,,,,
2019-12-04,424.81,432.73,424.81,431.48,,,,
2019-12-05,431.48,433.66,428.04,429.34,,,,
2019-12-06,429.34,438.85,429.34,437.91,,,,
2019-12-09,437.91,438.91,433.93,436.83,,,,
2019-12-10,436.83,439.21,435.6,437.49,,,,
2019-12-11,437.49,439.81,435.96,436.81,,,,
2019-12-12,436.81,446.14,436.79,445.4,,,,
2019-12-13,445.4,448.92,440.99,441.35,,,,
2019-12-16,441.35,448.68,441.35,447.64,,,,
2019-12-17,447.64,451.24,445.6,447.47,,,,
2019-12-18,447.47,451.65,446.73,448.83,,,,
2019-12-19,448.83,449.95,447.83,448.55,,,,
2019-12-20,448.55,453.32,448.55,452.48,,,,
2019-12-23,452.48,457.63,451.67,457.28,,,,
2019-12-24,457.28,459.03,456.27,457.06,,,,
2019-12-26,457.06,460.55,456.38,457.11,,,,
2019-12-27,457.11,458.76,454.83,454.96,,,,
2019-12-30,454.96,457.58,452.99,453.39,,,,
2019-12-31,453.39,456.55,449.95,456.46,,,,
2020-01-02,456.46,460.93,456.46,460.34,,,,
2020-01-03,460.34,465.54,456.81,458.77,,,,
2020-01-06,458.77,464.81,458.77,462.34,,,,
2020-01-07,462.34,462.34,455.75,461.39,,,,
2020-01-08,461.39,461.39,452.84,453.36,,,,
2020-01-09,453.36,457.19,447.94,456.79,,,,
2020-01-10,456.79,456.79,453.6,453.87,,,,
2020-01-13,453.87,455.66,451.23,454.25,,,,
2020-01-14,454.25,454.76,450.42,454.26,,,,
2020-01-15,454.26,454.26,449.74,451.21,,,,
2020-01-16,451.21,455,451.21,451.74,,,,
2020-01-17,451.74,453.19,448.09,448.77,,,,
2020-01-21,448.77,448.77,440.1,440.32,,,,
2020-01-22,440.32,440.32,435.38,436.39,,,,
2020-01-23,436.39,436.39,428.72,434.81,,,,
2020-01-24,434.81,434.81,426.7,429.71,,,,
2020-01-27,429.71,429.71,417.65,417.87,,,,
2020-01-28,417.87,422.35,417.87,419.59,,,,
2020-01-29,419.59,423.58,414.99,415.12,,,,
2020-01-30,415.12,419.21,410.14,418.79,,,,
2020-01-31,418.79,418.79,403.32,405.45,,,,
2020-02-03,405.45,405.45,398.56,400.02,,,,
2020-02-04,400.02,408.57,400.02,400.81,,,,
2020-02-05,400.81,417.25,400.81,415.97,,,,
2020-02-06,415.97,417.44,410.91,411.64,,,,
2020-02-07,411.64,411.64,406.72,408.55,,,,
2020-02-10,408.55,408.55,402.79,405.24,,,,
2020-02-11,405.24,410.89,405.24,409.47,,,,
2020-02-12,409.47,417.2,409.47,415.03,,,,
2020-02-13,415.03,415.74,410.97,413.15,,,,
2020-02-14,413.15,413.71,407.53,409.82,,,,
2020-02-18,409.82,409.82,402.65,406.42,,,,
2020-02-19,406.42,413.29,406.42,411.79,,,,
2020-02-20,411.79,415.68,410.06,411.11,,,,
2020-02-21,411.11,411.11,402.89,405.93,,,,
2020-02-24,405.93,405.93,386.34,386.7,,,,
2020-02-25,386.7,388.52,367.92,369.92,,,,
2020-02-26,369.92,373.2,358.94,358.94,,,,
2020-02-27,358.94,358.94,339.2,339.3,,,,
2020-02-28,339.3,343.55,325.99,343.53,,,,
2020-03-02,343.53,353.75,336.99,353.68,,,,
2020-03-03,353.68,359.75,338.67,342.64,,,,
2020-03-04,342.64,350.45,342.33,350.25,,,,
2020-03-05,350.25,350.25,331.75,337.59,,,,
2020-03-06,337.59,337.59,314.02,318.64,,,,
2020-03-09,318.64,318.64,253.12,254.65,,,,
2020-03-10,254.65,275.5,250.7,267.37,,,,
2020-03-11,267.37,267.37,249.13,252.77,,,,
2020-03-12,252.77,252.77,220.68,221.69,,,,
2020-03-13,221.69,241.29,215.83,241.29,,,,
2020-03-16,241.29,241.29,207.53,208.41,,,,
2020-03-17,208.41,218.92,202.11,209.92,,,,
2020-03-18,209.92,209.92,172.45,179.94,,,,
2020-03-19,179.94,193.26,173.18,192.08,,,,
2020-03-20,192.08,201.48,186.26,193.93,,,,
2020-03-23,193.93,193.93,178.04,181.03,,,,
2020-03-24,181.03,211.68,181.03,210.56,,,,
2020-03-25,210.56,230.58,205.83,220.02,,,,
2020-03-26,220.02,237.74,219.72,233.76,,,,
2020-03-27,233.76,233.76,216.33,217.56,,,,
2020-03-30,217.56,221.96,208.26,219.81,,,,
2020-03-31,219.81,230.63,219.05,223.4,,,,
2020-04-01,223.4,223.4,209.97,213.04,,,,
2020-04-02,213.04,243.25,213.04,232.37,,,,
2020-04-03,232.37,241.06,223.16,229.26,,,,
2020-04-06,229.26,242.79,229.26,241.07,,,,
2020-04-07,241.07,259.47,241.07,245.9,,,,
2020-04-08,245.9,263.14,245.9,262.46,,,,
2020-04-09,262.46,279,250.05,259.63,,,,
2020-04-13,259.63,268.77,254.61,258.57,,,,
2020-04-14,258.57,263.15,256.06,257.37,,,,
2020-04-15,257.37,257.37,237.91,245.34,,,,
2020-04-16,245.34,245.34,235.05,235.59,,,,
2020-04-17,235.59,260.55,235.59,260.17,,,,
2020-04-20,260.17,260.88,243.82,251.6,,,,
2020-04-21,251.6,252.04,240.46,247.38,,,,
2020-04-22,247.38,259.73,247.38,256.24,,,,
2020-04-23,256.24,270.25,256.24,263.96,,,,
2020-04-24,263.96,271.33,260.69,264.51,,,,
2020-04-27,264.51,272.15,256.89,270.07,,,,
2020-04-28,270.07,278.05,270.04,275.99,,,,
2020-04-29,275.99,296.97,275.99,296.28,,,,
2020-04-30,296.28,296.76,285.58,289.65,,,,
2020-05-01,289.65,289.65,270.04,272.28,,,,
2020-05-04,272.28,282.47,266.99,282.38,,,,
2020-05-05,282.38,296.21,281.96,283.12,,,,
2020-05-06,283.12,286.36,275.43,275.67,,,,
2020-05-07,275.67,287.88,275.67,282.49,,,,
2020-05-08,282.49,294.88,282.49,294.75,,,,
2020-05-11,294.75,294.75,288.54,289.78,,,,
2020-05-12,289.78,291.55,282.93,282.93,,,,
2020-05-13,282.93,282.93,268.32,270.52,,,,
2020-05-14,270.52,275.68,259.46,273.07,,,,
2020-05-15,273.07,278.71,270.02,272.31,,,,
2020-05-18,272.31,294.7,272.31,292.87,,,,
2020-05-19,292.87,292.98,284.36,284.4,,,,
2020-05-20,284.4,296.11,284.4,295.26,,,,
2020-05-21,295.26,297.7,288.76,290.88,,,,
2020-05-22,290.88,290.88,283.17,288.94,,,,
2020-05-26,288.94,300.05,288.94,297.34,,,,
2020-05-27,297.34,303.18,292.7,300.79,,,,
2020-05-28,300.79,301.3,291.02,292.04,,,,
2020-05-29,292.04,293.39,285.33,291.59,,,,
2020-06-01,291.59,298.04,287.2,296.5,,,,
2020-06-02,296.5,304.72,296.5,304.37,,,,
2020-06-03,304.37,314.83,304.37,313.65,,,,
2020-06-04,313.65,314.34,307.36,313.17,,,,
2020-06-05,313.17,339.33,313.17,336.52,,,,
2020-06-08,336.52,351.11,336.52,351.06,,,,
2020-06-09,351.06,351.06,334.02,338.46,,,,
2020-06-10,338.46,338.46,321.81,321.81,,,,
2020-06-11,321.81,321.81,290.91,291.39,,,,
2020-06-12,291.39,306.81,291.19,299.28,,,,
2020-06-15,299.28,302.76,283.6,299.54,,,,
2020-06-16,299.54,314.21,299.54,307.99,,,,
2020-06-17,307.99,307.99,297.85,297.89,,,,
2020-06-18,297.89,304.48,293.12,301.45,,,,
2020-06-19,301.45,310.53,296.4,296.4,,,,
2020-06-22,296.4,298.94,291.79,298.27,,,,
2020-06-23,298.27,303.25,297.56,298.5,,,,
2020-06-24,298.5,298.5,280.34,281.97,,,,
2020-06-25,281.97,288.36,278.18,287.39,,,,
2020-06-26,287.39,287.39,276.29,277.3,,,,
2020-06-29,277.3,283.59,276.95,281.26,,,,
2020-06-30,281.26,289.17,276.11,287.46,,,,
2020-07-01,287.46,292.49,280.16,280.3,,,,
2020-07-02,280.3,290.14,280.3,283.46,,,,
2020-07-06,283.46,290.23,281.08,284.51,,,,
2020-07-07,284.51,284.51,275.12,275.46,,,,
2020-07-08,275.46,279.85,273.24,275.17,,,,
2020-07-09,275.17,275.17,261.64,261.81,,,,
2020-07-10,261.81,270.52,260.78,270.32,,,,
2020-07-13,270.32,273.79,266.88,268.87,,,,
2020-07-14,268.87,278.95,266.48,278.56,,,,
2020-07-15,278.56,286.11,278.56,284.02,,,,
2020-07-16,284.02,286.25,278.67,282.57,,,,
2020-07-17,282.57,286.35,277.27,278.27,,,,
2020-07-20,278.27,280.39,273.45,273.46,,,,
2020-07-21,273.46,292.24,273.46,290.28,,,,
2020-07-22,290.28,290.28,282.44,286.39,,,,
2020-07-23,286.39,287.26,282.39,285.79,,,,
2020-07-24,285.79,290.08,283.26,284.11,,,,
2020-07-27,284.11,285.88,280.47,284.71,,,,
2020-07-28,284.71,285.62,279.18,279.73,,,,
2020-07-29,279.73,285.74,278.78,285.7,,,,
2020-07-30,285.7,285.7,271.68,273.99,,,,
2020-07-31,273.99,273.99,266.58,272.09,,,,
2020-08-03,272.09,274.29,269.88,272.81,,,,
2020-08-04,272.81,280.16,271.88,279.51,,,,
2020-08-05,279.51,285.83,279.51,282.46,,,,
2020-08-06,282.46,283.45,279.4,280.45,,,,
2020-08-07,280.45,281.2,274.77,280.59,,,,
2020-08-10,280.59,289.35,280.59,289.24,,,,
2020-08-11,289.24,298.49,287.31,288.55,,,,
2020-08-12,288.55,293.31,287,290.07,,,,
2020-08-13,290.07,290.07,283.78,284.31,,,,
2020-08-14,284.31,287.3,281.16,286.99,,,,
2020-08-17,286.99,286.99,283.49,285.18,,,,
2020-08-18,285.18,285.73,279.6,280.29,,,,
2020-08-19,280.29,281.42,276.34,277.05,,,,
2020-08-20,277.05,277.05,271.15,271.15,,,,
2020-08-21,271.15,271.15,267.01,269.45,,,,
2020-08-24,269.45,278.71,269.45,276.87,,,,
2020-08-25,276.87,278.5,271.65,272.94,,,,
2020-08-26,272.94,272.94,266.71,266.85,,,,
2020-08-27,266.85,269.13,264.15,267.52,,,,
2020-08-28,267.52,272.94,267.1,272.48,,,,
2020-08-31,272.48,272.76,266.44,266.5,,,,
2020-09-01,266.5,266.5,261.13,264.05,,,,
2020-09-02,264.05,265.76,261.36,262.95,,,,
2020-09-03,262.95,267.82,259.48,261.18,,,,
2020-09-04,261.18,265.48,257.11,260.32,,,,
2020-09-08,260.32,260.32,247.85,250.67,,,,
2020-09-09,250.67,255.07,250.67,252.21,,,,
2020-09-10,252.21,253.19,242.89,242.96,,,,
2020-09-11,242.96,245.02,241.46,243.58,,,,
2020-09-14,243.58,247.21,242.3,245.09,,,,
2020-09-15,245.09,248.94,242.58,243.22,,,,
2020-09-16,243.22,256.27,243.22,253.06,,,,
2020-09-17,253.06,253.67,246.57,253.58,,,,
2020-09-18,253.58,253.58,248.11,250.65,,,,
2020-09-21,250.65,250.65,238.44,242.45,,,,
2020-09-22,242.45,246.34,239.53,239.96,,,,
2020-09-23,239.96,241.58,228.93,229.05,,,,
2020-09-24,229.05,233.26,224.26,229.24,,,,
2020-09-25,229.24,230.81,225.54,229.09,,,,
2020-09-28,229.09,237.02,229.09,234.42,,,,
2020-09-29,234.42,234.42,225.63,228.03,,,,
2020-09-30,228.03,231.87,226.25,227.49,,,,
2020-10-01,227.49,227.49,219.05,220.36,,,,
2020-10-02,220.36,224.28,214.35,222.55,,,,
2020-10-05,222.55,229.05,222.55,229.05,,,,
2020-10-06,229.05,233.64,225.19,225.56,,,,
2020-10-07,225.56,229.39,224.39,228.82,,,,
2020-10-08,228.82,237.64,228.82,237.46,,,,
2020-10-09,237.46,240.14,233.34,233.68,,,,
2020-10-12,233.68,235.16,230.57,234.41,,,,
2020-10-13,234.41,235.67,230.05,230.76,,,,
2020-10-14,230.76,236.81,230.76,231.47,,,,
2020-10-15,231.47,234.27,225.54,234.18,,,,
2020-10-16,234.18,234.18,228.58,228.78,,,,
2020-10-19,228.78,230.81,223.85,223.97,,,,
2020-10-20,223.97,228.39,223.75,226.51,,,,
2020-10-21,226.51,226.51,221.99,222.01,,,,
2020-10-22,222.01,231.62,221.13,231.24,,,,
2020-10-23,231.24,233.84,227.39,229.96,,,,
2020-10-26,229.96,229.96,219.76,221.99,,,,
2020-10-27,221.99,221.99,218.56,218.92,,,,
2020-10-28,218.92,218.92,208.74,209.69,,,,
2020-10-29,209.69,217.07,204.51,216.41,,,,
2020-10-30,216.41,217.17,211.94,216.82,,,,
2020-11-02,216.82,227.45,215.95,224.77,,,,
2020-11-03,224.77,228.43,221.2,223.09,,,,
2020-11-04,223.09,228.8,217.69,223.45,,,,
2020-11-05,223.45,227.92,223.26,223.36,,,,
2020-11-06,223.36,226.64,217.78,218.58,,,,
2020-11-09,218.58,254.94,218.58,249.67,,,,
2020-11-10,249.67,256.04,247.72,255.97,,,,
2020-11-11,255.97,258.86,251.46,253.82,,,,
2020-11-12,253.82,253.82,243.03,245.21,,,,
2020-11-13,245.21,255.59,245.21,254.55,,,,
2020-11-16,254.55,271.47,254.55,271.09,,,,
2020-11-17,271.09,272.62,262.85,272.44,,,,
2020-11-18,272.44,275.69,264.58,264.6,,,,
2020-11-19,264.6,269.29,260.02,268.65,,,,
2020-11-20,268.65,269.3,265.56,267.24,,,,
2020-11-23,267.24,286.58,267.24,286.18,,,,
2020-11-24,286.18,301.7,286.18,300.95,,,,
2020-11-25,300.95,300.95,292.42,293.66,,,,
2020-11-27,293.66,294.53,288.01,289.99,,,,
2020-11-30,289.99,289.99,273.82,274.42,,,,
2020-12-01,274.42,283.3,274.42,275.62,,,,
2020-12-02,275.62,288.69,273.78,284.3,,,,
2020-12-03,284.3,290.82,282.74,287.34,,,,
2020-12-04,287.34,302.96,287.34,302.94,,,,
2020-12-07,302.94,302.94,293.21,295.55,,,,
2020-12-08,295.55,303.1,292.51,300.19,,,,
2020-12-09,300.19,308.02,297.24,301.14,,,,
2020-12-10,301.14,313.4,300.36,309.95,,,,
2020-12-11,309.95,309.95,302.24,306.38,,,,
2020-12-14,306.38,310.85,294.71,295.55,,,,
2020-12-15,295.55,302.74,294.54,301.23,,,,
2020-12-16,301.23,303.29,297.9,300.04,,,,
2020-12-17,300.04,302.61,296.93,298.33,,,,
2020-12-18,298.33,299.61,291.33,293.33,,,,
2020-12-21,293.33,293.33,279.67,288.06,,,,
2020-12-22,288.06,288.22,282.8,283.04,,,,
2020-12-23,283.04,293.23,283.04,289.2,,,,
2020-12-24,289.2,289.2,284.95,287.38,,,,
2020-12-28,287.38,292.42,285.09,285.82,,,,
2020-12-29,285.82,288.53,282.78,283.93,,,,
2020-12-30,283.93,291.15,283.57,288.48,,,,
2020-12-31,288.48,288.48,284.8,286.14,,,,
2021-01-04,286.14,291.67,283.3,286.5,,,,
2021-01-05,286.5,307.14,286.5,299.49,,,,
2021-01-06,299.49,311.37,299.49,308.45,,,,
2021-01-07,308.45,316.1,308.13,313.06,,,,
2021-01-08,313.06,316.9,310.37,312.78,,,,
2021-01-11,312.78,319.02,304.6,317.86,,,,
2021-01-12,317.86,330.47,317.86,328.98,,,,
2021-01-13,328.98,329.45,323.89,326.33,,,,
2021-01-14,326.33,339.85,326.33,336.14,,,,
2021-01-15,336.14,336.14,319.73,322.58,,,,
2021-01-19,322.58,331.39,322.58,329.3,,,,
2021-01-20,329.3,332.61,327.31,330.47,,,,
2021-01-21,330.47,330.47,316.2,319.12,,,,
2021-01-22,319.12,319.12,309.71,317.54,,,,
2021-01-25,317.54,317.54,308.56,314.17,,,,
2021-01-26,314.17,321.54,307.47,307.5,,,,
2021-01-27,307.5,311.64,298.22,303.22,,,,
2021-01-28,303.22,310.51,303.15,306.92,,,,
2021-01-29,306.92,306.92,295.34,296.52,,,,
2021-02-01,296.52,301.45,293.59,298.59,,,,
2021-02-02,298.59,309,298.59,301.85,,,,
2021-02-03,301.85,315.49,301.85,314.75,,,,
2021-02-04,314.75,318.25,311.48,318.16,,,,
2021-02-05,318.16,324.33,318.16,321.1,,,,
2021-02-08,321.1,336.1,321.1,334.5,,,,
2021-02-09,334.5,334.5,325.28,329.41,,,,
2021-02-10,329.41,335.9,328.52,335.48,,,,
2021-02-11,335.48,335.48,323.34,330.36,,,,
2021-02-12,330.36,335.38,327.33,334.99,,,,
2021-02-16,334.99,346.17,334.99,342.57,,,,
2021-02-17,342.57,349.68,341.02,347.55,,,,
2021-02-18,347.55,347.55,338.81,339.66,,,,
2021-02-19,339.66,346.43,339.61,345.23,,,,
2021-02-22,345.23,362.24,345.23,357.22,,,,
2021-02-23,357.22,364.2,348.27,362.97,,,,
2021-02-24,362.97,378.11,362.47,376.2,,,,
2021-02-25,376.2,379.3,366.33,368.66,,,,
2021-02-26,368.66,368.66,349.88,360.19,,,,
2021-03-01,360.19,374.61,360.19,369.47,,,,
2021-03-02,369.47,373.58,367.12,367.31,,,,
2021-03-03,367.31,381.19,367.31,372.55,,,,
2021-03-04,372.55,388.64,372.55,381.76,,,,
2021-03-05,381.76,397.18,381.76,396.54,,,,
2021-03-08,396.54,402.05,391.35,397.13,,,,
2021-03-09,397.13,400.56,387.92,389.54,,,,
2021-03-10,389.54,401.39,389.01,399.8,,,,
2021-03-11,399.8,406.81,399.28,400.11,,,,
2021-03-12,400.11,404.35,397.84,400.82,,,,
2021-03-15,400.82,400.82,391.28,395.81,,,,
2021-03-16,395.81,395.81,382.39,384.62,,,,
2021-03-17,384.62,389.49,380.45,388.23,,,,
2021-03-18,388.23,388.23,368.64,370.06,,,,
2021-03-19,370.06,376.16,365.24,370.11,,,,
2021-03-22,370.11,370.63,365.91,366.39,,,,
2021-03-23,366.39,369.3,356.95,361.4,,,,
2021-03-24,361.4,375.29,361.4,370.51,,,,
2021-03-25,370.51,372.77,358.47,371.44,,,,
2021-03-26,371.44,381.49,371.44,381.18,,,,
2021-03-29,381.18,381.18,371.93,376.37,,,,
2021-03-30,376.37,377,370.42,373.35,,,,
2021-03-31,373.35,373.82,369.07,369.89,,,,
2021-04-01,369.89,379.77,369.89,379.71,,,,
2021-04-05,379.71,379.71,368.6,370.57,,,,
2021-04-06,370.57,377.47,369.24,369.6,,,,
2021-04-07,369.6,372.77,368.63,371.23,,,,
2021-04-08,371.23,371.23,362.16,366.17,,,,
2021-04-09,366.17,369.25,362.24,364.35,,,,
2021-04-12,364.35,369.59,359.86,360.91,,,,
2021-04-13,360.91,363.37,357.94,361.26,,,,
2021-04-14,361.26,376.4,361.26,371.78,,,,
2021-04-15,371.78,371.78,367.04,368.5,,,,
2021-04-16,368.5,371.96,364.07,365.19,,,,
2021-04-19,365.19,368.8,361.58,364.98,,,,
2021-04-20,364.98,364.98,351.83,355.26,,,,
2021-04-21,355.26,361.14,349.33,360.5,,,,
2021-04-22,360.5,361.13,354.69,355.42,,,,
2021-04-23,355.42,360.25,353.97,358.74,,,,
2021-04-26,358.74,363.71,358.2,361.03,,,,
2021-04-27,361.03,366.81,360.98,365.57,,,,
2021-04-28,365.57,379.38,365.57,377.8,,,,
2021-04-29,377.8,386.6,377.46,381.98,,,,
2021-04-30,381.98,381.98,371.27,371.6,,,,
2021-05-03,371.6,383.19,371.6,382.43,,,,
2021-05-04,382.43,385.66,378.34,382.51,,,,
2021-05-05,382.51,396.35,382.51,395.24,,,,
2021-05-06,395.24,397.23,387.87,397.15,,,,
2021-05-07,397.15,405.02,392.03,404.65,,,,
2021-05-10,404.65,415.73,404.34,404.45,,,,
2021-05-11,404.45,404.45,390.97,394.09,,,,
2021-05-12,394.09,405.98,392.69,394.33,,,,
2021-05-13,394.33,396.42,384.24,389.01,,,,
2021-05-14,389.01,402.62,389.01,401.29,,,,
2021-05-17,401.29,410.66,399.3,410.53,,,,
2021-05-18,410.53,410.81,399.13,399.72,,,,
2021-05-19,399.72,399.72,384.66,389.63,,,,
2021-05-20,389.63,390.94,383.89,389.17,,,,
2021-05-21,389.17,395.53,389.17,389.91,,,,
2021-05-24,389.91,394.67,388.29,393.76,,,,
2021-05-25,393.76,393.76,385.13,385.73,,,,
2021-05-26,385.73,390.5,384.31,389.32,,,,
2021-05-27,389.32,394.19,387.05,389.54,,,,
2021-05-28,389.54,391.44,388,389.82,,,,
2021-06-01,389.82,405.73,389.82,405.14,,,,
2021-06-02,405.14,414.11,402.68,412.19,,,,
2021-06-03,412.19,415.63,408.17,413.47,,,,
2021-06-04,413.47,417.76,410.09,415.85,,,,
2021-06-07,415.85,418.44,413.72,414.25,,,,
2021-06-08,414.25,418.81,408.19,417.89,,,,
2021-06-09,417.89,421.03,415.42,415.56,,,,
2021-06-10,415.56,423.12,410.86,415.02,,,,
2021-06-11,415.02,418.72,413.1,413.47,,,,
2021-06-14,413.47,417.7,408.71,411.85,,,,
2021-06-15,411.85,421.03,411.85,420.34,,,,
2021-06-16,420.34,422.76,414.42,418.31,,,,
2021-06-17,418.31,420.41,398.6,403.71,,,,
2021-06-18,403.71,403.71,391.77,391.92,,,,
2021-06-21,391.92,409.4,391.92,408.73,,,,
2021-06-22,408.73,413.17,403.58,411.46,,,,
2021-06-23,411.46,419.92,411.46,412.55,,,,
2021-06-24,412.55,416.47,410.76,416.07,,,,
2021-06-25,416.07,418.44,414.98,418.03,,,,
2021-06-28,418.03,418.03,402.75,404.13,,,,
2021-06-29,404.13,408.8,401.81,402.1,,,,
2021-06-30,402.1,408.39,402.1,407.37,,,,
2021-07-01,407.37,417.85,407.37,414.36,,,,
2021-07-02,414.36,414.95,409.28,413.52,,,,
2021-07-06,413.52,413.52,398.71,400.28,,,,
2021-07-07,400.28,403.26,389.48,393.37,,,,
2021-07-08,393.37,395.12,385.62,391.55,,,,
2021-07-09,391.55,400,391.55,399.42,,,,
2021-07-12,399.42,401.46,392.55,398.98,,,,
2021-07-13,398.98,399.7,393.79,396.15,,,,
2021-07-14,396.15,401.97,383.11,384.51,,,,
2021-07-15,384.51,384.96,377.55,379.08,,,,
2021-07-16,379.08,381.78,367.74,368.6,,,,
2021-07-19,368.6,368.6,350.69,355.36,,,,
2021-07-20,355.36,363.92,352.91,360.26,,,,
2021-07-21,360.26,375.89,360.26,372.98,,,,
2021-07-22,372.98,372.98,365.8,368.77,,,,
2021-07-23,368.77,368.77,363.57,367.17,,,,
2021-07-26,367.17,377.64,367.17,376.34,,,,
2021-07-27,376.34,376.34,368.41,372.54,,,,
2021-07-28,372.54,379.04,370.48,376.15,,,,
2021-07-29,376.15,382.26,376.15,379.67,,,,
2021-07-30,379.67,379.96,371.01,372.99,,,,
2021-08-02,372.99,382.5,369.98,370.33,,,,
2021-08-03,370.33,377.44,365.84,377.11,,,,
2021-08-04,377.11,377.11,365.95,366.06,,,,
2021-08-05,366.06,374.98,366.06,370.75,,,,
2021-08-06,370.75,376.69,370.75,374.19,,,,
2021-08-09,374.19,374.19,366.21,368.66,,,,
2021-08-10,368.66,375.94,368.66,375,,,,
2021-08-11,375,378.51,371.89,377.82,,,,
2021-08-12,377.82,378.12,371.67,375.97,,,,
2021-08-13,375.97,375.97,370.69,371.14,,,,
2021-08-16,371.14,371.14,361.56,364.35,,,,
2021-08-17,364.35,366.54,357.65,361,,,,
2021-08-18,361,362.42,351.94,352.34,,,,
2021-08-19,352.34,352.34,338.39,342.99,,,,
2021-08-20,342.99,346.05,338.73,343.95,,,,
2021-08-23,343.95,357.84,343.95,356.92,,,,
2021-08-24,356.92,364.4,356.92,362.68,,,,
2021-08-25,362.68,367.21,359.53,365.28,,,,
2021-08-26,365.28,365.28,359.2,359.77,,,,
2021-08-27,359.77,371.71,359.77,369.21,,,,
2021-08-30,369.21,371.96,364.85,364.92,,,,
2021-08-31,364.92,366.19,361.44,362.26,,,,
2021-09-01,362.26,363.69,355.6,356.8,,,,
2021-09-02,356.8,368.74,356.8,365.82,,,,
2021-09-03,365.82,367.8,362.16,363.88,,,,
2021-09-07,363.88,366.44,360.31,361.8,,,,
2021-09-08,361.8,365.97,357,357.11,,,,
2021-09-09,357.11,363.15,352.94,357.55,,,,
2021-09-10,357.55,363.61,356.48,357.39,,,,
2021-09-13,357.39,370.2,357.39,367.9,,,,
2021-09-14,367.9,371.16,360.89,362.2,,,,
2021-09-15,362.2,376.26,362.2,376.02,,,,
2021-09-16,376.02,376.02,369.88,372.04,,,,
2021-09-17,372.04,375.81,368.29,369.23,,,,
2021-09-20,369.23,369.23,352.3,358,,,,
2021-09-21,358,364.09,355.51,359.34,,,,
2021-09-22,359.34,374.87,359.34,370.71,,,,
2021-09-23,370.71,384.45,370.71,383.35,,,,
2021-09-24,383.35,388.38,380.98,386.57,,,,
2021-09-27,386.57,401.42,386.57,399.83,,,,
2021-09-28,399.83,408.12,399.83,401.67,,,,
2021-09-29,401.67,403.97,396.36,401.66,,,,
2021-09-30,401.66,402.77,395.88,395.88,,,,
2021-10-01,395.88,409.45,395.88,408.94,,,,
2021-10-04,408.94,420.19,408.94,415.6,,,,
2021-10-05,415.6,425.57,413.7,418,,,,
2021-10-06,418,418,406.49,413.6,,,,
2021-10-07,413.6,418.7,412.42,416.45,,,,
2021-10-08,416.45,430.49,416.45,429.46,,,,
2021-10-11,429.46,436.75,427.28,427.71,,,,
2021-10-12,427.71,431.79,425.04,427.6,,,,
2021-10-13,427.6,429.51,420,427.19,,,,
2021-10-14,427.19,433.94,427.19,432.43,,,,
2021-10-15,432.43,438.73,432.43,434.44,,,,
2021-10-18,434.44,441.08,432.57,434.89,,,,
2021-10-19,434.89,441.4,434.47,439.87,,,,
2021-10-20,439.87,443.62,435.16,443.53,,,,
2021-10-21,443.53,443.53,432.1,435.5,,,,
2021-10-22,435.5,440.04,433.27,439.56,,,,
2021-10-25,439.56,448.63,439.56,445.91,,,,
2021-10-26,445.91,450.83,445.91,448.94,,,,
2021-10-27,448.94,448.94,435.19,436.1,,,,
2021-10-28,436.1,439.54,434.43,439.12,,,,
2021-10-29,439.12,442.04,434.55,436.19,,,,
2021-11-01,436.19,444.4,436.19,443.11,,,,
2021-11-02,443.11,443.85,437.56,438.65,,,,
2021-11-03,438.65,439.41,432.07,434.99,,,,
2021-11-04,434.99,442.53,432.17,435.83,,,,
2021-11-05,435.83,443.87,435.83,442,,,,
2021-11-08,442,450.54,442,445.91,,,,
2021-11-09,445.91,447.82,440.31,447.67,,,,
2021-11-10,447.67,447.67,432,434.38,,,,
2021-11-11,434.38,438.8,434.38,435.73,,,,
2021-11-12,435.73,436.34,432.07,434.6,,,,
2021-11-15,434.6,440.76,430.71,438.21,,,,
2021-11-16,438.21,442.34,436.78,438.62,,,,
2021-11-17,438.62,439.67,429.7,430.97,,,,
2021-11-18,430.97,433.45,423.68,428.66,,,,
2021-11-19,428.66,428.66,411.16,411.91,,,,
2021-11-22,411.91,425.67,411.71,419.38,,,,
2021-11-23,419.38,433.56,419.38,432.14,,,,
2021-11-24,432.14,438.83,430.1,436.37,,,,
2021-11-26,436.37,436.37,408.3,418.74,,,,
2021-11-29,418.74,432.33,418.74,421.22,,,,
2021-11-30,421.22,421.22,409.39,410.7,,,,
2021-12-01,410.7,424.45,406.8,406.82,,,,
2021-12-02,406.82,420.08,402.44,418.41,,,,
2021-12-03,418.41,425.98,411.45,415.28,,,,
2021-12-06,415.28,426.53,415.28,421.64,,,,
2021-12-07,421.64,435.56,421.64,431.24,,,,
2021-12-08,431.24,435.79,430.25,431.28,,,,
2021-12-09,431.28,431.28,424.93,427.37,,,,
2021-12-10,427.37,432.02,423.13,430.61,,,,
2021-12-13,430.61,430.61,416.77,418.67,,,,
2021-12-14,418.67,423.31,415.66,417.09,,,,
2021-12-15,417.09,417.54,405.92,415.33,,,,
2021-12-16,415.33,426.25,415.33,418.06,,,,
2021-12-17,418.06,418.06,405.61,408.68,,,,
2021-12-20,408.68,408.68,393.89,403.9,,,,
2021-12-21,403.9,416.92,403.9,415.57,,,,
2021-12-22,415.57,420.93,411.01,417.96,,,,
2021-12-23,417.96,424.05,417.96,418.37,,,,
2021-12-27,418.37,427.93,413.69,427.74,,,,
2021-12-28,427.74,431.31,424.99,427.25,,,,
2021-12-29,427.25,428.56,422.62,424.55,,,,
2021-12-30,424.55,427.85,421.44,421.68,,,,
2021-12-31,421.68,424.98,420.23,422.74,,,,
2022-01-03,422.74,436.32,422.74,435.83,,,,
2022-01-04,435.83,452.54,435.83,450.9,,,,
2022-01-05,450.9,460.11,450.07,450.57,,,,
2022-01-06,450.57,463.27,450.57,460.89,,,,
2022-01-07,460.89,468.77,459.71,467.58,,,,
2022-01-10,467.58,469.4,460.24,466.32,,,,
2022-01-11,466.32,482.92,466.32,482.24,,,,
2022-01-12,482.24,485.81,479.57,483.15,,,,
2022-01-13,483.15,486.61,478.49,480.24,,,,
2022-01-14,480.24,492.57,480.24,491.98,,,,
2022-01-18,491.98,499.87,486.72,493.97,,,,
2022-01-19,493.97,498.31,486.87,490.72,,,,
2022-01-20,490.72,499.26,485.49,486.31,,,,
2022-01-21,486.31,486.31,471.75,476.81,,,,
2022-01-24,476.81,481.34,456.98,479.43,,,,
2022-01-25,479.43,500.16,469.38,498.42,,,,
2022-01-26,498.42,507.42,492.54,497.56,,,,
2022-01-27,497.56,511.38,495.38,503.75,,,,
2022-01-28,503.75,505.48,490.71,500.72,,,,
2022-01-31,500.72,506.01,491.86,502.93,,,,
2022-02-01,502.93,522.58,499.09,520.75,,,,
2022-02-02,520.75,523.79,511.69,522.72,,,,
2022-02-03,522.72,522.72,512.03,517.29,,,,
2022-02-04,517.29,534.23,517.29,525.45,,,,
2022-02-07,525.45,537.27,519.17,532.31,,,,
2022-02-08,532.31,532.31,517.27,521.01,,,,
2022-02-09,521.01,527.83,519.7,523.67,,,,
2022-02-10,523.67,530.26,516.96,520.12,,,,
2022-02-11,520.12,535.51,520.12,534.65,,,,
2022-02-14,534.65,534.65,516.04,522.66,,,,
2022-02-15,522.66,522.66,505.58,515.42,,,,
2022-02-16,515.42,528.41,515.42,519.34,,,,
2022-02-17,519.34,524.12,515.05,518.9,,,,
2022-02-18,518.9,519.35,510.46,514.82,,,,
2022-02-22,514.82,530.48,499.45,506.95,,,,
2022-02-23,506.95,515.99,506.95,512.09,,,,
2022-02-24,512.09,521.88,495.06,507.64,,,,
2022-02-25,507.64,521.84,507.64,521.54,,,,
2022-02-28,521.54,535.08,515,534.95,,,,
2022-03-01,534.95,548.88,533.19,540.47,,,,
2022-03-02,540.47,557.53,540.47,552.49,,,,
2022-03-03,552.49,557.53,546.05,554,,,,
2022-03-04,554,569.89,552.68,569.81,,,,
2022-03-07,569.81,587.36,565.6,578.73,,,,
2022-03-08,578.73,607.27,570.64,586.75,,,,
2022-03-09,586.75,586.75,556.49,568.1,,,,
2022-03-10,568.1,587.13,568.1,585.53,,,,
2022-03-11,585.53,587.99,575.28,580.55,,,,
2022-03-14,580.55,580.55,555.91,563.77,,,,
2022-03-15,563.77,563.77,532.72,542.77,,,,
2022-03-16,542.77,549.41,535.13,540.44,,,,
2022-03-17,540.44,560.36,540.44,559.27,,,,
2022-03-18,559.27,562.26,554.45,559.78,,,,
2022-03-21,559.78,582.71,559.78,581,,,,
2022-03-22,581,581.41,570.01,577.16,,,,
2022-03-23,577.16,591.96,577.16,587.2,,,,
2022-03-24,587.2,593.91,584.19,587.95,,,,
2022-03-25,587.95,601.8,584.38,601.34,,,,
2022-03-28,601.34,601.34,582.36,585.92,,,,
2022-03-29,585.92,585.92,565.52,583.32,,,,
2022-03-30,583.32,594.25,583.32,590.15,,,,
2022-03-31,590.15,595.32,581.93,581.93,,,,
2022-04-01,581.93,592.21,580.94,586.89,,,,
2022-04-04,586.89,591.31,581.27,587.29,,,,
2022-04-05,587.29,597.38,577.65,578.43,,,,
2022-04-06,578.43,589.67,578.43,581.57,,,,
2022-04-07,581.57,591.47,573.91,589.46,,,,
2022-04-08,589.46,607.3,589.46,605.71,,,,
2022-04-11,605.71,605.71,585.54,586.88,,,,
2022-04-12,586.88,607.38,586.88,597,,,,
2022-04-13,597,607,593.88,605.12,,,,
2022-04-14,605.12,612.25,601.72,607.63,,,,
2022-04-18,607.63,619.9,607.63,616.8,,,,
2022-04-19,616.8,618.78,607.62,610.86,,,,
2022-04-20,610.86,616.81,607.16,613.39,,,,
2022-04-21,613.39,619.83,592.07,594.35,,,,
2022-04-22,594.35,600.11,579.4,579.9,,,,
2022-04-25,579.9,579.9,540.48,560.53,,,,
2022-04-26,560.53,576.07,559.86,560.78,,,,
2022-04-27,560.78,574.61,554.26,569.08,,,,
2022-04-28,569.08,591.92,561.91,586.92,,,,
2022-04-29,586.92,591.16,569.74,572.41,,,,
2022-05-02,572.41,580.73,566.24,580.24,,,,
2022-05-03,580.24,599.33,580.24,596.87,,,,
2022-05-04,596.87,622.79,596.87,621.43,,,,
2022-05-05,621.43,626.53,600.1,612.77,,,,
2022-05-06,612.77,630.88,608.35,630.62,,,,
2022-05-09,630.62,630.62,576.12,578.26,,,,
2022-05-10,578.26,598.43,571.68,583.66,,,,
2022-05-11,583.66,610.49,583.66,591.63,,,,
2022-05-12,591.63,592.48,573.62,592.21,,,,
2022-05-13,592.21,614.64,592.21,612.25,,,,
2022-05-16,612.25,634.72,612.25,628.31,,,,
2022-05-17,628.31,639.27,628.31,635.5,,,,
2022-05-18,635.5,639.46,610.93,618.02,,,,
2022-05-19,618.02,626.57,604.85,616.28,,,,
2022-05-20,616.28,631.1,606.67,618.93,,,,
2022-05-23,618.93,637.47,618.93,635.51,,,,
2022-05-24,635.51,640.6,623.66,638.09,,,,
2022-05-25,638.09,651.9,638.09,650.62,,,,
2022-05-26,650.62,663.07,650.62,658.06,,,,
2022-05-27,658.06,669.27,652.72,669.03,,,,
2022-05-31,669.03,683.45,655.55,658,,,,
2022-06-01,658,674.72,658,669.6,,,,
2022-06-02,669.6,672.16,661.01,667.6,,,,
2022-06-03,667.6,678.95,667.6,676.93,,,,
2022-06-06,676.93,680.39,672.39,676.16,,,,
2022-06-07,676.16,697.52,676.16,697.38,,,,
2022-06-08,697.38,706.03,694.2,698.43,,,,
2022-06-09,698.43,698.43,681.81,682.35,,,,
2022-06-10,682.35,684.88,663.18,670.72,,,,
2022-06-13,670.72,670.72,623.44,636.32,,,,
2022-06-14,636.32,656.81,628.82,636.74,,,,
2022-06-15,636.74,638.56,612.91,623.21,,,,
2022-06-16,623.21,623.21,583.22,588.41,,,,
2022-06-17,588.41,588.41,548.9,555.65,,,,
2022-06-21,555.65,588.18,555.65,584.19,,,,
2022-06-22,584.19,584.19,552.71,559.71,,,,
2022-06-23,559.71,566.81,530.52,538.75,,,,
2022-06-24,538.75,558.05,538.75,547.02,,,,
2022-06-27,547.02,566.4,547.02,562.24,,,,
2022-06-28,562.24,586.81,562.24,577.42,,,,
2022-06-29,577.42,587.69,556,557.6,,,,
2022-06-30,557.6,559.42,540.73,546.24,,,,
2022-07-01,546.24,556.31,535.54,554.1,,,,
2022-07-05,554.1,554.1,520.35,531.86,,,,
2022-07-06,531.86,535.1,506.91,522.6,,,,
2022-07-07,522.6,545.28,522.6,540.94,,,,
2022-07-08,540.94,549.51,533.26,540.87,,,,
2022-07-11,540.87,540.87,528.79,536.07,,,,
2022-07-12,536.07,536.07,516.1,525.18,,,,
2022-07-13,525.18,535.58,519.8,524.46,,,,
2022-07-14,524.46,524.46,499.09,514.5,,,,
2022-07-15,514.5,526.08,514.5,524.27,,,,
2022-07-18,524.27,543.45,524.27,534.56,,,,
2022-07-19,534.56,552.65,534.31,551.46,,,,
2022-07-20,551.46,559.63,543.25,557.06,,,,
2022-07-21,557.06,557.06,532.05,547.63,,,,
2022-07-22,547.63,554.4,539.72,542.8,,,,
2022-07-25,542.8,563.23,542.8,562.96,,,,
2022-07-26,562.96,571.85,554.03,558.02,,,,
2022-07-27,558.02,573.17,555.95,570.32,,,,
2022-07-28,570.32,579.33,563.48,572.88,,,,
2022-07-29,572.88,600.4,572.88,598.74,,,,
2022-08-01,598.74,598.74,578.9,585.67,,,,
2022-08-02,585.67,590.34,579.73,584.46,,,,
2022-08-03,584.46,588.15,563.93,567.12,,,,
2022-08-04,567.12,567.12,544.63,546.73,,,,
2022-08-05,546.73,562.51,540.13,557.88,,,,
2022-08-08,557.88,565.63,557.16,560.62,,,,
2022-08-09,560.62,577.89,560.62,570.57,,,,
2022-08-10,570.57,577.65,560.54,574.62,,,,
2022-08-11,574.62,598.05,574.62,592.94,,,,
2022-08-12,592.94,597.89,586.73,597.7,,,,
2022-08-15,597.7,597.7,570.49,585.86,,,,
2022-08-16,585.86,592.13,580.32,583.87,,,,
2022-08-17,583.87,594.63,579.9,588.58,,,,
2022-08-18,588.58,604.09,588.58,603.46,,,,
2022-08-19,603.46,607.48,599.12,603.6,,,,
2022-08-22,603.6,605.68,588.51,602.1,,,,
2022-08-23,602.1,628.64,602.1,623.9,,,,
2022-08-24,623.9,632.25,621.29,631.38,,,,
2022-08-25,631.38,639.37,630.39,636.19,,,,
2022-08-26,636.19,642.29,626.69,629.38,,,,
2022-08-29,629.38,647.45,628.08,639.1,,,,
2022-08-30,639.1,639.1,612.51,617.6,,,,
2022-08-31,617.6,622.12,600.4,611.8,,,,
2022-09-01,611.8,611.8,589.05,597.72,,,,
2022-09-02,597.72,615.85,597.72,608.54,,,,
2022-09-06,608.54,615,599.81,601.95,,,,
2022-09-07,601.95,601.95,584.5,595,,,,
2022-09-08,595,600.71,590.53,597.95,,,,
2022-09-09,597.95,615.19,597.95,612.19,,,,
2022-09-12,612.19,630.27,612.19,623.3,,,,
2022-09-13,623.3,623.87,605.38,608.02,,,,
2022-09-14,608.02,629.75,608.02,625.34,,,,
2022-09-15,625.34,625.34,606.68,609.47,,,,
2022-09-16,609.47,609.47,588.08,596.27,,,,
2022-09-19,596.27,597.15,580.18,596.73,,,,
2022-09-20,596.73,596.73,585.83,592.89,,,,
2022-09-21,592.89,604.24,584.03,584.21,,,,
2022-09-22,584.21,596.42,581.5,581.88,,,,
2022-09-23,581.88,581.88,537.75,542.61,,,,
2022-09-26,542.61,545.43,528.42,528.64,,,,
2022-09-27,528.64,544.64,528.64,534.79,,,,
2022-09-28,534.79,560.48,534.79,558.34,,,,
2022-09-29,558.34,558.95,543.94,557.6,,,,
2022-09-30,557.6,560.63,547.96,552.56,,,,
2022-10-03,552.56,587.55,552.56,584.45,,,,
2022-10-04,584.45,610.05,584.45,609.84,,,,
2022-10-05,609.84,627,604.78,622.39,,,,
2022-10-06,622.39,635.43,617.75,633.72,,,,
2022-10-07,633.72,642.46,624.55,629.14,,,,
2022-10-10,629.14,636.74,614.32,616.18,,,,
2022-10-11,616.18,622.04,602.21,611.54,,,,
2022-10-12,611.54,620.12,603.77,616.12,,,,
2022-10-13,616.12,643.74,609.74,641.24,,,,
2022-10-14,641.24,643.16,616.85,617.48,,,,
2022-10-17,617.48,635.66,617.48,625.03,,,,
2022-10-18,625.03,636.23,618.05,629.74,,,,
2022-10-19,629.74,650.73,629.74,648.23,,,,
2022-10-20,648.23,659.79,646.08,649.41,,,,
2022-10-21,649.41,668.57,649.41,667.35,,,,
2022-10-24,667.35,675.03,663.71,670.52,,,,
2022-10-25,670.52,673.99,664.5,670.22,,,,
2022-10-26,670.22,684.81,670.22,679.34,,,,
2022-10-27,679.34,693.55,679.34,681.19,,,,
2022-10-28,681.19,695.24,672.91,685.71,,,,
2022-10-31,685.71,699.92,679.49,689.83,,,,
2022-11-01,689.83,701.18,689.83,696.69,,,,
2022-11-02,696.69,698.39,679.4,681.01,,,,
2022-11-03,681.01,698.73,676.26,694.92,,,,
2022-11-04,694.92,715.07,692.65,701.99,,,,
2022-11-07,701.99,716.53,701.99,714.13,,,,
2022-11-08,714.13,717.95,706.17,714.51,,,,
2022-11-09,714.51,714.51,678.01,679.63,,,,
2022-11-10,679.63,695.34,678.91,694.74,,,,
2022-11-11,694.74,718.54,694.74,716.02,,,,
2022-11-14,716.02,724.74,711.96,712.28,,,,
2022-11-15,712.28,721.49,710.84,720.16,,,,
2022-11-16,720.16,720.16,700.99,704.68,,,,
2022-11-17,704.68,706.02,689.82,705.52,,,,
2022-11-18,705.52,705.52,684.14,699.19,,,,
2022-11-21,699.19,699.19,666.73,689.46,,,,
2022-11-22,689.46,713.05,689.46,711.39,,,,
2022-11-23,711.39,711.39,696.1,703.13,,,,
2022-11-25,703.13,708.8,699.95,701,,,,
2022-11-28,701,701,679.16,681.81,,,,
2022-11-29,681.81,695.28,681.81,690.53,,,,
2022-11-30,690.53,699.6,683.54,694.3,,,,
2022-12-01,694.3,701.73,689.47,691.37,,,,
2022-12-02,691.37,695.33,683.33,687.2,,,,
2022-12-05,687.2,696.46,661.69,667.01,,,,
2022-12-06,667.01,670.24,644.87,649.35,,,,
2022-12-07,649.35,657.26,641.87,647.47,,,,
2022-12-08,647.47,662.75,640.84,644.46,,,,
2022-12-09,644.46,649.23,628.81,629.47,,,,
2022-12-12,629.47,646.46,629.47,645.12,,,,
2022-12-13,645.12,662.42,645.12,656.54,,,,
2022-12-14,656.54,663.48,646.95,652.33,,,,
2022-12-15,652.33,652.33,637.53,648.88,,,,
2022-12-16,648.88,648.88,632.07,640.28,,,,
2022-12-19,640.28,649.22,636.12,641.14,,,,
2022-12-20,641.14,654.84,640.92,650.86,,,,
2022-12-21,650.86,665.98,650.86,663.17,,,,
2022-12-22,663.17,663.91,634.8,647.84,,,,
2022-12-23,647.84,668.4,647.84,668.33,,,,
2022-12-27,668.33,678.27,668.33,675.96,,,,
2022-12-28,675.96,675.96,658.54,660.95,,,,
2022-12-29,660.95,670.26,658.3,667.27,,,,
2022-12-30,667.27,673.25,664.62,672.34,,,,
2023-01-03,672.34,672.34,640.55,647.97,,,,
2023-01-04,647.97,652.14,636.34,648.34,,,,
2023-01-05,648.34,664.38,647.46,661.25,,,,
2023-01-06,661.25,680.83,661.25,672.35,,,,
2023-01-09,672.35,682.95,667.17,669.19,,,,
2023-01-10,669.19,675.51,663.96,674.21,,,,
2023-01-11,674.21,681.38,669.01,676.61,,,,
2023-01-12,676.61,693.53,676.61,689.26,,,,
2023-01-13,689.26,691.95,681.5,690.21,,,,
2023-01-17,690.21,698.63,688.75,691.07,,,,
2023-01-18,691.07,702.37,678.14,678.87,,,,
2023-01-19,678.87,689.62,673.12,686.38,,,,
2023-01-20,686.38,696.12,681.83,695.32,,,,
2023-01-23,695.32,702.4,692.25,693.91,,,,
2023-01-24,693.91,693.91,674.45,692.41,,,,
2023-01-25,692.41,692.41,677.85,691.78,,,,
2023-01-26,691.78,714.94,691.78,714.77,,,,
2023-01-27,714.77,714.77,699.39,700.58,,,,
2023-01-30,700.58,700.58,683.33,684.53,,,,
2023-01-31,684.53,691.97,674.88,690.59,,,,
2023-02-01,690.59,690.75,668.31,677.53,,,,
2023-02-02,677.53,677.53,653.18,660.47,,,,
2023-02-03,660.47,673.79,657.96,658.95,,,,
2023-02-06,658.95,664.19,648.1,656.34,,,,
2023-02-07,656.34,677.92,656.34,676.54,,,,
2023-02-08,676.54,680.19,667.31,670.76,,,,
2023-02-09,670.76,673.9,665.44,665.97,,,,
2023-02-10,665.97,693.42,665.97,692.1,,,,
2023-02-13,692.1,692.1,679.37,687.91,,,,
2023-02-14,687.91,692.8,680.63,687.78,,,,
2023-02-15,687.78,687.78,666.89,675.54,,,,
2023-02-16,675.54,677.37,667.96,668.58,,,,
2023-02-17,668.58,668.58,641.76,644.2,,,,
2023-02-21,644.2,648.63,640.46,642.23,,,,
2023-02-22,642.23,645.42,631.78,637.29,,,,
2023-02-23,637.29,649.82,637.29,645.39,,,,
2023-02-24,645.39,646.29,633.5,645.32,,,,
2023-02-27,645.32,649.74,641.64,647.35,,,,
2023-02-28,647.35,652.72,637.51,638.01,,,,
2023-03-01,638.01,653.82,636.31,650.37,,,,
2023-03-02,650.37,658.17,646.82,655.85,,,,
2023-03-03,655.85,666.89,646.79,664.3,,,,
2023-03-06,664.3,665.72,657.61,664.95,,,,
2023-03-07,664.95,664.95,651.44,653.32,,,,
2023-03-08,653.32,658.31,640.42,646.63,,,,
2023-03-09,646.63,659.12,637.43,637.81,,,,
2023-03-10,637.81,646.39,625.63,628.78,,,,
2023-03-13,628.78,628.78,602.92,616.47,,,,
2023-03-14,616.47,635.88,611.07,621.92,,,,
2023-03-15,621.92,621.92,579.8,588.2,,,,
2023-03-16,588.2,595.35,572.55,593.72,,,,
2023-03-17,593.72,595.4,579.94,584.64,,,,
2023-03-20,584.64,599.76,584.53,596.98,,,,
2023-03-21,596.98,619.5,596.98,617.6,,,,
2023-03-22,617.6,620.84,604.34,604.56,,,,
2023-03-23,604.56,613.07,590.57,596.32,,,,
2023-03-24,596.32,600.26,582.54,598.03,,,,
2023-03-27,598.03,614.15,598.03,610.6,,,,
2023-03-28,610.6,622.41,607.2,619.44,,,,
2023-03-29,619.44,629.32,619.44,628.71,,,,
2023-03-30,628.71,634.17,627.65,630.9,,,,
2023-03-31,630.9,636.16,630.36,634.9,,,,
2023-04-03,634.9,669.67,634.9,666.07,,,,
2023-04-04,666.07,667.5,648.74,654.61,,,,
2023-04-05,654.61,663.99,650.76,663.91,,,,
2023-04-06,663.91,663.91,652.68,654.14,,,,
2023-04-10,654.14,665.68,654.14,658.37,,,,
2023-04-11,658.37,668.29,657.94,664.24,,,,
2023-04-12,664.24,670.57,663.12,664.99,,,,
2023-04-13,664.99,670.63,662.12,669.04,,,,
2023-04-14,669.04,673.85,666.3,670.32,,,,
2023-04-17,670.32,670.34,659.8,661.8,,,,
2023-04-18,661.8,666.58,657.29,664.75,,,,
2023-04-19,664.75,664.75,656.18,663.08,,,,
2023-04-20,663.08,663.08,648.77,657.19,,,,
2023-04-21,657.19,659.45,650.66,653.3,,,,
2023-04-24,653.3,666.59,652.15,663.35,,,,
2023-04-25,663.35,663.35,647.36,651.16,,,,
2023-04-26,651.16,652.97,639.21,642.83,,,,
2023-04-27,642.83,647.38,636.98,645.68,,,,
2023-04-28,645.68,659.15,641.38,655.2,,,,
2023-05-01,655.2,655.2,643.83,646.97,,,,
2023-05-02,646.97,646.97,613.44,619.28,,,,
2023-05-03,619.28,619.28,607.12,607.37,,,,
2023-05-04,607.37,613.4,599.19,600.65,,,,
2023-05-05,600.65,621.73,600.65,617.15,,,,
2023-05-08,617.15,628.51,617.15,617.61,,,,
2023-05-09,617.61,623.66,612.57,617.83,,,,
2023-05-10,617.83,621.09,605.97,610.73,,,,
2023-05-11,610.73,610.73,598.63,603.13,,,,
2023-05-12,603.17,609.84,599.3,603.84,,,,
2023-05-15,603.84,608.47,599.88,605.06,,,,
2023-05-16,605.06,605.06,589.3,589.71,,,,
2023-05-17,589.71,604.92,589.71,601.93,,,,
2023-05-18,601.93,605.56,593.73,604.88,,,,
2023-05-19,604.88,614.14,604.88,609.3,,,,
2023-05-22,609.3,613.02,606.52,606.94,,,,
2023-05-23,606.94,620.61,606.94,613.23,,,,
2023-05-24,613.23,621.22,611.35,616.43,,,,
2023-05-25,616.43,616.43,599.83,604.77,,,,
2023-05-26,604.77,610.46,599.85,602.51,,,,
2023-05-30,602.51,602.51,590.07,596.86,,,,
2023-05-31,596.86,596.86,584.03,585.66,,,,
2023-06-01,585.66,599.49,583.1,592.86,,,,
2023-06-02,592.86,613.24,592.86,610.41,,,,
2023-06-05,610.41,619.81,605.52,606.86,,,,
2023-06-06,606.86,611.59,598.41,611.05,,,,
2023-06-07,611.05,628.08,611.05,627.22,,,,
2023-06-08,627.22,629.81,614.25,624.43,,,,
2023-06-09,624.43,627.02,619.19,620.82,,,,
2023-06-12,620.82,620.82,610.64,614.8,,,,
2023-06-13,614.8,629.37,614.8,617.67,,,,
2023-06-14,617.67,625.94,606.51,610.77,,,,
2023-06-15,610.77,622.22,610.77,617.1,,,,
2023-06-16,617.1,621.69,614.92,616.43,,,,
2023-06-20,616.43,616.43,598.19,602.31,,,,
2023-06-21,602.31,612.57,599.51,607.85,,,,
2023-06-22,607.85,607.85,597.63,599.93,,,,
2023-06-23,599.93,599.93,590.49,595.17,,,,
2023-06-26,595.17,608.79,594.98,605.37,,,,
2023-06-27,605.37,609.22,601.51,606.74,,,,
2023-06-28,606.74,613.71,600.81,612.9,,,,
2023-06-29,612.9,619.75,611.77,619.71,,,,
2023-06-30,619.71,626.96,619.61,623.56,,,,
2023-07-03,623.56,629.95,623.12,625.5,,,,
2023-07-05,625.5,627.76,618.4,622.11,,,,
2023-07-06,622.11,622.11,602.56,606.87,,,,
2023-07-07,606.87,624.75,603.19,619.4,,,,
2023-07-10,619.4,625.16,617.4,624.08,,,,
2023-07-11,624.08,638.73,624.08,637.81,,,,
2023-07-12,637.81,647.31,637.81,643.57,,,,
2023-07-13,643.57,647.1,634.91,640.65,,,,
2023-07-14,640.65,640.65,621.98,623.02,,,,
2023-07-17,623.02,624.67,619.36,622.26,,,,
2023-07-18,622.26,634.49,619.86,628.35,,,,
2023-07-19,628.35,636.2,626.96,631.64,,,,
2023-07-20,631.64,640.61,631.64,639.8,,,,
2023-07-21,639.8,645.38,638.26,645,,,,
2023-07-24,645,660.07,645,655.7,,,,
2023-07-25,655.7,662.63,651.23,659.42,,,,
2023-07-26,659.42,661.74,653.44,658.83,,,,
2023-07-27,658.83,665.77,653.55,655.25,,,,
2023-07-28,655.25,656.23,646.74,655.86,,,,
2023-07-31,655.86,670.91,655.86,668.98,,,,
2023-08-01,668.98,668.98,658.9,665.88,,,,
2023-08-02,665.88,665.88,651.54,656.96,,,,
2023-08-03,656.96,669.35,654.96,663.21,,,,
2023-08-04,663.21,673.91,663.17,663.38,,,,
2023-08-07,663.38,668.65,662.28,664.37,,,,
2023-08-08,664.37,668.02,648.81,667.6,,,,
2023-08-09,667.6,682.29,667.6,675.77,,,,
2023-08-10,675.77,684.95,671.77,676.29,,,,
2023-08-11,676.29,687.44,675.81,686.84,,,,
2023-08-14,686.84,686.84,679.31,684.56,,,,
2023-08-15,684.56,684.56,666.84,667.84,,,,
2023-08-16,667.84,675.71,661.43,661.8,,,,
2023-08-17,661.8,677.94,661.8,669.15,,,,
2023-08-18,669.15,676.6,663.94,675.43,,,,
2023-08-21,675.43,680.98,666.96,671.21,,,,
2023-08-22,671.21,674.66,665.83,666.07,,,,
2023-08-23,666.07,666.07,653.51,664.05,,,,
2023-08-24,664.05,666.65,658.04,659.12,,,,
2023-08-25,659.12,669.81,658.13,666.18,,,,
2023-08-28,666.18,676.05,666.18,671.02,,,,
2023-08-29,671.02,673.81,666.58,673.02,,,,
2023-08-30,673.02,677.93,673.02,676.45,,,,
2023-08-31,676.45,678.86,673.02,677.49,,,,
2023-09-01,677.49,692.44,677.49,691.39,,,,
2023-09-05,691.39,702.11,691.39,694.76,,,,
2023-09-06,694.76,698.82,690.41,695.76,,,,
2023-09-07,695.76,700.48,693.21,694.25,,,,
2023-09-08,694.25,705.72,694.25,700.97,,,,
2023-09-11,700.97,707.99,688.57,691.75,,,,
2023-09-12,691.75,708.61,691.75,707.71,,,,
2023-09-13,707.71,710.15,699.01,702.32,,,,
2023-09-14,702.32,713.39,702.32,711.19,,,,
2023-09-15,711.19,711.73,701.42,701.84,,,,
2023-09-18,701.84,710.48,701.84,706.64,,,,
2023-09-19,706.64,712.45,696.72,700.75,,,,
2023-09-20,700.75,705.15,693.75,694.06,,,,
2023-09-21,694.06,699.91,683.41,684.42,,,,
2023-09-22,684.42,694.24,684.42,685.48,,,,
2023-09-25,685.48,695.43,685.05,694.25,,,,
2023-09-26,694.25,694.72,687.43,690.76,,,,
2023-09-27,690.76,710.03,690.76,708.08,,,,
2023-09-28,708.08,712.68,702.96,708.16,,,,
2023-09-29,708.16,708.16,691.65,694.19,,,,
2023-10-02,694.19,694.76,675.87,680.95,,,,
2023-10-03,680.95,681.67,674.08,680.8,,,,
2023-10-04,680.8,680.8,652.42,657.91,,,,
2023-10-05,657.91,660.15,650.87,654.09,,,,
2023-10-06,654.09,662.96,645.96,656.79,,,,
2023-10-09,656.79,682.48,656.79,680.01,,,,
2023-10-10,680.01,684.68,676.51,679.89,,,,
2023-10-11,679.89,679.89,662.41,670.72,,,,
2023-10-12,670.72,677.27,668.11,671.31,,,,
2023-10-13,671.31,689.85,671.31,686.44,,,,
2023-10-16,686.44,692.68,684.52,690.94,,,,
2023-10-17,690.94,699.88,690.13,697.7,,,,
2023-10-18,697.7,707,697.7,704.21,,,,
2023-10-19,704.21,708.86,695.34,703.32,,,,
2023-10-20,703.32,704.18,689.12,691.1,,,,
2023-10-23,691.1,691.1,676.72,679.91,,,,
2023-10-24,679.91,681.71,670.19,670.27,,,,
2023-10-25,670.27,674.28,665.81,669.21,,,,
2023-10-26,669.21,669.21,657.48,663.88,,,,
2023-10-27,661.86,665.38,646.09,648.58,,,,
2023-10-30,650.77,654.8,644.12,650.56,,,,
2023-10-31,650.55,653.18,644,652.01,,,,
2023-11-01,654.91,659.27,649.51,649.85,,,,
2023-11-02,650.75,670.74,648.19,670.03,,,,
2023-11-03,668.59,670.48,659.06,663.24,,,,
2023-11-06,666.65,667.42,653.5,655.32,,,,
2023-11-07,646.17,646.38,637.83,640.68,,,,
2023-11-08,638,642.3,632.58,632.87,,,,
2023-11-09,635.15,639.01,630.89,631.14,,,,
2023-11-10,636.71,639.39,632.05,637.88,,,,
2023-11-13,638.56,643.59,637.04,642.39,,,,
2023-11-14,643.58,647.93,642.39,645.88,,,,
2023-11-15,644.07,652.08,643.04,643.71,,,,
2023-11-16,636.81,638.34,623.54,630.13,,,,
2023-11-17,635.6,647.54,634.31,643.5,,,,
2023-11-20,646.18,649.88,644.08,644.25,,,,
2023-11-21,641.89,643.92,636.86,642.91,,,,
2023-11-22,630.07,642.91,626.46,642.21,,,,
2023-11-24,642.46,649.89,642.42,645.08,,,,
2023-11-27,642.49,643.7,636.63,642.52,,,,
2023-11-28,644.41,648.61,641.75,642.89,,,,
2023-11-29,645.91,646.86,635.13,637.21,,,,
2023-11-30,642.37,650.73,633.99,641.28,,,,
2023-12-01,639.99,652.11,638.35,644.36,,,,
2023-12-04,640.97,645.33,636.96,641.4,,,,
2023-12-05,641.57,641.87,629.84,630.48,,,,
2023-12-06,626.32,630.28,617.97,620.13,,,,
2023-12-07,623.74,626.54,614.42,616.35,,,,
2023-12-08,620.06,624.72,619.26,623.22,,,,
2023-12-11,623.25,625.54,620.74,623.99,,,,
2023-12-12,617.67,618.83,612.07,615.54,,,,
2023-12-13,615.83,623.75,613.09,623.23,,,,
2023-12-14,628.39,642.49,628.39,641.58,,,,
2023-12-15,635.67,639.21,632.98,638.29,,,,
2023-12-18,648.5,652.36,642.55,643.17,,,,
2023-12-19,644.64,651.52,643.14,651.04,,,,
2023-12-20,652.52,656.63,643.95,644.74,,,,
2023-12-21,646.04,648.05,641.12,647.26,,,,
2023-12-22,650.16,654.6,648.08,648.91,,,,
2023-12-26,654.06,657.98,652.63,654.57,,,,
2023-12-27,653.35,656.58,649.21,651.12,,,,
2023-12-28,647.99,650.62,641.44,641.58,,,,
2023-12-29,643.11,644.37,638.33,640.05,,,,
2024-01-02,642.44,653.22,642.44,647.67,,,,
2024-01-03,647.5,659.93,645.05,657.5,,,,
2024-01-04,660.74,664.88,646.02,646.81,,,,
2024-01-05,651.67,652.34,644.08,647.23,,,,
2024-01-08,635.92,640.04,627.19,639.69,,,,
2024-01-09,639.94,639.94,627.77,629.29,,,,
2024-01-10,629.14,629.14,620.51,622.93,,,,
2024-01-11,626.2,627.89,622.2,623.93,,,,
2024-01-12,634.58,636.54,627.85,631.77,,,,
2024-01-16,630.09,630.81,616.14,616.6,,,,
2024-01-17,609.46,617.35,608.8,611.42,,,,
2024-01-18,611.08,612.01,603.35,610.09,,,,
2024-01-19,609.89,612.33,608.05,612.33,,,,
2024-01-22,610.72,615.76,607.04,614.12,,,,
2024-01-23,612.79,620.87,612.67,616.19,,,,
2024-01-24,618.55,625.08,616.3,625.02,,,,
2024-01-25,629.57,639.09,625.65,638.97,,,,
2024-01-26,638.31,643.91,633.71,643.85,,,,
2024-01-29,642.98,643.32,636.17,642.53,,,,
2024-01-30,637.93,649.23,633.86,649.04,,,,
2024-01-31,648.57,650.08,636.6,636.73,,,,
2024-02-01,640.04,643.45,630.96,636.32,,,,
2024-02-02,641.17,642.34,632.23,637.35,,,,
2024-02-05,635.24,639.58,628.99,635.86,,,,
2024-02-06,637.01,643.85,635.21,637.9,,,,
2024-02-07,638.97,642.1,633.78,638.95,,,,
2024-02-08,638.76,647.97,638.42,645.9,,,,
2024-02-09,646.07,649.62,635.02,635.81,,,,
2024-02-12,637.65,644.36,637.65,642.49,,,,
2024-02-13,642.39,643.75,630.53,635.13,,,,
2024-02-14,636.96,641.2,630.73,634.03,,,,
2024-02-15,632.13,651.72,632.13,649.74,,,,
2024-02-16,651.33,654.45,647.68,649.59,,,,
2024-02-20,649.6,650.35,642.62,643.4,,,,
2024-02-21,645.33,656,645.33,655.35,,,,
2024-02-22,651.92,659.26,648.31,656.15,,,,
2024-02-23,651.67,654.16,646.11,652.35,,,,
2024-02-26,651.32,658.66,648.35,654.45,,,,
2024-02-27,656.7,657.71,648.39,651.63,,,,
2024-02-28,651.62,657.47,648.05,650.33,,,,
2024-02-29,651.82,655.65,650.11,653.14,,,,
2024-03-01,658.44,663.99,657.36,660.81,,,,
2024-03-04,660.74,661.86,652.98,653.65,,,,
2024-03-05,652.99,662.7,652.13,658.51,,,,
2024-03-06,662.84,667.6,659.33,660.77,,,,
2024-03-07,661.02,669.75,660.93,665.91,,,,
2024-03-08,664.75,668.58,663.47,668.5,,,,
2024-03-11,667.28,675.51,663.74,675.18,,,,
2024-03-12,675.15,677.06,670.85,674.11,,,,
2024-03-13,681.17,688.4,681.17,684.35,,,,
2024-03-14,686.69,691.96,684.85,691.9,,,,
2024-03-15,690.04,698.66,690.04,693.48,,,,
2024-03-18,696.94,698.79,690.87,696.43,,,,
2024-03-19,696.41,704.59,695.71,703.95,,,,
2024-03-20,701.3,705.58,699.27,703.32,,,,
2024-03-21,703.81,708.7,702.35,707.12,,,,
2024-03-22,707.58,709.04,704.12,705.67,,,,
2024-03-25,708.65,717.09,708.65,712.08,,,,
2024-03-26,712.73,714.43,705.59,706.69,,,,
2024-03-27,705.19,713.61,704.41,713.36,,,,
2024-03-28,717.5,722.45,714.33,721.24,,,,
2024-04-01,722.89,728.58,716.39,726.95,,,,
2024-04-02,731.14,737.5,726.79,736.9,,,,
2024-04-03,739.42,742.71,737.19,741.76,,,,
2024-04-04,743.39,745.37,738.68,741.34,,,,
2024-04-05,744.41,752.47,740.22,749.39,,,,
2024-04-08,749.26,751.82,743.5,744.69,,,,
2024-04-09,746.45,749.91,739.97,745.11,,,,
2024-04-10,744.46,750.24,740.12,747.94,,,,
2024-04-11,750.42,750.42,736.67,746.47,,,,
2024-04-12,751.71,756.56,731.57,734.96,,,,
2024-04-15,738.83,741.69,727.19,728.34,,,,
2024-04-16,727.01,729.96,716.66,722.02,,,,
2024-04-17,721.91,727.23,714.54,719.56,,,,
2024-04-18,721.73,724.29,715.09,717.95,,,,
2024-04-19,719.95,731.14,718.52,725.99,,,,
2024-04-22,724.27,735.87,717,730.61,,,,
2024-04-23,728.73,734.73,724.23,734.45,,,,
2024-04-24,731.43,736.23,726.95,735.21,,,,
2024-04-25,736.19,740.86,728.26,738.85,,,,
2024-04-26,731.38,734.23,723.74,731.34,,,,
2024-04-29,729.82,737.8,729.82,736.23,,,,
2024-04-30,733.75,734.46,714.44,714.95,,,,
2024-05-01,712.9,715.7,699.61,703.53,,,,
2024-05-02,707.09,711.95,703.87,707.13,,,,
2024-05-03,707.7,707.79,698.16,706.8,,,,
2024-05-06,710.14,719.81,709.6,712.57,,,,
2024-05-07,713.43,716.99,711.56,711.59,,,,
2024-05-08,707.95,714.34,706.7,710.73,,,,
2024-05-09,711.43,720.66,711.43,720.42,,,,
2024-05-10,721.39,723.66,714.55,716.44,,,,
2024-05-13,718.95,720.58,711.52,714.81,,,,
2024-05-14,711.86,714.05,708.48,713.85,,,,
2024-05-15,712.97,716.61,701.82,714.93,,,,
2024-05-16,712.77,717.68,710.23,711.94,,,,
2024-05-17,714.82,722.83,713.03,721.66,,,,
2024-05-20,722.05,723.2,715.5,717.03,,,,
2024-05-21,715.67,721.02,713.09,713.38,,,,
2024-05-22,710.62,710.8,697.1,700.32,,,,
2024-05-23,701.95,705.72,692.05,693.15,,,,
2024-05-24,697.5,700.35,692.12,694.07,,,,
2024-05-28,695.84,702.97,694.63,701.55,,,,
2024-05-29,700.54,700.54,685.95,689.2,,,,
2024-05-30,688.1,693.17,687.97,690.87,,,,
2024-05-31,691.73,708.74,691.52,708.04,,,,
2024-06-03,707.5,707.56,684.97,689.64,,,,
2024-06-04,682.16,683.53,673.97,682.94,,,,
2024-06-05,683.08,684.61,678.48,682.88,,,,
2024-06-06,680.49,686.69,678.01,686.66,,,,
2024-06-07,684.91,691.56,680.41,683.43,,,,
2024-06-10,685.07,692.44,683.43,688.31,,,,
2024-06-11,684.63,687.43,679.04,686.66,,,,
2024-06-12,691.85,692.27,675.95,679.16,,,,
2024-06-13,677.69,679.27,669.94,673.14,,,,
2024-06-14,672.34,672.46,665.22,667.58,,,,
2024-06-17,667.24,672.32,664.73,669.07,,,,
2024-06-18,672.33,680.54,670.56,672.18,,,,
2024-06-20,672.67,688.33,672.37,684.65,,,,
2024-06-21,686.76,688.59,679.88,680.02,,,,
2024-06-24,682.15,701.17,682.15,698.61,,,,
2024-06-25,697.58,699.99,694.15,699.6,,,,
2024-06-26,699.69,699.85,690.02,693.6,,,,
2024-06-27,696.62,697.79,691.59,695.32,,,,
2024-06-28,700.76,703.58,695.76,698.23,,,,
2024-07-01,700.51,705.98,694.75,698.36,,,,
2024-07-02,701.1,704.24,692.88,696.95,,,,
2024-07-03,697.52,703.85,697,700.04,,,,
2024-07-05,699.18,699.18,686.55,689.38,,,,
2024-07-08,685.16,691.36,682.37,685.32,,,,
2024-07-09,681.1,686.7,676.31,678.86,,,,
2024-07-10,677.42,684.09,676.27,683.77,,,,
2024-07-11,682.65,692.3,679.85,690.98,,,,
2024-07-12,694.86,695.79,687.71,692.49,,,,
2024-07-15,696.7,709.07,694.64,703.28,,,,
2024-07-16,699.33,706.89,696.36,705.72,,,,
2024-07-17,709.18,717.71,709.18,713.37,,,,
2024-07-18,713.97,724.06,710.62,715.75,,,,
2024-07-19,716.72,718.63,704.76,706.51,,,,
2024-07-22,702.75,705.53,697.92,701.44,,,,
2024-07-23,699.47,699.97,689.45,690.56,,,,
2024-07-24,692.67,696.91,686.27,692.1,,,,
2024-07-25,691.91,705.91,689.11,702.29,,,,
2024-07-26,702.1,708.2,699.18,704.8,,,,
2024-07-29,705.65,705.65,692.6,698.68,,,,
2024-07-30,699.66,711.56,699.66,709.46,,,,
2024-07-31,717.91,718.89,712.19,712.42,,,,
2024-08-01,710.18,714.31,690.6,694.15,,,,
2024-08-02,688.71,691.18,671.28,678.47,,,,
2024-08-05,666.46,669.29,657.08,664.78,,,,
2024-08-06,665.43,674.24,663.17,667.46,,,,
2024-08-07,673.67,682.15,670.15,670.56,,,,
2024-08-08,672.84,685.37,672.23,684.46,,,,
2024-08-09,683.98,689.32,679.58,686.4,,,,
2024-08-12,688.02,693.94,685.79,689.76,,,,
2024-08-13,684.45,684.75,679.9,682.75,,,,
2024-08-14,684.2,690.48,681.77,687.28,,,,
2024-08-15,689.01,695.5,688.4,693.22,,,,
2024-08-16,688.86,693.58,688.2,692.25,,,,
2024-08-19,693.25,701.68,692.43,695.13,,,,
2024-08-20,694.49,694.49,676.08,676.68,,,,
2024-08-21,680.22,683.64,675.18,676.62,,,,
2024-08-22,676.77,681.52,675.93,678.76,,,,
2024-08-23,682.12,690.17,681.51,688.81,,,,
2024-08-26,695.8,701.66,690.74,696.48,,,,
2024-08-27,696.71,698.43,688.69,690.02,,,,
2024-08-28,687.15,689.47,682.32,685.41,,,,
2024-08-29,689.07,697.19,683.26,694.02,,,,
2024-08-30,688.01,696.52,685.95,695.86,,,,
2024-09-03,684.91,684.91,674.52,679.11,,,,
2024-09-04,680.12,683.85,668.4,669.5,,,,
2024-09-05,674.52,674.52,663.65,664.42,,,,
2024-09-06,665.32,669.76,653.84,656.67,,,,
2024-09-09,657.46,668.26,657.46,661.73,,,,
2024-09-10,662.9,663.5,644.01,649.02,,,,
2024-09-11,648.43,649.04,632.86,643.01,,,,
2024-09-12,644.07,651.18,641.09,649.07,,,,
2024-09-13,650.2,657.05,650.2,651.79,,,,
2024-09-16,657.61,663.38,654.6,659.59,,,,
2024-09-17,659.9,669.35,658.53,668.88,,,,
2024-09-18,668.65,678.28,667.22,670.56,,,,
2024-09-19,680.89,686.22,674.88,678.74,,,,
2024-09-20,676.19,678.41,670.02,676.5,,,,
2024-09-23,677.48,688.67,676.14,685.35,,,,
2024-09-24,690.89,692.33,682.71,683.38,,,,
2024-09-25,681.38,683.71,668.86,670.41,,,,
2024-09-26,657.97,665.09,655.18,657.03,,,,
2024-09-27,661.29,672.14,660.53,670.92,,,,
2024-09-30,669.92,677.18,666.36,676.47,,,,
2024-10-01,670.67,694.71,669.59,691.59,,,,
2024-10-02,701.23,703.94,691.51,699.34,,,,
2024-10-03,701.19,711.11,696.49,710.4,,,,
2024-10-04,716.01,719.86,709.98,717.98,,,,
2024-10-07,719.74,725.55,718.44,720.5,,,,
2024-10-08,711.55,711.7,698.15,701.53,,,,
2024-10-09,697.02,707.26,695.15,705.05,,,,
2024-10-10,709.45,714.11,704.76,710.65,,,,
2024-10-14,709.55,715.22,708.38,713.4,,,,
2024-10-15,696.89,699.92,691.14,691.7,,,,
2024-10-16,695.34,697.08,693.07,694.68,,,,
2024-10-17,695.49,699.83,693.51,697.73,,,,
2024-10-18,698.11,698.11,690.27,695.26,,,,
2024-10-21,700.84,701.7,692.05,693.77,,,,
2024-10-22,696.88,698.14,692.53,695.16,,,,
2024-10-23,692.56,695.59,687.63,691.83,,,,
2024-10-24,692.58,694.44,686.86,690.49,,,,
2024-10-25,693.82,696.14,688.99,690.91,,,,
2024-10-28,676.26,686.87,675.97,686.41,,,,
2024-10-29,684.88,685.88,674.92,676.53,,,,
2024-10-30,677.95,682.59,675.8,676.78,,,,
2024-10-31,681.25,686.62,679.47,681.25,,,,
2024-11-01,691.33,693.02,675.22,676.2,,,,
2024-11-04,680.63,690.01,680.53,688.87,,,,
2024-11-05,692.17,694.69,688.67,692.79,,,,
2024-11-06,712.3,722.27,706.14,717.29,,,,
2024-11-07,715.94,716.51,708.72,714.7,,,,
2024-11-08,713.34,719.15,710.63,717.87,,,,
2024-11-11,718.17,723.82,714.64,720.79,,,,
2024-11-12,722.13,725.08,716.54,717.46,,,,
2024-11-13,719.39,726.18,710.77,723.47,,,,
2024-11-14,725.25,726.64,720.1,724.49,,,,
2024-11-15,723.17,729.84,720.2,722.04,,,,
2024-11-18,725.79,731.3,723.03,729.64,,,,
2024-11-19,724.8,729.02,722.15,724.73,,,,
2024-11-20,726.47,732.36,724.73,731.95,,,,
2024-11-21,735.95,743.11,733.23,737.99,,,,
2024-11-22,737.52,743.93,736.55,738.83,,,,
2024-11-25,739.54,742.07,722.59,723.95,,,,
2024-11-26,726.36,726.36,719.53,722.29,,,,
2024-11-27,722.36,727.7,720.74,721.6,,,,
2024-11-29,722.86,725.88,722.11,724.06,,,,
2024-12-02,724.38,725.38,711.69,717.87,,,,
2024-12-03,720.6,723.32,714.63,717.49,,,,
2024-12-04,716.15,716.15,695.88,699.77,,,,
2024-12-05,702.83,707.07,699.35,702.13,,,,
2024-12-06,700.97,700.97,689.73,691.13,,,,
2024-12-09,696.25,700.24,689.01,689.74,,,,
2024-12-10,693.68,694.46,684.49,685.43,,,,
2024-12-11,685.48,687.91,682.53,685.58,,,,
2024-12-12,684.19,685.27,679.52,680.99,,,,
2024-12-13,680.91,680.91,674.58,676.68,,,,
2024-12-16,675.12,675.12,661.13,661.88,,,,
2024-12-17,655.44,658.12,650.78,656.83,,,,
2024-12-18,654.58,658.26,639.38,639.66,,,,
2024-12-19,645.79,646.84,632.5,633.35,,,,
2024-12-20,632.56,640.58,631.66,638.92,,,,
2024-12-23,637.52,644.33,633.63,642.84,,,,
2024-12-24,644.06,648.57,639.88,647.39,,,,
2024-12-26,647.4,647.95,643.38,646.72,,,,
2024-12-27,644.58,653.8,643.78,646.67,,,,
2024-12-30,647.04,649.59,641.33,646.12,,,,
2024-12-31,646.93,656.71,646.71,654.85,,,,
2025-01-02,660.64,666.98,657.58,661.66,,,,
2025-01-03,665.17,670.02,663.13,667.6,,,,
2025-01-06,670.22,676.29,663.19,664.88,,,,
2025-01-07,666.85,676.67,666.03,671.96,,,,
2025-01-08,665.51,671.69,665.31,671.3,,,,
2025-01-10,678.19,688.08,670.16,673.6,,,,
2025-01-13,676.65,691.21,676.65,688.75,,,,
2025-01-14,687.56,695.29,685.22,695.23,,,,
2025-01-15,699,706.7,696.56,704.92,,,,
2025-01-16,702.41,710.19,702.41,709.32,,,,
2025-01-17,708.48,717.19,707.24,714.95,,,,
2025-01-21,713.2,714.74,707.31,710.38,,,,
2025-01-22,709.53,709.53,697.61,697.95,,,,
2025-01-23,702.94,706,696.54,701.07,,,,
2025-01-24,701.91,704.77,693.33,694.23,,,,
2025-01-27,691.86,694.18,684.25,689.11,,,,
2025-01-28,690.4,693.4,678.68,681.95,,,,
2025-01-29,681.08,686.34,679.15,683.17,,,,
2025-01-30,688.9,690.22,682.81,686.76,,,,
2025-01-31,685.54,687.07,665.77,667.95,,,,
2025-02-03,666.57,673.46,660.44,670.73,,,,
2025-02-04,669.04,686.71,667.06,685.33,,,,
2025-02-05,685.26,687.22,681.18,686.07,,,,
2025-02-06,690,691.3,670.97,674.79,,,,
2025-02-07,675.92,680.65,673.85,674.59,,,,
2025-02-10,679.9,689.95,679.9,689.13,,,,
2025-02-11,691.02,699.29,688.31,694.35,,,,
2025-02-12,690.68,691.58,674.81,675.66,,,,
2025-02-13,674.07,682.18,670.7,680.86,,,,
2025-02-14,682.69,691.52,681.57,681.76,,,,
2025-02-18,683.91,695.6,681.36,691.08,,,,
2025-02-19,694.27,702.78,693.89,695.91,,,,
2025-02-20,695.2,704.18,692.1,702.68,,,,
2025-02-21,699.23,700.4,688.66,688.97,,,,
2025-02-24,690.02,693.03,685.86,689.7,,,,
2025-02-25,689.64,692.42,674.14,679.54,,,,
2025-02-26,680.14,682,672.92,676.23,,,,
2025-02-27,678.58,687.5,675.15,679.49,,,,
2025-02-28,677.79,690.38,673.54,689.88,,,,
2025-03-03,693.4,695.72,659.43,665.65,,,,
2025-03-04,656.71,670.06,648.47,659.92,,,,
2025-03-05,651.14,652.99,637.32,649.95,,,,
2025-03-06,647.01,656.53,641.95,653.22,,,,
2025-03-07,655.92,668.71,655.92,663.95,,,,
2025-03-10,666.39,678.73,662.96,670.18,,,,
2025-03-11,671.88,674.35,660.5,663.74,,,,
2025-03-12,664.01,672.26,661.47,666.65,,,,
2025-03-13,663.6,673.28,657.99,662.39,,,,
2025-03-14,665.82,682.11,662.26,681,,,,
2025-03-17,680.91,695.05,680.91,691.62,,,,
2025-03-18,695.1,696.59,687.49,693.17,,,,
2025-03-19,694.74,707.14,694.32,704.19,,,,
2025-03-20,700,709.21,697.78,707.11,,,,
2025-03-21,705.06,706.25,697.94,702.73,,,,
2025-03-24,704.47,713.97,704.47,709.79,,,,
2025-03-25,713.11,718.73,710.65,713.1,,,,
2025-03-26,720.04,725.13,715.94,717.38,,,,
2025-03-27,716.28,718.44,708.36,711.28,,,,
2025-03-28,710.35,713.33,704.71,708.15,,,,
2025-03-31,706.89,720.11,706.89,715.75,,,,
2025-04-01,715.24,720.41,708.74,719.91,,,,
2025-04-02,714.13,721.03,712.26,720.39,,,,
2025-04-03,687.08,692.03,665.64,666.28,,,,
2025-04-04,645.51,648.96,605.7,608.32,,,,
2025-04-07,587.72,625.44,576.81,602.6,,,,
2025-04-08,619.25,622.17,578.37,587.65,,,,
2025-04-09,577.94,637.44,573.22,631.53,,,,
2025-04-10,615.29,615.51,579.37,591.14,,,,
2025-04-11,593,610.02,581.89,605.93,,,,
2025-04-14,618.37,619,601.81,607.45,,,,
2025-04-15,607.59,617.89,606.26,606.68,,,,
2025-04-16,609.11,621.37,608.65,611.51,,,,
2025-04-17,617.1,634.98,617.1,625.42,,,,
2025-04-21,616.07,617.06,603.01,609.66,,,,
2025-04-22,617.5,629.77,615.34,625.66,,,,
2025-04-23,630.75,635.07,620.18,623.97,,,,
2025-04-24,627.32,635.05,624.14,633.13,,,,
2025-04-25,628.19,632.85,625.68,632.41,,,,
2025-04-28,632.01,638.17,630.7,636.39,,,,
2025-04-29,631.85,636.98,628.66,634.05,,,,
2025-04-30,625.58,625.62,609.9,617.47,,,,
2025-05-01,613.84,627.54,613.84,619.76,,,,
2025-05-02,628.72,631.78,615.72,628.28,,,,
2025-05-05,619.81,620.03,612.79,615.58,,,,
2025-05-06,616.88,621.78,612.89,616.18,,,,
2025-05-07,617.45,619.71,612.32,616.66,,,,
2025-05-08,621.55,632.92,621.55,624.41,,,,
2025-05-09,631.02,633.62,625.9,630.94,,,,
2025-05-12,653.25,656.33,642.08,646.55,,,,
2025-05-13,649.71,660.33,647.46,655.11,,,,
2025-05-14,650.5,653.35,648.46,651.24,,,,
2025-05-15,640.98,652.48,639.35,652.01,,,,
2025-05-16,653.81,653.84,644.62,650.81,,,,
2025-05-19,644.04,644.04,635.98,640.74,,,,
2025-05-20,640.47,641.09,633.75,634.39,,,,
2025-05-21,631.77,631.78,622.94,623,,,,
2025-05-22,619.53,623.67,612.86,620.24,,,,
2025-05-23,615.74,623.68,614.86,622,,,,
2025-05-27,625.99,628.11,621.98,627.24,,,,
2025-05-28,629.8,631.69,617.76,619.41,,,,
2025-05-29,620.36,623.92,616.65,623.57,,,,
2025-05-30,620.79,621.54,613.72,619.34,,,,
2025-06-02,629.54,630.51,620.04,626.46,,,,
2025-06-03,626.13,637.56,621.04,633.42,,,,
2025-06-04,632.54,638.22,620.8,621.46,,,,
2025-06-05,625.45,625.67,619.32,620.45,,,,
2025-06-06,624.89,634.23,624.89,632.77,,,,
2025-06-09,634.98,640.52,630.26,634.19,,,,
2025-06-10,638.15,649.53,638.15,645.41,,,,
2025-06-11,649.08,655.8,643.82,655.01,,,,
2025-06-12,652.17,658.04,648.29,657.67,,,,
2025-06-13,668.8,672.21,660.69,669,,,,
2025-06-16,666.38,673.58,662.05,667.03,,,,
2025-06-17,672.32,678.77,668.99,673.9,,,,
2025-06-18,675.18,679.08,668.04,669.33,,,,
2025-06-20,670.8,678.23,670.42,676.35,,,,
2025-06-23,685.08,685.11,656.75,659.37,,,,
2025-06-24,649.06,657.1,647.16,649.39,,,,
2025-06-25,648.53,651.47,645.19,646.57,,,,
2025-06-26,648.35,657.78,647.55,656.29,,,,
2025-06-27,655.37,655.58,649.17,653,,,,
2025-06-30,649.3,652.74,647.29,648.68,,,,
2025-07-01,649.07,656.86,643.84,653.88,,,,
2025-07-02,659.81,666.2,652.26,664.99,,,,
2025-07-03,663.9,668.29,663.25,666.64,,,,
2025-07-07,662.47,665.81,653.45,659.99,,,,
2025-07-08,659.92,680.22,659.51,677.95,,,,
2025-07-09,677.05,678.44,672.6,674.57,,,,
2025-07-10,672.88,680.28,668.73,679.91,,,,
2025-07-11,678.65,685.27,677.07,683.19,,,,
2025-07-14,680.75,680.75,671.77,674.99,,,,
2025-07-15,674.49,676.41,665.13,665.91,,,,
2025-07-16,665.99,668.5,658.32,660.33,,,,
2025-07-17,656.93,664.58,655.46,663.14,,,,
2025-07-18,667.93,670.49,653.74,656.8,,,,
2025-07-21,657.22,657.85,649.38,650.48,,,,
2025-07-22,649.75,657.34,649.4,653.88,,,,
2025-07-23,656.53,664.11,654.92,663.92,,,,
2025-07-24,661.21,669.56,659.51,668.65,,,,
2025-07-25,668.9,670.21,662.86,665.99,,,,
2025-07-28,669.81,674.8,669.77,673.67,,,,
2025-07-29,674.61,680.62,672.66,680.11,,,,
2025-07-30,676.18,676.58,667.04,670.93,,,,
2025-07-31,664.81,674.52,664.81,666.91,,,,
2025-08-01,664.69,667.04,651.52,655.08,,,,
2025-08-04,653.74,658.27,649.06,652.21,,,,
2025-08-05,651.96,653.57,644.12,652.95,,,,
2025-08-06,658.62,660.85,645.41,646.99,,,,
2025-08-07,650.72,657.8,643.84,644.49,,,,
2025-08-08,648.44,654.46,644.63,648.66,,,,
2025-08-11,650.51,652.9,642.84,643.53,,,,
2025-08-12,646,652.49,643.39,646.68,,,,
2025-08-13,646.34,654.44,645.11,654.44,,,,
2025-08-14,652.58,654.21,646.8,653.3,,,,
2025-08-15,652.21,659,649.69,651.64,,,,
2025-08-18,648.06,650.97,644.24,647.9,,,,
2025-08-19,644.04,650.06,643.11,646.69,,,,
2025-08-20,647.98,654.8,647.6,652.22,,,,
2025-08-21,650.96,657.95,649.26,656.84,,,,
2025-08-22,658.09,671.22,658.09,669.94,,,,
2025-08-25,667.73,672.44,666.04,671.71,,,,
2025-08-26,669.04,671.11,664.34,670.34,,,,
2025-08-27,669.29,680.13,669.29,678.06,,,,
2025-08-28,678.56,683.83,673.93,682.7,,,,
2025-08-29,683.9,688.51,682.73,686.39,,,,
2025-09-02,684.81,688.91,680,687.99,,,,
2025-09-03,683.37,687.56,669.89,672.15,,,,
2025-09-04,672.44,679.3,669.46,676.16,,,,
2025-09-05,668.88,672.33,659.52,662.25,,,,
2025-09-08,664.21,667.17,655.39,661.28,,,,
2025-09-09,664.68,673.94,664.37,664.84,,,,
2025-09-10,666.59,676.69,665.14,676.57,,,,
2025-09-11,671.42,677.95,669.02,676.33,,,,
2025-09-12,679.25,681.76,672.4,672.4,,,,
2025-09-15,672.63,675.11,668.93,670.37,,,,
2025-09-16,674.14,684.21,673.77,681.98,,,,
2025-09-17,679.96,687.89,678.08,683.87,,,,
2025-09-18,685.09,685.19,676.41,680.92,,,,
2025-09-19,680.58,680.58,670.2,672.22,,,,
2025-09-22,669.56,674.32,667.46,670.99,,,,
2025-09-23,674.8,689.53,674.75,682.49,,,,
2025-09-24,686.75,697.22,686.75,690.88,,,,
2025-09-25,691.03,697.63,689.12,696.86,,,,
2025-09-26,698.47,710.52,698.14,703.64,,,,
2025-09-29,698.82,699.14,686.72,690.23,,,,
2025-09-30,684.17,685.29,677.68,682.82,,,,
2025-10-01,680.64,684.62,678.49,682.55,,,,
2025-10-02,681.38,687.16,675.17,675.56,,,,
2025-10-03,678.68,683.81,678.65,680.1,,,,
2025-10-06,682.58,687.37,680.56,683.62,,,,
2025-10-07,682.59,685.02,672.47,684.6,,,,
2025-10-08,683.74,683.74,676.08,680.67,,,,
2025-10-09,683.59,687.95,671.17,671.83,,,,
2025-10-10,667.22,670.29,653.02,653.02,,,,
2025-10-13,659.11,662.83,656.29,662.31,,,,
2025-10-14,652.64,665.82,652.39,661.86,,,,
2025-10-15,664.9,669.91,656.65,661.3,,,,
2025-10-16,663,663.81,649.76,653.9,,,,
2025-10-17,653.9,660.81,653.9,659.14,,,,
2025-10-20,661.61,667.16,661.01,665.56,,,,
2025-10-21,666.86,668.7,661.01,664.2,,,,
2025-10-22,667.42,675.71,664.02,672.95,,,,
2025-10-23,685.24,685.95,677.56,681.64,,,,
2025-10-24,683.02,684.51,674.48,674.76,,,,
2025-10-27,677.56,678.75,673.75,676.77,,,,
2025-10-28,674.16,676.42,669.43,669.68,,,,
2025-10-29,669.64,678.4,669.49,675.04,,,,
2025-10-30,674.22,679.15,669.99,670.42,,,,
2025-10-31,672.41,678.74,668.47,674.74,,,,
2025-11-03,675.14,676.26,666.96,673.45,,,,
2025-11-04,665.39,669.06,660.93,667.17,,,,
2025-11-05,667.01,675.83,666.58,668.4,,,,
2025-11-06,670.78,680.38,670.62,674.22,,,,
2025-11-07,677.25,686.39,675.73,684.72,,,,
2025-11-10,686.08,692.55,677.56,691,,,,
2025-11-11,694.98,704.82,694.98,699.91,,,,
2025-11-12,697.59,697.82,689.03,689.95,,,,
2025-11-13,692.51,697.74,689.07,692.1,,,,
2025-11-14,693.34,703.12,685.07,701.6,,,,
2025-11-17,699.9,699.9,685.97,688.44,,,,
2025-11-18,684.57,694.71,682.72,692.67,,,,
2025-11-19,679.25,685.84,675.71,683.67,,,,
2025-11-20,686.96,695.93,676.01,676.38,,,,
2025-11-21,676.34,682.77,670.4,679.91,,,,
2025-11-24,678.61,679.74,667.75,677.75,,,,
2025-11-25,673.37,675.98,668.24,673.11,,,,
2025-11-26,673.3,682.62,673.15,677.66,,,,
2025-11-28,678.57,689.32,677.62,686.63,,,,
2025-12-01,687.2,696.69,687.2,692.9,,,,
2025-12-02,691.4,691.4,680.62,684.04,,,,
2025-12-03,687.25,697.89,686.93,696.59,,,,
2025-12-04,696.19,700.29,694.29,699.27,,,,
2025-12-05,698.62,707.43,696.06,696.25,,,,
2025-12-08,690.81,696.24,686.71,689.04,,,,
2025-12-09,690.02,700.08,690.02,693.77,,,,
2025-12-10,694.46,702.6,693.5,701.48,,,,
2025-12-11,698.08,702.69,696.75,698.51,,,,
2025-12-12,699.82,701.59,689.86,692.03,,,,
2025-12-15,692.24,692.24,681.2,686.8,,,,
2025-12-16,682.67,682.67,665.69,666.35,,,,
2025-12-17,670.43,682.42,670.3,681.1,,,,
2025-12-18,678.59,679.32,669.52,671.44,,,,
2025-12-19,672.4,677.32,669.93,671.9,,,,
2025-12-22,676.76,682.46,676.76,679.15,,,,
2025-12-23,681.03,684.54,679.44,683.53,,,,
2025-12-24,683.02,684.6,681.09,681.25,,,,
2025-12-26,680.62,682.63,676.16,679.34,,,,
2025-12-29,684.39,687.9,680.97,685.76,,,,
2025-12-30,689.02,692.7,688.57,690.91,,,,
2025-12-31,691.29,691.48,685.07,687.34,,,,
2026-01-02,686.68,703.2,683.94,701.68,,,,
2026-01-05,724.68,726.04,703.33,720.44,,,,
2026-01-06,721.84,722.36,699.37,700.2,,,,
2026-01-07,699.5,700.73,691.32,691.9,,,,
2026-01-08,693.62,718.58,693.62,714.03,,,,
2026-01-09,717.45,719.13,713.91,716.63,,,,
2026-01-12,717.31,718.03,708.24,711.92,,,,
2026-01-13,718.5,727.95,717.34,722.8,,,,
2026-01-14,725.99,748.31,725.85,739.15,,,,
2026-01-15,734.57,739.35,727.79,732.43,,,,
2026-01-16,730.3,735.39,730.3,733.95,,,,
2026-01-20,740.01,742.94,731.32,732.7,,,,
2026-01-21,742.92,753.67,742.92,750.17,,,,
2026-01-22,748.62,753.55,744.82,752.17,,,,
2026-01-23,760.93,766.46,755.19,756.77,,,,
2026-01-26,766,766,753.24,757.06,,,,
2026-01-27,759.7,766.25,756.61,764.53,,,,
2026-01-28,768.92,771.76,763.39,770.2,,,,
2026-01-29,787.91,795.67,777.92,778.52,,,,
2026-01-30,775.7,787.61,768.73,786.14,,,,
2026-02-02,771.52,777.47,766.85,770.57,,,,
2026-02-03,773.06,797.84,770.68,795.89,,,,
2026-02-04,800.12,815.81,800.12,813.78,,,,
2026-02-05,806.93,808.38,792.88,804.91,,,,
2026-02-06,807.06,822.61,806.95,820.14,,,,
2026-02-09,819.79,827.86,816.18,826.99,,,,
2026-02-10,828.51,828.59,820.84,826.33,,,,
2026-02-11,836.28,850.01,835.85,847.77,,,,
2026-02-12,848.68,849.7,826.96,829.39,,,,
2026-02-13,830.14,837.33,827.65,833.91,,,,
2026-02-17,835.96,839.74,814.79,822.49,,,,
2026-02-18,834.35,839.91,829.91,838.97,,,,
2026-02-19,847.49,854.87,841.22,844.32,,,,
2026-02-20,843.55,845.16,833.06,838.29,,,,
2026-02-23,838.88,854.15,838.88,843.32,,,,
2026-02-24,843.3,844.15,832.12,842.36,,,,
2026-02-25,844.05,845.11,828.79,838.84,,,,
2026-02-26,831.86,850.84,828.34,840.98,,,,
2026-02-27,848.02,858.94,840.22,855.1,,,,
2026-03-02,883.48,883.48,861.83,871.79,,,,
2026-03-03,876.54,881.44,856.3,863.59,,,,
2026-03-04,856.59,861.39,844.92,857.27,,,,
2026-03-05,862.46,870.27,855.88,862.31,,,,
2026-03-06,868.68,875.23,857.55,863.42,,,,
2026-03-09,865.01,872.74,853.92,859.75,,,,
2026-03-10,853.77,860.98,844.9,848.4,,,,
2026-03-11,849.7,869.84,848.6,869.43,,,,
2026-03-12,871.57,888.15,870.3,877.99,,,,
2026-03-13,874.99,885.13,872.3,881.61,,,,
2026-03-16,881.72,887.96,875.29,884.99,,,,
2026-03-17,891.36,902.49,885.88,894.01,,,,
2026-03-18,897.17,900.96,892.53,892.6,,,,
2026-03-19,898.11,910.93,892.67,905.79,,,,
2026-03-20,909.27,920.92,905.48,905.88,,,,
2026-03-23,888.29,919.2,888.29,916.19,,,,
2026-03-24,918.76,945.01,918.76,934.97,,,,
2026-03-25,930.51,936.73,927.42,930.05,,,,
2026-03-26,932.97,948.82,929.64,944.63,,,,
2026-03-27,945.17,964.92,940.61,962.27,,,,
2026-03-30,970.42,976.91,951.51,953.94,,,,
2026-03-31,958.06,967.64,924.5,943.3,,,,
2026-04-01,924.84,932.65,897.47,906.65,,,,
2026-04-02,923.83,938.18,906.41,910.86,,,,
2026-04-06,909.94,918.1,905.25,917.88,,,,
2026-04-07,919.54,934.83,919.54,925.05,,,,
2026-04-08,872.28,892.82,862.84,891.16,,,,
2026-04-09,893.09,905.57,877.19,880.81,,,,
2026-04-10,876.32,881.64,865.92,873.75,,,,
2026-04-13,882.26,885.54,869.16,876.61,,,,
2026-04-14,865.38,865.78,849.23,857.69,,,,
2026-04-15,855.18,861.93,847.27,855.3,,,,
2026-04-16,855.35,871.96,855.35,868.53,,,,
2026-04-17,833.67,845.31,818.6,842.98,,,,
2026-04-20,844.19,854.31,841.04,844.78,,,,
2026-04-21,847.06,857.31,841.9,855.83,,,,
2026-04-22,863.36,869.51,861.09,865.61,,,,
2026-04-23,870.5,875.18,864.33,872.22,,,,
2026-04-24,872.5,872.5,858.91,870.08,,,,
2026-04-27,873.75,881.22,865.64,867.9,,,,
2026-04-28,877.41,887.78,877.13,882.24,,,,
2026-04-29,891.69,903.62,887.46,902.93,,,,
2026-04-30,890.53,913.79,886.05,910.23,,,,
2026-05-01,902.9,910.01,889.87,898.26,,,,
2026-05-04,898.65,908.34,887.54,905.87,,,,
2026-05-05,903.63,911.74,898.81,907.15,,,,
2026-05-06,880.16,882.93,864.64,870.27,,,,
2026-05-07,856.02,857.5,842.2,854.81,,,,
2026-05-08,854.03,857.74,846.91,850.03,,,,
2026-05-11,858.45,872.76,857.74,872.41,,,,
2026-05-12,879.44,882.58,872.21,878.6,,,,
2026-05-13,878.72,881.07,870.09,880.03,,,,
2026-05-14,879.27,888.1,878.03,886.81,,,,
2026-05-15,892.65,907.61,891.86,907.42,,,,
2026-05-18,904.88,926.43,895.86,923.83,,,,
2026-05-19,928.39,937,918.45,933.34,,,,
2026-05-20,930.93,939.44,908.46,909.17,,,,
2026-05-21,920.97,921.56,893.17,900.02,,,,
2026-05-22,898.53,906.07,895.17,904.02,,,,
2026-05-26,897.31,904.56,878.39,878.69,,,,
2026-05-27,866.2,873,858.38,865.36,,,,
2026-05-28,873.62,873.62,864.15,864.15,,,,
2026-05-29,861.5,862.27,850.47,854.93,,,,
2026-06-01,864.19,877.88,863.79,870.79,,,,
2026-06-02,868.28,883.53,868.28,879.44,,,,
2026-06-03,883.07,901.88,880.69,891.56,,,,
2026-06-04,884.12,896.24,883.72,891.77,,,,
2026-06-05,890.79,892.17,875.76,875.98,,,,
2026-06-08,881.66,895.82,881.66,885.94,,,,
2026-06-09,884.83,884.83,863.65,871.77,,,,
2026-06-10,880.08,896.33,878.87,884.52,,,,
2026-06-11,895.19,895.56,865.68,866.33,,,,
2026-06-12,861.65,881.48,858.93,872.61,,,,
2026-06-15,838.46,848.73,832.64,841.35,,,,
2026-06-16,835.3,840.94,833.01,839.25,,,,
2026-06-17,835.39,839.31,827.57,829.61,,,,
2026-06-18,818.75,819.06,807.38,815.24,,,,
2026-06-22,820.58,826.21,812.05,825.34,,,,
2026-06-23,824.86,832.85,822.89,830.99,,,,
2026-06-24,816.69,820.19,808.47,816.59,,,,
2026-06-25,810.84,827.77,808.5,824.6,,,,
2026-06-26,822.47,824.66,817.72,821.19,,,,
2026-06-29,822.22,826.71,814.64,816.11,,,,
2026-06-30,818.34,823.57,809.57,810.95,,,,
2026-07-01,810.51,815.25,803.18,806.45,,,,
2026-07-02,814.72,819.74,808.18,813.35,,,,
2026-07-03,814.72,819.74,808.18,813.35,,,,
2026-07-06,811.95,816.98,809.48,811.21,,,,
2026-07-07,819.08,837.58,819.08,835.75,,,,
2026-07-08,846.44,854.96,838.11,847.87,,,,
2026-07-09,843.52,844.45,833.36,834.51,,,,
2026-07-13,853.2,869.56,851.54,866.12,,,,
2026-07-14,871.4,872.91,859.66,869.3,,,,
2026-07-15,869.36,869.87,851.47,862.57,,,,
2026-07-16,865.89,875.46,864.36,871.17,,,,
2026-07-17,885.2,888.25,875.93,881.27,,,,
2026-07-20,878.5,892.19,877.05,886.1,,,,
2026-07-21,889.54,896.36,885.15,896.3,,,,
2026-07-22,907.62,911.19,902.66,906.97,,,,
2026-07-23,920.79,925.79,909.92,912.03,,,,
2026-07-24,913.14,926.67,911.52,914.32,,,,
2026-07-27,896.56,907.8,893.89,895.92,,,,
2026-07-28,897.95,902.3,878.92,883.41,,,,
