Date,Open,High,Low,Close,Volume,TradingValue,UpLimit,LowLimit
2012-10-02,233.42,234.21,231.03,232.33,,,,
2012-10-03,232.39,232.39,230.22,231.23,,,,
2012-10-04,231.61,234.93,231.61,234.12,,,,
2012-10-05,234.25,237.26,234.25,235.18,,,,
2012-10-08,233.68,235.54,233.43,234.9,,,,
2012-10-09,234.81,236,232.43,232.43,,,,
2012-10-10,232.33,232.33,229.56,230.12,,,,
2012-10-11,230.64,233.23,230.64,230.84,,,,
2012-10-12,230.83,232.23,229.25,229.74,,,,
2012-10-15,229.89,231.96,229.24,231.7,,,,
2012-10-16,231.92,237.6,231.92,237.2,,,,
2012-10-17,237.61,239.45,237.3,239.23,,,,
2012-10-18,238.83,240.33,237.77,239.37,,,,
2012-10-19,239.36,239.36,233.69,234.58,,,,
2012-10-22,233.93,235.8,232.6,235.43,,,,
2012-10-23,234.99,234.99,226.91,228.33,,,,
2012-10-24,228.61,230.42,227.82,228.23,,,,
2012-10-25,228.41,229.79,226.25,227.6,,,,
2012-10-26,227.56,228.67,226.21,228.02,,,,
2012-10-31,228.54,229.6,226.68,227.64,,,,
2012-11-01,227.69,232.13,227.69,232.1,,,,
2012-11-02,232.31,232.73,227.52,227.52,,,,
2012-11-05,227.37,229.59,226.96,229.21,,,,
2012-11-06,229.74,232.9,229.52,231.63,,,,
2012-11-07,231.35,231.35,225.67,228.02,,,,
2012-11-08,227.87,228.58,224.38,224.85,,,,
2012-11-09,224.67,227.29,223.84,224.49,,,,
2012-11-12,224.7,225.62,224,224.31,,,,
2012-11-13,224,225.6,222.53,223.5,,,,
2012-11-14,223.44,223.56,219.32,219.7,,,,
2012-11-15,219.61,220.54,217.09,218.78,,,,
2012-11-16,218.78,220.1,216.73,219.39,,,,
2012-11-19,219.55,225.84,219.55,225.68,,,,
2012-11-20,225.3,225.77,224.2,225.47,,,,
2012-11-21,225.77,226.32,225.33,225.98,,,,
2012-11-23,226.3,229.22,226.3,229.21,,,,
2012-11-26,229.08,229.14,227.04,229.14,,,,
2012-11-27,229.06,230.13,228.2,228.28,,,,
2012-11-28,227.73,229.25,224.91,229.24,,,,
2012-11-29,229.52,231.39,229.52,230.62,,,,
2012-11-30,230.65,231.48,230.2,230.95,,,,
2012-12-03,231.23,232.19,226.29,226.72,,,,
2012-12-04,226.55,228.67,226.2,226.85,,,,
2012-12-05,223.72,225.76,222.77,224.11,,,,
2012-12-06,224.03,224.71,222.91,224.67,,,,
2012-12-07,224.92,226.56,224.92,226.53,,,,
2012-12-10,226.44,228.42,226.36,228.05,,,,
2012-12-11,228.16,230.32,228.16,229.74,,,,
2012-12-12,230.13,231.14,228.62,229.22,,,,
2012-12-13,229.34,230.37,227.37,228.23,,,,
2012-12-14,228.08,231.07,228.08,230.25,,,,
2012-12-17,230.41,232.49,230.41,232.47,,,,
2012-12-18,232.6,235.41,232.42,235.33,,,,
2012-12-19,235.34,235.65,234.07,234.07,,,,
2012-12-20,233.99,236.28,233.1,236.28,,,,
2012-12-21,236.2,236.2,233.06,234.35,,,,
2012-12-24,234.26,235.93,233.2,235.46,,,,
2012-12-26,235.71,237.8,235.71,236.92,,,,
2012-12-27,236.98,237.27,233.09,235.95,,,,
2012-12-28,235.49,235.49,232.61,232.93,,,,
2012-12-31,232.85,237.8,232.49,237.62,,,,
2013-01-02,238.28,244.05,238.28,243.21,,,,
2013-01-03,243.18,243.99,240.79,241.55,,,,
2013-01-04,241.82,244.69,241.82,244.39,,,,
2013-01-07,244.09,244.13,242.56,243.9,,,,
2013-01-08,243.8,244.8,242.57,244.34,,,,
2013-01-09,244.56,246.11,244.56,245.89,,,,
2013-01-10,246.31,247.03,244.79,246.88,,,,
2013-01-11,246.95,247.02,244.95,246.42,,,,
2013-01-14,246.45,247.34,246.12,246.64,,,,
2013-01-15,246.54,247.05,245.67,246.75,,,,
2013-01-16,246.47,246.47,244.69,245.31,,,,
2013-01-17,245.48,247.72,245.48,247.09,,,,
2013-01-18,247.09,248.51,246.5,248.46,,,,
2013-01-22,248.47,251.09,248.47,250.7,,,,
2013-01-23,250.69,250.75,248.74,249.6,,,,
2013-01-24,249.62,251.6,249.32,250.2,,,,
2013-01-25,250.22,251.14,249.47,251.14,,,,
2013-01-28,251.14,251.14,247.93,248.66,,,,
2013-01-29,248.64,250.41,248.45,250.11,,,,
2013-01-30,250.07,251.1,248.29,248.72,,,,
2013-01-31,248.68,248.68,245.98,246.55,,,,
2013-02-01,246.97,249.75,246.97,249.52,,,,
2013-02-04,249.25,249.25,246.91,247.02,,,,
2013-02-05,247.33,249.34,247.33,248.34,,,,
2013-02-06,247.85,248.79,247.45,248.74,,,,
2013-02-07,248.67,248.67,245.5,247.26,,,,
2013-02-08,247.44,248.81,247.38,248.78,,,,
2013-02-11,248.4,248.55,247.58,248.25,,,,
2013-02-12,248.11,248.83,247.23,248.65,,,,
2013-02-13,248.81,249.82,248.45,249.3,,,,
2013-02-14,248.99,248.99,247.53,248.28,,,,
2013-02-15,248.27,248.96,247.12,248.08,,,,
2013-02-19,248.2,248.85,246.86,247.03,,,,
2013-02-20,246.82,246.82,239.86,240.03,,,,
2013-02-21,239.76,239.76,236.27,237.79,,,,
2013-02-22,238.23,240.76,238.23,240.76,,,,
2013-02-25,241.07,242.04,235.36,235.36,,,,
2013-02-26,235.63,238.23,235.63,237.92,,,,
2013-02-27,237.93,242.77,237.93,241.91,,,,
2013-02-28,241.94,243.73,241.57,242.27,,,,
2013-03-01,241.78,243.22,239.37,242.5,,,,
2013-03-04,242.24,242.75,240.48,242.74,,,,
2013-03-05,243.31,246.05,243.31,244.26,,,,
2013-03-06,244.73,247.2,244.73,246.42,,,,
2013-03-07,246.5,247.75,246.5,247.08,,,,
2013-03-08,247.72,249.42,247.72,249.17,,,,
2013-03-11,249.08,250.52,248,250.17,,,,
2013-03-12,250.02,251.79,249.8,250.44,,,,
2013-03-13,250.43,250.62,249.3,249.86,,,,
2013-03-14,250.13,251.63,250.08,251.47,,,,
2013-03-15,251.43,252.19,251.02,251.65,,,,
2013-03-18,251.39,251.48,248.76,249.83,,,,
2013-03-19,249.93,250.24,246.69,248.84,,,,
2013-03-20,249.51,251.04,249.51,250.62,,,,
2013-03-21,250.34,250.34,246.54,246.55,,,,
2013-03-22,247.08,247.8,246.15,246.73,,,,
2013-03-25,246.99,247.52,243.87,244.91,,,,
2013-03-26,245.21,246.52,245.04,246.31,,,,
2013-03-27,245.89,246.44,243.74,246.25,,,,
2013-03-28,246.44,247.78,246.06,247.52,,,,
2013-04-01,247.26,247.43,244.55,245.14,,,,
2013-04-02,245.53,245.66,242.19,242.86,,,,
2013-04-03,242.96,243.47,239.34,240.6,,,,
2013-04-04,240.8,243.54,240.73,242.55,,,,
2013-04-05,242.12,242.12,239.42,241.55,,,,
2013-04-08,241.56,242.41,240.48,242.41,,,,
2013-04-09,242.64,246,242.64,245.1,,,,
2013-04-10,245.32,246.87,244.91,246.8,,,,
2013-04-11,246.82,248.81,246.3,247.68,,,,
2013-04-12,247.49,247.49,242.88,244.1,,,,
2013-04-15,242.85,242.85,234.6,234.68,,,,
2013-04-16,234.88,239.16,234.88,239.02,,,,
2013-04-17,238.78,238.78,234.35,235.56,,,,
2013-04-18,235.81,236.99,233.46,234.92,,,,
2013-04-19,234.94,237.66,234.94,237.65,,,,
2013-04-22,237.83,240.73,236.45,239.96,,,,
2013-04-23,240.26,242.18,239.57,242.01,,,,
2013-04-24,242.23,246.08,242.23,245.72,,,,
2013-04-25,246.05,250.33,246.05,248.29,,,,
2013-04-26,247.85,248.08,244,244.86,,,,
2013-04-29,245.14,248.73,244.77,248.56,,,,
2013-04-30,248.33,248.88,246.2,248.87,,,,
2013-05-01,248.58,248.58,244.27,244.51,,,,
2013-05-02,244.74,246.77,243.32,246.2,,,,
2013-05-03,246.69,251.64,246.69,250.66,,,,
2013-05-06,250.71,251.52,249.96,251.27,,,,
2013-05-07,251.4,253.93,250.99,253.51,,,,
2013-05-08,253.37,255.77,253,255.76,,,,
2013-05-09,255.69,256.67,254.69,255.36,,,,
2013-05-10,255.44,255.56,253.25,255.28,,,,
2013-05-13,255,255,252.43,253.22,,,,
2013-05-14,253.18,256.17,253.18,256.16,,,,
2013-05-15,255.82,258.33,255.16,257.57,,,,
2013-05-16,257.06,258.35,255.86,256.31,,,,
2013-05-17,256.41,259.4,256.41,259.4,,,,
2013-05-20,259.2,260.61,258.11,259.48,,,,
2013-05-21,259.48,260.39,258.57,258.97,,,,
2013-05-22,258.87,261.2,254.61,255.68,,,,
2013-05-23,255.52,256.11,251.55,255.45,,,,
2013-05-24,254.71,255.02,252.94,254.74,,,,
2013-05-28,255.01,257.95,255.01,256.98,,,,
2013-05-29,256.44,256.81,253.83,256.32,,,,
2013-05-30,256.77,257.96,255.88,256.89,,,,
2013-05-31,256.4,257.21,253.01,253.01,,,,
2013-06-03,253.21,254.45,251.5,254.45,,,,
2013-06-04,254.46,255.57,252.65,253.99,,,,
2013-06-05,253.46,253.46,248.56,248.62,,,,
2013-06-06,248.56,250.08,247.17,250.08,,,,
2013-06-07,250.4,252.45,249.79,252.21,,,,
2013-06-10,252.21,253.94,252.21,253.38,,,,
2013-06-11,252.64,252.64,249.06,249.87,,,,
2013-06-12,250.58,252.28,248.37,248.58,,,,
2013-06-13,248.19,253.43,247.78,252.94,,,,
2013-06-14,252.77,254.12,250.61,251.31,,,,
2013-06-17,251.62,253.77,251.62,253.19,,,,
2013-06-18,253.39,254.8,252.87,254.41,,,,
2013-06-19,254.3,255.48,252.48,252.48,,,,
2013-06-20,252.05,252.05,245,245.82,,,,
2013-06-21,246.01,247.16,242.4,245.17,,,,
2013-06-24,245.03,245.03,238.73,241.05,,,,
2013-06-25,241.45,243.52,241.09,242.68,,,,
2013-06-26,242.78,243.79,241.02,243.26,,,,
2013-06-27,243.7,244.42,242.87,243,,,,
2013-06-28,242.77,243.59,241.21,241.61,,,,
2013-07-01,241.95,245.69,241.95,243.45,,,,
2013-07-02,243.09,244.28,241.14,242.63,,,,
2013-07-03,242.38,242.92,241.28,242.5,,,,
2013-07-05,242.84,244.16,242.09,244.16,,,,
2013-07-08,244.48,246.07,244.48,245.53,,,,
2013-07-09,245.9,249.78,245.9,249.41,,,,
2013-07-10,249.22,250.15,247.91,249.18,,,,
2013-07-11,249.71,253.54,249.71,253.24,,,,
2013-07-12,253.12,253.12,251.28,252.44,,,,
2013-07-15,252.45,253.33,251.99,252.93,,,,
2013-07-16,253.16,253.32,249.94,250.91,,,,
2013-07-17,251.63,253.97,251.63,253.39,,,,
2013-07-18,253.68,254.87,253.01,253.43,,,,
2013-07-19,253.47,254.87,252.88,254.67,,,,
2013-07-22,254.79,256.5,254.79,255.45,,,,
2013-07-23,255.74,258.76,255.63,256.14,,,,
2013-07-24,256.22,256.31,252.69,253.77,,,,
2013-07-25,253.56,256.43,253.33,256.15,,,,
2013-07-26,255.71,255.71,253.05,255.21,,,,
2013-07-29,254.95,256.94,253.9,256.51,,,,
2013-07-30,256.66,256.66,253.2,255.85,,,,
2013-07-31,256.02,257.41,254.74,254.92,,,,
2013-08-01,255.37,258.27,255.37,257.08,,,,
2013-08-02,256.82,258.61,256.5,258.49,,,,
2013-08-05,258.49,258.61,257.37,257.83,,,,
2013-08-06,257.69,257.69,254.68,255.36,,,,
2013-08-07,255.1,256.2,254.5,255.37,,,,
2013-08-08,255.8,260.11,255.8,259.26,,,,
2013-08-09,259.12,261.44,259.11,260.74,,,,
2013-08-12,260.73,261.01,259.67,260.23,,,,
2013-08-13,260.43,261.62,259.36,260.86,,,,
2013-08-14,260.77,262.22,260.33,260.42,,,,
2013-08-15,260.01,260.01,256.34,258.43,,,,
2013-08-16,258.46,258.46,255.78,256.44,,,,
2013-08-19,256.06,256.87,254.22,254.3,,,,
2013-08-20,254.34,256.61,253.96,255.79,,,,
2013-08-21,255.41,256.3,253.55,253.98,,,,
2013-08-22,254.41,257.31,254.41,256.92,,,,
2013-08-23,257.13,259.45,256.26,259.12,,,,
2013-08-26,259.29,261.47,258.84,259.11,,,,
2013-08-27,258.82,258.82,253.98,254.43,,,,
2013-08-28,254.38,255.21,253.64,253.92,,,,
2013-08-29,253.46,256.27,253.22,254.75,,,,
2013-08-30,254.85,255.45,253.76,254.43,,,,
2013-09-03,254.71,258.6,254.71,255.86,,,,
2013-09-04,255.46,258.36,254.53,258.15,,,,
2013-09-05,257.95,259.33,257.84,258.79,,,,
2013-09-06,259.19,260.64,257.25,258.25,,,,
2013-09-09,258.66,262.44,258.66,262.17,,,,
2013-09-10,262.5,265.32,262.5,264.48,,,,
2013-09-11,264.63,266.21,263.4,266.1,,,,
2013-09-12,265.73,265.73,262.96,263.39,,,,
2013-09-13,263.67,265.45,263.26,265.18,,,,
2013-09-16,265.32,269.23,265.32,267.98,,,,
2013-09-17,268.09,268.38,266.78,267.32,,,,
2013-09-18,267.38,273.72,266.56,273.47,,,,
2013-09-19,273.6,275.07,271.82,272.43,,,,
2013-09-20,272.41,272.85,268.93,268.93,,,,
2013-09-23,268.67,269.15,267.13,267.28,,,,
2013-09-24,267.27,269.03,266.5,267.08,,,,
2013-09-25,267.15,269.4,266.74,267.68,,,,
2013-09-26,267.97,270.38,267.97,269.28,,,,
2013-09-27,268.78,268.78,265.82,266.06,,,,
2013-09-30,265.32,265.97,263.09,265.01,,,,
2013-10-01,264.58,266.41,264.19,266.23,,,,
2013-10-02,265.85,266.85,263.82,266.85,,,,
2013-10-03,266.61,266.61,262.7,264.52,,,,
2013-10-04,264.47,268.45,264.07,268.29,,,,
2013-10-07,267.89,267.89,265.18,265.19,,,,
2013-10-08,264.94,265.01,260.73,260.8,,,,
2013-10-09,261.16,262.55,259.09,261.31,,,,
2013-10-10,261.6,266.97,261.59,266.71,,,,
2013-10-11,266.14,268.19,265.81,268.17,,,,
2013-10-14,267.61,269.39,266.28,269.02,,,,
2013-10-15,268.72,269.44,266.99,267.47,,,,
2013-10-16,268.05,270.95,268.05,270.24,,,,
2013-10-17,270.22,273.96,270.18,273.71,,,,
2013-10-18,273.74,275.32,273.35,274.61,,,,
2013-10-21,274.65,275.09,273.55,274.58,,,,
2013-10-22,275.96,279.1,275.9,278.49,,,,
2013-10-23,278.09,278.09,276.32,276.69,,,,
2013-10-24,276.83,278.26,275.57,278.11,,,,
2013-10-25,278.12,278.81,276.29,278.78,,,,
2013-10-28,278.7,279.03,276.78,277.26,,,,
2013-10-29,277.57,278.1,276.4,278.07,,,,
2013-10-30,278.26,279.62,274.8,276.44,,,,
2013-10-31,276.39,277.72,275.85,275.9,,,,
2013-11-01,276.1,276.81,273.88,275.25,,,,
2013-11-04,275.58,276.54,275.15,276.42,,,,
2013-11-05,276.24,276.24,274.23,275.3,,,,
2013-11-06,275.72,277.73,275.72,277.04,,,,
2013-11-07,277.34,277.59,273.2,273.44,,,,
2013-11-08,273.44,278.47,273.29,278.47,,,,
2013-11-11,278.55,278.58,277.5,278.35,,,,
2013-11-12,277.92,278.28,276.81,277.53,,,,
2013-11-13,277.13,278.73,275.83,278.73,,,,
2013-11-14,279.04,281.12,278.73,281.03,,,,
2013-11-15,281.11,282.98,281.11,282.8,,,,
2013-11-18,283.02,283.23,280.3,280.88,,,,
2013-11-19,280.69,281.31,279.32,280.18,,,,
2013-11-20,280.13,280.3,277.32,277.9,,,,
2013-11-21,278.33,280.17,278.33,280.08,,,,
2013-11-22,280.24,281.6,279.17,281.57,,,,
2013-11-25,281.76,281.9,279.09,279.61,,,,
2013-11-26,279.65,279.77,278.16,279.03,,,,
2013-11-27,279.25,280.01,278.92,279.28,,,,
2013-11-29,279.44,280.57,278.46,278.88,,,,
2013-12-02,279.2,280.49,278.09,278.32,,,,
2013-12-03,277.79,277.79,273.69,274.91,,,,
2013-12-04,274.83,277.28,274.02,276.2,,,,
2013-12-05,275.92,275.92,274.02,274.43,,,,
2013-12-06,274.83,278.88,274.83,278.36,,,,
2013-12-09,278.57,279.94,278.54,279.73,,,,
2013-12-10,279.59,281.4,279.37,280.48,,,,
2013-12-11,280.5,280.73,275.38,275.73,,,,
2013-12-12,275.57,276.04,274.31,275.26,,,,
2013-12-13,275.52,277.11,275.52,276.43,,,,
2013-12-16,276.72,278.91,276.72,277.64,,,,
2013-12-17,277.6,279.59,277.24,279.08,,,,
2013-12-18,279.27,282.79,276.98,282.75,,,,
2013-12-19,282.19,283.66,281.48,283.46,,,,
2013-12-20,283.44,285.16,283.37,284.16,,,,
2013-12-23,284.92,285.84,284.66,285.41,,,,
2013-12-24,285.56,288.51,285.56,288.49,,,,
2013-12-26,288.77,290.39,288.77,290.12,,,,
2013-12-27,290.18,291.04,290.03,290.79,,,,
2013-12-30,290.88,291.28,290.32,290.89,,,,
2013-12-31,291.18,291.83,290.54,291.64,,,,
2014-01-02,291.45,291.45,288.92,289.56,,,,
2014-01-03,289.88,290.14,288.91,289.03,,,,
2014-01-06,289.38,289.69,286.65,287.3,,,,
2014-01-07,287.61,287.73,286.02,286.84,,,,
2014-01-08,286.73,288.78,286.12,288.42,,,,
2014-01-09,288.72,289.38,286.27,287.22,,,,
2014-01-10,287,288.48,286.6,288.25,,,,
2014-01-13,288.02,288.02,283.75,284.17,,,,
2014-01-14,284.38,288.37,284.38,288.15,,,,
2014-01-15,288.38,290.4,288.38,290.01,,,,
2014-01-16,289.94,290.57,289.13,290.42,,,,
2014-01-17,290.42,291.13,289.41,289.8,,,,
2014-01-21,290.18,293.76,290.18,291.42,,,,
2014-01-22,291.66,291.77,288.02,288.75,,,,
2014-01-23,288.36,288.36,282.66,284.5,,,,
2014-01-24,284.07,284.07,276.74,276.74,,,,
2014-01-27,276.9,278.12,273.73,275.72,,,,
2014-01-28,276.01,277.88,276.01,277.2,,,,
2014-01-29,276.91,281.15,276.25,278.48,,,,
2014-01-30,278.8,280.78,277.64,279.72,,,,
2014-01-31,279.46,280.13,276.31,278.04,,,,
2014-02-03,278.12,279.02,271.2,271.39,,,,
2014-02-04,272.05,275.48,271.62,273.72,,,,
2014-02-05,273.35,274.74,270.01,274.15,,,,
2014-02-06,274.17,278.53,274.17,278.32,,,,
2014-02-07,278.63,282.43,278.45,282.16,,,,
2014-02-10,281.98,283.84,281.36,283.41,,,,
2014-02-11,283.47,287.64,283.47,286.84,,,,
2014-02-12,286.88,287.66,285.34,285.96,,,,
2014-02-13,285.22,289.28,284.39,288.69,,,,
2014-02-14,288.61,291.01,288.26,290.69,,,,
2014-02-18,290.85,291.55,289.52,291,,,,
2014-02-20,289.25,292.23,288.1,291.86,,,,
2014-02-21,291.87,293.18,291.51,291.53,,,,
2014-02-24,291.4,292.72,290.04,290.05,,,,
2014-02-25,290.16,292.46,289.52,291.16,,,,
2014-02-26,291.36,294.26,291.35,293.3,,,,
2014-02-27,293.11,295.3,292.76,295.29,,,,
2014-02-28,295.31,297.63,294.97,296.64,,,,
2014-03-03,296.24,297.03,294.19,295.99,,,,
2014-03-04,296.23,300.95,296.23,300.61,,,,
2014-03-05,300.52,301.46,299.6,301.18,,,,
2014-03-06,301.49,303.88,301.49,302.26,,,,
2014-03-07,302.77,302.89,300.04,300.89,,,,
2014-03-10,300.52,300.76,298.11,300.54,,,,
2014-03-11,300.65,300.66,297.43,297.58,,,,
2014-03-12,297.04,297.98,296.13,297.37,,,,
2014-03-13,297.58,299.56,294.31,294.92,,,,
2014-03-14,294.89,296.87,294.88,295.3,,,,
2014-03-17,295.8,299.38,295.8,297.63,,,,
2014-03-18,297.69,299.53,297.69,299.29,,,,
2014-03-19,299.25,299.82,295.1,296.65,,,,
2014-03-20,296.32,298.12,295.42,298.05,,,,
2014-03-21,298.06,301.09,298.06,299.46,,,,
2014-03-24,299.64,301.01,296.08,297.05,,,,
2014-03-25,297.58,300.11,297.58,298.53,,,,
2014-03-26,298.85,299.96,294.38,294.38,,,,
2014-03-27,294.42,294.77,292.07,293.31,,,,
2014-03-28,293.77,296.58,293.38,295.22,,,,
2014-03-31,295.85,298.7,295.85,298.35,,,,
2014-04-01,298.9,300.34,298.24,300.33,,,,
2014-04-02,300.23,302.77,299.32,302.23,,,,
2014-04-03,302.57,304.48,301.4,302.52,,,,
2014-04-04,302.86,304.95,297.94,298.58,,,,
2014-04-07,298.41,298.81,293.26,294.32,,,,
2014-04-08,294.26,296.63,293.41,295.46,,,,
2014-04-09,295.71,300.62,295.71,299.95,,,,
2014-04-10,299.91,300.01,293.43,293.9,,,,
2014-04-11,293.35,293.87,290.34,290.42,,,,
2014-04-14,290.87,293.64,290.66,292.6,,,,
2014-04-15,292.9,294.47,289.62,294.23,,,,
2014-04-16,294.88,298.88,294.88,298.61,,,,
2014-04-17,298.55,300.07,298.47,299.5,,,,
2014-04-21,299.57,300.58,298.87,299.77,,,,
2014-04-22,299.81,301.77,299.29,300.68,,,,
2014-04-23,300.66,301.6,300.35,300.82,,,,
2014-04-24,301.31,301.72,298.85,299.31,,,,
2014-04-25,298.95,298.96,296.33,297.27,,,,
2014-04-28,298.02,298.37,293.85,295.87,,,,
2014-04-29,296.34,298.78,296.17,298.05,,,,
2014-04-30,298.02,300.55,297.58,300.42,,,,
2014-05-01,300.35,300.35,297.94,298.51,,,,
2014-05-02,298.49,301.34,298.48,299.9,,,,
2014-05-05,299.37,301.52,298.29,301.28,,,,
2014-05-06,300.9,301.41,298.89,299.7,,,,
2014-05-07,300,302.33,298.89,302.24,,,,
2014-05-08,301.91,303.83,299.68,300.9,,,,
2014-05-09,300.9,301.18,299.06,300.87,,,,
2014-05-12,301.42,304.92,301.42,304.74,,,,
2014-05-13,304.9,305.92,304.43,304.69,,,,
2014-05-14,304.88,306.33,304.17,304.87,,,,
2014-05-15,304.4,304.4,298.73,300.38,,,,
2014-05-16,300.43,301.65,298.27,301.59,,,,
2014-05-19,301.22,304.32,301.16,302.85,,,,
2014-05-20,302.67,303.42,300.52,301.16,,,,
2014-05-21,301.73,303.3,301.44,302.6,,,,
2014-05-22,302.39,304.14,302.13,303.17,,,,
2014-05-23,303.53,305.92,303.49,305.76,,,,
2014-05-27,306.24,307.02,305.38,305.78,,,,
2014-05-28,305.92,306.88,305.7,305.91,,,,
2014-05-29,306.14,309.14,305.09,309.03,,,,
2014-05-30,308.64,309,307.51,308.93,,,,
2014-06-02,309.02,310.86,308.66,310.15,,,,
2014-06-03,309.8,310.23,308.56,309.39,,,,
2014-06-04,309.08,310.77,307.85,309.95,,,,
2014-06-05,310.05,311.75,307.73,311.21,,,,
2014-06-06,311.35,312.96,311.35,312.84,,,,
2014-06-09,312.81,313.19,311.47,312.03,,,,
2014-06-10,311.94,312.45,310.66,312.4,,,,
2014-06-11,311.83,311.87,310.11,310.58,,,,
2014-06-12,310.31,311.17,307.24,307.91,,,,
2014-06-13,307.99,309.41,307.3,309.03,,,,
2014-06-16,308.9,309.01,307.01,308.55,,,,
2014-06-17,308.22,309.66,307.05,309.04,,,,
2014-06-18,308.93,312.54,308.77,312.41,,,,
2014-06-19,312.32,312.87,311.18,311.74,,,,
2014-06-20,311.76,313.86,311.76,313.72,,,,
2014-06-23,313.61,314.94,312.79,314.08,,,,
2014-06-24,314.02,314.98,311.29,311.29,,,,
2014-06-25,311.43,314.98,311.2,313.75,,,,
2014-06-26,313.91,314.03,311.59,313.23,,,,
2014-06-27,312.91,312.91,310.24,312.03,,,,
2014-06-30,312.07,313.72,311.1,313.44,,,,
2014-07-01,313.63,315.18,313.04,313.96,,,,
2014-07-02,313.86,315.19,313.65,314.45,,,,
2014-07-03,314.74,316.87,314.74,316.56,,,,
2014-07-07,315.81,315.81,313.44,313.99,,,,
2014-07-08,313.79,313.79,312.37,313.07,,,,
2014-07-09,313.56,314.65,313.47,314.33,,,,
2014-07-10,314.02,314.18,311.31,312.92,,,,
2014-07-11,312.81,313.5,312.13,313.25,,,,
2014-07-14,313.51,314.34,312.99,313.27,,,,
2014-07-15,313.47,315.23,311.68,312.43,,,,
2014-07-16,313.15,314.84,313.15,314.67,,,,
2014-07-17,313.91,315.12,312.75,313.17,,,,
2014-07-18,313.3,315.71,313.17,315.22,,,,
2014-07-21,314.45,314.84,313.18,314.32,,,,
2014-07-22,314.76,315.72,314.75,314.82,,,,
2014-07-23,314.93,316.85,314.1,316.17,,,,
2014-07-24,316.37,316.67,315.02,315.62,,,,
2014-07-25,315.34,317.25,315.25,316.32,,,,
2014-07-28,316.41,317.83,315.22,317.11,,,,
2014-07-29,317.24,317.69,314.75,314.75,,,,
2014-07-30,315.08,316.3,312.68,313.2,,,,
2014-07-31,312.47,312.47,307.17,307.19,,,,
2014-08-01,306.73,308.29,305.4,307.35,,,,
2014-08-04,307.8,311.19,306.6,310.75,,,,
2014-08-05,309.94,310.33,306.96,307.79,,,,
2014-08-06,307.57,310.37,307.13,309.9,,,,
2014-08-07,310.45,311.34,306.37,307.15,,,,
2014-08-08,307.51,310.54,306.91,310.44,,,,
2014-08-11,310.73,312.36,310.03,310.22,,,,
2014-08-12,309.92,311.4,309.45,311.03,,,,
2014-08-13,311.02,312.72,310.57,312.32,,,,
2014-08-14,312.53,312.94,312.07,312.57,,,,
2014-08-15,312.68,314.53,310.86,313.24,,,,
2014-08-18,313.83,316.27,313.83,316.27,,,,
2014-08-19,316.43,317.73,316.39,317.37,,,,
2014-08-20,317.1,318.1,316.65,317.82,,,,
2014-08-21,317.83,317.98,316.42,317.13,,,,
2014-08-22,316.64,316.79,315.35,315.87,,,,
2014-08-25,316.54,317.32,316.5,317.04,,,,
2014-08-26,317.12,318.06,317.12,317.4,,,,
2014-08-27,317.58,318.07,316.7,317.43,,,,
2014-08-28,317.04,317.88,315.63,317.58,,,,
2014-08-29,318.07,318.45,317.26,318.09,,,,
2014-09-02,318.19,318.19,316.27,316.86,,,,
2014-09-03,317.56,318.57,317.13,317.42,,,,
2014-09-04,317.4,319.11,316.46,317.07,,,,
2014-09-05,316.82,318.62,316.14,318.62,,,,
2014-09-08,318.51,318.97,316.75,317.23,,,,
2014-09-09,316.92,316.98,314.02,314.64,,,,
2014-09-10,314.55,314.8,311.91,314.67,,,,
2014-09-11,313.92,314.85,313.28,314.3,,,,
2014-09-12,314.22,314.7,311.54,312.6,,,,
2014-09-15,312.54,313.88,311.66,313.13,,,,
2014-09-16,312.85,315.91,312.14,314.75,,,,
2014-09-17,315.14,318.13,315.14,316.53,,,,
2014-09-18,316.62,319.03,316.62,318.77,,,,
2014-09-19,318.83,320.97,317.92,318.54,,,,
2014-09-22,318.28,320.97,317.78,318.22,,,,
2014-09-23,317.97,318.42,316.43,316.43,,,,
2014-09-24,316.85,320.12,316.4,319.68,,,,
2014-09-25,319.28,319.28,315.02,315.02,,,,
2014-09-26,314.95,318.13,314.81,317.78,,,,
2014-09-29,317.26,317.27,314.38,316.23,,,,
2014-09-30,316.07,316.42,312.11,312.57,,,,
2014-10-01,312.4,312.4,304.56,305.4,,,,
2014-10-02,304.38,305.28,300.29,304.6,,,,
2014-10-03,304.78,306.92,304.78,305.54,,,,
2014-10-06,305.99,306.9,304.39,305.32,,,,
2014-10-07,304.97,304.97,299.95,299.99,,,,
2014-10-08,300.03,304.16,296.55,303.91,,,,
2014-10-09,303.79,303.96,295.41,296.18,,,,
2014-10-10,296.03,297.13,291.56,291.68,,,,
2014-10-13,291.56,293.72,283.8,284.05,,,,
2014-10-14,284.58,289.04,283.25,284.99,,,,
2014-10-15,284.81,287.87,277.75,286.86,,,,
2014-10-16,286.62,291.25,283.8,289.73,,,,
2014-10-17,289.88,295.69,289.88,293.66,,,,
2014-10-20,293.66,298.1,293.66,297.84,,,,
2014-10-21,298.02,304.82,298.02,304.46,,,,
2014-10-22,304.65,307.19,301.79,301.84,,,,
2014-10-23,302.41,303.86,300.91,301.91,,,,
2014-10-24,301.97,304.19,299.61,303.85,,,,
2014-10-27,303.55,303.55,296.47,297.6,,,,
2014-10-28,297.98,300.38,297.98,300.37,,,,
2014-10-29,300.19,300.73,294.71,296.6,,,,
2014-10-30,296.31,300.25,295.72,298.78,,,,
2014-10-31,299.24,304.44,299.24,304.39,,,,
2014-11-03,304.65,305.53,301.18,302.05,,,,
2014-11-04,301.75,301.95,297.76,298.92,,,,
2014-11-05,299.3,302.29,299.3,301.76,,,,
2014-11-06,301.88,304.75,301,304.24,,,,
2014-11-07,304.59,306.19,304.47,305.78,,,,
2014-11-10,305.76,306.68,305.02,306.58,,,,
2014-11-11,306.56,308.23,306.1,308,,,,
2014-11-12,307.53,309.14,307.19,308.58,,,,
2014-11-13,308.81,310.82,306.77,308.45,,,,
2014-11-14,308.33,309.95,308.11,309.43,,,,
2014-11-17,309.43,309.7,308.27,309.38,,,,
2014-11-18,309.42,313.24,309.42,312.85,,,,
2014-11-19,312.59,313.44,311.43,312.49,,,,
2014-11-20,311.73,314.02,310.47,314.01,,,,
2014-11-21,314.19,320.07,314.18,317.97,,,,
2014-11-24,318.1,318.1,316.03,316.4,,,,
2014-11-25,316.45,317.48,315.17,315.25,,,,
2014-11-26,315.23,315.79,313.22,315.69,,,,
2014-11-28,315.76,315.76,307.47,308.03,,,,
2014-12-01,308,308,303.23,304.9,,,,
2014-12-02,304.74,307.33,304.29,306.63,,,,
2014-12-03,306.51,311.46,306.39,311.05,,,,
2014-12-04,310.39,312.59,310,312.01,,,,
2014-12-05,312.08,313.69,311.09,311.67,,,,
2014-12-08,311.3,311.3,306.15,306.62,,,,
2014-12-09,306.18,307.53,303.7,307.4,,,,
2014-12-10,307.41,307.41,300.27,300.86,,,,
2014-12-11,301.34,304.21,300.42,301.08,,,,
2014-12-12,300.68,300.68,292.3,292.3,,,,
2014-12-15,292.76,294.39,289.73,290.71,,,,
2014-12-16,290.13,295.73,288.54,288.72,,,,
2014-12-17,289.13,297.27,289.13,296.72,,,,
2014-12-18,296.81,303.43,296.81,303.42,,,,
2014-12-19,303.43,308.16,303.43,306.92,,,,
2014-12-22,307.22,307.77,305.54,307.07,,,,
2014-12-23,307.43,310.44,307.43,309.51,,,,
2014-12-24,309.68,309.68,308,308.62,,,,
2014-12-26,309.12,310.64,309.12,309.65,,,,
2014-12-29,309.34,310.12,308.63,308.98,,,,
2014-12-30,308.45,309.5,308.28,308.37,,,,
2014-12-31,309.01,309.01,305.23,305.28,,,,
2015-01-02,305.47,306.84,303.91,305.82,,,,
2015-01-05,305.8,305.8,296.62,297.64,,,,
2015-01-06,297.63,299.6,293.67,295.56,,,,
2015-01-07,295.65,299.15,295.65,298.52,,,,
2015-01-08,298.57,306.2,298.57,305.6,,,,
2015-01-09,305.7,307.08,302.62,304.07,,,,
2015-01-12,304.09,304.35,299.88,303.13,,,,
2015-01-13,303.24,305.31,297.42,299.61,,,,
2015-01-14,299.61,299.61,291.57,296.05,,,,
2015-01-15,296.16,300.08,295.63,295.67,,,,
2015-01-16,295.67,300.74,295.26,300.55,,,,
2015-01-20,300.53,302.68,298.07,300.87,,,,
2015-01-21,300.85,304.08,299.53,303.83,,,,
2015-01-22,303.85,308.11,303.43,307.79,,,,
2015-01-23,307.67,307.67,302.73,302.87,,,,
2015-01-26,302.77,304.4,301.49,304.29,,,,
2015-01-27,304.23,304.23,298.74,302.02,,,,
2015-01-28,302.1,302.5,296.21,296.59,,,,
2015-01-29,296.63,301.02,295.14,300.58,,,,
2015-01-30,300.5,302.86,298.22,299.22,,,,
2015-02-02,299.3,302.79,297.76,302.04,,,,
2015-02-03,302.04,308.87,302.04,308.6,,,,
2015-02-04,308.34,308.92,306.04,306.69,,,,
2015-02-05,306.82,314.32,306.82,314.18,,,,
2015-02-06,314.09,314.6,312.55,313.21,,,,
2015-02-09,313.09,314.68,312.34,312.97,,,,
2015-02-10,313,315.56,312.03,315.28,,,,
2015-02-11,315.15,315.58,312.77,314.41,,,,
2015-02-12,314.45,320.7,314.45,319.92,,,,
2015-02-13,319.99,323.05,319.99,322.63,,,,
2015-02-17,322.6,324.04,320.58,322.97,,,,
2015-02-18,322.98,323.7,321.03,323.69,,,,
2015-02-19,323.7,325.34,321.52,324.56,,,,
2015-02-20,324.55,325.97,321.48,325.79,,,,
2015-02-23,325.62,325.77,323.13,325.27,,,,
2015-02-24,325.27,326.98,324.82,326.6,,,,
2015-02-25,326.61,327.33,325.15,325.72,,,,
2015-02-26,325.66,326.04,322.46,323.36,,,,
2015-02-27,323.16,324.31,322.6,322.61,,,,
2015-03-02,322.55,324.82,321.31,324.82,,,,
2015-03-03,324.64,324.66,321.91,322.81,,,,
2015-03-04,322.81,322.81,319.64,321.63,,,,
2015-03-05,321.67,321.91,319.31,320.35,,,,
2015-03-06,320.35,320.35,315.41,316.08,,,,
2015-03-09,316.07,317.4,315.82,316.42,,,,
2015-03-10,316.39,316.39,311.2,311.41,,,,
2015-03-11,311.39,312.68,310.8,311.2,,,,
2015-03-12,311.52,315.27,311.52,315.12,,,,
2015-03-13,315.09,315.09,310.16,312.01,,,,
2015-03-16,312.08,312.68,310.21,311.66,,,,
2015-03-17,311.53,311.53,306.86,308.07,,,,
2015-03-18,307.57,314.61,305.03,312.92,,,,
2015-03-19,312.67,312.67,307.24,307.46,,,,
2015-03-20,307.48,311.36,307.23,309.56,,,,
2015-03-23,309.6,310.56,308.87,309.33,,,,
2015-03-24,309.06,309.79,307.35,308.45,,,,
2015-03-25,308.56,310.06,304.99,304.99,,,,
2015-03-26,304.74,306.75,304.19,305.56,,,,
2015-03-27,305.54,307.1,304.87,305.34,,,,
2015-03-30,305.41,310.22,305.41,309.27,,,,
2015-03-31,309.05,309.05,306.17,306.51,,,,
2015-04-01,306.38,307.33,304.32,306.88,,,,
2015-04-02,306.92,308.1,305.81,307.23,,,,
2015-04-06,307.23,310.57,306.75,309.72,,,,
2015-04-07,309.69,311.73,309.16,309.35,,,,
2015-04-08,309.45,311.16,308.59,310.01,,,,
2015-04-09,309.95,311.65,309.55,311.04,,,,
2015-04-10,311.06,311.9,310.46,311.81,,,,
2015-04-13,311.77,312.15,310.47,310.56,,,,
2015-04-14,310.57,312.32,309.84,311.87,,,,
2015-04-15,312.08,316.02,312.08,315.09,,,,
2015-04-16,315.06,315.85,313.32,314.11,,,,
2015-04-17,314.04,314.04,310.28,311.48,,,,
2015-04-20,311.82,314.02,311.82,313.66,,,,
2015-04-21,313.65,313.94,310.17,311.21,,,,
2015-04-22,311.27,312.18,309.43,311.98,,,,
2015-04-23,311.96,314,311.2,312.72,,,,
2015-04-24,312.75,315.33,312.75,315.3,,,,
2015-04-27,315.44,319.39,315.44,318.09,,,,
2015-04-28,317.98,318.87,316.23,318.3,,,,
2015-04-29,318.04,319.29,316.05,318.39,,,,
2015-04-30,318.08,318.6,315.07,315.93,,,,
2015-05-01,316.18,322.13,316.18,321.46,,,,
2015-05-04,321.54,322.77,320.35,320.41,,,,
2015-05-05,320.48,322.22,316.14,316.81,,,,
2015-05-06,316.91,319.15,315.81,316.81,,,,
2015-05-07,316.84,318.52,314.32,318.32,,,,
2015-05-08,318.68,324.59,318.68,323.43,,,,
2015-05-11,323.29,323.56,321.35,321.78,,,,
2015-05-12,321.53,321.53,318.23,318.45,,,,
2015-05-13,318.52,318.99,316.52,317.65,,,,
2015-05-14,317.76,321.19,317.76,321.12,,,,
2015-05-15,321.13,322.45,320.03,322.44,,,,
2015-05-18,322.37,322.37,320.55,321.29,,,,
2015-05-19,321.2,321.2,318.79,319.72,,,,
2015-05-20,319.75,320.47,318.63,319.2,,,,
2015-05-21,319.13,321.1,318.61,320.53,,,,
2015-05-22,320.44,320.77,319.52,319.97,,,,
2015-05-26,319.76,319.76,314.95,316.09,,,,
2015-05-27,316.17,318.65,315.81,318.22,,,,
2015-05-28,317.94,319,316.94,318.9,,,,
2015-05-29,318.93,318.93,316.04,316.72,,,,
2015-06-01,316.99,317.63,314.85,316.82,,,,
2015-06-02,316.76,319.21,315.76,317.92,,,,
2015-06-03,318.02,319.98,317.54,318.11,,,,
2015-06-04,318.02,318.02,312.87,314.01,,,,
2015-06-05,313.53,314.29,311.65,312.82,,,,
2015-06-08,312.8,313.28,311.72,311.78,,,,
2015-06-09,311.81,313.5,311.75,312.05,,,,
2015-06-10,312.13,316.17,312.13,315.31,,,,
2015-06-11,315.36,316.51,315.11,315.87,,,,
2015-06-12,315.79,315.79,313.41,313.97,,,,
2015-06-15,313.87,313.87,310.82,311.9,,,,
2015-06-16,311.9,313.82,311.42,313.76,,,,
2015-06-17,314,315.62,312.21,315.01,,,,
2015-06-18,315.36,318.38,315.36,317.73,,,,
2015-06-19,317.72,318.17,315.8,315.85,,,,
2015-06-22,315.99,316.96,315.87,316.64,,,,
2015-06-23,316.76,317.25,315.25,315.76,,,,
2015-06-24,315.72,315.72,311.74,311.74,,,,
2015-06-25,311.78,313.08,310.6,311.44,,,,
2015-06-26,311.42,312.33,309.68,310,,,,
2015-06-29,309.84,309.84,302.45,302.62,,,,
2015-06-30,303.34,306.05,302.91,303.52,,,,
2015-07-01,303.71,306.55,303.71,305.05,,,,
2015-07-02,305.34,305.9,303.15,304.42,,,,
2015-07-06,304.42,304.61,300.19,301.69,,,,
2015-07-07,301.6,301.6,295.64,300.68,,,,
2015-07-08,300.13,300.13,293.96,294.16,,,,
2015-07-09,294.65,298.72,294.65,295.11,,,,
2015-07-10,295.71,299.77,295.71,299.42,,,,
2015-07-13,299.42,302.75,299.42,302.56,,,,
2015-07-14,302.47,304.74,301.67,304.24,,,,
2015-07-15,304.13,304.26,301.08,301.71,,,,
2015-07-16,301.96,302.94,300.05,301,,,,
2015-07-17,300.96,300.96,297.47,299,,,,
2015-07-20,298.98,299.11,295.95,296.3,,,,
2015-07-21,296.29,298.57,293.8,294.63,,,,
2015-07-22,294.54,294.9,292.74,293.38,,,,
2015-07-23,293.46,293.62,288.38,289.09,,,,
2015-07-24,288.83,288.88,280.96,282.66,,,,
2015-07-27,282.52,283,278.99,279.58,,,,
2015-07-28,279.96,286.23,278.7,285.58,,,,
2015-07-29,285.64,288.4,284.82,287.68,,,,
2015-07-30,287.73,289.57,287.6,289.13,,,,
2015-07-31,289.45,291.07,287.79,288.24,,,,
2015-08-03,288.23,288.23,284.63,286.14,,,,
2015-08-04,286.11,288.89,286.09,287.32,,,,
2015-08-05,288.02,291.78,287.83,288.77,,,,
2015-08-06,288.74,289.64,287.27,287.57,,,,
2015-08-07,287.53,287.53,282.77,283.51,,,,
2015-08-10,284.05,290.74,284.05,290.68,,,,
2015-08-11,290.29,290.29,284.07,285.08,,,,
2015-08-12,284.08,286.18,281.79,285.78,,,,
2015-08-13,285.77,286.38,284.19,285.08,,,,
2015-08-14,285.4,286.65,285.25,286.35,,,,
2015-08-17,286.16,288.13,284.6,288.09,,,,
2015-08-18,287.97,287.97,285.81,286.11,,,,
2015-08-19,285.71,285.71,281.47,282.57,,,,
2015-08-20,282.18,282.18,277.46,277.53,,,,
2015-08-21,276.92,276.92,270.56,270.68,,,,
2015-08-24,270.68,270.68,256.59,259.34,,,,
2015-08-25,259.35,265.47,254.65,254.68,,,,
2015-08-26,254.77,262.35,254.77,261.86,,,,
2015-08-27,262.66,272.63,262.66,271.35,,,,
2015-08-28,271.28,273.83,270.2,273.04,,,,
2015-08-31,272.65,273.35,268.49,271.59,,,,
2015-09-01,271.48,271.48,261.44,262.98,,,,
2015-09-02,263.95,266.77,262.81,266.76,,,,
2015-09-03,266.99,271.18,266.99,268.4,,,,
2015-09-04,267.88,267.88,262.59,262.96,,,,
2015-09-08,263.56,269.75,263.56,269.63,,,,
2015-09-09,270.49,273.52,267.17,267.52,,,,
2015-09-10,267.34,269.92,266.48,268.08,,,,
2015-09-11,267.66,267.73,265.39,267.66,,,,
2015-09-14,267.64,267.68,263.89,264.24,,,,
2015-09-15,264.1,267.13,264.1,266.45,,,,
2015-09-16,266.62,270.54,266.31,270.3,,,,
2015-09-17,270.26,273.44,268.54,268.91,,,,
2015-09-18,268.91,268.91,262.57,263.41,,,,
2015-09-21,263.6,266.33,263.55,264.18,,,,
2015-09-22,263.34,263.34,257.18,259.36,,,,
2015-09-23,259.46,259.86,253.59,253.86,,,,
2015-09-24,253.58,253.94,248.3,253.12,,,,
2015-09-25,253.38,255.05,251.46,252.82,,,,
2015-09-28,252.59,252.59,244.11,244.62,,,,
2015-09-29,244.7,247.75,244,245.64,,,,
2015-09-30,247.4,251.23,247.4,250.9,,,,
2015-10-01,250.94,253.57,250.12,253.55,,,,
2015-10-02,253.06,259.68,249.86,259.67,,,,
2015-10-05,260.19,266.63,260.19,266.53,,,,
2015-10-06,266.51,272.07,266.3,269.93,,,,
2015-10-07,270.04,274.25,269.32,273.54,,,,
2015-10-08,273.43,278.08,273.3,277.41,,,,
2015-10-09,277.59,279.74,276.18,277.26,,,,
2015-10-12,277.14,277.18,273.59,274.82,,,,
2015-10-13,274.23,275.7,271.75,273.74,,,,
2015-10-14,273.85,277.32,273.34,276.16,,,,
2015-10-15,276.67,277.14,273.22,276.84,,,,
2015-10-16,276.89,278.19,274.99,276.91,,,,
2015-10-19,276.42,276.42,273.62,274.77,,,,
2015-10-20,274.5,277.72,274.23,275.4,,,,
2015-10-21,275.6,276.3,272.48,272.85,,,,
2015-10-22,273.78,280.65,273.78,280.35,,,,
2015-10-23,281.09,283.79,281.09,282.59,,,,
2015-10-26,282.47,283.04,280.38,280.59,,,,
2015-10-27,279.53,280.61,277.07,279.23,,,,
2015-10-28,279.04,283.95,279.02,283.56,,,,
2015-10-29,283.14,284.62,281.97,283.85,,,,
2015-10-30,284.03,286.68,283.64,284.64,,,,
2015-11-02,284.78,287.49,284.04,286.17,,,,
2015-11-03,286.03,289.4,285.37,287.39,,,,
2015-11-04,287.99,288.8,285.37,285.53,,,,
2015-11-05,285.45,285.45,281.76,283.98,,,,
2015-11-06,283.49,285.14,282,284.65,,,,
2015-11-09,284.34,284.57,280.34,282.72,,,,
2015-11-10,282.41,282.41,278.75,280.5,,,,
2015-11-11,281,281.58,279.14,280.85,,,,
2015-11-12,279.89,279.89,275.08,275.12,,,,
2015-11-13,275.11,279.97,274.44,278.51,,,,
2015-11-16,278.37,282.27,278.15,282.06,,,,
2015-11-17,282.36,284.5,280.97,281.77,,,,
2015-11-18,281.77,286.94,281.77,286.63,,,,
2015-11-19,286.62,287.86,285.77,286.2,,,,
2015-11-20,286.4,288.17,284.76,285.43,,,,
2015-11-23,285.34,287.93,285.31,285.6,,,,
2015-11-24,284.97,288.83,284.28,287.88,,,,
2015-11-25,287.68,288.6,286.09,286.14,,,,
2015-11-27,286.08,286.47,284.66,285.83,,,,
2015-11-30,285.92,287.84,285.66,286.31,,,,
2015-12-01,286.55,288.58,285.82,288.41,,,,
2015-12-02,288.04,288.28,283.76,284.65,,,,
2015-12-03,284.74,286.35,280.61,282.04,,,,
2015-12-04,282.46,287.66,282.1,287.05,,,,
2015-12-07,286.24,286.24,280.13,281.96,,,,
2015-12-08,280.67,281.14,276.17,276.49,,,,
2015-12-09,277.11,288.4,277.02,284.97,,,,
2015-12-10,284.9,285.21,280.76,282.81,,,,
2015-12-11,281.3,281.3,274.71,275.26,,,,
2015-12-14,275.18,275.18,269.03,271.39,,,,
2015-12-15,272.6,275.61,272.37,272.83,,,,
2015-12-16,273.58,276,270.75,275.74,,,,
2015-12-17,275.92,276.19,270.34,270.4,,,,
2015-12-18,270.34,271.34,266.79,266.87,,,,
2015-12-21,267.93,269.63,266.81,269.17,,,,
2015-12-22,269.51,273.58,269.51,272.42,,,,
2015-12-23,273.24,279.15,273.24,278.86,,,,
2015-12-24,278.72,279.21,277.69,278.29,,,,
2015-12-28,277.69,277.69,274.72,276.18,,,,
2015-12-29,277.09,279.38,277.09,278.67,,,,
2015-12-30,278.37,278.38,275.49,275.78,,,,
2015-12-31,275.12,276.61,273.59,273.64,,,,
2016-01-04,272.58,272.58,266.19,269.07,,,,
2016-01-05,269.62,270.14,267.01,269.01,,,,
2016-01-06,268.1,268.1,260.49,262,,,,
2016-01-07,261.28,261.28,253.54,254.83,,,,
2016-01-08,255.22,257.41,251.69,252.23,,,,
2016-01-11,252.27,253.67,246.29,248.22,,,,
2016-01-12,248.81,251.29,245.63,248.58,,,,
2016-01-13,249.1,250.84,242.65,242.9,,,,
2016-01-14,243.13,247.85,240.92,246.21,,,,
2016-01-15,245.75,245.78,237.98,241.14,,,,
2016-01-19,241.89,243.21,235.27,238.22,,,,
2016-01-20,237.12,238.5,229.12,236.57,,,,
2016-01-21,236.49,240.16,234.59,238.68,,,,
2016-01-22,239.26,246.31,239.26,242.9,,,,
2016-01-25,242.68,242.68,234.8,234.97,,,,
2016-01-26,235.49,239.77,235.26,239.18,,,,
2016-01-27,238.8,242.57,236.75,237.23,,,,
2016-01-28,238.21,239.83,235.73,237.72,,,,
2016-01-29,238.63,244.65,237.79,244.59,,,,
2016-02-01,244.24,246.19,240.45,245.6,,,,
2016-02-02,245.03,246.29,241.23,243.89,,,,
2016-02-03,244.73,252.01,243.81,252,,,,
2016-02-04,252.05,260.59,251.89,258.95,,,,
2016-02-05,258.52,259.6,255.29,256.24,,,,
2016-02-08,255.09,255.09,245.72,249.3,,,,
2016-02-09,248.11,253.57,247.48,252.17,,,,
2016-02-10,252.16,255.69,249.19,249.73,,,,
2016-02-11,248.93,248.93,242.27,244.31,,,,
2016-02-12,245.32,251.31,244.98,251.27,,,,
2016-02-16,251.8,255.19,250.81,255.08,,,,
2016-02-17,255.31,261.4,255.31,260.12,,,,
2016-02-18,260.15,260.34,257.58,258.98,,,,
2016-02-19,258.88,258.88,255.35,256.24,,,,
2016-02-22,256.68,262.1,256.68,261.02,,,,
2016-02-23,260.41,260.41,254.31,254.81,,,,
2016-02-24,253.59,257.54,251.06,257.33,,,,
2016-02-25,257.54,260.6,255.52,260.58,,,,
2016-02-26,260.95,265.54,260.95,264.09,,,,
2016-02-29,263.9,267.12,262.38,262.46,,,,
2016-03-01,263.44,269.79,263.44,269.18,,,,
2016-03-02,268.78,268.78,265.31,268.01,,,,
2016-03-03,267.88,270.18,266.88,269.45,,,,
2016-03-04,269.52,274.37,268.97,272.64,,,,
2016-03-07,272.53,276.37,272.53,275.83,,,,
2016-03-08,275.31,275.31,268.99,270.41,,,,
2016-03-09,270.83,273.45,270.51,272.2,,,,
2016-03-10,272.31,275.32,270.59,273.65,,,,
2016-03-11,274.4,279.23,274.36,278.48,,,,
2016-03-14,278.07,278.11,275.67,276.66,,,,
2016-03-15,275.73,275.73,272.57,274.14,,,,
2016-03-16,273.85,279.33,273.08,278.91,,,,
2016-03-17,279.06,285.53,279.06,285.06,,,,
2016-03-18,285.13,287.92,284.41,285.21,,,,
2016-03-21,284.99,285.56,281.83,283.77,,,,
2016-03-22,283.35,284.97,281.33,283.94,,,,
2016-03-23,283.74,283.74,280.19,280.46,,,,
2016-03-24,280.32,280.53,277.26,280.51,,,,
2016-03-28,280.63,282.79,280.14,281.88,,,,
2016-03-29,281.28,283.05,278.65,282.88,,,,
2016-03-30,283.25,285.34,283.13,284.32,,,,
2016-03-31,284.4,284.93,280.99,281.81,,,,
2016-04-01,281.4,284.08,277.68,283.74,,,,
2016-04-04,283.34,283.58,280.42,280.97,,,,
2016-04-05,280.63,280.63,278.61,278.97,,,,
2016-04-06,278.9,281.46,276.58,281.42,,,,
2016-04-07,281.25,281.25,276.97,277.89,,,,
2016-04-08,278.23,283,278.23,280.54,,,,
2016-04-11,280.8,284.05,280.8,281.93,,,,
2016-04-12,282.04,285.61,281.34,285.21,,,,
2016-04-13,285.63,288.78,285.63,288.66,,,,
2016-04-14,288.97,289.1,287.48,288.25,,,,
2016-04-15,288.24,289.55,287.08,289.36,,,,
2016-04-18,288.91,290.7,286.97,290.69,,,,
2016-04-19,291.1,297.08,291.1,296.89,,,,
2016-04-20,297.22,297.36,295.21,296.06,,,,
2016-04-21,296.17,298.53,294.63,294.66,,,,
2016-04-22,294.76,297.58,294.76,296.62,,,,
2016-04-25,296.22,296.22,293.48,294.8,,,,
2016-04-26,295.12,298.46,295.12,298.13,,,,
2016-04-27,298.15,300.75,297.37,300.21,,,,
2016-04-28,299.99,300.91,296.46,297.5,,,,
2016-04-29,297.13,298.58,293.78,295.62,,,,
2016-05-02,295.81,296.89,293.94,296.68,,,,
2016-05-03,296.46,296.75,290.62,291.51,,,,
2016-05-04,291.04,291.04,287.03,288.74,,,,
2016-05-05,289.21,291.04,286.89,287.24,,,,
2016-05-06,287.07,289.95,286.79,289.67,,,,
2016-05-09,289.58,289.58,285.83,286.04,,,,
2016-05-10,286.14,291.1,286.14,291,,,,
2016-05-11,290.97,292.03,289.47,289.54,,,,
2016-05-12,289.9,295.65,289.88,290.93,,,,
2016-05-13,290.84,292.18,287.08,288.04,,,,
2016-05-16,288.52,293.29,288.52,292.66,,,,
2016-05-17,292.23,294.5,291,291.55,,,,
2016-05-18,290.91,291.97,285.87,287.05,,,,
2016-05-19,286.91,288.44,284.84,288.13,,,,
2016-05-20,288.35,291,288.35,289.96,,,,
2016-05-23,289.98,294.59,289.52,293.4,,,,
2016-05-24,293.52,295.89,293.52,295.33,,,,
2016-05-25,295.65,299.72,295.65,298.79,,,,
2016-05-26,299.11,300.1,295.44,295.51,,,,
2016-05-27,295.56,296.5,294.73,295.58,,,,
2016-05-31,296.33,296.47,293.46,293.99,,,,
2016-06-01,293.6,294.9,290.35,294.84,,,,
2016-06-02,294.47,296.08,292.74,296.08,,,,
2016-06-03,295.97,298.78,295.07,298.56,,,,
2016-06-06,298.74,301.46,298.59,301.25,,,,
2016-06-07,301.29,302.31,301.16,301.29,,,,
2016-06-08,301.68,304.01,301.63,303.23,,,,
2016-06-09,301.93,301.93,299.61,301.28,,,,
2016-06-10,300.56,300.56,297.98,299.21,,,,
2016-06-13,298.79,299.74,295.29,295.42,,,,
2016-06-14,294.75,295.35,291.25,293.13,,,,
2016-06-15,293.59,296.43,293.59,294.26,,,,
2016-06-16,294.02,295.55,290.71,295.33,,,,
2016-06-17,295.24,297.22,294.17,296.73,,,,
2016-06-20,297.34,301.94,297.34,298.26,,,,
2016-06-21,298.41,299.01,296.42,297.37,,,,
2016-06-22,297.58,298.87,297.34,297.75,,,,
2016-06-23,298.89,302.4,298.89,302.4,,,,
2016-06-24,301.69,302.2,288.44,289.15,,,,
2016-06-27,288.29,288.29,277.87,279.35,,,,
2016-06-28,279.87,283,278.42,281.43,,,,
2016-06-29,283.04,286.96,283.04,286.19,,,,
2016-06-30,286.33,290.64,285.45,290.62,,,,
2016-07-01,290.92,292.58,289.82,290.79,,,,
2016-07-05,289.82,289.82,284.49,285.34,,,,
2016-07-06,284.68,286.8,282.25,286.36,,,,
2016-07-07,286.54,289.44,285.77,287.16,,,,
2016-07-08,288.01,294.96,288.01,294.27,,,,
2016-07-11,294.46,296.61,294.46,295.68,,,,
2016-07-12,296.95,302.8,296.95,301.14,,,,
2016-07-13,301.4,302.3,300.21,302.05,,,,
2016-07-14,303.23,305.27,302.95,304.55,,,,
2016-07-15,304.77,306.56,304.77,305.77,,,,
2016-07-18,305.52,308.02,303.87,307.86,,,,
2016-07-19,306.91,307.13,304.82,305.74,,,,
2016-07-20,305.64,306.92,303.89,306.26,,,,
2016-07-21,306.25,306.57,303.17,304.32,,,,
2016-07-22,304.32,305.7,303.83,304.93,,,,
2016-07-25,304.8,304.8,302.6,304.62,,,,
2016-07-26,304.79,307.02,304.64,306.81,,,,
2016-07-27,306.95,308.2,305.09,307.02,,,,
2016-07-28,306.71,307.78,305.04,306.72,,,,
2016-07-29,306.43,306.43,303.05,305.29,,,,
2016-08-01,305.26,305.26,302.31,303.28,,,,
2016-08-02,303.39,304,300.62,302.61,,,,
2016-08-03,302.71,304.48,301.15,303.35,,,,
2016-08-04,303.51,305.35,302.7,304.49,,,,
2016-08-05,305.18,305.97,304.61,305.55,,,,
2016-08-08,305.87,306.97,305.64,306.12,,,,
2016-08-09,306.29,307.26,304.58,305.12,,,,
2016-08-10,305.63,306.47,304.85,305.32,,,,
2016-08-11,305.72,306.75,304.64,306.49,,,,
2016-08-12,306.53,306.53,302.31,302.87,,,,
2016-08-15,303.43,306.79,303.43,305.81,,,,
2016-08-16,306.24,307.81,304.36,304.37,,,,
2016-08-17,304.4,304.8,301.72,304.14,,,,
2016-08-18,304.31,306.13,304.29,306.13,,,,
2016-08-19,305.11,307.17,303.77,306.72,,,,
2016-08-22,305.4,306.68,304.02,306.52,,,,
2016-08-23,307.77,310.18,307.73,308.94,,,,
2016-08-24,308.21,308.21,304.98,305.36,,,,
2016-08-25,305.3,307.17,305.14,306.86,,,,
2016-08-26,307.82,309.91,303.91,305,,,,
2016-08-29,305.06,308.51,305.06,307.89,,,,
2016-08-30,307.74,309.38,306.58,307.22,,,,
2016-08-31,306.18,306.18,303.44,304.38,,,,
2016-09-01,304.5,305.64,303.12,305.37,,,,
2016-09-02,307.06,308.27,306.63,307.89,,,,
2016-09-06,308.15,309.21,306.13,307.35,,,,
2016-09-07,307.02,307.86,305.16,307.01,,,,
2016-09-08,306.7,306.7,304.82,305.65,,,,
2016-09-09,303.66,303.66,296.59,296.85,,,,
2016-09-12,295.3,300.37,294.8,299.68,,,,
2016-09-13,298.74,298.74,292.02,293.94,,,,
2016-09-14,293.78,294.9,292.41,293.29,,,,
2016-09-15,293.11,295.67,292.3,295.04,,,,
2016-09-16,294.9,294.9,292.65,293.91,,,,
2016-09-19,294.62,296.24,293.97,294.48,,,,
2016-09-20,295.54,296.4,293.51,293.55,,,,
2016-09-21,294.61,298.3,294.61,297.95,,,,
2016-09-22,298.98,301.27,298.06,298.83,,,,
2016-09-23,298.09,299.16,297.23,297.33,,,,
2016-09-26,296.94,297.82,295.58,295.75,,,,
2016-09-27,295.46,297.04,294.5,296.95,,,,
2016-09-28,297.63,300.15,295.88,299.91,,,,
2016-09-29,299.72,300.73,296.76,297.74,,,,
2016-09-30,298.72,300.89,298.6,299.87,,,,
2016-10-03,299.88,300.78,298.73,300,,,,
2016-10-04,300.33,300.47,295.02,295.43,,,,
2016-10-05,296.05,298.59,296.05,297.41,,,,
2016-10-06,296.6,299.86,296.13,299.64,,,,
2016-10-07,300.01,300.1,293.08,294.22,,,,
2016-10-10,296.03,297.79,295.17,295.59,,,,
2016-10-11,294.66,294.66,289.9,291.79,,,,
2016-10-12,291.89,292.15,289.83,291.09,,,,
2016-10-13,289.21,290.3,285.84,289.66,,,,
2016-10-14,290.78,292.67,290.45,290.71,,,,
2016-10-17,290.78,291.79,290.45,290.93,,,,
2016-10-18,292.19,294.41,292.19,293.66,,,,
2016-10-19,294.34,296.13,293.12,295.79,,,,
2016-10-20,294.57,296.39,293.49,295.62,,,,
2016-10-21,294.71,295.44,292.45,295.3,,,,
2016-10-24,296.16,296.82,295.24,296.03,,,,
2016-10-25,295.9,295.94,292.6,293.09,,,,
2016-10-26,292.31,293.23,291.46,292.78,,,,
2016-10-27,293.41,294.06,291.22,292.59,,,,
2016-10-28,293.03,295.52,291.74,293.05,,,,
2016-10-31,293.38,294.01,292.74,293.24,,,,
2016-11-01,293.43,296.35,290.03,291.9,,,,
2016-11-02,291.82,292.5,290.12,290.2,,,,
2016-11-03,290.67,291.55,289.91,290.17,,,,
2016-11-04,290.77,292.6,289.74,291.16,,,,
2016-11-07,293.6,295.42,293.55,295.33,,,,
2016-11-08,295.22,297.3,294.14,296.3,,,,
2016-11-09,294.9,303.23,291.96,302.6,,,,
2016-11-10,303.11,307.22,303.11,305.6,,,,
2016-11-11,305.12,305.55,299.81,301.58,,,,
2016-11-14,302.33,303.21,300.39,302.22,,,,
2016-11-15,301.92,303.55,300.01,303.49,,,,
2016-11-16,302.76,304,301.99,303.14,,,,
2016-11-17,303.66,303.95,301.52,302.99,,,,
2016-11-18,302.64,302.85,301.74,302.39,,,,
2016-11-21,302.99,306.24,302.99,306.17,,,,
2016-11-22,306.49,308.64,306.16,308.1,,,,
2016-11-23,307.68,309.57,306.59,309.55,,,,
2016-11-25,309.62,310.51,309.25,310.51,,,,
2016-11-28,310.08,310.22,308.33,308.98,,,,
2016-11-29,308,310.42,306.66,309.24,,,,
2016-11-30,309.85,313.35,309.85,312.56,,,,
2016-12-01,313.5,314.92,311.87,312.53,,,,
2016-12-02,312.54,313.7,310.98,312.64,,,,
2016-12-05,313.51,316.21,313.51,315.13,,,,
2016-12-06,314.44,315.43,313.06,315.36,,,,
2016-12-07,315.84,320.09,315.36,320.02,,,,
2016-12-08,320.89,323.28,320.15,322.23,,,,
2016-12-09,322.49,322.69,320.57,322.05,,,,
2016-12-12,322.68,323.19,320.61,320.73,,,,
2016-12-13,321.21,322.01,318.23,320.01,,,,
2016-12-14,320.03,320.55,315.82,316.17,,,,
2016-12-15,314.97,319.17,314.7,318.42,,,,
2016-12-16,318.66,319.09,316.52,317.14,,,,
2016-12-19,317.16,317.58,315.57,316.73,,,,
2016-12-20,316.76,317.19,315.21,316.99,,,,
2016-12-21,317.27,318.4,316.56,317.28,,,,
2016-12-22,317.06,317.17,314.84,315.76,,,,
2016-12-23,315.61,316.21,314.17,316.19,,,,
2016-12-27,316.76,318.18,316.76,317.66,,,,
2016-12-28,318.51,319.04,314.27,314.44,,,,
2016-12-29,314.58,315.68,313.9,314.49,,,,
2016-12-30,314.96,315.35,311.07,312.16,,,,
2017-01-03,313.86,315.85,311.91,314.36,,,,
2017-01-04,315.26,319.09,315.23,318.72,,,,
2017-01-05,318.24,319.45,316.59,317.88,,,,
2017-01-06,317.83,318.21,316.21,317.88,,,,
2017-01-09,317.83,320.9,317.43,317.91,,,,
2017-01-10,318.46,319.28,316.8,318.12,,,,
2017-01-11,318.36,320.8,317.71,320.79,,,,
2017-01-12,320.53,320.53,318.11,320.11,,,,
2017-01-13,319.86,320.48,318.82,319.43,,,,
2017-01-17,319.01,319.14,317.19,318.35,,,,
2017-01-18,318.81,320.39,317.94,320.23,,,,
2017-01-19,320.1,321.19,316.96,318.24,,,,
2017-01-20,319.37,321.45,319.07,321,,,,
2017-01-23,320.99,321.93,319.77,321.69,,,,
2017-01-24,324.09,330.68,323.72,329.84,,,,
2017-01-25,330.14,332.47,329.15,332.2,,,,
2017-01-26,331.71,334.66,331.19,332.99,,,,
2017-01-27,331.92,332.85,331.19,332.04,,,,
2017-01-30,329.78,329.9,327.07,328.58,,,,
2017-01-31,328.25,328.56,325.28,326.49,,,,
2017-02-01,326.45,328.76,325.43,328.35,,,,
2017-02-02,328.06,328.06,325.57,326.62,,,,
2017-02-03,327.06,327.7,326.17,327.2,,,,
2017-02-06,326.5,326.52,325.08,326.35,,,,
2017-02-07,324.94,326.05,323.37,323.78,,,,
2017-02-08,323.7,324.59,322.57,324.51,,,,
2017-02-09,324.44,325.35,323.73,324.39,,,,
2017-02-10,326.02,327.77,325.73,327.36,,,,
2017-02-13,328.28,330.58,328.13,329.48,,,,
2017-02-14,328.66,329.78,327.51,329.78,,,,
2017-02-15,329.59,330.15,328.52,329.25,,,,
2017-02-16,329.27,331.03,328.1,329.07,,,,
2017-02-17,329.01,329.05,327.07,328.18,,,,
2017-02-21,328.26,330.24,327.88,329.41,,,,
2017-02-22,328.18,331.99,327.8,330.32,,,,
2017-02-23,331.25,332.04,328.05,328.43,,,,
2017-02-24,326.93,329.22,326.47,329.22,,,,
2017-02-27,328.73,330.73,327.61,328.05,,,,
2017-02-28,327.43,329.27,327.18,328.13,,,,
2017-03-01,331.61,335.14,331.47,334.11,,,,
2017-03-02,333.45,333.55,330.46,330.59,,,,
2017-03-03,330.67,331.37,329.17,330.17,,,,
2017-03-06,328.96,329.71,327.47,327.99,,,,
2017-03-07,327.73,327.78,325.96,326.13,,,,
2017-03-08,326.02,329.44,325.62,326.36,,,,
2017-03-09,326.25,326.88,323.55,325.01,,,,
2017-03-10,326.08,327.43,325.05,326.37,,,,
2017-03-13,326.7,327.45,326.03,327.35,,,,
2017-03-14,326.34,326.34,324.18,324.68,,,,
2017-03-15,326.44,330.35,325.74,329.8,,,,
2017-03-16,330.36,330.95,327.02,327.72,,,,
2017-03-17,328.67,330.12,328.61,329.38,,,,
2017-03-20,329.51,330.87,327.82,330.66,,,,
2017-03-21,331.11,331.52,324.74,325.14,,,,
2017-03-22,325.23,326.33,322.81,326.01,,,,
2017-03-23,325.67,328.4,324.76,327.47,,,,
2017-03-24,327.24,328.17,323.34,324.4,,,,
2017-03-27,321.95,325.95,320.82,325.49,,,,
2017-03-28,325.18,330.22,325.1,329.06,,,,
2017-03-29,328.58,329.83,327.85,329.02,,,,
2017-03-30,329.08,330.64,328.83,328.97,,,,
2017-03-31,328.9,330.56,328.53,328.73,,,,
2017-04-03,329.39,330.36,324.95,327.44,,,,
2017-04-04,327.67,328.81,326.47,328.75,,,,
2017-04-05,330.06,332.25,328.03,328.32,,,,
2017-04-06,328.68,331.27,328.25,329.93,,,,
2017-04-07,329.56,330.82,328.77,329.74,,,,
2017-04-10,329.7,330.7,328.63,329.74,,,,
2017-04-11,329.02,329.5,327.13,328.99,,,,
2017-04-12,328.37,328.83,324.68,324.99,,,,
2017-04-13,324.46,324.94,321.51,321.77,,,,
2017-04-17,322.67,324.19,322,324.17,,,,
2017-04-18,323.24,324.69,322.33,323.78,,,,
2017-04-19,324.62,325.81,323.55,324.06,,,,
2017-04-20,325.46,328.97,325.18,327.48,,,,
2017-04-21,327.4,328.13,326.45,327.37,,,,
2017-04-24,329.56,331.91,329.56,331.24,,,,
2017-04-25,333.9,336.84,333.79,336.51,,,,
2017-04-26,335.65,337.47,335.13,336.27,,,,
2017-04-27,335.79,336.56,333.33,335.56,,,,
2017-04-28,335.67,335.77,332.88,333.17,,,,
2017-05-01,333.81,334.07,332.02,332.77,,,,
2017-05-02,333.29,334,332,333.49,,,,
2017-05-03,332.61,332.81,329.28,330.17,,,,
2017-05-04,330.69,331.39,329.54,330.75,,,,
2017-05-05,331.48,335.6,331.41,335.48,,,,
2017-05-08,334.47,334.51,331.87,332.47,,,,
2017-05-09,332.36,332.83,329.67,330.1,,,,
2017-05-10,330.52,331.6,330.3,331.29,,,,
2017-05-11,330.71,330.97,327.41,330.41,,,,
2017-05-12,330.06,330.53,329.36,329.84,,,,
2017-05-15,330.37,333.45,330.37,332.62,,,,
2017-05-16,332.85,333.32,332.12,332.6,,,,
2017-05-17,330.35,330.44,325.41,325.5,,,,
2017-05-18,323.73,326.44,321.93,325.48,,,,
2017-05-19,326.66,329.83,326.3,328.42,,,,
2017-05-22,329.59,330.25,327.87,328.53,,,,
2017-05-23,329.03,330.21,328.57,329.02,,,,
2017-05-24,329.57,331.96,329.29,331.28,,,,
2017-05-25,332.13,333.18,329.94,330.64,,,,
2017-05-26,330.52,331.67,330.21,331.59,,,,
2017-05-30,331.12,331.81,330.27,331.18,,,,
2017-05-31,331.12,332.28,329.1,332.25,,,,
2017-06-01,331.96,336.51,331.96,335.88,,,,
2017-06-02,335.94,337.61,335.67,337.11,,,,
2017-06-05,336.91,337.15,335.17,335.55,,,,
2017-06-06,334.95,336.72,334.06,335.96,,,,
2017-06-07,336.27,337.44,335.21,336.31,,,,
2017-06-08,336.19,338.3,335.71,337.43,,,,
2017-06-09,337.67,341.95,337.65,341.93,,,,
2017-06-12,341.22,342.97,339.54,340.13,,,,
2017-06-13,340.06,344.61,340.06,344.57,,,,
2017-06-14,344.94,344.94,339.96,340.93,,,,
2017-06-15,338.98,339.76,336.86,337.87,,,,
2017-06-16,338.53,339.25,337.38,339.25,,,,
2017-06-19,340.57,342.46,340.55,342.11,,,,
2017-06-20,341.09,341.3,340,340.18,,,,
2017-06-21,340.63,340.86,336.09,336.36,,,,
2017-06-22,336.55,338.04,336.25,336.95,,,,
2017-06-23,337.21,339.09,336.39,338.12,,,,
2017-06-26,338.6,339.69,337.78,339.22,,,,
2017-06-27,339.47,339.98,336.97,336.97,,,,
2017-06-28,339.02,340.62,338.56,339.69,,,,
2017-06-29,339.86,340.14,334.8,335.87,,,,
2017-06-30,336.51,339.01,336.22,337.42,,,,
2017-07-03,338.59,341.3,338.17,340.48,,,,
2017-07-05,340.63,340.77,338.08,339.07,,,,
2017-07-06,338.38,339.48,336.73,337.67,,,,
2017-07-07,338,339.84,336.9,339.41,,,,
2017-07-10,338.85,342.85,338.07,341.53,,,,
2017-07-11,341.63,341.75,339,341.02,,,,
2017-07-12,342.65,345.31,342.39,344.92,,,,
2017-07-13,345.18,345.97,344.13,344.58,,,,
2017-07-14,345.25,347.07,345.01,346.31,,,,
2017-07-17,346.38,347.89,345.95,346.89,,,,
2017-07-18,346.16,346.44,344.32,345.36,,,,
2017-07-19,345.87,349.19,345.87,349.14,,,,
2017-07-20,348.22,348.22,345.38,346.23,,,,
2017-07-21,346.09,346.47,344.87,346.24,,,,
2017-07-24,345.99,346.63,344.74,345.77,,,,
2017-07-25,348.44,350.59,348.44,349.77,,,,
2017-07-26,349.47,349.49,347.21,347.54,,,,
2017-07-27,347.88,348.17,344.35,345.97,,,,
2017-07-28,346.39,347.31,343.49,344.73,,,,
2017-07-31,345.58,345.77,341.98,342.02,,,,
2017-08-01,342.72,342.98,340.76,342.59,,,,
2017-08-02,342.01,343.25,339.99,342.83,,,,
2017-08-03,343.01,343.02,339.85,340.36,,,,
2017-08-04,340.97,342.18,340.95,342.01,,,,
2017-08-07,342.58,343.19,341.73,342.17,,,,
2017-08-08,341.55,341.61,338.54,339.15,,,,
2017-08-09,339.11,339.81,338.4,339.63,,,,
2017-08-10,338.49,338.8,335.39,335.48,,,,
2017-08-11,334.87,335.91,334.47,334.78,,,,
2017-08-14,336.2,338.37,336.17,337.93,,,,
2017-08-15,337.69,338.54,337.04,338.07,,,,
2017-08-16,338.55,341.19,338.55,341.19,,,,
2017-08-17,340.3,340.69,335.93,335.93,,,,
2017-08-18,335.52,337.53,334.6,336.2,,,,
2017-08-21,336.1,337.33,335.63,336.56,,,,
2017-08-22,337.44,340.8,337.44,340.61,,,,
2017-08-23,339.59,341.25,339.33,340.08,,,,
2017-08-24,340.38,340.74,339.14,339.59,,,,
2017-08-25,340.93,341.34,339.9,340.5,,,,
2017-08-28,341.1,341.74,339.72,341.28,,,,
2017-08-29,339.76,339.76,338.17,339.38,,,,
2017-08-30,338.76,342.3,338.36,341.85,,,,
2017-08-31,343.08,345.25,343.08,344.67,,,,
2017-09-01,345.13,346.95,344.68,346.85,,,,
2017-09-05,346.54,346.9,341.74,341.92,,,,
2017-09-06,342.25,343.26,340.31,342.87,,,,
2017-09-07,343.14,343.36,341.09,343.11,,,,
2017-09-08,342.97,343.37,341.58,343.03,,,,
2017-09-11,344.07,348.6,343.82,347.8,,,,
2017-09-12,348.15,351.83,348.15,350.64,,,,
2017-09-13,350.27,350.78,348.75,350.49,,,,
2017-09-14,350.29,352.14,349.57,351.52,,,,
2017-09-15,351.38,352.31,350.45,351.43,,,,
2017-09-18,351.89,353.87,351.89,353.45,,,,
2017-09-19,354.23,355.51,353.09,355.32,,,,
2017-09-20,355.69,357.26,354.69,356.77,,,,
2017-09-21,356.47,357.09,355.84,355.89,,,,
2017-09-22,355.51,355.61,354.05,354.87,,,,
2017-09-25,354.66,355.26,352.79,355.18,,,,
2017-09-26,355.41,356.06,353.7,353.76,,,,
2017-09-27,354.24,354.73,351.17,353.67,,,,
2017-09-28,353,356.16,352.5,356.16,,,,
2017-09-29,355.92,356.59,354.5,356.15,,,,
2017-10-02,356.34,360.05,356.03,360.05,,,,
2017-10-03,361.1,361.69,359.53,361.6,,,,
2017-10-04,362.11,362.79,361.4,361.53,,,,
2017-10-05,362.3,363.68,361.72,363.66,,,,
2017-10-06,362.84,363.06,361.36,362.96,,,,
2017-10-09,363.05,363.45,361.7,362.98,,,,
2017-10-10,363.26,363.36,361.79,362.98,,,,
2017-10-11,363.01,363.19,361.31,363.18,,,,
2017-10-12,362.65,364.39,362.42,363.87,,,,
2017-10-13,365.83,366.51,365.41,365.6,,,,
2017-10-16,366.9,367.18,364.3,365.23,,,,
2017-10-17,364.8,365.12,363.46,364.33,,,,
2017-10-18,364.4,364.64,363.17,363.54,,,,
2017-10-19,362.85,364.87,361.9,364.76,,,,
2017-10-20,365.96,367.95,365.96,367.95,,,,
2017-10-23,369.18,369.57,367.18,367.2,,,,
2017-10-24,367.99,369.97,367.99,369.38,,,,
2017-10-25,369.6,369.81,365.85,367.52,,,,
2017-10-26,368.37,373.69,368.32,372.52,,,,
2017-10-27,372.12,372.12,368.37,370.49,,,,
2017-10-30,369.84,371.05,367.97,369.01,,,,
2017-10-31,369.54,370.75,369.16,369.69,,,,
2017-11-01,372.28,372.94,370.21,371.92,,,,
2017-11-02,371.7,372.01,368.2,369.1,,,,
2017-11-03,368.93,369.3,366.95,368.57,,,,
2017-11-06,368.87,369.63,366.71,366.93,,,,
2017-11-07,367.24,368.2,366.42,367.65,,,,
2017-11-08,367.9,368.25,366.91,367.72,,,,
2017-11-09,366.08,366.41,363.54,364.51,,,,
2017-11-10,364.25,365.03,363.19,363.98,,,,
2017-11-13,362.13,366.38,362.13,365.91,,,,
2017-11-14,363.54,363.54,360.83,361.75,,,,
2017-11-15,360.64,360.64,357.97,359.6,,,,
2017-11-16,360.34,364.59,360.34,364.2,,,,
2017-11-17,363.64,365.89,362.99,364.61,,,,
2017-11-20,364.31,366.28,363.95,365.27,,,,
2017-11-21,366.92,368.36,366.58,367.01,,,,
2017-11-22,367.81,367.81,366.15,366.16,,,,
2017-11-24,366.96,368.38,366.86,367.82,,,,
2017-11-27,367.89,367.93,365.59,365.59,,,,
2017-11-28,366.32,369.97,366.32,369.87,,,,
2017-11-29,369.72,370.64,369.1,370.37,,,,
2017-11-30,370.81,374.87,370.61,372.44,,,,
2017-12-01,373.32,373.68,366.55,369.27,,,,
2017-12-04,370.38,376.03,370.33,372.92,,,,
2017-12-05,372.71,373.52,370.95,371.04,,,,
2017-12-06,371.04,371.26,368.68,368.69,,,,
2017-12-07,368.41,371.3,368.41,371.25,,,,
2017-12-08,372.04,372.78,370.19,371.16,,,,
2017-12-11,371.32,373.25,371.12,371.58,,,,
2017-12-12,371.99,372.82,371.3,371.65,,,,
2017-12-13,371.83,373.04,371.72,372.56,,,,
2017-12-14,372.91,373.11,368.27,368.51,,,,
2017-12-15,368.85,371.3,368.85,370.47,,,,
2017-12-18,372.15,376.4,372.15,375.94,,,,
2017-12-19,375.99,376.93,375.38,375.61,,,,
2017-12-20,376.61,377.61,375.71,375.79,,,,
2017-12-21,377,377.72,375.59,377.07,,,,
2017-12-22,377.41,378.77,376.91,378.46,,,,
2017-12-26,378.63,379.01,377.8,378.16,,,,
2017-12-27,378.68,379.24,378.3,378.68,,,,
2017-12-28,378.92,380.16,377.99,380.15,,,,
2017-12-29,381.09,381.32,378.9,378.94,,,,
2018-01-02,380.06,384.63,380.06,384.63,,,,
2018-01-03,384.74,387.74,384.62,387.49,,,,
2018-01-04,388.5,391.46,388.5,390.73,,,,
2018-01-05,391.82,394.27,391.54,394.19,,,,
2018-01-08,394.47,394.72,392.49,394.56,,,,
2018-01-09,394.51,396.8,393.56,393.75,,,,
2018-01-10,392.53,392.96,390.52,391.48,,,,
2018-01-11,392.68,396.47,392.68,396.47,,,,
2018-01-12,396.86,397.54,395.83,397.22,,,,
2018-01-16,398.14,398.87,390.24,392.6,,,,
2018-01-17,395.01,396.28,392.83,394.53,,,,
2018-01-18,392.74,395.63,391.99,394.26,,,,
2018-01-19,394.83,396.85,394.54,396.62,,,,
2018-01-22,395.81,395.94,393.7,395.8,,,,
2018-01-23,394.72,395.93,392.87,395.69,,,,
2018-01-24,396.97,399.27,395.6,397.14,,,,
2018-01-25,398.34,401.48,398.34,399.95,,,,
2018-01-26,399.17,402.11,397.12,401.59,,,,
2018-01-29,401.13,401.63,396.81,397.03,,,,
2018-01-30,395.87,397.09,393.4,394.14,,,,
2018-01-31,394.97,395.59,391.96,394.5,,,,
2018-02-01,392.18,394.49,388.43,389.06,,,,
2018-02-02,387.45,387.45,378.59,378.94,,,,
2018-02-05,377.04,381.42,364.41,366.09,,,,
2018-02-06,362.33,376.85,358.74,376.38,,,,
2018-02-07,376.05,379.77,373.12,373.14,,,,
2018-02-08,373.24,374.26,359.8,359.85,,,,
2018-02-09,362.8,368.62,354.98,366.02,,,,
2018-02-12,368.71,375.67,368.13,373.67,,,,
2018-02-13,372.49,374.37,371.32,372.62,,,,
2018-02-14,370.15,378.22,368.95,377.5,,,,
2018-02-15,379.06,380.63,375.6,380.08,,,,
2018-02-16,378.97,382.45,377.18,378.85,,,,
2018-02-20,377.38,379.8,375.68,377.05,,,,
2018-02-21,377.45,382.36,375.6,375.6,,,,
2018-02-22,376.97,381.56,376.63,378.2,,,,
2018-02-23,380.27,383.71,378.34,383.58,,,,
2018-02-26,384.28,385.61,381.62,385.39,,,,
2018-02-27,385.15,385.15,379.65,379.68,,,,
2018-02-28,380.57,381.05,372.83,372.92,,,,
2018-03-01,372.62,374.13,366.25,369.05,,,,
2018-03-02,367.65,369.24,364.6,368.11,,,,
2018-03-05,366.65,374.23,366.07,373.12,,,,
2018-03-06,374.27,380,372.93,377.17,,,,
2018-03-07,373.73,376.62,372.7,375.63,,,,
2018-03-08,375.89,376.72,373.59,376.16,,,,
2018-03-09,377.39,383.16,377.08,383.11,,,,
2018-03-12,383.13,385.36,381.3,381.97,,,,
2018-03-13,383.8,385.6,380.04,380.4,,,,
2018-03-14,380.97,381.77,374.9,375.38,,,,
2018-03-15,375.33,376.39,370.57,370.59,,,,
2018-03-16,370.03,372.59,369.25,370.81,,,,
2018-03-19,369.42,369.55,362.64,365.21,,,,
2018-03-20,366.62,367.75,364.2,364.89,,,,
2018-03-21,365.13,372.2,364.42,368.94,,,,
2018-03-22,366.41,367.34,357.85,358,,,,
2018-03-23,358.79,360.69,350.58,351.03,,,,
2018-03-26,353.26,358.35,351.68,358.02,,,,
2018-03-27,358.86,361.26,352.75,354.48,,,,
2018-03-28,355.15,356.06,348.86,349.77,,,,
2018-03-29,350.4,358.15,350.4,356.34,,,,
2018-04-02,355.92,357.01,345.56,348.61,,,,
2018-04-03,349.23,354.7,347.26,353.65,,,,
2018-04-04,349.44,356.22,345.73,355.95,,,,
2018-04-05,356.99,363.67,356.99,362.6,,,,
2018-04-06,360.09,360.67,351.51,353.79,,,,
2018-04-09,354.97,359.79,353.25,355.62,,,,
2018-04-10,359.81,364.92,359.81,363.01,,,,
2018-04-11,361.08,361.68,358.92,360.17,,,,
2018-04-12,361.33,365.53,360.95,364.03,,,,
2018-04-13,366.07,366.81,362.43,363.65,,,,
2018-04-16,364.87,369.13,364.44,368.68,,,,
2018-04-17,370.47,373.85,369.28,372.82,,,,
2018-04-18,373.51,377.05,373.51,375.54,,,,
2018-04-19,375.01,375.01,369.87,371.51,,,,
2018-04-20,371.71,372.38,367.69,369.26,,,,
2018-04-23,368.44,369.55,367.15,368.15,,,,
2018-04-24,368.35,369.07,354.31,358.25,,,,
2018-04-25,358.98,361.09,355.57,360.17,,,,
2018-04-26,360.8,363.78,359.65,362.24,,,,
2018-04-27,362.14,363.37,358.9,361.4,,,,
2018-04-30,362.08,363.25,356.41,356.71,,,,
2018-05-01,354.54,356.67,351.83,356.67,,,,
2018-05-02,356.96,358.41,355.05,355.82,,,,
2018-05-03,356.25,359.74,352.27,357.04,,,,
2018-05-04,355.58,363.61,354.63,361.6,,,,
2018-05-07,361.65,363.8,360.4,361.71,,,,
2018-05-08,360.72,362.31,358.83,360.81,,,,
2018-05-09,362.24,366.47,362.1,365.9,,,,
2018-05-10,366.68,370.74,366.4,368.75,,,,
2018-05-11,369.11,371.52,368.05,368.61,,,,
2018-05-14,369.94,371.22,368.53,370.04,,,,
2018-05-15,368.53,369.44,365.84,368.96,,,,
2018-05-16,368.86,373.62,368.86,373.2,,,,
2018-05-17,372.94,375.36,372.28,373.98,,,,
2018-05-18,373.57,375.58,373.36,374.52,,,,
2018-05-21,376.15,377.39,375.04,376.6,,,,
2018-05-22,377.18,377.44,372.86,373.17,,,,
2018-05-23,370.79,372.49,369.04,372.49,,,,
2018-05-24,372.16,373.06,369.07,370.91,,,,
2018-05-25,370.03,370.07,367.65,369.02,,,,
2018-05-29,366.64,367.82,361.27,362.49,,,,
2018-05-30,363.48,367.37,363.48,366.39,,,,
2018-05-31,366.73,366.82,363.06,363.22,,,,
2018-06-01,366.15,369.96,365.8,368.82,,,,
2018-06-04,370.06,371.59,370.06,370.91,,,,
2018-06-05,371.78,375.19,371.61,373.73,,,,
2018-06-06,374.48,380.84,372.99,380.7,,,,
2018-06-07,380.35,381.15,377.09,378.65,,,,
2018-06-08,377.93,380.22,376.06,379.64,,,,
2018-06-11,379.64,380.98,378.38,380,,,,
2018-06-12,380.44,381.8,379.16,380.57,,,,
2018-06-13,380.63,380.84,376.06,376.45,,,,
2018-06-14,377.94,378.32,375.38,376.8,,,,
2018-06-15,375.91,375.91,371.62,374.44,,,,
2018-06-18,372.53,374.02,370.93,373.45,,,,
2018-06-19,369.61,369.61,363.27,366.67,,,,
2018-06-20,367.43,367.5,363.78,365.24,,,,
2018-06-21,364.53,364.7,360.79,361.61,,,,
2018-06-22,363.35,367.62,363.35,366.59,,,,
2018-06-25,365.96,365.96,358.1,361.24,,,,
2018-06-26,362.21,363.62,361.04,362.55,,,,
2018-06-27,363.28,368.32,361.23,361.23,,,,
2018-06-28,361.75,363.58,358.68,362.82,,,,
2018-06-29,363.85,368.13,363.6,363.65,,,,
2018-07-02,361.46,362.52,359.2,361.98,,,,
2018-07-03,364.15,366.39,360.4,360.8,,,,
2018-07-05,362.56,364.63,360.91,364.28,,,,
2018-07-06,363.78,367.14,362.05,366.01,,,,
2018-07-09,367.7,369.54,367.53,369.46,,,,
2018-07-10,369.61,372.77,369.61,372.55,,,,
2018-07-11,371.04,371.04,364.7,366.27,,,,
2018-07-12,367.44,368.23,365.48,367.07,,,,
2018-07-13,366.66,368.24,366.27,367.05,,,,
2018-07-16,367.55,367.75,363.17,364.13,,,,
2018-07-17,363.58,369.98,363.47,368.93,,,,
2018-07-18,368.9,370.34,368.34,368.99,,,,
2018-07-19,368.2,368.2,364.24,366.75,,,,
2018-07-20,364.99,366.42,363.45,365.25,,,,
2018-07-23,365.49,365.55,362.87,363.41,,,,
2018-07-24,365.82,370.01,365.82,368.12,,,,
2018-07-25,368.2,371.44,365.68,370.98,,,,
2018-07-26,370.93,373.95,369.76,373.23,,,,
2018-07-27,374.03,374.47,371.08,371.89,,,,
2018-07-30,371.86,374.62,370.59,371.05,,,,
2018-07-31,371.97,375.56,371.96,374.38,,,,
2018-08-01,373.66,374.56,370.05,370.74,,,,
2018-08-02,366.93,368.3,363.79,368.08,,,,
2018-08-03,369.18,371.72,369.16,371.26,,,,
2018-08-06,368.46,372.87,367.78,371.64,,,,
2018-08-07,372.3,374.86,372.07,372.59,,,,
2018-08-08,372.65,373.98,370.99,371.45,,,,
2018-08-09,372.69,375.21,372.69,373.3,,,,
2018-08-10,372.16,372.16,367.46,367.96,,,,
2018-08-13,368.8,369.62,362.62,364.13,,,,
2018-08-14,364.84,368.85,364.84,366.91,,,,
2018-08-15,364.04,364.04,357.31,361.22,,,,
2018-08-16,363.36,365.46,363.17,363.45,,,,
2018-08-17,363.45,366.86,362.8,366.13,,,,
2018-08-20,367.2,369.41,367.01,368.75,,,,
2018-08-21,369.04,371.97,368.9,370.17,,,,
2018-08-22,370.49,370.58,367.91,368.52,,,,
2018-08-23,367.78,367.8,364.88,365.95,,,,
2018-08-24,367.26,371.19,367.26,370.4,,,,
2018-08-27,370.89,377.13,370.89,375.85,,,,
2018-08-28,376.38,378.2,373.36,374.55,,,,
2018-08-29,374.45,378.1,373.05,377.29,,,,
2018-08-30,376.66,376.66,371.36,372.56,,,,
2018-08-31,371.95,374.09,370.52,371.6,,,,
2018-09-04,370.94,370.94,366.68,368.59,,,,
2018-09-05,368.56,371.75,367.49,370.84,,,,
2018-09-06,371.18,373.86,369.19,371.5,,,,
2018-09-07,369.66,370.72,367,369.51,,,,
2018-09-10,370.51,371.88,369.7,369.83,,,,
2018-09-11,368.09,371.51,366.36,370.53,,,,
2018-09-12,370.67,372.3,369.02,370.57,,,,
2018-09-13,372.27,374.48,371.54,371.77,,,,
2018-09-14,372.44,373.09,370.62,371.61,,,,
2018-09-17,371.45,374.92,371.45,372.7,,,,
2018-09-18,373.79,375.43,371.78,372.89,,,,
2018-09-19,373.87,378.67,373.43,377.06,,,,
2018-09-20,379.77,382.3,379.62,381.03,,,,
2018-09-21,381.6,383.08,379.29,380.16,,,,
2018-09-24,379.17,379.77,374.28,374.81,,,,
2018-09-25,375.37,375.98,372.61,373.03,,,,
2018-09-26,371.6,372.64,368.56,369.2,,,,
2018-09-27,368.94,369.25,365.41,365.6,,,,
2018-09-28,364.95,365.06,362.54,363.12,,,,
2018-10-01,364.82,368.41,364.82,366.91,,,,
2018-10-02,367.28,369.41,366.85,368.55,,,,
2018-10-03,369.36,369.87,365.68,365.75,,,,
2018-10-04,365.06,365.4,361.25,364.22,,,,
2018-10-05,363.56,364.78,359.94,361.28,,,,
2018-10-08,360.55,361.92,358.63,361.25,,,,
2018-10-09,358.36,358.36,348.59,348.98,,,,
2018-10-10,349.11,349.17,340.09,340.13,,,,
2018-10-11,339.9,343,335.15,336.06,,,,
2018-10-12,339.23,342.43,334.86,337.46,,,,
2018-10-15,337.9,339.14,335.81,335.84,,,,
2018-10-16,337.04,342.04,335.81,341.93,,,,
2018-10-17,340.88,341.6,337,339.1,,,,
2018-10-18,338.47,340.81,333.53,335.23,,,,
2018-10-19,333.95,337.31,332.07,332.92,,,,
2018-10-22,334.5,335.34,328.74,329.85,,,,
2018-10-23,326.36,328.01,319.43,326.05,,,,
2018-10-24,325.45,326.76,315.33,315.78,,,,
2018-10-25,318.7,322.55,317.58,320.13,,,,
2018-10-26,317.24,321.33,313.47,318.04,,,,
2018-10-29,321.33,324.4,314.14,317.15,,,,
2018-10-30,318.39,324.81,316.16,324.31,,,,
2018-10-31,327.52,330.94,326.35,328.69,,,,
2018-11-01,329.91,339.1,329.91,338.6,,,,
2018-11-02,340.56,341.75,333.23,337.57,,,,
2018-11-05,337.49,339.31,336.09,338.88,,,,
2018-11-06,339.46,344.14,338.91,343.99,,,,
2018-11-07,346.02,350.54,344.51,350.54,,,,
2018-11-08,348.58,350.31,347.05,348.64,,,,
2018-11-09,346.17,346.41,341.31,343.86,,,,
2018-11-12,343.5,344.03,338.18,338.74,,,,
2018-11-13,339.15,343.07,337.26,337.77,,,,
2018-11-14,338.5,341.97,335.44,337.05,,,,
2018-11-15,336.2,343.47,334.46,341.9,,,,
2018-11-16,340.97,346.22,340.1,345.15,,,,
2018-11-19,345.08,346.49,339.47,340.32,,,,
2018-11-20,337.47,337.63,332.47,333.99,,,,
2018-11-21,335.08,340.05,335.01,336.8,,,,
2018-11-23,333.85,335.43,332.25,333.11,,,,
2018-11-26,334.16,338.2,334.16,337.09,,,,
2018-11-27,335.39,336.19,330.64,332.89,,,,
2018-11-28,333.75,337.83,329.21,337.8,,,,
2018-11-29,337.58,341.75,336.59,339.66,,,,
2018-11-30,338.29,341.83,338.19,341.11,,,,
2018-12-03,347.12,350.49,343.25,347.07,,,,
2018-12-04,346.55,347.04,335.99,336.38,,,,
2018-12-06,333.7,333.7,323.57,331.81,,,,
2018-12-07,332.28,336.88,322.47,323.38,,,,
2018-12-10,323.62,325.71,318.29,324.34,,,,
2018-12-11,329.15,331.89,321.91,323.13,,,,
2018-12-12,325.47,329.92,325.47,326.21,,,,
2018-12-13,326.54,328.22,321.22,322.51,,,,
2018-12-14,321.16,322.91,318.44,319.86,,,,
2018-12-17,319.84,321.93,311.78,313.88,,,,
2018-12-18,316.28,319.43,313.8,315.65,,,,
2018-12-19,316.44,322.06,310.22,311.57,,,,
2018-12-20,310.11,313.82,304.36,307.59,,,,
2018-12-21,307.75,314,304.51,304.67,,,,
2018-12-24,303.55,304.78,296.58,296.58,,,,
2018-12-26,297.76,310.28,295.03,310.28,,,,
2018-12-27,306.49,316.01,305.23,316.01,,,,
2018-12-28,317.33,318.98,312.92,314.1,,,,
2018-12-31,315.08,317.08,313.14,316.62,,,,
2019-01-02,313.86,319.35,311.59,318.05,,,,
2019-01-03,316.52,316.54,308.59,309.26,,,,
2019-01-04,312.62,322.49,312.62,321.35,,,,
2019-01-07,321.33,326.17,319.4,322.39,,,,
2019-01-08,323.5,326.31,322.21,325.66,,,,
2019-01-09,325.58,327.15,322.8,325.92,,,,
2019-01-10,324.34,328.93,323.25,328.76,,,,
2019-01-11,327.39,328.23,325.41,327.44,,,,
2019-01-14,325.41,326.69,322.96,324.92,,,,
2019-01-15,322.32,324.5,320.77,322.82,,,,
2019-01-16,322.71,325.64,322.25,324.14,,,,
2019-01-17,323.53,330.32,323.53,329.6,,,,
2019-01-18,330.87,336.7,330.68,335,,,,
2019-01-22,334.62,334.62,328.67,330.42,,,,
2019-01-23,331.05,331.45,325.2,328.28,,,,
2019-01-24,327.19,328.46,325.14,326.45,,,,
2019-01-25,330.2,334.44,330.2,332.71,,,,
2019-01-28,331.06,332.44,329.34,332.44,,,,
2019-01-29,332.69,336.56,332.64,335.79,,,,
2019-01-30,336.71,341.85,335.72,339.2,,,,
2019-01-31,338.34,338.34,328.59,333.98,,,,
2019-02-01,334.13,336,332.68,335.49,,,,
2019-02-04,335.37,335.47,332.41,334.73,,,,
2019-02-05,335.29,337.93,335.27,337.41,,,,
2019-02-06,336.12,336.91,334.58,335.12,,,,
2019-02-07,333.86,333.86,327.94,330.47,,,,
2019-02-08,329.83,330.31,326.08,330.3,,,,
2019-02-11,331.09,331.75,329.23,330.92,,,,
2019-02-12,332.99,338.67,332.95,338.35,,,,
2019-02-13,339.95,341.04,338.28,338.7,,,,
2019-02-14,337.76,339.25,335.92,336.83,,,,
2019-02-15,339.33,342.11,338.92,341.41,,,,
2019-02-19,340.18,345.06,339.54,343.39,,,,
2019-02-20,343.71,351.22,343.71,349.18,,,,
2019-02-21,349.34,350.28,346.32,347.76,,,,
2019-02-22,349.42,350.16,347.89,349.17,,,,
2019-02-25,349.89,352.34,349.89,351.44,,,,
2019-02-26,350.91,351.56,349.32,349.35,,,,
2019-02-27,348.89,349.41,346.15,348.46,,,,
2019-02-28,348.28,348.28,343.4,344.05,,,,
2019-03-01,346.29,348.22,342.29,343.5,,,,
2019-03-04,344.63,346.38,339.86,345.03,,,,
2019-03-05,344.3,345.12,343.07,343.29,,,,
2019-03-06,344.21,346.46,343.56,343.96,,,,
2019-03-07,343.16,343.16,338.42,340.9,,,,
2019-03-08,340.05,341.75,337.35,341.6,,,,
2019-03-11,342.2,346.51,342.08,346.43,,,,
2019-03-12,347.24,349.66,347.24,347.59,,,,
2019-03-13,348.81,351.48,348.68,349.42,,,,
2019-03-14,348.74,348.9,345.91,346.65,,,,
2019-03-15,346.61,349.78,345.87,347.35,,,,
2019-03-18,347.01,348.38,345.35,347.89,,,,
2019-03-19,348.83,351.78,345.92,347.38,,,,
2019-03-20,347.29,348.96,343.94,347.21,,,,
2019-03-21,345.83,352.12,345.74,350.83,,,,
2019-03-22,348.07,348.07,339.75,340.33,,,,
2019-03-25,339.9,342.74,339.16,339.78,,,,
2019-03-26,340.76,342.74,339.34,341.72,,,,
2019-03-27,341.37,342.42,338.95,341.42,,,,
2019-03-28,342.26,344.79,341.81,344.67,,,,
2019-03-29,344.3,347.49,343.26,347.27,,,,
2019-04-01,348.29,353.1,348.29,352.48,,,,
2019-04-02,352.68,375.93,352.17,353.9,,,,
2019-04-03,356.02,360.65,355.89,358.6,,,,
2019-04-04,358.82,362.22,358.64,362.21,,,,
2019-04-05,361.84,363.44,361.04,362.03,,,,
2019-04-08,361.33,362.46,360.32,362.21,,,,
2019-04-09,361.68,361.68,358.52,359.38,,,,
2019-04-10,359.59,360.4,357.97,359.27,,,,
2019-04-11,359.05,360.44,358.16,359.06,,,,
2019-04-12,361.27,363.79,360.88,363.77,,,,
2019-04-15,363.8,364,361.51,362.09,,,,
2019-04-16,361.59,363.85,360.17,363.8,,,,
2019-04-17,364.88,366.27,361.49,361.59,,,,
2019-04-18,361.4,362.95,360.15,362,,,,
2019-04-22,361.35,361.75,359.22,359.56,,,,
2019-04-23,359.1,362.39,358.15,361.14,,,,
2019-04-24,360.89,362.04,359.05,359.1,,,,
2019-04-25,358.26,358.26,353.46,354.45,,,,
2019-04-26,354.36,358.25,353.85,357.37,,,,
2019-04-29,356.76,357.69,355.45,356.71,,,,
2019-04-30,357.77,360.16,355.91,359.84,,,,
2019-05-01,359.74,360.13,353.22,353.23,,,,
2019-05-02,352.77,353.13,348.86,351.31,,,,
2019-05-03,352.02,354.91,351.7,354.79,,,,
2019-05-06,351.4,351.4,347.74,349.89,,,,
2019-05-07,347.83,347.83,341.69,343.52,,,,
2019-05-08,343.23,344.74,341.85,343.17,,,,
2019-05-09,339.39,341.61,336.49,340.41,,,,
2019-05-10,340.31,346.19,338.44,344.74,,,,
2019-05-13,341.41,341.41,334.69,337.24,,,,
2019-05-14,337.75,342.56,337.54,339.99,,,,
2019-05-15,338.57,341.56,336.34,339.18,,,,
2019-05-16,341.55,344.97,341.5,343.72,,,,
2019-05-17,341.91,344.24,340.37,342.01,,,,
2019-05-20,339.07,340.09,336.43,337.02,,,,
2019-05-21,338.26,342.64,338.26,342.11,,,,
2019-05-22,341.63,342.52,339.81,339.86,,,,
2019-05-23,337.44,337.44,333.1,334.66,,,,
2019-05-24,336.9,337.97,334.66,336.33,,,,
2019-05-28,335.91,337.33,332.77,333.24,,,,
2019-05-29,331.96,333.53,329.65,333.05,,,,
2019-05-30,332.57,334.83,332.4,333.44,,,,
2019-05-31,331.3,331.3,327.86,329.32,,,,
2019-06-03,331.59,340.58,330.41,340.58,,,,
2019-06-04,341.74,349.98,341.36,349.98,,,,
2019-06-05,350.73,352.72,346.43,352.72,,,,
2019-06-06,353.21,357.18,352.22,356.7,,,,
2019-06-07,357.46,360.41,357.37,359.2,,,,
2019-06-10,360.77,361.78,359.46,359.72,,,,
2019-06-11,361.34,362.85,358.8,359.48,,,,
2019-06-12,359.72,361.11,359.15,360.6,,,,
2019-06-13,361.27,363.06,361.27,362.68,,,,
2019-06-14,362.28,362.28,359.92,360.98,,,,
2019-06-17,360.15,360.66,357.28,357.59,,,,
2019-06-18,358.54,362.97,358.54,360.33,,,,
2019-06-19,360.55,360.79,356.63,358.65,,,,
2019-06-20,361.16,363.77,359.95,362.98,,,,
2019-06-21,362.87,363.33,361.6,361.81,,,,
2019-06-24,361.79,364,360.59,363.43,,,,
2019-06-25,363.65,364.9,362.26,363.43,,,,
2019-06-26,363.37,364.43,362.33,362.76,,,,
2019-06-27,362.7,364.64,362.7,364.02,,,,
2019-06-28,364.48,367.25,364.02,367.14,,,,
2019-07-01,368.37,369.66,366.63,369.66,,,,
2019-07-02,369.43,369.43,366.99,369.15,,,,
2019-07-03,369.41,371.02,368.31,371.02,,,,
2019-07-05,367.95,369.29,365.87,369.06,,,,
2019-07-08,368.24,368.65,364.51,365.16,,,,
2019-07-09,364.15,364.28,360.75,361.46,,,,
2019-07-10,363.25,364.39,360.36,360.78,,,,
2019-07-11,360.59,362.36,359.02,362.33,,,,
2019-07-12,363.13,366.12,363.13,366.04,,,,
2019-07-15,365.96,366.68,364.71,366.68,,,,
2019-07-16,366.87,370.44,366.71,367.37,,,,
2019-07-17,367.59,367.63,364.1,364.12,,,,
2019-07-18,363.92,365.94,362.77,365.68,,,,
2019-07-19,366.02,368.29,366.02,366.59,,,,
2019-07-22,367.06,367.66,364.93,365.66,,,,
2019-07-23,366.52,372.95,366.52,372.92,,,,
2019-07-24,371.73,373.4,371.04,372.84,,,,
2019-07-25,371.4,371.5,366.29,369.95,,,,
2019-07-26,369.19,370.24,366.63,370.11,,,,
2019-07-29,369.65,369.65,367.76,368.87,,,,
2019-07-30,366.25,371.46,365.34,371.05,,,,
2019-07-31,370.63,371.8,362.4,365.54,,,,
2019-08-01,364.79,370.56,361.82,363.47,,,,
2019-08-02,361.79,361.92,356.58,359.06,,,,
2019-08-05,357.8,357.8,349.86,352.51,,,,
2019-08-06,352.71,353.1,348.49,352.8,,,,
2019-08-07,351.31,357.96,349.73,357.46,,,,
2019-08-08,358.29,364.46,358.29,364.21,,,,
2019-08-09,363.13,363.46,359.67,361.64,,,,
2019-08-12,361.47,361.47,355.32,355.94,,,,
2019-08-13,356.17,364.19,354.28,359.97,,,,
2019-08-14,357.05,357.05,347.87,348.25,,,,
2019-08-15,349.05,349.88,345.61,348.22,,,,
2019-08-16,349.17,355.03,349.12,354.34,,,,
2019-08-19,356.06,358.42,356.06,357.08,,,,
2019-08-20,355.75,355.75,352.55,352.74,,,,
2019-08-21,355.16,356.06,354.02,354.6,,,,
2019-08-22,355.42,356.8,351.45,352.12,,,,
2019-08-23,351.11,352.01,341.96,343.54,,,,
2019-08-26,345.89,346.8,343.1,344.55,,,,
2019-08-27,346.47,348.05,344.13,344.88,,,,
2019-08-28,344.37,348.48,342.96,347.86,,,,
2019-08-29,351,353.45,351,351.92,,,,
2019-08-30,354.66,355.78,352.82,354.28,,,,
2019-09-03,351.91,351.96,348.69,351.16,,,,
2019-09-04,353.34,355.57,353.04,354.95,,,,
2019-09-05,357.27,359.26,355.63,355.68,,,,
2019-09-06,356.98,358.16,355.2,357.38,,,,
2019-09-09,358.12,358.19,354.77,355.58,,,,
2019-09-10,354.97,359.08,354.51,359.08,,,,
2019-09-11,359.02,362.54,357.21,362.54,,,,
2019-09-12,364.74,366.54,362.29,365.16,,,,
2019-09-13,366.77,370.19,366.77,369.31,,,,
2019-09-16,367.53,368.45,362.77,363.3,,,,
2019-09-17,363.22,366.66,361.79,365.87,,,,
2019-09-18,366.13,366.59,362.87,366.17,,,,
2019-09-19,367.31,368.9,366.23,366.72,,,,
2019-09-20,367.11,368.45,364.39,366.12,,,,
2019-09-23,364.36,366.14,363.56,365.23,,,,
2019-09-24,365.63,366.62,360.77,361.71,,,,
2019-09-25,361.48,364.39,360.38,363.73,,,,
2019-09-26,364.21,364.33,361.28,362.97,,,,
2019-09-27,363.52,365.01,360.48,362.03,,,,
2019-09-30,362.22,365.46,361.91,364.66,,,,
2019-10-01,365.72,366.67,356.15,356.28,,,,
2019-10-02,354.09,354.09,346.54,349.6,,,,
2019-10-03,349.32,351.15,345.55,351.1,,,,
2019-10-04,351.8,353.74,351.12,352.92,,,,
2019-10-07,352.03,355.24,350.76,351.82,,,,
2019-10-08,349.59,349.59,345.54,345.75,,,,
2019-10-09,347.83,350.67,347.08,349.29,,,,
2019-10-10,350.84,354.28,349.73,352.72,,,,
2019-10-11,355.55,362.75,355.55,359.46,,,,
2019-10-14,358.33,359.17,356.71,356.78,,,,
2019-10-15,358.63,361.17,357.64,359.19,,,,
2019-10-16,359.78,362.78,359.44,360.28,,,,
2019-10-17,361.19,363.86,360.59,360.97,,,,
2019-10-18,361,362.14,359.15,360.6,,,,
2019-10-21,362.65,363.21,359.31,359.34,,,,
2019-10-22,359,360.26,356.31,357.88,,,,
2019-10-23,359.19,361.68,358.85,360.24,,,,
2019-10-24,361.56,363.54,359.45,361.56,,,,
2019-10-25,362.19,366.14,360.95,365.33,,,,
2019-10-28,366.62,368.26,365.27,366.38,,,,
2019-10-29,365.85,370.45,364,368.83,,,,
2019-10-30,367.45,369.47,365.9,368.78,,,,
2019-10-31,368.38,369.38,362.96,364.73,,,,
2019-11-01,366.28,370.1,366.17,370.03,,,,
2019-11-04,372.21,373.77,371.07,372.93,,,,
2019-11-05,372.84,375.76,372.13,373.87,,,,
2019-11-06,373.96,374.42,372.03,373.53,,,,
2019-11-07,374.91,376.28,374.41,375.94,,,,
2019-11-08,376.13,377.42,374.85,377.42,,,,
2019-11-11,375.62,377.33,374.93,376.99,,,,
2019-11-12,377.35,380.08,376.85,378.56,,,,
2019-11-13,377.36,378.56,375.87,376.75,,,,
2019-11-14,375.43,378.95,375.43,378.6,,,,
2019-11-15,380.38,380.91,377.4,378.32,,,,
2019-11-18,377.3,378.44,376.38,377.47,,,,
2019-11-19,378.51,378.74,375.34,376.26,,,,
2019-11-20,375.35,375.74,371.36,371.81,,,,
2019-11-21,371.83,372.23,370.26,371.36,,,,
2019-11-22,372.2,373.5,371.59,371.93,,,,
2019-11-25,372.73,374.4,372.73,374.24,,,,
2019-11-26,374.22,376.44,373.16,376.2,,,,
2019-11-27,375.6,377.39,374.26,376.96,,,,
2019-11-29,376.14,376.68,374.33,375.24,,,,
2019-12-02,374.4,375.14,371.64,371.7,,,,
2019-12-03,368.98,369.51,366.37,369.22,,,,
2019-12-04,370.55,374.02,369.03,369.07,,,,
2019-12-05,370.23,371.9,368.55,371.5,,,,
2019-12-06,373.64,376.13,373.64,375.29,,,,
2019-12-09,376.17,376.89,374.31,374.82,,,,
2019-12-10,373.99,374.72,371.98,372.62,,,,
2019-12-11,374,375.76,373.58,375.27,,,,
2019-12-12,375.67,381.1,374.98,380.66,,,,
2019-12-13,380.67,382.52,377.56,377.56,,,,
2019-12-16,379.65,381.28,378.89,379.33,,,,
2019-12-17,379.61,381.45,378.51,380.02,,,,
2019-12-18,379.75,380.02,376.39,379.11,,,,
2019-12-19,379.67,381.12,379.22,380.36,,,,
2019-12-20,382.55,382.9,381.09,382.07,,,,
2019-12-23,382.28,383.79,381.26,383.65,,,,
2019-12-24,383.61,384.79,383.1,383.91,,,,
2019-12-26,384.29,385.5,383.45,385.48,,,,
2019-12-27,386.66,386.71,384.06,384.5,,,,
2019-12-30,384.55,384.92,382.57,382.97,,,,
2019-12-31,382.62,385.94,382.55,385.85,,,,
2020-01-02,387.77,388.65,380.69,381.07,,,,
2020-01-03,377.51,379.47,374.86,374.88,,,,
2020-01-06,374.27,375.7,373.09,373.19,,,,
2020-01-07,372.44,375.42,371.78,372.41,,,,
2020-01-08,372.86,375.6,371.79,374.25,,,,
2020-01-09,375.01,376.14,374.42,375.48,,,,
2020-01-10,376.6,377.32,373.45,373.89,,,,
2020-01-13,374.42,379.03,374.23,378.97,,,,
2020-01-14,378.24,379.63,376.51,377.51,,,,
2020-01-15,377.85,381.61,377.75,379.93,,,,
2020-01-16,380.85,382.75,380.01,382.12,,,,
2020-01-17,382.72,383.98,381.62,383.98,,,,
2020-01-21,381.75,381.91,379.24,379.89,,,,
2020-01-22,380.5,380.84,378.04,378.4,,,,
2020-01-23,375.21,378.11,372.67,377.88,,,,
2020-01-24,377.89,378.14,373.61,375.28,,,,
2020-01-27,371.07,371.07,367.35,367.4,,,,
2020-01-28,368.89,372.37,368.19,371,,,,
2020-01-29,372.56,374.43,372.26,372.35,,,,
2020-01-30,371.01,371.01,365.16,370.16,,,,
2020-01-31,366.61,367.06,360.81,361.99,,,,
2020-02-03,363.21,371.08,363.04,369.72,,,,
2020-02-04,372.75,377.96,372.43,376.17,,,,
2020-02-05,379.03,383.54,376.63,383.18,,,,
2020-02-06,383.94,384.16,381.35,382.87,,,,
2020-02-07,380.14,380.2,376.07,377.27,,,,
2020-02-10,376.96,378.1,375.97,377.33,,,,
2020-02-11,378.87,382.61,378.87,379.27,,,,
2020-02-12,380.72,381.84,380.08,381.26,,,,
2020-02-13,381.47,382.29,378.88,379.81,,,,
2020-02-14,379.92,381.27,378.87,380.03,,,,
2020-02-18,379.98,380.22,377.3,379.17,,,,
2020-02-19,379.96,381.31,379.66,379.92,,,,
2020-02-20,378.95,383.05,377.88,380.43,,,,
2020-02-21,379.44,380.09,377.92,378.91,,,,
2020-02-24,373.67,373.67,366.65,368.08,,,,
2020-02-25,367.9,368.38,351.55,352.25,,,,
2020-02-26,354.04,358.81,350.72,351.05,,,,
2020-02-27,346.41,348.83,334.61,334.7,,,,
2020-02-28,326.87,330.71,320.55,330.67,,,,
2020-03-02,333.03,344.39,329.74,344.38,,,,
2020-03-03,344.4,351.3,336.93,341.78,,,,
2020-03-04,345.22,355.56,342.8,355.49,,,,
2020-03-05,348.62,348.86,341.98,344.05,,,,
2020-03-06,338.43,338.43,328.62,335.02,,,,
2020-03-09,321.42,321.42,302.77,303.99,,,,
2020-03-10,310,316,300.65,315.95,,,,
2020-03-11,309.67,309.67,296.75,300.9,,,,
2020-03-12,289.9,290.58,271.79,271.97,,,,
2020-03-13,281.2,290.85,270.06,290.78,,,,
2020-03-16,271.75,271.75,254.87,257.52,,,,
2020-03-17,261.3,277.36,255.38,274.66,,,,
2020-03-18,265.91,267.29,240.45,257.74,,,,
2020-03-19,254.21,267.51,247.3,263.45,,,,
2020-03-20,265.41,265.87,250.33,254.16,,,,
2020-03-23,251.06,254.29,240.5,241.67,,,,
2020-03-24,257.19,271.46,254.74,269.78,,,,
2020-03-25,269.02,287.2,266.23,275.71,,,,
2020-03-26,279.63,290.35,279.4,289.32,,,,
2020-03-27,278.64,284.3,276.26,278.3,,,,
2020-03-30,281.45,288.31,279.62,287.35,,,,
2020-03-31,285.18,290.26,282.09,283.23,,,,
2020-04-01,272.52,278.04,269.71,270.22,,,,
2020-04-02,270.07,280.95,269.79,274.27,,,,
2020-04-03,273.19,277.78,266.68,267.86,,,,
2020-04-06,280.62,289.87,280.48,288.23,,,,
2020-04-07,298.56,305.57,294.29,295.2,,,,
2020-04-08,297.4,311.2,295.4,309.95,,,,
2020-04-09,312.85,325.07,312.85,323.19,,,,
2020-04-13,320.21,321.49,311.86,316.31,,,,
2020-04-14,322.84,324.8,317.2,319.95,,,,
2020-04-15,309.57,309.87,303.23,305.53,,,,
2020-04-16,306.47,306.91,298.82,303.9,,,,
2020-04-17,310.94,317.03,310.94,316.31,,,,
2020-04-20,311.05,315.51,307.51,308.28,,,,
2020-04-21,300.52,303.94,299.59,300.64,,,,
2020-04-22,306.85,308.67,303.85,307.03,,,,
2020-04-23,309.3,315.05,308.55,308.69,,,,
2020-04-24,312.31,314.43,308.07,313.51,,,,
2020-04-27,314.62,322.92,314.1,321.78,,,,
2020-04-28,327.44,329.89,324.06,328.08,,,,
2020-04-29,333.38,338.16,333.38,336.5,,,,
2020-04-30,329.68,330.56,326.06,326.55,,,,
2020-05-01,320.68,322.27,316.73,319.47,,,,
2020-05-04,316.5,321.09,314.08,320.75,,,,
2020-05-05,323.64,325.89,320.87,321.71,,,,
2020-05-06,322.99,324.83,315.85,315.85,,,,
2020-05-07,319.61,325.32,318.71,322.59,,,,
2020-05-08,326.86,330.56,326.27,330.32,,,,
2020-05-11,324.72,326.62,321.88,325.31,,,,
2020-05-12,326.3,328.32,320.23,320.23,,,,
2020-05-13,319.02,319.93,310.55,313.24,,,,
2020-05-14,307.86,317.09,303.97,317.09,,,,
2020-05-15,315.36,320.24,313.79,320.14,,,,
2020-05-18,330.75,337.18,330.75,334.75,,,,
2020-05-19,334.02,335.96,331.22,331.4,,,,
2020-05-20,335.96,340.26,335.96,336.79,,,,
2020-05-21,335.73,337.21,332.19,333.44,,,,
2020-05-22,333.08,333.42,330.39,332.86,,,,
2020-05-26,340.48,343.71,339.16,341.73,,,,
2020-05-27,345.44,347.16,340.81,345.23,,,,
2020-05-28,350.18,350.82,344.71,348.08,,,,
2020-05-29,347.76,349.2,344.02,348.38,,,,
2020-06-01,348.37,351.64,347.79,350.29,,,,
2020-06-02,351.35,356.99,350.99,356.46,,,,
2020-06-03,360.61,367.15,360.61,364.59,,,,
2020-06-04,363.76,366.83,362.5,365.88,,,,
2020-06-05,375.37,377.78,373.91,375.02,,,,
2020-06-08,374.79,377.58,372.26,375.38,,,,
2020-06-09,370.92,373.38,368.9,370.97,,,,
2020-06-10,371.92,371.92,365.38,366.84,,,,
2020-06-11,355.93,357.21,336.94,338.44,,,,
2020-06-12,350.48,351.31,338.62,345.02,,,,
2020-06-15,335.47,350.34,334.05,348.24,,,,
2020-06-16,358.98,362.05,350.55,355.57,,,,
2020-06-17,357.69,358.11,352.11,352.88,,,,
2020-06-18,351.39,355.01,351.03,353.04,,,,
2020-06-19,358.17,359.55,349.65,351.93,,,,
2020-06-22,352.07,354.84,348.85,353.33,,,,
2020-06-23,357.58,358.7,354.05,354.07,,,,
2020-06-24,350.56,350.57,342.8,343.64,,,,
2020-06-25,342.77,348.35,339.81,348.1,,,,
2020-06-26,347.11,347.3,341.29,343.27,,,,
2020-06-29,346.94,351.34,345.38,349.84,,,,
2020-06-30,349.11,356.67,347.52,354.83,,,,
2020-07-01,354.98,356.5,350.84,355.52,,,,
2020-07-02,359.86,364.93,359.68,362.11,,,,
2020-07-06,367.48,368.9,362.71,367.41,,,,
2020-07-07,364.96,368.39,364.62,367.35,,,,
2020-07-08,368.28,369.96,357.97,361.99,,,,
2020-07-09,364.22,364.22,354.76,358.61,,,,
2020-07-10,359.67,365.27,359.66,364.88,,,,
2020-07-13,367.95,372.29,364.73,364.83,,,,
2020-07-14,364.4,374.57,363.72,374.1,,,,
2020-07-15,380.28,381.96,377.85,380.33,,,,
2020-07-16,381.58,384.49,379.85,381.69,,,,
2020-07-17,384.01,385.85,383.06,384.72,,,,
2020-07-20,384.14,385.52,380.79,381.48,,,,
2020-07-21,384.02,386.6,383.98,384.73,,,,
2020-07-22,384.67,389.36,384.11,389.05,,,,
2020-07-23,387.78,391.8,385.64,388.02,,,,
2020-07-24,386.84,388.65,384.54,386.76,,,,
2020-07-27,389.07,393.8,387.89,392.23,,,,
2020-07-28,391.93,391.93,383.39,383.66,,,,
2020-07-29,384.79,388.06,384.39,386.94,,,,
2020-07-30,381.49,382.17,376.16,379.34,,,,
2020-07-31,380.55,380.58,374.93,379.77,,,,
2020-08-03,381.6,381.6,377.34,377.34,,,,
2020-08-04,376.34,383.72,375.17,382.36,,,,
2020-08-05,386.18,392.51,386.13,388.22,,,,
2020-08-06,387.97,388.96,385.4,386.57,,,,
2020-08-07,384.32,388.21,383.01,388.01,,,,
2020-08-10,388.16,391.91,388.06,391.86,,,,
2020-08-11,394.77,397.78,390.46,391.16,,,,
2020-08-12,395.2,396.44,392.77,393.64,,,,
2020-08-13,391.28,394.97,391.18,393.35,,,,
2020-08-14,392.27,395.43,391.21,393.93,,,,
2020-08-17,396.52,398.48,393.94,395.41,,,,
2020-08-18,396.94,397.48,393.56,393.98,,,,
2020-08-19,395.23,396.23,391.67,392.72,,,,
2020-08-20,389.14,391.45,388.6,391.06,,,,
2020-08-21,388.48,389.6,386.92,388.97,,,,
2020-08-24,393.62,395.81,392.66,395.67,,,,
2020-08-25,397.22,398.51,392.65,394.39,,,,
2020-08-26,393.72,399.15,392.82,398.23,,,,
2020-08-27,399.96,400.4,396.3,397.28,,,,
2020-08-28,397.89,401.95,397.11,401.66,,,,
2020-08-31,401.01,401.7,395.61,395.69,,,,
2020-09-01,395.16,406.58,393.82,406.58,,,,
2020-09-02,406.23,416.14,405.22,415.86,,,,
2020-09-03,414.2,414.56,399.74,404.32,,,,
2020-09-04,406.28,408.32,398.25,404.85,,,,
2020-09-08,400.07,400.45,393.73,396.46,,,,
2020-09-09,400.83,409.37,400.72,406.7,,,,
2020-09-10,408.2,410.22,402.25,402.88,,,,
2020-09-11,405.6,410.02,404.27,408.16,,,,
2020-09-14,410.58,414.96,409.85,413.76,,,,
2020-09-15,415.96,418.51,415.68,415.72,,,,
2020-09-16,415.95,420.79,415.03,416.01,,,,
2020-09-17,412.12,419.89,409.45,419.18,,,,
2020-09-18,418.2,419.67,411.52,411.95,,,,
2020-09-21,404.49,404.49,393.5,397.92,,,,
2020-09-22,398.41,399.53,395.41,398.76,,,,
2020-09-23,397.32,398.13,386.7,387.07,,,,
2020-09-24,386.57,393.59,383.66,389.79,,,,
2020-09-25,387,394.22,384.61,392.92,,,,
2020-09-28,397.49,402.77,397.14,399.24,,,,
2020-09-29,399.33,400.76,395.3,396.35,,,,
2020-09-30,397.4,403.4,397.13,400.01,,,,
2020-10-01,401.5,403.98,393.24,394.46,,,,
2020-10-02,389.6,400.81,389.6,397.67,,,,
2020-10-05,400.93,408.22,400.7,405.32,,,,
2020-10-06,407.16,410.84,399.79,400.21,,,,
2020-10-07,404.61,411.64,404.61,410.68,,,,
2020-10-08,413.07,416.29,412.78,415.01,,,,
2020-10-09,418.04,419.82,415.51,418.02,,,,
2020-10-12,419.98,420.95,417.15,417.39,,,,
2020-10-13,415.37,416.64,412.16,413.48,,,,
2020-10-14,414.09,417.48,413.41,414.92,,,,
2020-10-15,410.98,414.1,408.34,413.8,,,,
2020-10-16,415.55,418.44,415.03,416.43,,,,
2020-10-19,417.52,419.34,410.62,411.46,,,,
2020-10-20,413.71,417.05,411.71,412.62,,,,
2020-10-21,412.31,417.38,411.16,411.24,,,,
2020-10-22,410.38,413.8,406.81,413.14,,,,
2020-10-23,416.51,417.73,412.88,414.64,,,,
2020-10-26,410.23,410.23,401.35,404.43,,,,
2020-10-27,403.96,405.19,400.34,400.48,,,,
2020-10-28,392.55,394.46,387.85,388.98,,,,
2020-10-29,388.15,400.37,386.98,397.45,,,,
2020-10-30,395.81,398.75,390.93,396.87,,,,
2020-11-02,402.3,411.64,401.71,410.34,,,,
2020-11-03,414.47,418.79,412.52,416.71,,,,
2020-11-04,415.97,417.4,406.13,409.83,,,,
2020-11-05,414.01,429.39,414.01,426.44,,,,
2020-11-06,428.58,431.12,425.75,427.15,,,,
2020-11-09,438.71,454.39,436.48,436.75,,,,
2020-11-10,438.32,443.11,438.32,441.71,,,,
2020-11-11,442.7,442.7,432.47,435.67,,,,
2020-11-12,433.08,433.49,423.51,426.23,,,,
2020-11-13,428.7,434.59,428.7,433.23,,,,
2020-11-16,437.99,442.3,436.73,441.89,,,,
2020-11-17,438.65,441.18,434.75,440.16,,,,
2020-11-18,441.28,443.01,436.53,436.56,,,,
2020-11-19,434.89,438.98,431.66,438.42,,,,
2020-11-20,438.21,440.02,436.08,437.84,,,,
2020-11-23,440.44,444.16,439.64,441.62,,,,
2020-11-24,443.93,454.02,443.93,452.65,,,,
2020-11-25,451.49,451.49,447.09,447.76,,,,
2020-11-27,449.55,451.13,447.57,449.53,,,,
2020-11-30,449.36,449.36,442.74,445.41,,,,
2020-12-01,452.15,453.3,447.73,449.96,,,,
2020-12-02,448.06,449.73,443.02,443.76,,,,
2020-12-03,444.43,446.36,439.77,440.76,,,,
2020-12-04,441.98,449.72,441.92,449.7,,,,
2020-12-07,449.95,450.77,445.19,446.55,,,,
2020-12-08,444.64,450.33,444.36,449.31,,,,
2020-12-09,450.86,452.08,445.39,449.72,,,,
2020-12-10,447.37,450.38,445.19,446.52,,,,
2020-12-11,443.2,446.06,440.86,444.19,,,,
2020-12-14,447.11,448.24,438.27,438.27,,,,
2020-12-15,442.49,447.47,441.48,446.53,,,,
2020-12-16,447.61,448.08,443.37,445.16,,,,
2020-12-17,448.96,450.77,447.93,450.4,,,,
2020-12-18,451.78,453.68,447.25,452.71,,,,
2020-12-21,445.36,451.23,441.19,450.07,,,,
2020-12-22,450.17,450.64,446.93,447.53,,,,
2020-12-23,449.8,452.69,447.86,447.88,,,,
2020-12-24,448.16,450.72,446.71,450.45,,,,
2020-12-28,454.92,455.47,448.83,448.83,,,,
2020-12-29,451.59,452.51,445.78,447.88,,,,
2020-12-30,449.58,454.99,449.52,453.88,,,,
2020-12-31,454.1,456.39,451.14,455.71,,,,
2021-01-04,460.1,461.72,448.79,451.04,,,,
2021-01-05,451.33,462.56,451.33,461.42,,,,
2021-01-06,465.82,483.56,465.82,480.27,,,,
2021-01-07,482.98,487.03,482.25,484.04,,,,
2021-01-08,484.11,485.37,475.89,481.58,,,,
2021-01-11,474.15,483.46,472.36,481.6,,,,
2021-01-12,481.12,489.58,479.77,488.08,,,,
2021-01-13,486.99,488.42,480.94,482.91,,,,
2021-01-14,483.96,484.73,480.57,481.07,,,,
2021-01-15,476.95,476.95,469.35,474.04,,,,
2021-01-19,478.06,479.17,473.98,475.92,,,,
2021-01-20,477.96,478.89,475.51,477.61,,,,
2021-01-21,476.82,477.77,470.43,470.43,,,,
2021-01-22,465.56,470.04,465.02,468.43,,,,
2021-01-25,466.86,467.74,457.7,465.88,,,,
2021-01-26,468.09,469.9,459.25,459.38,,,,
2021-01-27,454.55,454.55,440.58,445.62,,,,
2021-01-28,448.95,456.06,448.95,453.71,,,,
2021-01-29,452.2,453.76,442.34,444.85,,,,
2021-02-01,446.49,450.63,442.69,450.01,,,,
2021-02-02,451.58,457.8,450.66,455.9,,,,
2021-02-03,456.79,459.36,455.12,456.79,,,,
2021-02-04,455.56,456.66,450.66,454.33,,,,
2021-02-05,457.14,462.63,457.14,462.08,,,,
2021-02-08,466.26,467.27,464.64,465.83,,,,
2021-02-09,465.97,466.34,461.29,462.6,,,,
2021-02-10,465.24,465.71,459.07,461.69,,,,
2021-02-11,463.14,464.85,458.5,462.35,,,,
2021-02-12,461.23,467.23,460.86,467.06,,,,
2021-02-16,468.66,470.46,465.63,466.19,,,,
2021-02-17,464.11,466.35,459.65,465.57,,,,
2021-02-18,463.46,464.72,460.49,462.67,,,,
2021-02-19,465.46,473.09,465.32,471.21,,,,
2021-02-22,469.79,474.81,469.25,472.99,,,,
2021-02-23,472.17,475.76,464.49,474.52,,,,
2021-02-24,474.51,480.63,473.07,478.86,,,,
2021-02-25,477.58,478.2,465.56,467.4,,,,
2021-02-26,465.38,467.18,458.37,461.11,,,,
2021-03-01,466.89,475.27,466.89,472.82,,,,
2021-03-02,474.18,479.72,473.9,475.55,,,,
2021-03-03,473.65,476.81,470.52,470.58,,,,
2021-03-04,469.07,471.57,453.12,460.88,,,,
2021-03-05,465.2,472.98,455.88,471.73,,,,
2021-03-08,472.72,484.91,472.36,477.82,,,,
2021-03-09,478.96,484.63,477.61,480.94,,,,
2021-03-10,483.08,492.5,482.82,488.82,,,,
2021-03-11,493.06,495.34,491.12,491.51,,,,
2021-03-12,491.42,492.76,489.93,492.42,,,,
2021-03-15,491,493.32,487.28,493.2,,,,
2021-03-16,492.72,493.12,486.41,488.89,,,,
2021-03-17,488.46,494.51,487.44,493.31,,,,
2021-03-18,492.39,497.89,489.79,490.66,,,,
2021-03-19,489.94,491.47,482.74,488.32,,,,
2021-03-22,487.07,490.45,484.54,488.52,,,,
2021-03-23,485.27,486.59,476.68,478.26,,,,
2021-03-24,480.37,488.41,480.37,481.58,,,,
2021-03-25,480.88,489.4,477.01,488.37,,,,
2021-03-26,491.88,500.94,491.53,500.55,,,,
2021-03-29,499.22,503.56,496.22,498.88,,,,
2021-03-30,498.68,499.92,496.13,497.17,,,,
2021-03-31,497.02,499.45,493.65,494.71,,,,
2021-04-01,495.63,499.57,492.76,499.3,,,,
2021-04-05,503.27,507.16,502.09,505.4,,,,
2021-04-06,504.89,508.19,504.3,506.58,,,,
2021-04-07,505.97,506.44,496.74,497.72,,,,
2021-04-08,497.87,499.37,494.38,498.5,,,,
2021-04-09,499.95,502.74,498.09,502.64,,,,
2021-04-12,502.73,504.93,502.35,504.22,,,,
2021-04-13,503.68,504.81,501.09,503.27,,,,
2021-04-14,503.62,508.83,503.56,506.52,,,,
2021-04-15,510.05,513.84,507.46,512.9,,,,
2021-04-16,518.84,520.51,517.06,518.94,,,,
2021-04-19,519.58,520.02,513.9,516.66,,,,
2021-04-20,515.53,516.87,510.01,511.82,,,,
2021-04-21,511.82,521.73,511.61,521.37,,,,
2021-04-22,520.08,520.08,511.69,512.26,,,,
2021-04-23,514.21,522.28,512.96,520.87,,,,
2021-04-26,522.64,526.63,521.9,523.48,,,,
2021-04-27,520.62,523.8,519.23,522.32,,,,
2021-04-28,522.42,525.79,521.71,523.43,,,,
2021-04-29,525.85,527.12,521.36,526.67,,,,
2021-04-30,524.61,526.85,520.11,521.05,,,,
2021-05-03,525.26,532.21,525.17,529,,,,
2021-05-04,525.64,534.62,525.64,534.51,,,,
2021-05-05,537.38,542.42,534.55,541.56,,,,
2021-05-06,543.58,546.64,537.35,546.51,,,,
2021-05-07,545.87,552.63,544.11,551.57,,,,
2021-05-10,557.28,560.11,549.29,549.32,,,,
2021-05-11,544.31,551.79,541.85,551.24,,,,
2021-05-12,548.77,550.06,536.75,537.24,,,,
2021-05-13,537.81,547.02,536.79,545.45,,,,
2021-05-14,547.45,553.37,547.22,551.92,,,,
2021-05-17,552.35,557.93,549.73,556.9,,,,
2021-05-18,557.04,557.9,550.7,550.84,,,,
2021-05-19,543.75,544.93,536.74,542.35,,,,
2021-05-20,542.8,545.22,540.8,542.62,,,,
2021-05-21,544.2,549.68,543.73,544.06,,,,
2021-05-24,547.82,550.85,545.02,548.61,,,,
2021-05-25,549.59,550.86,543.45,543.8,,,,
2021-05-26,543.77,545.73,540.61,544.1,,,,
2021-05-27,546.86,550.49,546.69,548.15,,,,
2021-05-28,549.35,549.96,545.47,547.32,,,,
2021-06-01,552.9,556.1,551.41,554.93,,,,
2021-06-02,555.51,555.51,549.25,549.71,,,,
2021-06-03,545.93,549.81,543.06,549.61,,,,
2021-06-04,551.87,552.64,548.52,550.61,,,,
2021-06-07,550.4,550.54,541.59,543.86,,,,
2021-06-08,544.13,547,540.22,544.71,,,,
2021-06-09,543.87,545.33,540.49,540.58,,,,
2021-06-10,544.33,545.36,537.48,537.55,,,,
2021-06-11,540.27,543.05,536.55,539.48,,,,
2021-06-14,538.14,538.77,529.91,532.59,,,,
2021-06-15,533.19,533.59,527.72,531.55,,,,
2021-06-16,532.16,532.16,524.38,525.35,,,,
2021-06-17,524.29,524.29,507.51,513.77,,,,
2021-06-18,509.28,510.36,505.43,505.45,,,,
2021-06-21,510.25,516.44,510.25,515.91,,,,
2021-06-22,518.19,520.04,514.38,517.68,,,,
2021-06-23,519.21,520.47,514.4,514.49,,,,
2021-06-24,518.2,518.96,514.38,515.89,,,,
2021-06-25,517.57,520.88,515.74,516.09,,,,
2021-06-28,517.68,518.21,512.18,515.97,,,,
2021-06-29,518.53,520.9,514.62,515.77,,,,
2021-06-30,514.3,517.64,514.11,517.02,,,,
2021-07-01,521.11,521.78,517.4,519.88,,,,
2021-07-02,520.32,521.16,517.3,520.31,,,,
2021-07-06,520.39,520.39,509.29,512.84,,,,
2021-07-07,512.48,518.55,511.74,518.05,,,,
2021-07-08,514.8,514.8,506.76,511.02,,,,
2021-07-09,516.76,522.43,516.76,521.27,,,,
2021-07-12,518.87,524.42,516.34,522.63,,,,
2021-07-13,522.51,523.11,516.45,517.69,,,,
2021-07-14,519.05,522.67,515.48,516.7,,,,
2021-07-15,514.77,520.32,514.62,516.91,,,,
2021-07-16,517.45,517.96,508.27,509.02,,,,
2021-07-19,501.33,501.33,494.03,497.94,,,,
2021-07-20,498.14,507.43,495.65,503.94,,,,
2021-07-21,506.71,510.87,506.71,509.44,,,,
2021-07-22,510.34,511.05,505.53,509.6,,,,
2021-07-23,511.61,513.59,507.51,513.07,,,,
2021-07-26,513.99,517.85,513.46,517.57,,,,
2021-07-27,514.07,520.49,509.54,518.29,,,,
2021-07-28,518.38,521.5,514.79,519.61,,,,
2021-07-29,523.81,527.21,522.14,525.23,,,,
2021-07-30,525.27,530.63,524.75,527.35,,,,
2021-08-02,529.55,533.17,521.08,521.16,,,,
2021-08-03,521.91,526.55,517.32,526.43,,,,
2021-08-04,524.16,527,521.19,521.24,,,,
2021-08-05,523.83,527.29,520.16,520.53,,,,
2021-08-06,523.22,528.85,523.22,528.18,,,,
2021-08-09,527.41,528.69,523.39,527.54,,,,
2021-08-10,527.12,537.43,527.12,535.35,,,,
2021-08-11,539.48,543.38,537.31,542.96,,,,
2021-08-12,542.87,543.04,537.2,541.94,,,,
2021-08-13,542.54,543.44,541.37,542.35,,,,
2021-08-16,539.95,540.29,534.03,539.69,,,,
2021-08-17,536.91,537.1,527.28,533.18,,,,
2021-08-18,532.51,534.78,526.89,527.14,,,,
2021-08-19,521.82,524.56,519.69,522.22,,,,
2021-08-20,522.31,526.55,522.26,525.54,,,,
2021-08-23,528.29,531.42,527.35,529.99,,,,
2021-08-24,533.06,534.84,531.82,533.53,,,,
2021-08-25,532.37,537.53,530.05,535.77,,,,
2021-08-26,535.36,536.31,531.87,532.11,,,,
2021-08-27,534.5,540.58,534.46,539.17,,,,
2021-08-30,541.17,541.85,538.2,538.21,,,,
2021-08-31,537.74,537.74,534,536.52,,,,
2021-09-01,536,537.23,530.52,535.04,,,,
2021-09-02,536.26,539.28,536.14,538.23,,,,
2021-09-03,537.89,538.99,534.47,534.5,,,,
2021-09-07,533.61,533.61,530.33,531.03,,,,
2021-09-08,530.25,530.25,524,525.59,,,,
2021-09-09,524.5,529.44,524.5,525.94,,,,
2021-09-10,528.68,532.11,525.39,525.68,,,,
2021-09-13,529.82,531.76,522.3,525.6,,,,
2021-09-14,527.68,527.68,518.63,519.46,,,,
2021-09-15,520.73,525.86,520.21,525.15,,,,
2021-09-16,522.89,522.89,515.82,519.41,,,,
2021-09-17,516.08,517.27,507.23,508.73,,,,
2021-09-20,499.62,501.15,492.4,498.86,,,,
2021-09-21,501.86,502.56,495.7,497.97,,,,
2021-09-22,501.82,507.84,501.82,502.98,,,,
2021-09-23,506.22,513.35,506.22,509.99,,,,
2021-09-24,508.19,511.88,507.1,509.22,,,,
2021-09-27,510.63,515.97,510.63,513.2,,,,
2021-09-28,511.48,512.52,505.32,506.63,,,,
2021-09-29,506.08,507.57,504.11,504.66,,,,
2021-09-30,505.7,507.98,496.59,496.64,,,,
2021-10-01,498.63,507.25,495.3,504.57,,,,
2021-10-04,505.02,508.45,498.9,502.29,,,,
2021-10-05,503.19,509.61,500.51,507,,,,
2021-10-06,503.66,505.8,496.43,505.66,,,,
2021-10-07,508.72,517.98,508.72,512.47,,,,
2021-10-08,513.51,514.99,508.84,509.59,,,,
2021-10-11,511.23,517.1,509.69,509.73,,,,
2021-10-12,509.96,512.79,508.7,510.46,,,,
2021-10-13,512.88,516.22,508.24,514.3,,,,
2021-10-14,519.26,527.38,517.97,526.79,,,,
2021-10-15,529.49,530.91,527.11,528.15,,,,
2021-10-18,525.92,528.84,523.06,527.92,,,,
2021-10-19,530.22,530.59,526.36,530.52,,,,
2021-10-20,531.44,535.47,529.93,534.85,,,,
2021-10-21,533.33,533.72,528.22,533.61,,,,
2021-10-22,535.27,538.14,532.63,532.71,,,,
2021-10-25,535.33,540.16,532.92,537.48,,,,
2021-10-26,538.8,541.54,534.56,539.44,,,,
2021-10-27,538.42,538.75,531.37,531.7,,,,
2021-10-28,531.42,537.96,531.42,537.11,,,,
2021-10-29,535.3,538.71,532.45,534.41,,,,
2021-11-01,535.44,538.77,533.91,535.62,,,,
2021-11-02,537.05,542.73,536.13,541.51,,,,
2021-11-03,542.11,549.63,541.26,547.49,,,,
2021-11-04,547.61,549.32,544.79,546.9,,,,
2021-11-05,548.29,552.82,548.08,551.47,,,,
2021-11-08,556.32,559.99,556.32,558.26,,,,
2021-11-09,558.32,560.68,556.32,560.63,,,,
2021-11-10,559.98,562.65,555.77,556.63,,,,
2021-11-11,558.01,563.62,558.01,561.36,,,,
2021-11-12,562.31,565.63,561.61,565.33,,,,
2021-11-15,564.97,565.28,560.94,562.75,,,,
2021-11-16,563.12,564.62,560.79,560.94,,,,
2021-11-17,560.69,561.8,557.07,557.38,,,,
2021-11-18,557.91,558.75,553.95,554.93,,,,
2021-11-19,554.05,557.34,552.41,554.03,,,,
2021-11-22,554.28,560.83,554.18,554.88,,,,
2021-11-23,554.81,559.31,552.68,555.37,,,,
2021-11-24,552.21,553.48,550.38,551.25,,,,
2021-11-26,543.93,544.36,536.29,541.52,,,,
2021-11-29,545.3,546.8,540.46,544.19,,,,
2021-11-30,541.54,542.49,529.47,530.68,,,,
2021-12-01,536.45,543.48,524.83,524.88,,,,
2021-12-02,526.14,537.53,525.81,535.25,,,,
2021-12-03,536.69,542.15,529.55,534.01,,,,
2021-12-06,539.77,546.21,538,541.9,,,,
2021-12-07,545.21,553.76,545.21,550.09,,,,
2021-12-08,551.13,553.58,549.36,552.3,,,,
2021-12-09,548.69,551.96,547.11,549.25,,,,
2021-12-10,552.52,554.73,549.06,552.89,,,,
2021-12-13,552.68,553.62,547.63,549.16,,,,
2021-12-14,548.47,553.23,547.27,548.54,,,,
2021-12-15,547.87,550.52,540.6,550.08,,,,
2021-12-16,553.07,559.03,553.07,555.81,,,,
2021-12-17,554.95,555.04,548.25,548.5,,,,
2021-12-20,542.74,542.74,531.91,538.5,,,,
2021-12-21,541.75,547.6,541.75,545.54,,,,
2021-12-22,545.1,550.2,544.41,549.75,,,,
2021-12-23,550.64,557.13,550.25,555.32,,,,
2021-12-27,557.22,563.7,556.48,563.5,,,,
2021-12-28,563.82,567.48,563.52,566.63,,,,
2021-12-29,566.3,570.21,565.98,569.06,,,,
2021-12-30,569.49,572.53,566.67,566.98,,,,
2021-12-31,566,570.95,565.95,569.63,,,,
2022-01-03,569.8,570.44,560.89,561.82,,,,
2022-01-04,563.33,571.1,563.33,569.15,,,,
2022-01-05,571.33,580.07,568.68,568.69,,,,
2022-01-06,569.24,569.44,561,561.66,,,,
2022-01-07,562.73,563.18,558.76,561.17,,,,
2022-01-10,558.54,559.23,550.22,555.6,,,,
2022-01-11,556.23,561.82,551.75,561.78,,,,
2022-01-12,566.11,568.29,561.84,567.13,,,,
2022-01-13,566.45,569.23,561.43,562.56,,,,
2022-01-14,557.81,558.99,551.38,557.86,,,,
2022-01-18,554.05,554.05,546.42,550.49,,,,
2022-01-19,553.62,556.03,549.02,549.33,,,,
2022-01-20,550.92,554.7,540.76,541.46,,,,
2022-01-21,540.12,540.12,526.41,527.96,,,,
2022-01-24,522.13,529.71,508.53,528.09,,,,
2022-01-25,522.41,528.05,511.76,523.56,,,,
2022-01-26,526.42,532.03,513.2,518.23,,,,
2022-01-27,521.79,530.63,515.14,520.1,,,,
2022-01-28,518.69,523.06,510.48,523.05,,,,
2022-01-31,520.14,531,519.68,530.58,,,,
2022-02-01,532.95,540.12,530.62,539.44,,,,
2022-02-02,539.02,542.82,535.93,540.7,,,,
2022-02-03,537.85,539.67,530.32,531.11,,,,
2022-02-04,529.7,529.7,519.43,521.99,,,,
2022-02-07,522.62,524.7,518.19,519.77,,,,
2022-02-08,520.65,528.7,520.65,527.92,,,,
2022-02-09,532.72,540.06,532.72,539.16,,,,
2022-02-10,537.97,548.06,533.55,536.11,,,,
2022-02-11,532.76,538.19,526.18,527.95,,,,
2022-02-14,527.91,528.42,519.65,523.38,,,,
2022-02-15,526.57,533.87,526.06,533.25,,,,
2022-02-16,532.78,537.99,531.69,536.7,,,,
2022-02-17,534.28,534.28,525.92,527.59,,,,
2022-02-18,528.13,531.43,523.83,526.6,,,,
2022-02-22,523.37,526.16,515.08,519.32,,,,
2022-02-23,521.83,524.24,511.81,512.49,,,,
2022-02-24,502.96,512.32,498.48,510.93,,,,
2022-02-25,512.14,529.35,512.14,529.22,,,,
2022-02-28,521.94,526.56,518.05,523,,,,
2022-03-01,523.21,525.47,507.84,510.9,,,,
2022-03-02,511.92,524.93,511.92,522.34,,,,
2022-03-03,525.56,528.39,517.53,522.95,,,,
2022-03-04,516.71,520.97,512.23,520.74,,,,
2022-03-07,520.35,520.35,502.79,502.88,,,,
2022-03-08,504.08,510.58,497.1,500.36,,,,
2022-03-09,507.03,518.42,505.45,515.42,,,,
2022-03-10,509.3,517.05,509.3,516.35,,,,
2022-03-11,517.17,521.53,512.28,512.53,,,,
2022-03-14,515.35,518.97,509.18,511.85,,,,
2022-03-15,512.37,518.47,508.57,517.48,,,,
2022-03-16,520.03,530.48,515.19,525.68,,,,
2022-03-17,524.58,535.91,524.06,535.91,,,,
2022-03-18,533.67,539.88,531.92,539.1,,,,
2022-03-21,540.59,545.8,540.09,543.7,,,,
2022-03-22,547.65,549.97,544.57,546.51,,,,
2022-03-23,544.47,547.68,543.35,544.38,,,,
2022-03-24,546.82,555.08,546.82,555.07,,,,
2022-03-25,555.29,561.36,555.24,561.19,,,,
2022-03-28,559.17,559.17,553.17,558.61,,,,
2022-03-29,561.91,563.06,554.95,562.9,,,,
2022-03-30,561.92,564.18,558.61,561.02,,,,
2022-03-31,559.24,562.91,553.42,553.45,,,,
2022-04-01,555.39,561.39,553.59,559.73,,,,
2022-04-04,560.72,560.72,554.82,559.49,,,,
2022-04-05,558.8,563.08,553.66,555.07,,,,
2022-04-06,551.28,551.5,543.98,548.87,,,,
2022-04-07,549.41,554.6,545.66,552.33,,,,
2022-04-08,554.43,559.29,552.65,555.39,,,,
2022-04-11,554.82,558.88,552.29,552.87,,,,
2022-04-12,554.52,560.26,550.91,553.05,,,,
2022-04-13,553.34,561.25,551.97,561.14,,,,
2022-04-14,561.45,566.02,559.04,559.23,,,,
2022-04-18,558.52,563.02,558.01,559.69,,,,
2022-04-19,558.45,566.2,557.2,564.89,,,,
2022-04-20,565.98,570.64,564.84,568.78,,,,
2022-04-21,572.31,574.68,557.83,559.25,,,,
2022-04-22,554.88,554.88,537.55,538.4,,,,
2022-04-25,535.03,538.1,522.22,536.83,,,,
2022-04-26,536.06,542.24,528.49,528.52,,,,
2022-04-27,532.7,542.44,531.81,536.34,,,,
2022-04-28,538.37,546.73,530.06,544.71,,,,
2022-04-29,544.82,551.12,532.73,533.97,,,,
2022-05-02,534.85,536.72,522.13,532.21,,,,
2022-05-03,532.88,541.23,532.03,538.18,,,,
2022-05-04,541.44,556.02,537,555.64,,,,
2022-05-05,552.66,553.88,532.77,538.35,,,,
2022-05-06,534.09,534.4,522.32,531,,,,
2022-05-09,522.99,525.46,512.61,513.8,,,,
2022-05-10,518.37,523.98,504.84,510.79,,,,
2022-05-11,510.99,524.56,510.14,510.94,,,,
2022-05-12,505.71,515,500.77,509.98,,,,
2022-05-13,513.53,522.87,513.53,517.8,,,,
2022-05-16,516.31,520.86,511.01,516.83,,,,
2022-05-17,525.31,532.26,523.17,531.63,,,,
2022-05-18,526.77,527.55,512.79,514.75,,,,
2022-05-19,512.02,524.36,511.97,518.27,,,,
2022-05-20,522.37,525.39,506.03,517.15,,,,
2022-05-23,521.18,527.84,520.33,526.7,,,,
2022-05-24,525.8,526.1,514.69,523.51,,,,
2022-05-25,521.25,528.04,520.08,525.95,,,,
2022-05-26,528.33,538.01,528.33,535.52,,,,
2022-05-27,539.45,547.81,538.82,547.81,,,,
2022-05-31,543.7,545.03,537.49,539.06,,,,
2022-06-01,539.11,541.43,528.46,533.52,,,,
2022-06-02,538.34,547.92,537.78,547.83,,,,
2022-06-03,543.32,546.73,540.71,542.46,,,,
2022-06-06,546.09,549.73,544.83,547.73,,,,
2022-06-07,543.56,552.14,541.58,551.69,,,,
2022-06-08,547.07,550.45,538.99,540.1,,,,
2022-06-09,535.87,537.67,527.15,527.19,,,,
2022-06-10,518.65,518.65,510.51,511.12,,,,
2022-06-13,499.51,499.51,488.29,491.07,,,,
2022-06-14,491,493.72,483.34,486.95,,,,
2022-06-15,492.24,494.11,478.41,487.09,,,,
2022-06-16,476.46,476.46,465.48,469.3,,,,
2022-06-17,467.97,471.96,460.53,468.8,,,,
2022-06-21,472.45,477.78,472.16,475.67,,,,
2022-06-22,468.71,474.07,464.46,469.51,,,,
2022-06-23,468.45,470.03,458.37,462.93,,,,
2022-06-24,465.79,481.43,465.57,481.35,,,,
2022-06-27,480.41,481.7,476.01,477.47,,,,
2022-06-28,479.92,484.6,471.59,472.37,,,,
2022-06-29,472.59,473.73,463.99,468.91,,,,
2022-06-30,462.74,467.23,456.75,463.16,,,,
2022-07-01,460.33,466.9,454.36,466.26,,,,
2022-07-05,456.74,456.98,447.5,456.93,,,,
2022-07-06,456.49,461.15,451.62,459.75,,,,
2022-07-07,462.93,468.54,462.66,463.99,,,,
2022-07-08,464.75,465.24,457.12,459.36,,,,
2022-07-11,454.29,460.19,454.02,458.13,,,,
2022-07-12,456.89,463.26,455.71,457.16,,,,
2022-07-13,450.61,457.18,447.71,454.65,,,,
2022-07-14,448.41,448.41,440.32,446.06,,,,
2022-07-15,452.84,454.7,447.82,453.29,,,,
2022-07-18,458.76,461.12,452.69,454.3,,,,
2022-07-19,459.51,469.08,458.85,468.41,,,,
2022-07-20,467.65,470.89,465.54,468.95,,,,
2022-07-21,468.74,475.6,466.06,475.53,,,,
2022-07-22,478.75,480.98,470,472.06,,,,
2022-07-25,472.78,474.63,470.27,474.09,,,,
2022-07-26,471.4,473.56,468.97,470.97,,,,
2022-07-27,471.49,478.41,465.32,476.87,,,,
2022-07-28,477.86,485.32,477.82,484.91,,,,
2022-07-29,487.39,492.68,486.51,491.31,,,,
2022-08-01,488.38,489.33,483.86,487.31,,,,
2022-08-02,485.39,489.15,479.8,482.39,,,,
2022-08-03,484.84,484.93,478.91,483.01,,,,
2022-08-04,483.57,487.35,480.85,483.24,,,,
2022-08-05,479.16,486.98,478.23,484.99,,,,
2022-08-08,489.68,494.44,487.4,487.64,,,,
2022-08-09,487.88,488.59,483.63,485.17,,,,
2022-08-10,493.63,501.74,493.5,499.13,,,,
2022-08-11,503,506.79,499.92,500.51,,,,
2022-08-12,501.78,509.97,501.2,509.91,,,,
2022-08-15,504.46,510.11,503.24,509.45,,,,
2022-08-16,508.07,514.55,508.07,512.43,,,,
2022-08-17,506.54,507.82,502.67,505.27,,,,
2022-08-18,506.77,507.93,503.6,506.58,,,,
2022-08-19,503.47,503.59,495.68,497.42,,,,
2022-08-22,490.69,492.23,487.76,489.5,,,,
2022-08-23,489.46,496.8,489.46,494.28,,,,
2022-08-24,493.71,497.18,492.66,495.49,,,,
2022-08-25,497.94,506.79,497.94,506.7,,,,
2022-08-26,508.07,508.29,490.77,490.81,,,,
2022-08-29,486.79,491.49,484.36,487.44,,,,
2022-08-30,488.42,488.85,476.48,479.11,,,,
2022-08-31,479.62,479.65,473.2,473.3,,,,
2022-09-01,467.68,467.68,461.12,466.75,,,,
2022-09-02,474.2,477.36,464.34,466.33,,,,
2022-09-06,468.27,470.44,462.87,464.8,,,,
2022-09-07,463.55,478.12,462.43,477.49,,,,
2022-09-08,473.09,482.32,471.22,482.17,,,,
2022-09-09,486.79,490.55,485.69,489.37,,,,
2022-09-12,494.54,496.18,491.01,493.69,,,,
2022-09-13,484.5,486.59,475,476.21,,,,
2022-09-14,474.31,474.46,465.74,470.37,,,,
2022-09-15,469.25,473.21,463.33,464.08,,,,
2022-09-16,458.05,458.44,451.81,456.82,,,,
2022-09-19,452.48,464.89,452.21,464.26,,,,
2022-09-20,458.79,458.79,452.03,455.45,,,,
2022-09-21,457.71,459.32,445.39,445.45,,,,
2022-09-22,447.63,448.14,439.81,439.91,,,,
2022-09-23,433.49,433.51,424.65,430.9,,,,
2022-09-26,428.09,433.28,421.98,423.83,,,,
2022-09-27,428.58,431.75,421.19,424.79,,,,
2022-09-28,427.02,437.87,425.76,435.95,,,,
2022-09-29,431.45,431.46,423.15,429.27,,,,
2022-09-30,429.24,435.88,426.8,427.77,,,,
2022-10-03,433.78,445.05,432.31,442.32,,,,
2022-10-04,449.83,458.49,449.81,457.98,,,,
2022-10-05,452.48,456.64,447.97,452.98,,,,
2022-10-06,449.54,454.22,447.1,448.36,,,,
2022-10-07,444.52,444.74,434.3,436.96,,,,
2022-10-10,439.37,440.57,435.18,438.03,,,,
2022-10-11,435.43,441.61,431.54,434.81,,,,
2022-10-12,434.54,434.76,431.22,431.31,,,,
2022-10-13,424.37,445.87,420.72,443.87,,,,
2022-10-14,446.63,447.57,428.26,428.72,,,,
2022-10-17,435.12,442.42,435.12,439.62,,,,
2022-10-18,448.5,452.95,443.37,448.03,,,,
2022-10-19,445.74,448.61,440.34,442.96,,,,
2022-10-20,443.08,451.49,438.77,439.86,,,,
2022-10-21,439.85,455.55,438.82,455.08,,,,
2022-10-24,456.89,459.05,451.47,452.24,,,,
2022-10-25,452.82,463.81,452.46,463.67,,,,
2022-10-26,466.69,471.58,463.06,466.76,,,,
2022-10-27,467.32,471.08,464.84,465.53,,,,
2022-10-28,465.45,471.13,462.02,470.3,,,,
2022-10-31,468.26,471.49,465.39,466.12,,,,
2022-11-01,473.64,473.78,463.46,467.22,,,,
2022-11-02,469.25,473.01,455.02,455.2,,,,
2022-11-03,449.28,461.74,448.91,458.73,,,,
2022-11-04,467.99,477.83,466.44,474.35,,,,
2022-11-07,476.97,478.48,472.7,478.09,,,,
2022-11-08,480.47,491.24,479.79,486.12,,,,
2022-11-09,484.15,488.13,477.44,478.42,,,,
2022-11-10,496.4,505.22,495.32,504.97,,,,
2022-11-11,510.81,516.7,509.48,510.85,,,,
2022-11-14,510.21,517.03,508.82,509.79,,,,
2022-11-15,514.02,515.4,504.54,509.21,,,,
2022-11-16,508.13,509,503.49,504.22,,,,
2022-11-17,497.08,499.7,493.45,499.41,,,,
2022-11-18,503.23,503.75,498.23,502.64,,,,
2022-11-21,500.14,506.18,498.18,504.54,,,,
2022-11-22,506.62,515.98,506.56,515.8,,,,
2022-11-23,514.96,518.2,514.19,517.93,,,,
2022-11-25,517.19,517.7,515.9,517.32,,,,
2022-11-28,514.03,514.03,504.94,505.94,,,,
2022-11-29,507.39,509.97,505.97,507.45,,,,
2022-11-30,508.03,519.72,502.75,519.72,,,,
2022-12-01,522.14,522.94,515.26,519.55,,,,
2022-12-02,514.45,526.74,514.23,525.28,,,,
2022-12-05,522.04,523.26,514.25,515.03,,,,
2022-12-06,516.73,518.36,506.7,510.5,,,,
2022-12-07,509.8,513.88,507.78,509.25,,,,
2022-12-08,513.22,515.27,511.14,512.69,,,,
2022-12-09,513.47,515.52,507.6,507.77,,,,
2022-12-12,508.27,512.32,506.2,512.32,,,,
2022-12-13,524.6,528.5,515.76,519.21,,,,
2022-12-14,517.45,520.14,509.93,513.45,,,,
2022-12-15,506.69,506.86,496.65,497.94,,,,
2022-12-16,494.73,497.07,490.84,495.88,,,,
2022-12-19,495.08,497.3,486.87,489.24,,,,
2022-12-20,490.65,495.17,490.02,492.42,,,,
2022-12-21,494.35,498.62,493.74,496.54,,,,
2022-12-22,493.33,493.43,483.67,491.86,,,,
2022-12-23,491.55,495.39,489.33,495.38,,,,
2022-12-27,496.12,498.71,493.47,495.53,,,,
2022-12-28,495.76,497.26,487.65,488.12,,,,
2022-12-29,490.44,495.14,490.41,493.23,,,,
2022-12-30,489.82,491.04,485.44,489.55,,,,
2023-01-03,489.63,493.43,484.64,489.04,,,,
2023-01-04,491.96,498.84,491.37,497.55,,,,
2023-01-05,490.34,492.34,486.25,489.6,,,,
2023-01-06,494.21,507.58,494.21,506.45,,,,
2023-01-09,510.19,516.44,508.14,509.49,,,,
2023-01-10,509.61,515.08,507.07,514.7,,,,
2023-01-11,518.66,523.12,517.29,522.98,,,,
2023-01-12,524.69,526.09,518.81,524.63,,,,
2023-01-13,522.11,528.92,521.66,528.16,,,,
2023-01-17,527.87,529.73,522.17,522.5,,,,
2023-01-18,526.62,528.09,515.11,515.28,,,,
2023-01-19,513.35,513.39,507.25,511.31,,,,
2023-01-20,513.45,521.96,510.18,521.77,,,,
2023-01-23,520.28,525.46,518.32,523.43,,,,
2023-01-24,523.62,524.34,516.12,523.64,,,,
2023-01-25,519.3,524.84,516.2,524.7,,,,
2023-01-26,521.73,527.34,518.81,527.24,,,,
2023-01-27,524.99,529.05,523.1,525.46,,,,
2023-01-30,523.05,528.56,521.29,521.79,,,,
2023-01-31,523.27,533.45,522.61,533.4,,,,
2023-02-01,531.81,541.1,527.03,536.88,,,,
2023-02-02,534.85,536.74,527.45,535.36,,,,
2023-02-03,529.37,533.44,524.87,525.63,,,,
2023-02-06,522.17,523.09,517.05,519.96,,,,
2023-02-07,518.45,527.98,518.35,526.71,,,,
2023-02-08,524.93,529.02,522.16,522.45,,,,
2023-02-09,526.48,528.78,512.71,515.1,,,,
2023-02-10,513.58,517.55,510.82,516.93,,,,
2023-02-13,517.23,520.53,514.64,519.56,,,,
2023-02-14,517.33,522.05,514.81,520.68,,,,
2023-02-15,516.66,523,515.72,522.99,,,,
2023-02-16,517.93,522.84,514.32,516.98,,,,
2023-02-17,514.36,514.36,509.26,512,,,,
2023-02-21,510.44,511.03,502.85,503.68,,,,
2023-02-22,505.09,509.59,503.32,507.08,,,,
2023-02-23,508.74,511.26,500.5,508.01,,,,
2023-02-24,499.23,511.89,496.84,511.33,,,,
2023-02-27,514.33,517.35,512.11,512.51,,,,
2023-02-28,511.98,517.92,511.3,514.81,,,,
2023-03-01,516.72,523.61,516.27,518.32,,,,
2023-03-02,516.28,525.74,514.94,524.56,,,,
2023-03-03,526.76,532.11,523.86,531.9,,,,
2023-03-06,528.98,529.84,522.36,523.14,,,,
2023-03-07,521.53,521.53,511.15,512.73,,,,
2023-03-08,512.67,516.39,511.24,515.12,,,,
2023-03-09,515.16,517.19,500.49,502.05,,,,
2023-03-10,502.45,502.45,488.66,491.26,,,,
2023-03-13,486.15,492.02,482.48,485.89,,,,
2023-03-14,493.35,497.73,486.71,491.94,,,,
2023-03-15,480.62,481.17,469.45,475.82,,,,
2023-03-16,471.92,482.07,470.18,481.41,,,,
2023-03-17,480.19,480.19,473.18,474,,,,
2023-03-20,478.28,483.94,478.28,483.52,,,,
2023-03-21,489.11,491.07,486.38,489.45,,,,
2023-03-22,489.12,492.33,480.79,480.84,,,,
2023-03-23,482.79,489.87,476.56,480.17,,,,
2023-03-24,477.14,485.18,473.18,484.05,,,,
2023-03-27,487.46,491.08,484.28,487.64,,,,
2023-03-28,488.3,490.82,487.23,490.07,,,,
2023-03-29,495.23,497.14,494.66,496.86,,,,
2023-03-30,501.15,501.84,498.24,500.05,,,,
2023-03-31,501,508.18,500.99,507.92,,,,
2023-04-03,509.04,512.37,507.45,511.23,,,,
2023-04-04,509.73,510.09,501.84,503.73,,,,
2023-04-05,499.92,503.21,498.15,502.61,,,,
2023-04-06,500.21,501.88,497.72,501.51,,,,
2023-04-10,499.75,504.72,499.01,503.98,,,,
2023-04-11,505.96,510.47,505.82,507.65,,,,
2023-04-12,510.92,512.46,507.34,508,,,,
2023-04-13,508.9,514.9,507.41,513.11,,,,
2023-04-14,512.54,515.54,507.06,509.65,,,,
2023-04-17,510.16,512.64,508.43,512.64,,,,
2023-04-18,514.43,516.27,512.26,514.68,,,,
2023-04-19,512.39,513.66,510.11,513.07,,,,
2023-04-20,510.61,514.23,509.49,512.69,,,,
2023-04-21,510.22,511.28,505.42,508.05,,,,
2023-04-24,509.15,511.65,508.49,511.57,,,,
2023-04-25,506.97,507.34,500.27,500.58,,,,
2023-04-26,499.4,500.1,492.97,494.68,,,,
2023-04-27,496.12,501.45,493.21,501.4,,,,
2023-04-28,500.77,507.99,500.09,507.06,,,,
2023-05-01,508.4,510.2,506,506.87,,,,
2023-05-02,503.81,504.13,494.22,502.06,,,,
2023-05-03,503.49,504.92,496.3,496.5,,,,
2023-05-04,496.97,500.49,492.18,493.32,,,,
2023-05-05,497.98,503.23,497.88,501.5,,,,
2023-05-08,503.57,505.07,499.19,500.01,,,,
2023-05-09,497.77,497.96,493.35,495.34,,,,
2023-05-10,499.17,501.15,490.22,495.59,,,,
2023-05-11,491.74,492.37,488.49,490.69,,,,
2023-05-12,492.13,493.84,487.42,491.53,,,,
2023-05-15,493.37,496.01,491.04,495.69,,,,
2023-05-16,493.31,493.33,487.42,487.54,,,,
2023-05-17,489.43,492.62,487.66,490.79,,,,
2023-05-18,489.52,493.99,486.21,493.48,,,,
2023-05-19,495.16,497.27,492.24,494.76,,,,
2023-05-22,495.39,497.15,491.48,492.05,,,,
2023-05-23,488.8,489.82,483.63,484.49,,,,
2023-05-24,483.45,483.45,478.16,479.04,,,,
2023-05-25,478.85,479.46,474.69,477.22,,,,
2023-05-26,479.3,482.37,477.26,479.21,,,,
2023-05-30,479.17,479.32,472.87,476.37,,,,
2023-05-31,473.78,474.9,469.18,471.02,,,,
2023-06-01,472.63,478.41,471.07,476.86,,,,
2023-06-02,485.51,494.03,485.51,492.95,,,,
2023-06-05,493.28,498.16,490.87,492.46,,,,
2023-06-06,490.98,496.95,490.96,495.67,,,,
2023-06-07,495.42,501.99,495.29,501.5,,,,
2023-06-08,501.76,503.01,496.46,499.75,,,,
2023-06-09,498.86,498.86,493.87,495.64,,,,
2023-06-12,495.91,498.48,492.99,497.82,,,,
2023-06-13,499.81,509.64,499.81,509.43,,,,
2023-06-14,512.33,513.22,504.5,507.22,,,,
2023-06-15,507.01,513.43,506.19,511.54,,,,
2023-06-16,511.85,512.82,509.08,512.1,,,,
2023-06-20,508.78,508.78,502.97,505.67,,,,
2023-06-21,503.83,509.42,501.95,507.46,,,,
2023-06-22,505.21,506.47,501.39,505.99,,,,
2023-06-23,501.3,502.9,498.38,502.04,,,,
2023-06-26,502.96,507.88,502.69,507.06,,,,
2023-06-27,507.68,514.79,506.92,514.15,,,,
2023-06-28,512.71,512.71,508.69,510.66,,,,
2023-06-29,509.51,517.38,508.3,517.14,,,,
2023-06-30,518.8,523.09,517.85,521.93,,,,
2023-07-03,521.75,525.93,520.95,523.53,,,,
2023-07-05,518.06,518.2,509.92,510.6,,,,
2023-07-06,505.65,507.37,499.45,506.98,,,,
2023-07-07,506.79,516.63,506.13,511.46,,,,
2023-07-10,508.88,514.4,507.8,511.42,,,,
2023-07-11,513.74,516.74,512.33,516.39,,,,
2023-07-12,522.24,524.76,519.03,523.07,,,,
2023-07-13,524.79,527.85,523.06,527.19,,,,
2023-07-14,527.35,527.35,521.86,524.15,,,,
2023-07-17,522.39,525.59,521.64,524.56,,,,
2023-07-18,523.37,530.26,523.35,528.63,,,,
2023-07-19,527.71,529.43,524.36,525.9,,,,
2023-07-20,526.04,528.23,523.6,527.18,,,,
2023-07-21,526.1,528.13,523.08,527.18,,,,
2023-07-24,527.49,529.73,525.64,528.81,,,,
2023-07-25,530.46,540.3,530.46,538.13,,,,
2023-07-26,535.64,537.84,532.29,536.6,,,,
2023-07-27,537.22,540.01,532.6,533.01,,,,
2023-07-28,537.19,538.22,533.93,536.71,,,,
2023-07-31,537.47,540.39,536.45,539.48,,,,
2023-08-01,535.81,539.35,535.4,537.08,,,,
2023-08-02,532.49,535.34,530.21,530.46,,,,
2023-08-03,528.28,531.6,526.44,527.26,,,,
2023-08-04,529.22,533.64,525.58,525.84,,,,
2023-08-07,527.98,530.26,525.57,529.5,,,,
2023-08-08,524.17,524.84,518.28,523.95,,,,
2023-08-09,524.88,526.8,521.06,521.5,,,,
2023-08-10,523.78,527.22,520.86,521.97,,,,
2023-08-11,520.55,523.04,518.87,520.56,,,,
2023-08-14,517.94,521.58,516.32,521.55,,,,
2023-08-15,517.47,517.54,512.09,512.97,,,,
2023-08-16,511.87,514.71,509.46,509.56,,,,
2023-08-17,512.01,516.16,508,508.63,,,,
2023-08-18,505.65,509.48,505.02,508.2,,,,
2023-08-21,509.81,510.15,504.91,508.31,,,,
2023-08-22,510.64,511.63,506.56,507.91,,,,
2023-08-23,508.27,510.52,506.75,508.83,,,,
2023-08-24,506.62,510.93,505.87,506.62,,,,
2023-08-25,508.56,510.3,503.88,507.99,,,,
2023-08-28,509.7,514.08,509.48,511.73,,,,
2023-08-29,511.64,520.46,510.63,520.31,,,,
2023-08-30,520.35,521.97,519.23,521.1,,,,
2023-08-31,521.9,523.13,520.29,520.84,,,,
2023-09-01,524.96,527.65,524.69,526.13,,,,
2023-09-05,524.92,525.69,516.54,516.63,,,,
2023-09-06,515.04,517.32,511.03,514.9,,,,
2023-09-07,512.76,514.57,508.92,512.62,,,,
2023-09-08,512.11,515.35,511.62,513.26,,,,
2023-09-11,517.26,519.01,514.41,515.39,,,,
2023-09-12,513.75,516.36,513.02,514.14,,,,
2023-09-13,513.71,514.85,509.85,511.09,,,,
2023-09-14,514.55,519.35,514.55,518.25,,,,
2023-09-15,517.7,519.19,511.73,512.61,,,,
2023-09-18,511.95,512.95,508.81,510.41,,,,
2023-09-19,510.65,512.21,505.56,509.91,,,,
2023-09-20,511.04,512.96,504.33,504.66,,,,
2023-09-21,501.05,501.05,494.19,494.34,,,,
2023-09-22,495.02,498.03,493.05,493.72,,,,
2023-09-25,492.13,497.9,491.74,497.67,,,,
2023-09-26,495,497.1,489.12,490.44,,,,
2023-09-27,492.07,493.43,487.56,490.52,,,,
2023-09-28,491.21,497.36,491.17,495.65,,,,
2023-09-29,498.88,500.11,493.25,494.54,,,,
2023-10-02,492.85,493.13,484.7,488.08,,,,
2023-10-03,485.46,492.61,484.63,486.63,,,,
2023-10-04,489.35,493.15,485.89,492.44,,,,
2023-10-05,490.89,493.94,483.48,486.23,,,,
2023-10-06,485.67,494.35,483.59,490.89,,,,
2023-10-09,488.79,493.01,485.79,491.61,,,,
2023-10-10,493.91,500.97,493.68,496.92,,,,
2023-10-11,498.39,500.93,494.03,498.08,,,,
2023-10-12,499.39,499.39,486.8,490.53,,,,
2023-10-13,492.82,495.08,486.7,488.74,,,,
2023-10-16,491.9,496.66,490.81,493.24,,,,
2023-10-17,490.21,499.94,489.81,498.22,,,,
2023-10-18,494.12,494.12,484.88,485.38,,,,
2023-10-19,484.24,487.54,479.19,480.13,,,,
2023-10-20,479.14,480.53,473.88,473.96,,,,
2023-10-23,469.1,473.56,468.05,468.88,,,,
2023-10-24,471.92,477.07,471.92,474.16,,,,
2023-10-25,473.06,474.08,468.36,468.75,,,,
2023-10-26,471.77,476.18,470.6,472.11,,,,
2023-10-27,473.06,475.24,470.76,471.83,,,,
2023-10-30,474.27,477.82,473.24,476.48,,,,
2023-10-31,476.43,480.03,474.96,478.64,,,,
2023-11-01,479.12,480.07,474.06,479.1,,,,
2023-11-02,481.79,488.37,481.79,488.32,,,,
2023-11-03,491.46,499.35,491.46,495.87,,,,
2023-11-06,495.97,495.97,492.44,493.33,,,,
2023-11-07,488.35,488.46,483.26,484.1,,,,
2023-11-08,485.14,486.81,482.39,485.34,,,,
2023-11-09,487.36,487.95,480.85,481.23,,,,
2023-11-10,481.76,487.17,480.97,486.8,,,,
2023-11-13,484.43,488.07,483.43,486.12,,,,
2023-11-14,491.72,502.49,491.72,500.27,,,,
2023-11-15,501.33,506.98,501.14,502.62,,,,
2023-11-16,502.01,504.48,501.06,503.85,,,,
2023-11-17,505.42,506.57,503.42,504.69,,,,
2023-11-20,504.3,507.26,501.43,505.47,,,,
2023-11-21,506.69,509.51,506.49,507.47,,,,
2023-11-22,507.84,508.6,505.41,508.07,,,,
2023-11-24,508.48,511.7,508.17,509.76,,,,
2023-11-27,508.34,509.91,505.98,509.33,,,,
2023-11-28,509.57,513.07,507.95,510.33,,,,
2023-11-29,511.69,514.67,511.37,512.25,,,,
2023-11-30,512.79,517.7,511.03,517.2,,,,
2023-12-01,517.6,524.57,516.62,522.84,,,,
2023-12-04,518.4,522.49,516.59,516.63,,,,
2023-12-05,513.9,514.32,508.55,509.54,,,,
2023-12-06,511.49,513.62,508.18,508.74,,,,
2023-12-07,510.01,512.61,509.11,512.15,,,,
2023-12-08,511.64,516.32,511.63,513.85,,,,
2023-12-11,513.27,517.6,512.23,517.5,,,,
2023-12-12,523.03,524.71,518.1,520.43,,,,
2023-12-13,514.58,527.09,514.14,526.66,,,,
2023-12-14,530.34,538.48,530.34,535.49,,,,
2023-12-15,533.46,537.47,532.56,534.42,,,,
2023-12-18,538.63,538.81,534.46,534.74,,,,
2023-12-19,538.06,541.03,537.65,539.63,,,,
2023-12-20,537.76,539.61,531.51,531.67,,,,
2023-12-21,536.01,537.15,533.7,537.07,,,,
2023-12-22,539.16,541.62,538.37,540.47,,,,
2023-12-26,541.18,544.55,540.84,542.87,,,,
2023-12-27,542.27,544.65,541.66,544.23,,,,
2023-12-28,543.5,544.06,541.52,541.72,,,,
2023-12-29,539.93,541.21,538.63,539.62,,,,
2024-01-02,536.2,539.47,535.84,538.56,,,,
2024-01-03,534.28,535.42,529,532.58,,,,
2024-01-04,531.78,534.2,530.13,530.82,,,,
2024-01-05,529.79,535.01,529.13,531.94,,,,
2024-01-08,529.96,534.39,527.43,534.14,,,,
2024-01-09,530.73,530.73,526.49,528.28,,,,
2024-01-10,526.24,527.82,524.99,527.38,,,,
2024-01-11,527.56,527.9,521.92,525.68,,,,
2024-01-12,528.41,529.44,524.08,526.4,,,,
2024-01-16,523.02,523.89,518.82,520.16,,,,
2024-01-17,514.89,517.94,514.04,515.99,,,,
2024-01-18,516.69,518.61,513.57,518.02,,,,
2024-01-19,517.73,519.2,513.79,518.55,,,,
2024-01-22,515.99,520.8,515.6,520.09,,,,
2024-01-23,522.27,523.4,519.61,521.76,,,,
2024-01-24,524.44,524.65,514.31,514.46,,,,
2024-01-25,516.82,520.11,515.46,520.08,,,,
2024-01-26,521.74,523.04,519.15,520.05,,,,
2024-01-29,519.92,522.87,517.51,522.74,,,,
2024-01-30,521.25,527.47,521.25,525.07,,,,
2024-01-31,526.13,526.32,517.74,518.41,,,,
2024-02-01,525.16,527.73,520.01,527.02,,,,
2024-02-02,524.18,526.33,518.25,524.02,,,,
2024-02-05,517.11,517.11,509.05,510.79,,,,
2024-02-06,514.69,520.63,514.69,519.5,,,,
2024-02-07,522.29,525.07,522.29,523.71,,,,
2024-02-08,523.77,523.94,519.17,522.74,,,,
2024-02-09,521.8,524.12,520.09,524.12,,,,
2024-02-12,524.82,530.48,524.71,527.95,,,,
2024-02-13,522.94,524.15,516.84,520.5,,,,
2024-02-14,522.77,524.95,520.7,523.94,,,,
2024-02-15,526.28,534.56,526.28,533.78,,,,
2024-02-16,536.36,540.27,535.73,536.49,,,,
2024-02-20,536.2,537.18,534.08,535.28,,,,
2024-02-21,535.44,538.55,533.32,538.34,,,,
2024-02-22,539.52,544.43,538.51,543.52,,,,
2024-02-23,544.02,547.48,543.33,546.67,,,,
2024-02-26,544.56,545.71,542.87,543.46,,,,
2024-02-27,545.22,546.54,543.72,545.37,,,,
2024-02-28,543,548.66,542.56,546.58,,,,
2024-02-29,549.38,552.15,548.17,550.91,,,,
2024-03-01,550.36,554.29,550.2,553.03,,,,
2024-03-04,552.71,557.97,552.71,556.9,,,,
2024-03-05,555.74,558.68,552.14,553.97,,,,
2024-03-06,557.27,559.82,556.37,558.1,,,,
2024-03-07,562.73,567.64,562.73,564.93,,,,
2024-03-08,566.34,566.83,561.62,561.79,,,,
2024-03-11,564.34,570.44,562.34,568.16,,,,
2024-03-12,568.13,568.73,565.12,567.83,,,,
2024-03-13,569.43,575.74,569.43,572.99,,,,
2024-03-14,571.7,572.48,567.47,569.81,,,,
2024-03-15,567.26,572.36,566.61,570.26,,,,
2024-03-18,571.93,575.71,571,571.21,,,,
2024-03-19,571.11,571.92,568.87,571.37,,,,
2024-03-20,570.73,579.06,569.77,576.94,,,,
2024-03-21,578.51,580.27,576.28,579.25,,,,
2024-03-22,578.73,579.28,575.42,575.83,,,,
2024-03-25,575.92,578.26,575.38,575.98,,,,
2024-03-26,576.76,577.7,575.17,575.35,,,,
2024-03-27,576.51,583.64,576.19,583.63,,,,
2024-03-28,583.81,586.93,582.28,585.16,,,,
2024-04-01,587.21,587.31,582.52,583.67,,,,
2024-04-02,582.62,583.36,578.82,581.3,,,,
2024-04-03,582.01,585.56,582.01,584.94,,,,
2024-04-04,588.16,590.07,577.81,579.01,,,,
2024-04-05,578.97,584.9,578.41,584.35,,,,
2024-04-08,585.93,586.5,583.13,584.53,,,,
2024-04-09,588.62,589.15,580.13,586.08,,,,
2024-04-10,577.28,580.29,574.85,577,,,,
2024-04-11,578.07,578.91,573.63,576.4,,,,
2024-04-12,573.97,575.91,563.69,566.21,,,,
2024-04-15,571.55,574.12,561.53,563.42,,,,
2024-04-16,561.57,562.04,557.29,559.27,,,,
2024-04-17,562.01,565.32,558.78,560.47,,,,
2024-04-18,565.09,565.34,558.03,560.65,,,,
2024-04-19,562.31,564.26,558.04,560.03,,,,
2024-04-22,557.24,563.59,554.73,560.58,,,,
2024-04-23,555.13,558.46,553.74,555.9,,,,
2024-04-24,553.69,556.7,551.95,556.33,,,,
2024-04-25,555.21,561.46,551.32,560.17,,,,
2024-04-26,560.52,565.94,560.52,563.68,,,,
2024-04-29,566.96,568.76,565.72,568.44,,,,
2024-04-30,564.26,564.91,558.1,558.16,,,,
2024-05-01,561.08,569.9,558.63,560.96,,,,
2024-05-02,557.83,560.38,553.55,558.11,,,,
2024-05-03,561.47,564.98,560.8,563.67,,,,
2024-05-06,567.68,569.19,564.61,567.24,,,,
2024-05-07,569.35,574.8,569.12,573.86,,,,
2024-05-08,571.5,573.74,570.66,571.31,,,,
2024-05-09,572.36,577.89,571.87,577.47,,,,
2024-05-10,579.25,580.43,577.8,578.21,,,,
2024-05-13,579.43,581.23,577.26,577.76,,,,
2024-05-14,578.96,580.3,576.3,578.21,,,,
2024-05-15,581.37,581.54,576.65,579.14,,,,
2024-05-16,579.6,579.8,574.7,574.9,,,,
2024-05-17,577.64,579.87,576.4,579.79,,,,
2024-05-20,579.41,581.73,577.53,580.65,,,,
2024-05-21,579.59,580.72,578.14,580.57,,,,
2024-05-22,575.71,576.67,572.41,574.85,,,,
2024-05-23,575.85,575.88,568.68,569.8,,,,
2024-05-24,572.11,575.48,571.98,574.79,,,,
2024-05-28,574.74,575.85,570.63,572.5,,,,
2024-05-29,567.01,568.41,564,564.37,,,,
2024-05-30,563.36,569.27,563.33,569.05,,,,
2024-05-31,568.83,575.5,565.24,575.27,,,,
2024-06-03,575.19,575.19,566.98,571.77,,,,
2024-06-04,566.88,567.66,561.7,564.8,,,,
2024-06-05,565.46,568.95,562.92,568.86,,,,
2024-06-06,568.37,569.42,566.21,569.34,,,,
2024-06-07,566.06,568.2,561.55,563.6,,,,
2024-06-10,562.43,563.55,560.89,563,,,,
2024-06-11,560.78,562.7,557.81,562.68,,,,
2024-06-12,567.8,571.16,562.6,563.91,,,,
2024-06-13,561.97,564.37,558.87,563.8,,,,
2024-06-14,560.19,561.61,555.03,558.52,,,,
2024-06-17,557.32,563.37,555.09,562.4,,,,
2024-06-18,562.28,564.51,559.22,561.74,,,,
2024-06-20,561.7,565.1,561.08,562.34,,,,
2024-06-21,562.52,563.37,558.32,562.77,,,,
2024-06-24,564.32,568.27,563.44,565.91,,,,
2024-06-25,564.67,564.67,556.98,558.64,,,,
2024-06-26,556.41,558.86,554.33,558.35,,,,
2024-06-27,558.04,558.61,555.52,556.59,,,,
2024-06-28,557.02,560.57,554.9,556.5,,,,
2024-07-01,557.26,558.69,546.07,547.9,,,,
2024-07-02,547.06,550.39,544.34,548.77,,,,
2024-07-03,550.26,554.25,550.26,553.24,,,,
2024-07-05,553.21,554.53,549.68,553.95,,,,
2024-07-08,555.47,557.2,553.44,555.51,,,,
2024-07-09,553.69,554.21,549.8,549.87,,,,
2024-07-10,552.44,557.54,552.03,557.22,,,,
2024-07-11,559.76,565.59,559.76,565.14,,,,
2024-07-12,568.12,573.03,566.92,570.39,,,,
2024-07-15,569.77,572.58,567.54,568.68,,,,
2024-07-16,569.18,580.31,567.96,579.81,,,,
2024-07-17,579.11,582.02,578.39,578.65,,,,
2024-07-18,575.72,581.49,572.32,572.76,,,,
2024-07-19,571.81,571.89,566.23,567.76,,,,
2024-07-22,569.29,570.31,564.9,569.67,,,,
2024-07-23,571.75,572.94,568.05,571.84,,,,
2024-07-24,571.8,573.68,564.19,564.63,,,,
2024-07-25,563.76,572.95,561.83,566.07,,,,
2024-07-26,569.25,577.56,568.26,575.56,,,,
2024-07-29,576.33,578.01,573.44,576.56,,,,
2024-07-30,573.61,578.66,573.18,574.5,,,,
2024-07-31,579.82,585.97,577.76,580.51,,,,
2024-08-01,584.17,588.36,574.76,578.5,,,,
2024-08-02,573.23,573.54,560.01,567.59,,,,
2024-08-05,557.58,559.29,550.24,554.63,,,,
2024-08-06,554.14,564.69,553.13,557.73,,,,
2024-08-07,561.52,564.47,549.72,549.95,,,,
2024-08-08,551.98,559.68,551.79,558.63,,,,
2024-08-09,558.61,559.87,553.12,558.08,,,,
2024-08-12,558.59,559.52,554.43,555.67,,,,
2024-08-13,557.66,562.31,556.47,561.4,,,,
2024-08-14,562.28,562.73,558.39,561.41,,,,
2024-08-15,566.24,570.99,565.05,569.86,,,,
2024-08-16,568.8,570.71,566.32,570.53,,,,
2024-08-19,571.35,573.65,570.63,573.41,,,,
2024-08-20,573.41,575.02,570.55,571.21,,,,
2024-08-21,573.17,578.11,573.01,577.79,,,,
2024-08-22,577.5,578.63,574.58,576.39,,,,
2024-08-23,579.22,585.54,578.41,584.17,,,,
2024-08-26,585.86,590.67,585.56,586.44,,,,
2024-08-27,586.76,586.9,582.77,586.37,,,,
2024-08-28,585.22,587,581.92,584.12,,,,
2024-08-29,586.35,590.9,582.78,587.38,,,,
2024-08-30,588.56,594.13,585.7,593.39,,,,
2024-09-03,586.6,587.56,577.99,579.78,,,,
2024-09-04,580.23,583.04,576.28,577.02,,,,
2024-09-05,577.89,578.46,570.99,572.39,,,,
2024-09-06,570.66,574.54,563.85,564.66,,,,
2024-09-09,567.93,573.27,567.76,570.26,,,,
2024-09-10,570.71,570.73,566.26,570.66,,,,
2024-09-11,570.99,572.63,558.75,572.19,,,,
2024-09-12,573.71,577.5,570.87,577.37,,,,
2024-09-13,578.53,585.62,578.53,582.52,,,,
2024-09-16,585.86,588.59,583.25,587.76,,,,
2024-09-17,587.9,593.05,587.39,588.7,,,,
2024-09-18,589.65,593.14,585.45,586.45,,,,
2024-09-19,595.65,597.46,591.83,595.17,,,,
2024-09-20,594.18,594.18,588.78,591.37,,,,
2024-09-23,593.33,597.23,592.54,596.5,,,,
2024-09-24,601.06,605.41,601.06,604.57,,,,
2024-09-25,606.21,606.21,599.33,600.93,,,,
2024-09-26,607.14,613.64,607.1,612.76,,,,
2024-09-27,612.85,616.48,610.08,611.36,,,,
2024-09-30,609.68,610.43,602.99,607.7,,,,
2024-10-01,607.68,608.16,603.27,605.75,,,,
2024-10-02,604.15,608.17,602.49,603.76,,,,
2024-10-03,599.39,599.95,595.66,596.81,,,,
2024-10-04,600.37,601.66,595.59,599.28,,,,
2024-10-07,596.31,599.55,595.06,598.25,,,,
2024-10-08,594.89,596.72,592.16,596.05,,,,
2024-10-09,595.63,601.33,594.52,599.85,,,,
2024-10-10,598.92,602.22,597.87,601.11,,,,
2024-10-14,602.43,609.08,601.69,608.53,,,,
2024-10-15,607.91,613.01,607.8,608.32,,,,
2024-10-16,609.21,614.34,609.21,613.37,,,,
2024-10-17,615,615.33,612.37,614.1,,,,
2024-10-18,615.57,618.33,613.81,616.97,,,,
2024-10-21,616.36,616.87,610.4,612.02,,,,
2024-10-22,611.65,613.09,603.9,606.75,,,,
2024-10-23,603.74,608.09,602.2,604.62,,,,
2024-10-24,603.57,603.96,593.92,596.05,,,,
2024-10-25,596.3,598.16,591.94,592.25,,,,
2024-10-28,594.77,597.68,594.2,596.97,,,,
2024-10-29,594.44,596.64,592.63,592.98,,,,
2024-10-30,593.2,598.97,593.2,595.19,,,,
2024-10-31,590.95,592.26,586.14,586.14,,,,
2024-11-01,586.22,589.01,584.79,585.02,,,,
2024-11-04,589.41,591.66,585.19,587.79,,,,
2024-11-05,585.88,591.35,585.46,588.95,,,,
2024-11-06,594.65,598.77,591.32,596,,,,
2024-11-07,597.89,601.29,597.44,599.01,,,,
2024-11-08,595.49,597.35,592.72,593.55,,,,
2024-11-11,592.69,594.98,589.94,590.49,,,,
2024-11-12,588.36,588.78,579.61,581.22,,,,
2024-11-13,581.11,583.58,579.72,582.38,,,,
2024-11-14,581.42,582.28,577.66,578.32,,,,
2024-11-15,577.26,578.48,572.67,573.77,,,,
2024-11-18,574.29,578.05,573.85,577.99,,,,
2024-11-19,573.85,577.16,570.92,576.35,,,,
2024-11-20,576.55,581.12,574.25,580.5,,,,
2024-11-21,580.71,587.5,578.94,587.47,,,,
2024-11-22,587.47,591.19,586.77,590.68,,,,
2024-11-25,591.3,597.02,591.29,596.26,,,,
2024-11-26,594.44,594.44,589.99,592.25,,,,
2024-11-27,593.1,597.01,591.06,591.72,,,,
2024-11-29,591.51,595.07,590.55,594.62,,,,
2024-12-02,594.27,594.55,589.49,593.46,,,,
2024-12-03,595.55,596.21,590.33,591.49,,,,
2024-12-04,589.52,589.66,584.53,586.24,,,,
2024-12-05,584.34,584.34,575.51,578.04,,,,
2024-12-06,579.73,580.59,576.12,576.55,,,,
2024-12-09,579.71,583.55,575.42,575.67,,,,
2024-12-10,574.51,574.51,566.64,570.29,,,,
2024-12-11,570.76,571.04,567.93,568.16,,,,
2024-12-12,566.14,567.97,564.03,564.26,,,,
2024-12-13,561.41,561.99,557.82,559.79,,,,
2024-12-16,558.18,560.12,554.18,554.31,,,,
2024-12-17,552,555.35,551.44,551.64,,,,
2024-12-18,549.99,552.59,535.53,535.69,,,,
2024-12-19,536.27,539.49,529.81,529.93,,,,
2024-12-20,528.81,539.24,528.79,536.53,,,,
2024-12-23,535.36,536.36,530.88,535.88,,,,
2024-12-24,535.63,539.21,533.84,539.13,,,,
2024-12-26,536.15,539.98,535.78,538.15,,,,
2024-12-27,535.24,539.95,533.09,535.06,,,,
2024-12-30,531.56,531.77,525.51,527.9,,,,
2024-12-31,528.84,531.61,527.08,529.77,,,,
2025-01-02,532.38,534.02,523.24,523.74,,,,
2025-01-03,526.27,526.29,523,523.89,,,,
2025-01-06,527,532.39,526.59,527.32,,,,
2025-01-07,527.81,532.94,524.3,527.24,,,,
2025-01-08,526.57,529.85,523.64,529.82,,,,
2025-01-10,526.66,528.15,523.18,524.63,,,,
2025-01-13,524.29,536.37,523.73,536.25,,,,
2025-01-14,538.31,543.21,537.87,542.91,,,,
2025-01-15,550.68,552,544.51,547.84,,,,
2025-01-16,548.17,552.52,547,552.28,,,,
2025-01-17,556.23,559.51,554.22,556.14,,,,
2025-01-21,560.19,564.55,560.14,563.17,,,,
2025-01-22,563.99,563.99,558.57,558.73,,,,
2025-01-23,558.2,561.58,555.73,561.56,,,,
2025-01-24,564.18,564.55,559.64,560.25,,,,
2025-01-27,558.84,560.87,555.99,560.64,,,,
2025-01-28,560.03,561.84,557.4,558.68,,,,
2025-01-29,558.05,560.33,556.34,557.55,,,,
2025-01-30,557.76,563.36,555.97,563.15,,,,
2025-01-31,561.75,564.07,556.74,559.03,,,,
2025-02-03,553.75,560.93,547.47,559.31,,,,
2025-02-04,559.54,563.29,559.33,560.88,,,,
2025-02-05,559.12,563.17,556.81,560.7,,,,
2025-02-06,561.75,563.86,558.17,562.58,,,,
2025-02-07,560.92,562.01,555.18,555.87,,,,
2025-02-10,559.27,560.29,555.6,558.74,,,,
2025-02-11,561.15,565.35,559.98,561.74,,,,
2025-02-12,554.13,560.6,552.42,557.91,,,,
2025-02-13,561.19,568.12,560.28,567.45,,,,
2025-02-14,569.5,571.87,565.45,565.59,,,,
2025-02-18,565.69,572.58,563.61,572.54,,,,
2025-02-19,565.77,567.67,563.99,565.89,,,,
2025-02-20,564.6,566.6,560.87,564.41,,,,
2025-02-21,564.81,565.66,553.62,554.23,,,,
2025-02-24,555.05,556.58,551.7,553.24,,,,
2025-02-25,553.92,559.39,553.17,557.68,,,,
2025-02-26,559.54,562.23,556.88,557.28,,,,
2025-02-27,557.08,561.11,553.15,553.42,,,,
2025-02-28,555.31,558.37,551.34,558.18,,,,
2025-03-03,561.64,564.76,545.19,546.51,,,,
2025-03-04,546.3,547.18,538.15,538.96,,,,
2025-03-05,541.54,554.32,541.54,553.15,,,,
2025-03-06,550.63,555.04,547.17,550.21,,,,
2025-03-07,548.59,553.6,545,551.59,,,,
2025-03-10,545.6,549.33,535.94,539.92,,,,
2025-03-11,540.05,541.18,532.69,535.54,,,,
2025-03-12,537.12,537.91,530.81,533.13,,,,
2025-03-13,533,538.45,529.01,532.41,,,,
2025-03-14,536.33,539.96,534.44,539.41,,,,
2025-03-17,538.71,547.61,538.71,545.56,,,,
2025-03-18,547.63,547.92,542.83,545.05,,,,
2025-03-19,544.58,548.76,541.95,546.88,,,,
2025-03-20,544.19,547.89,542.75,543.49,,,,
2025-03-21,538.01,538.39,531.38,538.06,,,,
2025-03-24,540.78,545.99,540.78,544.75,,,,
2025-03-25,545.93,547.11,542.56,544.91,,,,
2025-03-26,545.08,548.94,543.39,545.89,,,,
2025-03-27,544.43,547.86,541.05,545.73,,,,
2025-03-28,546.56,547.38,535.71,536.26,,,,
2025-03-31,533.87,544.61,530.24,541.98,,,,
2025-04-01,539.75,544.08,535.94,543.72,,,,
2025-04-02,539.91,548.37,539.6,547.99,,,,
2025-04-03,538.07,538.07,524.09,525.03,,,,
2025-04-04,513.78,515.21,490.92,492.02,,,,
2025-04-07,480.44,503.59,469.48,483.88,,,,
2025-04-08,493.83,495,462.45,469.54,,,,
2025-04-09,467.79,512.11,466.59,510.05,,,,
2025-04-10,502.11,503.44,483.42,494.76,,,,
2025-04-11,497.06,513.21,494.13,509.53,,,,
2025-04-14,513.36,517.58,509.36,515.09,,,,
2025-04-15,514.27,517.94,511.27,511.83,,,,
2025-04-16,512.24,515.72,504.65,507.87,,,,
2025-04-17,510.49,514.92,508.5,511.3,,,,
2025-04-21,510.32,510.86,498.58,503,,,,
2025-04-22,508.39,516.21,508.07,514.84,,,,
2025-04-23,519.3,526.54,513.13,514.94,,,,
2025-04-24,515.55,526.16,513.84,525.36,,,,
2025-04-25,521.6,522.92,517.11,521.54,,,,
2025-04-28,522.02,525.61,517.28,522.34,,,,
2025-04-29,524.49,529.3,521.66,527.17,,,,
2025-04-30,521.18,531.07,518.37,529.86,,,,
2025-05-01,524.26,531.01,522.31,527.21,,,,
2025-05-02,533.07,538.14,531.95,535.98,,,,
2025-05-05,534.1,536.26,531.37,532.46,,,,
2025-05-06,530.95,533.04,527.32,528.96,,,,
2025-05-07,528.86,530.83,524.29,526.31,,,,
2025-05-08,528.94,537.66,528.27,532.6,,,,
2025-05-09,533.73,534.67,531.01,533.96,,,,
2025-05-12,544.54,550.02,541.65,544.11,,,,
2025-05-13,544.4,545.45,541.18,541.26,,,,
2025-05-14,538.84,538.84,533.59,536.06,,,,
2025-05-15,534.88,542.44,534.6,542.21,,,,
2025-05-16,541.4,547.13,538.96,547.13,,,,
2025-05-19,542.83,549.35,542.07,549.02,,,,
2025-05-20,547.78,548.96,545.78,548.05,,,,
2025-05-21,544.73,546.69,540.36,541.26,,,,
2025-05-22,540.02,542.84,536.9,540.89,,,,
2025-05-23,535.84,542.14,535.8,540.34,,,,
2025-05-27,544.02,549.46,544.02,549.39,,,,
2025-05-28,548.14,548.46,541.97,542.4,,,,
2025-05-29,544.39,544.73,539.21,544.05,,,,
2025-05-30,542.26,545.35,537.43,544.68,,,,
2025-06-02,545.78,547.54,543.44,547.31,,,,
2025-06-03,545.38,553.1,542.66,552.6,,,,
2025-06-04,553.16,556.4,552.09,554.52,,,,
2025-06-05,557.61,557.62,550.46,551.38,,,,
2025-06-06,554.45,557.1,551.41,552.49,,,,
2025-06-09,553.63,559.43,552.93,555.89,,,,
2025-06-10,557.25,559.45,556.58,558.99,,,,
2025-06-11,557.77,557.98,552,553.51,,,,
2025-06-12,551.54,556.69,549.89,556.38,,,,
2025-06-13,551.02,556.71,548.4,549.71,,,,
2025-06-16,551.77,556.85,551.77,554.02,,,,
2025-06-17,552.15,552.83,547.78,548.4,,,,
2025-06-18,548.16,550.79,546.2,546.57,,,,
2025-06-20,549.44,549.44,542.45,543.04,,,,
2025-06-23,542.3,550.18,541.12,549.69,,,,
2025-06-24,550.79,554.49,549.54,553.82,,,,
2025-06-25,552.61,552.61,549.09,549.43,,,,
2025-06-26,552.92,557.3,552.19,555.41,,,,
2025-06-27,554.8,557.78,552.79,555.53,,,,
2025-06-30,554.92,556.96,551.97,556.09,,,,
2025-07-01,556.3,571.53,555.99,568.76,,,,
2025-07-02,570.16,576.41,570.09,576.32,,,,
2025-07-03,576,577.65,574.68,576.3,,,,
2025-07-07,572.49,574.4,567.41,570.3,,,,
2025-07-08,570.37,575.67,570.04,573.34,,,,
2025-07-09,575.02,577.32,571.52,576.43,,,,
2025-07-10,577.96,582.32,576.96,579.1,,,,
2025-07-11,573.43,575.63,570.47,574.75,,,,
2025-07-14,573.05,574.18,570.34,572.21,,,,
2025-07-15,572.42,573.26,559.87,560.12,,,,
2025-07-16,561.14,562.37,555.98,561.8,,,,
2025-07-17,560.14,565.89,559.84,565.15,,,,
2025-07-18,566.8,567.37,563.98,567.12,,,,
2025-07-21,570.56,575.63,569.96,570.21,,,,
2025-07-22,569.5,577.91,569.21,577.5,,,,
2025-07-23,578.89,581.6,577.33,578.06,,,,
2025-07-24,573.73,577.7,570.96,573.73,,,,
2025-07-25,575.91,580.86,574.27,580.44,,,,
2025-07-28,576.95,577.85,570.48,572.11,,,,
2025-07-29,571.97,572.01,567.11,570.2,,,,
2025-07-30,567.66,568.81,556.57,558.83,,,,
2025-07-31,552.94,559.59,552.66,553.28,,,,
2025-08-01,551.09,551.09,543.78,549.12,,,,
2025-08-04,551.29,557.13,550.99,556.94,,,,
2025-08-05,559.14,562.27,556.6,561.41,,,,
2025-08-06,561.77,562.07,556.97,556.98,,,,
2025-08-07,562.21,562.88,556.13,559.17,,,,
2025-08-08,560.98,563.9,559.81,562.2,,,,
2025-08-11,561.64,564.06,557.92,560.87,,,,
2025-08-12,561.61,567.71,561.54,567.27,,,,
2025-08-13,570.69,576.99,568.83,576.85,,,,
2025-08-14,572.45,572.84,567.92,572.19,,,,
2025-08-15,574.43,574.75,570.56,572.07,,,,
2025-08-18,571.44,572.59,568.16,568.77,,,,
2025-08-19,570.16,574.41,569.65,571.81,,,,
2025-08-20,572.12,575.94,571.21,572.9,,,,
2025-08-21,570.6,575.41,570.55,574.41,,,,
2025-08-22,576.22,586.89,576.22,584.19,,,,
2025-08-25,583.16,584.47,579.67,580.54,,,,
2025-08-26,578.78,583.3,578.36,582.94,,,,
2025-08-27,580.37,584.74,580.16,584.05,,,,
2025-08-28,585.6,585.63,580.56,584.09,,,,
2025-08-29,584.1,586.91,583.09,584.18,,,,
2025-09-02,579.48,581.13,576.55,580.71,,,,
2025-09-03,580,580.86,576.16,577.63,,,,
2025-09-04,576.46,579.21,572.67,578.95,,,,
2025-09-05,580.52,586.69,578.78,582,,,,
2025-09-08,582.1,583.56,576.99,583.35,,,,
2025-09-09,581.02,581.73,572.57,574.17,,,,
2025-09-10,573.92,578.4,573.28,575.5,,,,
2025-09-11,574.94,588.41,574.94,587.79,,,,
2025-09-12,584.63,586.93,580.97,582.12,,,,
2025-09-15,582.4,582.41,576.45,577.35,,,,
2025-09-16,577.55,579.12,572.93,574.29,,,,
2025-09-17,574.66,584.8,572.71,576.38,,,,
2025-09-18,574.5,577.68,571.71,575.57,,,,
2025-09-19,576.6,578.74,574.91,576.82,,,,
2025-09-22,576.3,578.65,574.11,576.84,,,,
2025-09-23,578.17,582.3,574.77,575.29,,,,
2025-09-24,571.81,574.15,565.87,566.15,,,,
2025-09-25,563.96,564.22,558.54,559.31,,,,
2025-09-26,560.64,566.13,560.41,565.17,,,,
2025-09-29,569.09,569.09,564.72,567.6,,,,
2025-09-30,566.24,570.86,565.59,570.71,,,,
2025-10-01,569.2,570.58,562.06,564.04,,,,
2025-10-02,563.38,569.99,562.94,569.99,,,,
2025-10-03,569.19,573.68,568.99,571.14,,,,
2025-10-06,571.3,574.3,570.37,571.21,,,,
2025-10-07,572.46,574.14,567.47,569.57,,,,
2025-10-08,571.89,574.58,570.19,572.54,,,,
2025-10-09,574.77,575.62,562.32,563.83,,,,
2025-10-10,565.44,566.37,553.51,553.55,,,,
2025-10-13,559.95,565.48,559.85,562.26,,,,
2025-10-14,556.12,569.86,556.12,567.15,,,,
2025-10-15,569.29,572.63,561.85,564.36,,,,
2025-10-16,566.43,566.76,558.25,561.22,,,,
2025-10-17,559.48,562.63,556.24,559.24,,,,
2025-10-20,563.39,566.5,562.74,566.19,,,,
2025-10-21,560.38,564.04,558.88,562.23,,,,
2025-10-22,558.96,563.06,558.35,560.48,,,,
2025-10-23,564.07,567.39,562.36,565.95,,,,
2025-10-24,563.72,566.64,562.19,562.5,,,,
2025-10-27,561.42,563.92,558.96,561.07,,,,
2025-10-28,562.05,564.7,560.6,561.85,,,,
2025-10-29,560.24,560.56,550.74,551.82,,,,
2025-10-30,547.06,551.21,545.78,546.28,,,,
2025-10-31,542.99,544.53,538.21,541.6,,,,
2025-11-03,529.22,539.25,526.47,538.57,,,,
2025-11-04,535,538.26,532.28,536.2,,,,
2025-11-05,538.46,541.33,537.26,539.09,,,,
2025-11-06,540.26,543.45,536.54,536.91,,,,
2025-11-07,537.29,544.56,536.34,543.78,,,,
2025-11-10,546.33,550.62,543.49,549.48,,,,
2025-11-11,552.73,556.37,550.7,555.36,,,,
2025-11-12,557.1,562.72,556.16,559.57,,,,
2025-11-13,558.45,560.57,554.78,555.38,,,,
2025-11-14,550.04,553.35,548.43,548.83,,,,
2025-11-17,547.49,548.73,539.73,540.42,,,,
2025-11-18,540.51,544.35,538.13,540.45,,,,
2025-11-19,542.45,544.96,539.35,542.93,,,,
2025-11-20,545.54,548.55,533.97,534.14,,,,
2025-11-21,534.58,548.86,534.58,545.33,,,,
2025-11-24,544.93,547.93,542.97,546.85,,,,
2025-11-25,550.37,554.81,548.88,553.54,,,,
2025-11-26,554.07,561.65,553.76,560.22,,,,
2025-11-28,561.39,565.4,560.01,563.1,,,,
2025-12-01,561.81,566.14,560.88,561.16,,,,
2025-12-02,561.99,561.99,553.26,556.53,,,,
2025-12-03,558.84,561.92,557.99,559.39,,,,
2025-12-04,557.57,559.06,555.15,556.73,,,,
2025-12-05,558,561.41,554.28,554.55,,,,
2025-12-08,553.86,553.86,544.93,545.32,,,,
2025-12-09,545.66,550.3,544.84,544.99,,,,
2025-12-10,544.53,555.91,544.53,554.66,,,,
2025-12-11,557.05,567.68,556.91,567.01,,,,
2025-12-12,571.59,573.32,565.53,568.07,,,,
2025-12-15,571.05,571.19,565.34,568.29,,,,
2025-12-16,568.67,569.16,563.44,567.04,,,,
2025-12-17,566.66,571.74,566.55,569.49,,,,
2025-12-18,570.39,574.88,568.59,568.81,,,,
2025-12-19,568.21,573.58,567.68,571.4,,,,
2025-12-22,575.07,579.97,574.78,579.13,,,,
2025-12-23,580.53,580.79,577.43,580.47,,,,
2025-12-24,579.91,582.01,578.5,581.55,,,,
2025-12-26,582.65,585.23,582.06,584.98,,,,
2025-12-29,579.54,581.04,576.71,579.35,,,,
2025-12-30,579.73,580.99,577.66,579.49,,,,
2025-12-31,578.11,578.58,574.36,574.41,,,,
2026-01-02,576.6,583.94,573.66,583.1,,,,
2026-01-05,582.52,591.54,582.16,590.16,,,,
2026-01-06,591.96,603.95,591.8,602.19,,,,
2026-01-07,600.27,601.81,591.93,592.35,,,,
2026-01-08,588.02,601.46,587.11,600.5,,,,
2026-01-09,601.96,611.55,601.96,611.33,,,,
2026-01-12,612.94,616.78,611.48,615.83,,,,
2026-01-13,617.06,617.88,613.26,617.63,,,,
2026-01-14,619.3,621.55,614.92,616.54,,,,
2026-01-15,618.11,620.71,615.35,618.58,,,,
2026-01-16,614.16,616.23,611.34,615.85,,,,
2026-01-20,612.32,614.21,608.43,611.05,,,,
2026-01-21,617.66,624.05,615.82,622.46,,,,
2026-01-22,624.49,629.98,623.26,626.3,,,,
2026-01-23,626.25,631.86,624.62,631.68,,,,
2026-01-26,638.06,639.23,633.51,633.54,,,,
2026-01-27,631.98,635.64,630.36,633.78,,,,
2026-01-28,636.46,636.9,629.16,634.89,,,,
2026-01-29,641.68,643.95,626.11,635.79,,,,
2026-01-30,625.68,629.15,617.96,624.06,,,,
2026-02-02,623.36,630.28,623.36,628.5,,,,
2026-02-03,635.38,647.5,634.62,641.08,,,,
2026-02-04,647.09,654.48,646.72,652.65,,,,
2026-02-05,647.43,647.43,633.53,634.69,,,,
2026-02-06,639.21,646.72,639.21,645.93,,,,
2026-02-09,645.01,656.55,644.17,655.24,,,,
2026-02-10,654.61,665.09,654.51,663.69,,,,
2026-02-11,667.3,672.62,666.42,672.3,,,,
2026-02-12,672.61,677.98,661.55,662.28,,,,
2026-02-13,660.3,673.99,658.4,669.59,,,,
2026-02-17,661.81,665.13,653.99,661.82,,,,
2026-02-18,666.07,670.64,663.42,666.94,,,,
2026-02-19,662.02,668.6,660.23,665.56,,,,
2026-02-20,662.98,670.47,659.16,667.3,,,,
2026-02-23,663.51,670.34,661.23,668.58,,,,
2026-02-24,667.22,674.98,666.84,673.89,,,,
2026-02-25,676.3,677.36,666.66,670.97,,,,
2026-02-26,669.06,671.31,662.07,670.34,,,,
2026-02-27,668.8,676.69,666.96,675.69,,,,
2026-03-02,670.98,674.48,663.8,672.83,,,,
2026-03-03,653.08,656.03,638.77,654.73,,,,
2026-03-04,657.95,659.33,651.79,654.3,,,,
2026-03-05,648.85,650.95,635.06,639.46,,,,
2026-03-06,631.67,631.81,621.76,627.35,,,,
2026-03-09,618.4,630.97,610.73,629.3,,,,
2026-03-10,629.49,635.17,625.22,628.39,,,,
2026-03-11,624.31,626.38,619.2,626.33,,,,
2026-03-12,624.5,630.03,623.34,624.05,,,,
2026-03-13,628.2,629.25,615.16,617.54,,,,
2026-03-16,621.29,625.02,616.96,621.08,,,,
2026-03-17,625.15,627.66,621.62,622.17,,,,
2026-03-18,616.27,617.48,608.01,608.17,,,,
2026-03-19,595.36,601.18,591.07,598.77,,,,
2026-03-20,599.89,601,586.04,589.59,,,,
2026-03-23,598.27,605.91,596.09,598.38,,,,
2026-03-24,594.34,612.54,593.79,608.35,,,,
2026-03-25,617.19,620.88,611.44,620.32,,,,
2026-03-26,615.84,624.1,615.24,616.21,,,,
2026-03-27,614.8,618.52,612.33,614.25,,,,
2026-03-30,622.84,624.65,614.5,616.41,,,,
2026-03-31,621.69,630.58,619.05,627.82,,,,
2026-04-01,631.7,637,630.59,635.08,,,,
2026-04-02,628.84,640.72,627.42,635.06,,,,
2026-04-06,632.52,634.79,628.59,632.8,,,,
2026-04-07,632.21,633.2,625.62,631.14,,,,
2026-04-08,643.53,652.6,640.8,652.49,,,,
2026-04-09,650.15,656.05,649.67,653.17,,,,
2026-04-10,658.11,660.3,655.94,657.35,,,,
2026-04-13,654.94,659.53,652.01,658.82,,,,
2026-04-14,658.29,658.62,653.21,656.64,,,,
2026-04-15,653.87,653.87,646.22,648.13,,,,
2026-04-16,650.07,654.64,649.33,651.66,,,,
2026-04-17,651,660.53,648.91,654.8,,,,
2026-04-20,653.5,660.27,652.16,658.5,,,,
2026-04-21,658.82,661.44,648.75,650.4,,,,
2026-04-22,657.42,658.94,650.66,652.57,,,,
2026-04-23,648.15,651.39,644.28,651.15,,,,
2026-04-24,652.17,655.64,645.73,655.16,,,,
2026-04-27,655.56,656.86,650.23,651.79,,,,
2026-04-28,652.43,652.66,641.26,644.8,,,,
2026-04-29,643.46,644.28,636.82,637.69,,,,
2026-04-30,639.04,647.58,637.61,644.42,,,,
2026-05-01,647.2,649.74,642.35,642.36,,,,
2026-05-04,640.25,640.25,630.88,632.3,,,,
2026-05-05,637.5,645.96,635.07,642.87,,,,
2026-05-06,652.21,657.85,651.39,654.97,,,,
2026-05-07,659.21,659.98,642.72,643.02,,,,
2026-05-08,648.04,649.23,644.6,645.92,,,,
2026-05-11,648.97,656.95,648.97,655.18,,,,
2026-05-12,652.14,655.8,645.24,654.23,,,,
2026-05-13,654.52,658.91,652.79,654.21,,,,
2026-05-14,655.83,655.83,647.9,649,,,,
2026-05-15,639.61,639.86,630.78,631.19,,,,
2026-05-18,631.24,637.07,629.24,630.3,,,,
2026-05-19,624.02,624.03,614.51,615.96,,,,
2026-05-20,615.85,625.35,613.88,624.54,,,,
2026-05-21,623.08,632.14,617.47,629.13,,,,
2026-05-22,632,634.28,627.95,631.35,,,,
2026-05-26,636.97,641.74,635.68,639.89,,,,
2026-05-27,639.09,643.05,639.09,639.82,,,,
2026-05-28,636.71,642.82,631.96,641.38,,,,
2026-05-29,639.64,644.03,638.34,638.95,,,,
2026-06-01,631.58,636.76,625.19,635.22,,,,
2026-06-02,634.51,644.26,634.28,642.58,,,,
2026-06-03,640.74,649.19,639.3,644.11,,,,
2026-06-04,646.7,651.58,642.16,644.17,,,,
2026-06-05,640.53,644.15,629.67,631.03,,,,
2026-06-08,631.14,633.21,622.59,622.95,,,,
2026-06-09,630.67,634.35,622.54,633.65,,,,
2026-06-10,631,634.62,617.8,618.12,,,,
2026-06-11,623.97,639.85,623.74,638.27,,,,
2026-06-12,646.19,652.07,641.93,649.96,,,,
2026-06-15,660.56,663.26,655.09,655.41,,,,
2026-06-16,658.07,662.39,657.06,658.74,,,,
2026-06-17,656.19,666.05,647.82,649.83,,,,
2026-06-18,651.12,655.25,647.13,647.38,,,,
2026-06-22,640.69,649.83,640.69,647.81,,,,
2026-06-23,640.41,645.07,636.58,637.45,,,,
2026-06-24,636.61,644.37,636.38,639.56,,,,
2026-06-25,643.78,652.84,642.51,648.47,,,,
2026-06-26,645.3,649.58,643.25,646.63,,,,
2026-06-29,641.68,642.47,630.32,634.61,,,,
2026-06-30,640.49,642.06,635.43,638.08,,,,
2026-07-01,637.19,646.53,633.22,640.19,,,,
2026-07-02,645.28,653.53,644.8,653.53,,,,
2026-07-03,645.28,653.53,644.8,653.53,,,,
2026-07-06,652.67,653.94,644.52,652.37,,,,
2026-07-07,652.34,653.94,643.44,646,,,,
2026-07-08,637.55,637.55,626.02,629.89,,,,
2026-07-09,632.48,634.74,629.26,631.96,,,,
2026-07-13,639.54,643.16,631.42,633.94,,,,
2026-07-14,642.59,645.83,634.75,635.55,,,,
2026-07-15,635.46,637.56,628.41,632.92,,,,
2026-07-16,630.19,636.61,629.97,635.87,,,,
2026-07-17,632.79,641.43,629.14,630.37,,,,
2026-07-20,631.33,632.13,623.4,624.42,,,,
2026-07-21,630.89,630.89,623.08,626.32,,,,
2026-07-22,630.99,636.76,630.27,635.4,,,,
2026-07-23,629.52,636.63,626.92,629.13,,,,
2026-07-24,628.69,638.38,627.26,638.19,,,,
2026-07-27,642.27,642.92,636.28,639.85,,,,
2026-07-28,645.22,656,644.44,650.46,,,,
2026-07-29,648.52,648.52,637.68,643.3,,,,
2026-07-30,648.17,649.82,638.99,644.68,,,,
2026-07-31,634.17,634.17,623.87,627.22,,,,
2026-08-03,631.16,635.2,626.31,635.03,,,,
2026-08-04,640.08,648.39,636.96,647.69,,,,
2026-08-05,655.91,661.53,655.68,657.65,,,,
2026-08-07,657.83,658.34,650.65,652.48,,,,
2026-08-10,661.88,667.02,659.33,666.9,,,,
2026-08-11,665.45,671.39,663.9,666.31,,,,
2026-08-12,667.19,667.19,657.75,658.35,,,,
2026-08-13,657.65,658.45,652.3,653.51,,,,
2026-08-14,654.59,657.82,653.33,656.65,,,,
2026-08-17,654.86,655.44,651.71,653.35,,,,
2026-08-18,653.08,653.61,647.18,647.32,,,,
2026-08-19,657.32,665.29,654.77,658.11,,,,
2026-08-20,653.14,665.25,653.14,657.5,,,,
2026-08-21,666.45,673.89,664.94,671.95,,,,
2026-08-24,676.75,679.98,669.54,673.96,,,,
2026-08-25,672.78,676.95,667.98,676.35,,,,
2026-08-27,676.55,681.64,675.52,676.19,,,,
