Date,Open,High,Low,Close,Volume,TradingValue,UpLimit,LowLimit
2009-01-16,133.28,138.38,124.16,130.1,,,,
2009-03-24,131.39,134.91,78.44,120.8,,,,
2009-03-25,120.75,128.56,117.16,125.78,,,,
2009-03-26,126.27,128.51,123.01,127.57,,,,
2009-03-27,127.57,127.59,122.78,123.12,,,,
2009-03-30,123.12,123.12,111.37,111.52,,,,
2009-03-31,111.52,120.53,111.52,119.01,,,,
2009-04-01,119.01,122.67,115.17,122.09,,,,
2009-04-02,122.09,128.47,122.09,125.65,,,,
2009-04-03,125.65,130.95,123.54,130.95,,,,
2009-04-06,130.95,130.95,125.15,127.11,,,,
2009-04-07,127.11,127.11,122.85,122.99,,,,
2009-04-08,122.94,126.09,121.29,124.05,,,,
2009-04-09,124.05,143.73,124.05,143.29,,,,
2009-04-13,143.29,151.44,139.45,150.18,,,,
2009-04-14,150.18,150.18,138.27,138.65,,,,
2009-04-15,138.65,147.06,135.43,146.36,,,,
2009-04-16,146.36,149.91,142.59,147.28,,,,
2009-04-17,147.28,152.39,144.45,149.18,,,,
2009-04-20,149.18,149.18,132.15,132.15,,,,
2009-04-21,132.15,143,126.78,142.97,,,,
2009-04-22,142.97,146.04,137.27,137.51,,,,
2009-04-23,137.51,144.73,137.51,143.69,,,,
2009-04-24,143.69,149.99,142.25,147.21,,,,
2009-04-27,147.21,147.21,141.9,142.53,,,,
2009-04-28,142.53,143.02,138.83,139.92,,,,
2009-04-29,139.92,147.48,139.92,146.58,,,,
2009-04-30,146.58,149.85,144.58,145.4,,,,
2009-05-01,145.4,146.35,141.9,142.96,,,,
2009-05-04,142.96,157.92,142.96,157.44,,,,
2009-05-05,157.44,158.03,153.9,155.52,,,,
2009-05-06,155.52,168.71,155.52,168.14,,,,
2009-05-07,168.14,175.25,160.44,162.34,,,,
2009-05-08,162.34,175.84,162.34,175.84,,,,
2009-05-11,175.84,175.84,163.85,163.85,,,,
2009-05-12,163.85,166.23,156.2,160.86,,,,
2009-05-13,160.86,160.86,151.83,152.5,,,,
2009-05-14,152.5,159.4,151.62,158.57,,,,
2009-05-15,158.57,159.77,153.55,154.6,,,,
2009-05-18,154.6,166.04,154.6,165.72,,,,
2009-05-19,165.72,167.68,161.32,161.39,,,,
2009-05-20,161.39,166.08,156.44,157.46,,,,
2009-05-21,157.46,159.37,154.84,157.81,,,,
2009-05-22,157.81,158.99,155.9,155.9,,,,
2009-05-26,155.9,162.35,155.01,162.35,,,,
2009-05-27,162.35,163.53,156.1,156.1,,,,
2009-05-28,156.1,161.75,155.33,161.67,,,,
2009-05-29,161.67,164.44,159.5,164.44,,,,
2009-06-01,164.44,168.86,164.31,165.31,,,,
2009-06-02,165.31,165.31,162.27,163.32,,,,
2009-06-03,163.32,163.48,159.42,160.88,,,,
2009-06-04,160.88,167.26,160.88,167.26,,,,
2009-06-05,167.26,169.69,164.13,164.84,,,,
2009-06-08,164.84,168.03,163.62,166.63,,,,
2009-06-09,166.63,168.01,165.76,167.52,,,,
2009-06-10,167.52,168.41,163.23,164.92,,,,
2009-06-11,164.92,168.83,164.9,166.39,,,,
2009-06-12,166.39,167.56,165.95,167.54,,,,
2009-06-15,167.54,167.54,162.48,162.61,,,,
2009-06-16,162.61,163.59,159.77,159.95,,,,
2009-06-17,159.95,159.95,154.27,155.84,,,,
2009-06-18,155.84,160.05,155.84,159.71,,,,
2009-06-19,159.71,163.11,159.2,162.42,,,,
2009-06-22,162.42,162.42,152.4,152.4,,,,
2009-06-23,152.4,155.96,152.25,155.01,,,,
2009-06-24,155.01,158.88,155.01,156.73,,,,
2009-06-25,156.73,159.42,155,159.38,,,,
2009-06-26,159.38,161.1,158,160.35,,,,
2009-06-29,160.35,162.85,159.25,162.58,,,,
2009-06-30,162.58,162.92,159.67,160.76,,,,
2009-07-01,160.76,161.86,159.77,159.96,,,,
2009-07-02,159.96,159.96,153.55,153.55,,,,
2009-07-06,153.55,154.77,151.55,154.77,,,,
2009-07-07,154.77,154.86,151.65,151.8,,,,
2009-07-08,151.8,152.59,145.75,149.24,,,,
2009-07-09,149.24,152.9,149.24,151.26,,,,
2009-07-10,151.26,151.26,148.63,149.33,,,,
2009-07-13,149.33,159.06,149.33,159.06,,,,
2009-07-14,159.06,159.28,156.42,158.56,,,,
2009-07-15,158.56,166.64,158.56,165.07,,,,
2009-07-16,165.07,165.85,161.81,164.67,,,,
2009-07-17,164.67,165.38,162.2,163.39,,,,
2009-07-20,163.39,165.59,163.39,164.73,,,,
2009-07-21,164.73,165.07,161.59,163.42,,,,
2009-07-22,163.42,164.59,160.21,163.18,,,,
2009-07-23,163.18,168.81,162.67,168.02,,,,
2009-07-24,168.02,168.02,165.04,167.45,,,,
2009-07-27,167.45,170.03,167.01,169.94,,,,
2009-07-28,169.94,169.94,167.82,169.31,,,,
2009-07-29,169.31,169.81,167.74,168.88,,,,
2009-07-30,168.88,175.07,168.88,173.36,,,,
2009-07-31,173.36,175.07,172.28,174.88,,,,
2009-08-03,174.88,179.55,174.88,179.55,,,,
2009-08-04,179.55,183.86,177.84,183.26,,,,
2009-08-05,183.26,190.2,183.18,189.37,,,,
2009-08-06,189.37,192.8,186.44,188.06,,,,
2009-08-07,188.06,196.25,188.06,193.14,,,,
2009-08-10,193.14,194.11,189.89,191.88,,,,
2009-08-11,191.88,191.88,184.84,185.1,,,,
2009-08-12,185.1,190.26,184.72,188.83,,,,
2009-08-13,188.83,192.57,188.55,192.53,,,,
2009-08-14,192.53,192.53,188.3,191.58,,,,
2009-08-17,191.58,191.58,183.11,183.42,,,,
2009-08-18,183.42,187.78,183.42,186.95,,,,
2009-08-19,186.95,188.01,184.14,186.85,,,,
2009-08-20,186.85,191.81,186.85,191.7,,,,
2009-08-21,191.7,196.43,191.7,195.8,,,,
2009-08-24,195.8,199.63,193.63,194,,,,
2009-08-25,194,198.24,194,196.17,,,,
2009-08-26,196.17,197.1,193.72,195.93,,,,
2009-08-27,195.93,198.3,193.66,197.83,,,,
2009-08-28,197.83,200.13,196.05,198.13,,,,
2009-08-31,198.13,198.13,194.37,197.37,,,,
2009-09-01,197.37,198.07,186.55,186.98,,,,
2009-09-02,186.98,188,184.82,185.16,,,,
2009-09-03,185.16,189.53,185.16,189.4,,,,
2009-09-04,189.4,191.07,188.41,190.97,,,,
2009-09-08,190.97,193.36,190.77,192.16,,,,
2009-09-09,192.16,195.4,191.92,194.92,,,,
2009-09-10,194.92,196.72,191.85,196.71,,,,
2009-09-11,196.71,197.04,194.88,195.1,,,,
2009-09-14,195.1,198.1,192.62,197.93,,,,
2009-09-15,197.93,199.96,195.79,198.11,,,,
2009-09-16,198.11,204.89,198.11,204.83,,,,
2009-09-17,204.83,207.17,202.83,204.07,,,,
2009-09-18,204.07,205.4,202.76,203.94,,,,
2009-09-21,203.94,203.94,201.29,202.08,,,,
2009-09-22,202.08,206.85,202.08,206.62,,,,
2009-09-23,206.62,207.82,202.3,202.32,,,,
2009-09-24,202.32,204.1,197.29,198.73,,,,
2009-09-25,198.73,198.96,195.04,196.53,,,,
2009-09-28,196.53,203.34,196.53,203.28,,,,
2009-09-29,203.28,205.35,201.84,202.2,,,,
2009-09-30,202.2,203.82,199.07,201.18,,,,
2009-10-01,201.18,201.18,192.25,192.38,,,,
2009-10-02,192.34,194.53,188.3,192.23,,,,
2009-10-05,192.23,198.76,192.23,198.57,,,,
2009-10-06,198.57,203.09,198.2,201.02,,,,
2009-10-07,201.02,203.05,199.61,203.03,,,,
2009-10-08,203.03,205.72,202.87,203.45,,,,
2009-10-09,203.45,205.27,202.54,205.1,,,,
2009-10-12,205.1,206.98,205.01,206.96,,,,
2009-10-13,206.96,206.96,203,204.67,,,,
2009-10-14,204.67,212.04,204.67,211.69,,,,
2009-10-15,211.69,211.69,208.08,210.29,,,,
2009-10-16,210.24,210.24,204.43,204.75,,,,
2009-10-19,204.75,206.81,203.94,205.69,,,,
2009-10-20,205.66,206.59,203.82,204.3,,,,
2009-10-21,204.31,206.97,200.3,200.41,,,,
2009-10-22,200.41,206.54,200.41,206.26,,,,
2009-10-23,206.26,207.19,202,203.05,,,,
2009-10-26,203.02,203.62,197,197.95,,,,
2009-10-27,197.95,198.83,195.34,196.58,,,,
2009-10-28,196.58,196.58,190.03,190.23,,,,
2009-10-29,190.23,198.58,190.23,198.47,,,,
2009-10-30,198.47,198.47,188.06,189.03,,,,
2009-11-02,189.03,193.82,185.61,190.61,,,,
2009-11-03,190.61,191.92,187.52,191.43,,,,
2009-11-04,191.43,194.5,188.25,188.54,,,,
2009-11-05,188.54,193.47,188.54,193.32,,,,
2009-11-06,193.32,193.32,190.1,192.45,,,,
2009-11-09,192.45,199.47,192.45,199.43,,,,
2009-11-10,199.41,199.83,196.79,198.54,,,,
2009-11-11,198.54,203.34,198.54,201.31,,,,
2009-11-12,201.31,202.01,197.06,197.6,,,,
2009-11-13,197.6,198.47,195.53,197.05,,,,
2009-11-16,197.2,201.73,197.2,199.48,,,,
2009-11-17,199.47,199.95,198.11,199.62,,,,
2009-11-18,199.6,201.5,199.2,201.4,,,,
2009-11-19,201.39,201.4,196.65,197.33,,,,
2009-11-20,197.32,197.32,195.43,196.2,,,,
2009-11-23,196.2,200.36,196.2,199.08,,,,
2009-11-24,199.07,199.07,196.47,197.58,,,,
2009-11-25,197.59,198.29,196.7,197.17,,,,
2009-11-27,197.17,197.17,191.48,191.76,,,,
2009-11-30,191.77,197.35,191.77,197.02,,,,
2009-12-01,196.99,198.56,196.09,197.21,,,,
2009-12-02,197.21,197.83,195.93,196.98,,,,
2009-12-03,197,200.57,192.49,192.92,,,,
2009-12-04,192.92,197.23,192.92,196.33,,,,
2009-12-07,196.33,196.82,192.67,193.17,,,,
2009-12-08,193.1,193.1,191.03,191.45,,,,
2009-12-09,191.45,193.15,190.52,192.2,,,,
2009-12-10,192.21,193.47,191.04,191.81,,,,
2009-12-11,191.89,193.24,191.42,193.14,,,,
2009-12-14,193.18,194.41,191.87,194.27,,,,
2009-12-15,194.23,194.23,190.45,190.95,,,,
2009-12-16,191.04,193.52,191.04,192.23,,,,
2009-12-17,192.23,192.23,188.75,188.75,,,,
2009-12-18,188.84,191.6,188.84,191.37,,,,
2009-12-21,191.36,194.26,191.36,194.2,,,,
2009-12-22,194.22,194.97,193.89,194.79,,,,
2009-12-23,194.82,195.32,193.71,194.1,,,,
2009-12-24,194.1,195.77,194.1,195.77,,,,
2009-12-28,195.79,196.54,194.35,195.17,,,,
2009-12-29,195.17,195.71,194.24,194.35,,,,
2009-12-30,194.31,194.5,193.17,194.5,,,,
2009-12-31,194.5,195.53,193.78,193.78,,,,
2010-01-04,193.78,198.2,193.78,197.79,,,,
2010-01-05,197.66,201.37,197.66,201.15,,,,
2010-01-06,201.15,202.63,199.94,202,,,,
2010-01-07,202,207.28,201.57,206.21,,,,
2010-01-08,206.17,206.17,203.34,205.09,,,,
2010-01-11,205.11,206.63,203.98,205.15,,,,
2010-01-12,205.14,205.14,200.85,201.88,,,,
2010-01-13,201.91,205.02,200.6,204.24,,,,
2010-01-14,204.22,205.98,203.29,205.54,,,,
2010-01-15,205.5,205.5,200.92,201.35,,,,
2010-01-19,201.35,203.77,199.33,203.64,,,,
2010-01-20,203.25,204.52,201.14,203.37,,,,
2010-01-21,203.47,204.33,196.59,197.35,,,,
2010-01-22,197.35,197.62,189.94,190.93,,,,
2010-01-25,191.11,194.29,190.14,191.94,,,,
2010-01-26,191.94,193.86,188.48,188.7,,,,
2010-01-27,188.7,193.5,188.37,193.07,,,,
2010-01-28,193.26,194.67,189.92,192.29,,,,
2010-01-29,192.29,195.04,190.45,190.92,,,,
2010-02-01,190.94,194.5,190.94,193.98,,,,
2010-02-02,194.02,196.47,193.61,196.15,,,,
2010-02-03,196.02,196.23,193.24,193.51,,,,
2010-02-04,193.22,193.22,185.43,185.48,,,,
2010-02-05,185.7,188,181.83,187.74,,,,
2010-02-08,187.74,187.94,183.55,183.6,,,,
2010-02-09,183.72,186.98,183.07,185.62,,,,
2010-02-10,185.54,189.08,184.85,187.15,,,,
2010-02-11,187.07,188.42,185.42,187.56,,,,
2010-02-12,187.06,187.47,184.23,187.02,,,,
2010-02-16,187.04,191.78,187.04,191.63,,,,
2010-02-17,191.75,193,191.26,192.36,,,,
2010-02-18,192.21,193.93,191.44,193.44,,,,
2010-02-19,193.46,195.14,192.65,194.6,,,,
2010-02-22,194.6,198.06,194.6,196.82,,,,
2010-02-23,196.82,197.49,192.73,193.31,,,,
2010-02-24,193.31,196.95,193.31,196.68,,,,
2010-02-25,196.63,196.63,192.94,196.03,,,,
2010-02-26,196.05,198.15,195.16,197.43,,,,
2010-03-01,197.43,198.45,196.84,198.16,,,,
2010-03-02,198.18,200.46,198.18,198.73,,,,
2010-03-03,198.73,200.23,198.3,198.83,,,,
2010-03-04,199.06,200.9,199.06,200.65,,,,
2010-03-05,200.65,204.99,200.65,204.73,,,,
2010-03-08,204.73,205.76,204.73,205.04,,,,
2010-03-09,203.89,206.93,203.32,205.6,,,,
2010-03-10,205.61,209.15,205.61,207.91,,,,
2010-03-11,207.91,209.8,207.14,209.8,,,,
2010-03-12,209.82,211.07,208.03,208.94,,,,
2010-03-15,208.93,209.2,206.6,208.78,,,,
2010-03-16,208.79,211.5,208.79,211.43,,,,
2010-03-17,211.43,214.56,211.43,213.74,,,,
2010-03-18,213.74,213.74,211.53,212.76,,,,
2010-03-19,212.8,213.53,210.58,211.19,,,,
2010-03-22,211.13,212.57,209.24,212.41,,,,
2010-03-23,212.42,214.22,211.91,214.04,,,,
2010-03-24,214.03,215.37,213.33,214.4,,,,
2010-03-25,214.44,219.74,214.44,215.32,,,,
2010-03-26,215.32,218.21,214.44,215.55,,,,
2010-03-29,215.62,217.24,214.51,215.96,,,,
2010-03-30,215.96,216.42,213.89,214.39,,,,
2010-03-31,214.36,215.58,212.97,214.75,,,,
2010-04-01,214.75,217.15,214.75,216.74,,,,
2010-04-05,216.76,218.91,216.76,218.9,,,,
2010-04-06,218.9,221.44,218.23,221.19,,,,
2010-04-07,221.19,222.28,218.95,220,,,,
2010-04-08,219.98,222.47,218.47,221.83,,,,
2010-04-09,221.85,223.24,221.43,222.82,,,,
2010-04-12,222.83,224.49,222.83,223.83,,,,
2010-04-13,223.82,224.29,222.37,223.83,,,,
2010-04-14,223.84,229.77,223.84,229.75,,,,
2010-04-15,229.77,230.45,227.94,228.64,,,,
2010-04-16,228.64,228.64,216.6,219.93,,,,
2010-04-19,219.93,222.68,218.01,222.35,,,,
2010-04-20,222.35,225.32,222.35,225.26,,,,
2010-04-21,225.27,227.42,221.57,224.05,,,,
2010-04-22,223.88,225.83,220.88,225.33,,,,
2010-04-23,225.32,226.76,224.49,226.22,,,,
2010-04-26,226.22,226.22,222.04,222.31,,,,
2010-04-27,222.31,222.31,214.49,214.87,,,,
2010-04-28,214.93,219.38,214.93,217.64,,,,
2010-04-29,217.64,224.12,217.64,223.06,,,,
2010-04-30,223.06,223.06,217.19,217.54,,,,
2010-05-03,217.54,222.16,217.54,221.54,,,,
2010-05-04,221.54,221.54,214.46,215.53,,,,
2010-05-05,215.53,217.94,211.46,214.5,,,,
2010-05-06,214.51,215.71,196.63,205.69,,,,
2010-05-07,205.69,208.88,200.28,203.16,,,,
2010-05-10,203.31,215.46,203.31,214.5,,,,
2010-05-11,214.5,217,211.19,213.47,,,,
2010-05-12,213.51,216.04,213.26,215.84,,,,
2010-05-13,215.83,215.83,212.16,212.25,,,,
2010-05-14,212.24,212.24,204.45,206.47,,,,
2010-05-17,206.51,208.25,201.72,206.46,,,,
2010-05-18,206.46,208.75,199.33,200.69,,,,
2010-05-19,200.69,202.91,197.03,201.04,,,,
2010-05-20,200.93,200.93,191.54,191.56,,,,
2010-05-21,191.56,198.89,189.41,198.5,,,,
2010-05-24,198.47,198.79,192.57,192.78,,,,
2010-05-25,192.55,194.56,186.35,194.39,,,,
2010-05-26,194.43,197.93,192.31,193.14,,,,
2010-05-27,193.36,201.93,193.36,201.74,,,,
2010-05-28,201.75,201.75,196.82,197.42,,,,
2010-06-01,197.39,198.04,193.08,193.31,,,,
2010-06-02,193.32,199.34,193.32,199.19,,,,
2010-06-03,199.19,200.39,196.23,198.15,,,,
2010-06-04,198.13,198.13,189.41,190.3,,,,
2010-06-07,190.32,191.95,186.2,186.43,,,,
2010-06-08,186.43,190.46,184.24,190.19,,,,
2010-06-09,190.22,193.1,187.64,188.35,,,,
2010-06-10,188.41,194.87,188.41,194.63,,,,
2010-06-11,194.6,195.66,192.42,195.34,,,,
2010-06-14,195.34,197.48,194,194.04,,,,
2010-06-15,194.12,199.13,194.12,199.02,,,,
2010-06-16,198.97,199.97,197.33,199.06,,,,
2010-06-17,199.06,199.8,196.61,198.78,,,,
2010-06-18,198.79,200.07,198.4,199.84,,,,
2010-06-21,199.86,202.57,198.48,199.3,,,,
2010-06-22,199.3,200.39,196.15,196.29,,,,
2010-06-23,196.29,197.44,194.27,195.7,,,,
2010-06-24,195.68,195.68,191.16,191.65,,,,
2010-06-25,191.72,197.52,191.72,197.03,,,,
2010-06-28,197.03,197.52,194.79,195.27,,,,
2010-06-29,195.27,195.27,186.7,187.69,,,,
2010-06-30,187.69,189.95,185.18,185.64,,,,
2010-07-01,185.63,186.87,179.77,184.07,,,,
2010-07-02,184.07,185.71,180.54,182.08,,,,
2010-07-06,182.16,186.81,181,183.12,,,,
2010-07-07,183.13,191.5,183.13,191.24,,,,
2010-07-08,191.24,193.6,189.6,192.47,,,,
2010-07-09,192.47,195.54,191.73,195.51,,,,
2010-07-12,195.49,195.91,193.2,195.55,,,,
2010-07-13,195.55,201.31,195.55,200.62,,,,
2010-07-14,200.59,200.59,196.86,198.79,,,,
2010-07-15,198.79,199.49,194.18,198.6,,,,
2010-07-16,198.58,198.58,189.63,189.92,,,,
2010-07-19,189.92,191.17,186.95,189.97,,,,
2010-07-20,189.8,192.27,186.48,192.15,,,,
2010-07-21,192.2,195.03,188.43,188.71,,,,
2010-07-22,188.71,195.2,188.71,194.56,,,,
2010-07-23,194.54,196.38,192.39,195.94,,,,
2010-07-27,199.04,201.99,198.91,199.19,,,,
2010-07-28,199.2,199.58,196.77,197.32,,,,
2010-07-29,197.38,199.91,195.74,197.97,,,,
2010-07-30,197.97,199.12,195.94,197.92,,,,
2010-08-02,197.92,203.05,197.92,203,,,,
2010-08-03,202.99,202.99,200.37,200.73,,,,
2010-08-04,200.73,201.97,200.23,201.28,,,,
2010-08-05,201.27,201.27,199.35,200.52,,,,
2010-08-06,200.47,200.47,196.16,198.87,,,,
2010-08-09,198.9,200.32,197.88,200.06,,,,
2010-08-10,200.04,200.04,196.73,197.99,,,,
2010-08-11,197.99,197.99,190.88,190.88,,,,
2010-08-12,190.84,190.88,189.16,189.7,,,,
2010-08-13,189.68,191.31,189.09,189.09,,,,
2010-08-16,189.06,189.4,187.77,188.69,,,,
2010-08-17,188.7,191.87,188.7,190.08,,,,
2010-08-18,190.08,192.17,189.43,190.85,,,,
2010-08-19,190.81,190.81,186.07,186.26,,,,
2010-08-20,186.26,186.31,184.2,185.83,,,,
2010-08-23,185.85,187.06,184.68,184.72,,,,
2010-08-24,184.68,184.68,181.13,181.56,,,,
2010-08-25,181.52,182.8,178.81,182.08,,,,
2010-08-26,182.08,184.22,180.19,180.48,,,,
2010-08-27,180.5,184.71,179.66,184.71,,,,
2010-08-30,184.66,184.66,180.59,180.61,,,,
2010-08-31,180.58,182.91,179.22,182.27,,,,
2010-09-01,182.35,189.43,182.35,189.29,,,,
2010-09-02,189.29,191.13,188.96,191.08,,,,
2010-09-03,191.1,195.24,191.1,195.19,,,,
2010-09-07,195.18,195.18,190.5,190.56,,,,
2010-09-08,190.56,193.88,190.56,192.73,,,,
2010-09-09,192.84,196.55,192.84,194.95,,,,
2010-09-10,194.96,195.9,194.53,195.1,,,,
2010-09-13,195.24,199.89,195.24,199.52,,,,
2010-09-14,199.5,199.5,196.65,197.54,,,,
2010-09-15,197.49,198.58,195.58,198.27,,,,
2010-09-16,198.27,198.27,196.6,197.56,,,,
2010-09-17,197.6,198.79,196.43,196.53,,,,
2010-09-20,196.53,200.99,196.53,200.52,,,,
2010-09-21,200.52,201.5,198.09,198.45,,,,
2010-09-22,198.45,199.05,195.06,195.26,,,,
2010-09-23,195.24,195.24,191.24,191.43,,,,
2010-09-24,191.49,196.73,191.49,196.72,,,,
2010-09-27,196.72,196.72,194.24,194.39,,,,
2010-09-28,194.4,195.39,192.81,195,,,,
2010-09-29,194.97,195.13,192.54,193.39,,,,
2010-09-30,193.43,196.78,193.05,193.18,,,,
2010-10-01,193.23,195.82,193.01,195.21,,,,
2010-10-04,195.2,196.23,192.98,193.76,,,,
2010-10-05,193.8,198.93,193.8,198.34,,,,
2010-10-07,198.29,199.56,196.35,197.42,,,,
2010-10-08,197.42,198.19,196.72,197.62,,,,
2010-10-11,197.62,198.14,196.79,197.33,,,,
2010-10-12,197.4,200.08,196.19,199.91,,,,
2010-10-13,199.95,201.8,199.51,199.9,,,,
2010-10-14,199.9,199.9,194.56,196.27,,,,
2010-10-15,196.27,197.33,191.87,192.92,,,,
2010-10-18,192.96,197.43,192.93,197.43,,,,
2010-10-19,197.38,198.67,194.03,194.66,,,,
2010-10-20,194.66,197.64,193.24,196.84,,,,
2010-10-21,196.82,198.81,195.32,196.47,,,,
2010-10-22,196.54,197.6,195.92,196.61,,,,
2010-10-25,196.67,198.27,195.54,195.81,,,,
2010-10-26,195.8,196.39,194.62,196.06,,,,
2010-10-27,196.04,196.65,194.92,196.24,,,,
2010-10-28,196.27,197.68,195.01,196.11,,,,
2010-10-29,196.14,196.21,194.93,195.83,,,,
2010-11-01,195.83,197.63,194.13,195.8,,,,
2010-11-02,195.81,197.12,195.81,196.31,,,,
2010-11-03,196.3,198.31,195.26,198.28,,,,
2010-11-04,198.37,205.23,198.37,205.06,,,,
2010-11-05,205.02,210.74,204.83,209.41,,,,
2010-11-08,209.38,209.38,206.04,207.79,,,,
2010-11-09,207.82,208.11,202.69,203.27,,,,
2010-11-10,203.3,206.15,202.2,206.02,,,,
2010-11-11,206.02,206.02,203.17,204.09,,,,
2010-11-12,204.09,204.09,200.29,200.97,,,,
2010-11-15,200.97,204.21,200.97,201.79,,,,
2010-11-16,201.79,201.79,196.75,198.1,,,,
2010-11-17,198.1,198.76,196.59,196.96,,,,
2010-11-18,197.02,201.01,197.02,199.78,,,,
2010-11-19,199.74,199.74,197.81,199.46,,,,
2010-11-22,199.42,199.42,195.44,196.65,,,,
2010-11-23,196.53,196.53,193.39,193.47,,,,
2010-11-24,193.55,196.66,193.55,196.63,,,,
2010-11-25,196.63,196.63,196.63,196.63,,,,
2010-11-26,196.63,196.63,194.3,194.41,,,,
2010-11-29,194.37,195.99,193.02,195.52,,,,
2010-11-30,195.4,195.62,193.52,194.14,,,,
2010-12-01,194.14,198.2,194.14,198.19,,,,
2010-12-02,198.19,203.39,198.19,203.37,,,,
2010-12-03,203.32,204.26,200.95,203.97,,,,
2010-12-06,203.98,204.2,202.61,203.53,,,,
2010-12-07,203.63,206,203.37,203.46,,,,
2010-12-08,203.47,207.15,203.47,207.14,,,,
2010-12-09,207.14,210.11,207.14,209.82,,,,
2010-12-10,209.86,211.75,209.17,211.67,,,,
2010-12-13,211.66,212.95,210.91,211.41,,,,
2010-12-14,211.42,212.17,208.77,209.43,,,,
2010-12-15,209.45,210.24,207.51,207.65,,,,
2010-12-16,207.75,209.49,207.1,208.14,,,,
2010-12-17,208.13,209.33,207.4,208.72,,,,
2010-12-20,208.72,210.14,208.71,209.5,,,,
2010-12-21,209.5,213.06,209.5,212.92,,,,
2010-12-22,212.95,215.8,212.95,215.27,,,,
2010-12-23,215.22,215.22,213.04,213.62,,,,
2010-12-27,213.6,215.68,212.77,215.65,,,,
2010-12-28,215.65,216.28,215.21,215.71,,,,
2010-12-29,215.72,216.03,215,215.08,,,,
2010-12-30,215.08,215.08,213.89,214.32,,,,
2010-12-31,214.3,215.1,213.82,214.77,,,,
2011-01-03,214.78,219.99,214.78,219.71,,,,
2011-01-04,219.71,220.26,217.49,219.19,,,,
2011-01-05,219.14,222.13,218.4,221.8,,,,
2011-01-06,221.8,222.36,220.23,220.41,,,,
2011-01-07,220.41,221.31,215.78,218.38,,,,
2011-01-10,218.36,218.5,215.94,217.73,,,,
2011-01-11,217.77,220.11,217.75,218.83,,,,
2011-01-12,218.85,222.49,218.85,222.49,,,,
2011-01-13,222.49,222.91,220.88,221.59,,,,
2011-01-14,221.59,225.66,221.45,225.42,,,,
2011-01-18,225.42,225.42,222.76,223.68,,,,
2011-01-19,223.67,223.67,218.3,218.76,,,,
2011-01-20,218.88,220.65,217.99,219.84,,,,
2011-01-21,219.89,222.7,219.89,221.68,,,,
2011-01-24,221.68,222.15,220.73,221.49,,,,
2011-01-25,221.46,221.55,218.3,220.98,,,,
2011-01-26,221,222.16,220.54,220.73,,,,
2011-01-27,220.73,222.67,220.6,222.66,,,,
2011-01-28,222.69,224.27,218.47,218.56,,,,
2011-01-31,218.57,221.18,218.57,220.7,,,,
2011-02-01,220.7,225.73,220.7,225.51,,,,
2011-02-02,225.5,225.5,223.38,223.5,,,,
2011-02-03,223.5,224,221.56,223.61,,,,
2011-02-04,223.61,223.71,221.89,223.52,,,,
2011-02-07,223.55,227.22,223.55,226.93,,,,
2011-02-08,226.92,228.67,226.25,228.44,,,,
2011-02-09,228.42,228.42,225.26,226.76,,,,
2011-02-10,226.72,226.98,225.34,226.76,,,,
2011-02-11,226.74,230.44,225.54,229.9,,,,
2011-02-14,229.9,230.31,228.96,230.06,,,,
2011-02-15,230.05,230.68,228.98,229.61,,,,
2011-02-16,229.64,231.18,229.61,230.92,,,,
2011-02-17,230.92,231.09,229.64,230.68,,,,
2011-02-18,230.68,231.17,230.19,231.16,,,,
2011-02-22,231.12,231.12,223.48,224.01,,,,
2011-02-23,224.02,225.56,220.45,223.09,,,,
2011-02-24,223.09,223.35,219.89,222.58,,,,
2011-02-25,222.61,226.01,222.61,225.73,,,,
2011-02-28,225.75,227.78,225.71,226.78,,,,
2011-03-01,226.78,226.94,221.82,221.83,,,,
2011-03-02,221.82,222.45,219.79,220.37,,,,
2011-03-03,220.37,225.37,220.37,225.1,,,,
2011-03-04,225.1,225.1,220.65,222.13,,,,
2011-03-07,222.16,223.73,219.87,220.65,,,,
2011-03-08,220.65,225.92,220.65,225.57,,,,
2011-03-09,225.56,226.47,223.82,225.38,,,,
2011-03-10,225.38,225.38,220.51,220.75,,,,
2011-03-11,220.74,222.92,220,222.56,,,,
2011-03-14,222.55,222.55,218.56,220.37,,,,
2011-03-15,220.33,220.33,214.04,217.68,,,,
2011-03-16,217.68,218.04,212.42,213.56,,,,
2011-03-17,213.63,216.89,213.63,216.49,,,,
2011-03-18,216.49,220.93,216.49,218.96,,,,
2011-03-21,218.97,221.69,218.97,220.34,,,,
2011-03-22,220.33,220.48,219.12,219.17,,,,
2011-03-23,219.15,219.18,216.01,218.52,,,,
2011-03-24,218.58,219.74,217.22,219.59,,,,
2011-03-25,219.6,221.05,219.27,220.06,,,,
2011-03-28,220.06,221.02,219.39,219.39,,,,
2011-03-29,219.39,220.07,217.86,220.07,,,,
2011-03-30,220.07,222.39,220.07,221.69,,,,
2011-03-31,221.69,221.69,220.07,220.71,,,,
2011-04-01,220.73,223.67,220.73,222.48,,,,
2011-04-04,222.49,223.4,221.47,222.32,,,,
2011-04-05,222.32,222.61,221.38,222.09,,,,
2011-04-06,222.1,224.87,222.1,224.62,,,,
2011-04-07,224.62,225.46,222.99,223.63,,,,
2011-04-08,223.63,225.01,221.15,221.7,,,,
2011-04-11,221.7,223.2,221.15,221.58,,,,
2011-04-12,221.58,222,219.41,220.72,,,,
2011-04-13,220.76,222.29,218.4,219,,,,
2011-04-14,219,219,216.16,217.13,,,,
2011-04-15,217.14,218.63,216.8,217.27,,,,
2011-04-18,217.25,217.25,213.13,214.31,,,,
2011-04-19,214.3,215.47,213.55,215.1,,,,
2011-04-20,215.1,216.42,214.8,215.65,,,,
2011-04-21,215.6,217.11,215.28,216.86,,,,
2011-04-25,216.86,217.25,216.28,216.56,,,,
2011-04-26,216.56,218.14,216.56,217.79,,,,
2011-04-27,217.79,219.6,217.36,219.18,,,,
2011-04-28,219.18,221.14,218.85,220.94,,,,
2011-04-29,220.94,220.94,219.63,220.49,,,,
2011-05-02,220.49,221.43,219.34,219.67,,,,
2011-05-03,219.67,220.9,219.02,220.52,,,,
2011-05-04,220.51,220.57,218.07,218.45,,,,
2011-05-05,218.44,218.44,215.05,215.97,,,,
2011-05-06,215.99,218.8,215.99,216.69,,,,
2011-05-09,216.69,216.69,215.1,216.3,,,,
2011-05-10,216.31,218.59,216.31,218.34,,,,
2011-05-11,218.34,218.34,215.07,215.44,,,,
2011-05-12,215.44,215.45,212.83,215.25,,,,
2011-05-13,215.25,215.45,211.87,212.08,,,,
2011-05-16,212.06,214.22,210.87,211.82,,,,
2011-05-17,211.82,213.46,210.95,213.34,,,,
2011-05-18,213.33,214.45,212.53,214.39,,,,
2011-05-19,214.4,215.08,213.58,214.51,,,,
2011-05-20,214.5,214.6,211.17,211.36,,,,
2011-05-23,211.3,211.3,208.44,208.55,,,,
2011-05-24,208.55,209.26,207.01,208.24,,,,
2011-05-25,208.22,209.43,207.21,208.34,,,,
2011-05-26,208.34,210.1,207.41,209.35,,,,
2011-05-27,209.35,211.6,209.35,211.05,,,,
2011-05-31,211.07,213.5,211.07,213.09,,,,
2011-06-01,213.09,213.09,205.54,205.67,,,,
2011-06-02,205.67,207.29,204.46,205.99,,,,
2011-06-03,205.95,206.8,203.63,204.6,,,,
2011-06-06,204.6,204.6,200.13,200.53,,,,
2011-06-07,200.54,202.7,200.06,200.14,,,,
2011-06-08,200.11,200.87,198,198.26,,,,
2011-06-09,198.27,201.45,198.27,200.62,,,,
2011-06-10,200.62,200.95,196.5,199.2,,,,
2011-06-13,199.2,201.84,198.93,201.27,,,,
2011-06-14,201.29,204.1,201.29,202.29,,,,
2011-06-15,202.29,202.29,196.6,197.86,,,,
2011-06-16,197.86,200.14,196.8,198.99,,,,
2011-06-17,199,201.49,199,201.03,,,,
2011-06-20,200.81,201.78,199.21,200.67,,,,
2011-06-21,200.7,203.71,200.7,203.44,,,,
2011-06-22,203.42,204.68,202.07,202.1,,,,
2011-06-23,202.07,202.07,197.86,200.14,,,,
2011-06-24,200.15,200.66,197.98,198.77,,,,
2011-06-27,198.78,201.57,198.78,201.02,,,,
2011-06-28,201.03,201.86,200.53,201.85,,,,
2011-06-29,201.86,206.31,201.86,206.08,,,,
2011-06-30,206.08,207.51,205.09,206.87,,,,
2011-07-01,206.88,210.81,206.61,210.45,,,,
2011-07-05,210.44,210.44,207.69,208.69,,,,
2011-07-06,208.68,208.68,205.9,207.54,,,,
2011-07-07,207.55,211.38,207.55,210.81,,,,
2011-07-08,210.78,210.78,206.82,208.06,,,,
2011-07-11,208.03,208.03,201.63,202.22,,,,
2011-07-12,202.22,204.49,201.6,201.65,,,,
2011-07-13,201.66,204.74,201.66,201.98,,,,
2011-07-14,201.99,203.62,200.25,200.42,,,,
2011-07-15,200.42,201.88,198.39,199.93,,,,
2011-07-18,199.9,199.9,194.97,197.17,,,,
2011-07-19,197.17,200.15,197.17,199.85,,,,
2011-07-20,199.87,202.87,199.87,202,,,,
2011-07-21,202,207.45,202,207,,,,
2011-07-22,207.01,207.16,205.47,206.45,,,,
2011-07-25,206.45,206.45,203.2,204.71,,,,
2011-07-26,204.71,205.59,203.45,204.36,,,,
2011-07-27,204.36,204.36,199.37,199.6,,,,
2011-07-28,199.61,202.04,199.3,199.69,,,,
2011-07-29,199.69,201.1,197.03,199.18,,,,
2011-08-01,199.21,202.06,196.99,201.84,,,,
2011-08-02,198.5,198.5,193.02,193.02,,,,
2011-08-03,193.02,194.28,190.27,194.03,,,,
2011-08-04,194,194,183.84,183.98,,,,
2011-08-05,184.06,186.99,177.33,180.79,,,,
2011-08-08,180.72,180.72,161.82,162.74,,,,
2011-08-09,162.75,176.13,161.96,176.1,,,,
2011-08-10,176.04,176.04,163.31,163.58,,,,
2011-08-11,163.58,176.32,163.58,173.83,,,,
2011-08-15,171.75,177.35,171.75,177.31,,,,
2011-08-16,177.27,177.27,172.47,173.9,,,,
2011-08-17,173.9,177.25,173.56,175.31,,,,
2011-08-18,174.85,174.85,164.73,168.8,,,,
2011-08-19,166.17,168.65,162.64,164.21,,,,
2011-08-22,163.06,166.51,160.67,160.97,,,,
2011-08-23,160.97,166.2,158.9,166.19,,,,
2011-08-24,166.17,171.09,165.71,170.89,,,,
2011-08-25,170.93,179.13,168.01,170.11,,,,
2011-08-26,170.1,173.15,165.76,171.82,,,,
2011-08-29,171.93,179.01,171.93,175.11,,,,
2011-08-30,178.98,179.03,175.17,177.67,,,,
2011-08-31,177.69,181.11,177.69,179.83,,,,
2011-09-01,179.83,180.21,175.49,175.56,,,,
2011-09-02,175.56,175.56,168.16,168.53,,,,
2011-09-06,168.48,168.48,162.45,165.55,,,,
2011-09-07,165.56,173.58,165.56,173.51,,,,
2011-09-08,173.43,173.43,169.22,169.56,,,,
2011-09-09,169.55,169.55,163.7,164.21,,,,
2011-09-12,164.21,166.23,161.66,166.22,,,,
2011-09-13,166.22,169,165.37,167.27,,,,
2011-09-14,167.3,171.22,165.18,169.32,,,,
2011-09-15,169.36,173.66,169.36,173.66,,,,
2011-09-16,173.67,175.75,171.25,174.96,,,,
2011-09-19,174,174,167.91,169.23,,,,
2011-09-20,169.23,171.5,168.81,168.81,,,,
2011-09-21,168.82,169.35,160.4,160.47,,,,
2011-09-22,160.4,160.4,152.98,155.68,,,,
2011-09-23,155.67,158.02,154.66,157.48,,,,
2011-09-26,157.48,164.76,157.48,164.43,,,,
2011-09-27,164.43,169.71,163.95,165.1,,,,
2011-09-28,165.1,166.24,160.17,160.3,,,,
2011-09-29,160.3,165.8,160.3,164.85,,,,
2011-09-30,164.73,164.73,159.03,159.05,,,,
2011-10-03,159.04,160.67,151.78,151.85,,,,
2011-10-04,151.84,158.32,147.48,158.08,,,,
2011-10-05,158.07,160.85,154.46,159.98,,,,
2011-10-06,159.98,165.39,157.29,165.14,,,,
2011-10-07,165.18,165.58,159,159.08,,,,
2011-10-10,159.12,167.31,159.12,167.26,,,,
2011-10-11,167.21,168.59,164.66,167.15,,,,
2011-10-12,167.2,174.35,167.2,171.61,,,,
2011-10-13,171.59,171.59,165.26,167.53,,,,
2011-10-14,167.53,170.68,166.82,169.9,,,,
2011-10-17,169.89,169.89,163.9,164.22,,,,
2011-10-18,164.26,173.92,164.26,172.38,,,,
2011-10-19,172.38,174.93,169.02,169.43,,,,
2011-10-20,169.43,172.86,167.51,172.49,,,,
2011-10-21,172.57,176.77,172.57,176.57,,,,
2011-10-24,176.57,180.82,176.57,180.42,,,,
2011-10-25,180.25,180.25,174.37,174.87,,,,
2011-10-26,174.92,179.29,174.69,178.28,,,,
2011-10-27,178.39,190.61,178.39,189.27,,,,
2011-10-28,189.27,189.62,186.51,188.86,,,,
2011-10-31,188.81,188.81,181.51,181.58,,,,
2011-11-01,181.56,181.56,172.81,173.02,,,,
2011-11-02,173.12,178.5,173.12,177.88,,,,
2011-11-03,177.88,181.67,174.91,181.19,,,,
2011-11-04,181.19,181.19,176.55,178.65,,,,
2011-11-07,178.64,179.52,176.31,179.44,,,,
2011-11-08,179.47,183.39,179,182.9,,,,
2011-11-09,182.72,182.72,172.49,172.95,,,,
2011-11-10,172.95,175.66,172.47,173.91,,,,
2011-11-11,173.93,178.54,173.93,177.77,,,,
2011-11-14,177.77,177.77,173.04,174.16,,,,
2011-11-15,174.16,176.27,172.39,174.89,,,,
2011-11-16,174.83,174.83,170.33,170.54,,,,
2011-11-17,170.53,171.16,166.13,166.97,,,,
2011-11-18,166.98,168.64,166.7,167.87,,,,
2011-11-21,167.87,167.87,162.47,163.63,,,,
2011-11-22,163.63,164.33,161.85,162.12,,,,
2011-11-23,162.12,162.12,157.44,157.44,,,,
2011-11-25,157.44,160.54,157.41,158.13,,,,
2011-11-28,158.15,164.05,158.15,162.79,,,,
2011-11-29,162.79,163.74,161.43,161.82,,,,
2011-11-30,161.94,172.61,161.94,172.46,,,,
2011-12-01,172.45,172.45,168.99,170.82,,,,
2011-12-02,170.9,176.41,170.9,173.14,,,,
2011-12-05,173.14,178.76,173.14,176.79,,,,
2011-12-06,176.79,177.85,174.79,176.64,,,,
2011-12-07,176.64,179.46,174.13,178.73,,,,
2011-12-08,178.71,178.71,171.48,172.1,,,,
2011-12-09,172.1,176.64,172.1,176.04,,,,
2011-12-12,176.04,176.04,170.28,171.49,,,,
2011-12-13,171.49,173.62,167.1,168.96,,,,
2011-12-14,168.95,170.4,167.3,168.45,,,,
2011-12-15,168.48,171.07,168.29,168.45,,,,
2011-12-16,168.48,171.57,168.48,169.32,,,,
2011-12-19,169.32,169.67,164.83,165.37,,,,
2011-12-20,165.38,172.31,165.38,171.7,,,,
2011-12-21,171.7,172.93,170.15,172.7,,,,
2011-12-22,172.7,176.59,172.7,176.24,,,,
2011-12-23,176.25,177.56,175.92,177.55,,,,
2011-12-27,177.54,178.12,176.34,176.34,,,,
2011-12-28,176.34,176.39,173.43,173.53,,,,
2011-12-29,173.55,176.34,173.55,176.33,,,,
2011-12-30,176.33,176.33,175.22,175.23,,,,
2012-01-03,175.29,181.57,175.29,180.06,,,,
2012-01-04,180.06,180.06,177.23,179.12,,,,
2012-01-05,179.12,182.57,176.88,181.61,,,,
2012-01-06,181.61,181.75,179.41,180.58,,,,
2012-01-09,180.58,182.22,180.41,181.49,,,,
2012-01-10,181.49,185.35,181.49,185.06,,,,
2012-01-11,185.06,187.02,183.42,186.88,,,,
2012-01-12,186.88,188.46,185.27,187.67,,,,
2012-01-13,187.67,187.67,183.03,186.16,,,,
2012-01-17,186.16,188.15,184.09,184.71,,,,
2012-01-18,184.71,187.8,183.59,187.79,,,,
2012-01-19,187.82,189.79,187.82,189.42,,,,
2012-01-20,189.42,190.74,188.15,190.73,,,,
2012-01-23,190.73,192.55,190.08,191.26,,,,
2012-01-24,191.26,191.26,188.35,190.88,,,,
2012-01-25,190.87,191.73,189.39,191.34,,,,
2012-01-26,191.35,193.08,188.64,189.63,,,,
2012-01-27,189.61,190.91,188.48,190.31,,,,
2012-01-30,190.31,190.31,187.02,188.4,,,,
2012-01-31,188.42,189.99,188.05,189.18,,,,
2012-02-01,189.19,193.48,189.19,192.31,,,,
2012-02-02,192.31,193.96,191.85,193.19,,,,
2012-02-03,193.22,198.36,193.22,198.36,,,,
2012-02-06,198.36,198.36,196.29,197.41,,,,
2012-02-07,197.41,197.9,195.95,197.23,,,,
2012-02-08,197.23,198.76,196.98,198.75,,,,
2012-02-09,198.76,199.98,197.03,197.98,,,,
2012-02-10,197.95,197.95,195.1,196,,,,
2012-02-13,196.02,198.37,196.02,197.86,,,,
2012-02-14,197.86,197.86,194.09,195.77,,,,
2012-02-15,195.77,197.31,194.2,194.63,,,,
2012-02-16,194.63,197.75,193.73,197.74,,,,
2012-02-17,197.74,199.18,197.74,199.01,,,,
2012-02-21,199.01,200.05,198.11,198.78,,,,
2012-02-22,198.78,198.78,196.17,196.25,,,,
2012-02-23,196.25,198.14,195.69,198.14,,,,
2012-02-24,198.14,198.64,196.93,197.26,,,,
2012-02-27,197.23,199.33,194.95,198.96,,,,
2012-02-28,198.97,199.9,198.04,199.27,,,,
2012-02-29,199.28,201.13,198.12,198.35,,,,
2012-03-01,198.35,201.27,198.35,200.81,,,,
2012-03-02,200.81,201.21,199.81,199.94,,,,
2012-03-05,199.94,199.94,198.13,199.09,,,,
2012-03-06,199.09,199.09,193.78,194.19,,,,
2012-03-07,194.2,196.9,194.2,196.72,,,,
2012-03-08,196.76,198.88,196.76,198.66,,,,
2012-03-09,198.66,201.25,198.66,200.22,,,,
2012-03-12,200.22,200.22,198.23,199.6,,,,
2012-03-13,199.62,207.53,199.62,207.42,,,,
2012-03-14,207.42,208.3,205.45,207.46,,,,
2012-03-15,207.46,211.51,206.71,211.35,,,,
2012-03-16,211.35,212.45,210.83,211.96,,,,
2012-03-19,211.97,215.29,211.19,213.23,,,,
2012-03-20,213.18,214.55,211.39,214.01,,,,
2012-03-21,214.01,214.99,212.64,213.08,,,,
2012-03-22,213.08,213.08,209.37,210.15,,,,
2012-03-23,210.15,212.21,209.53,211.99,,,,
2012-03-26,211.99,215.37,211.99,215.37,,,,
2012-03-27,215.37,215.79,213.2,213.26,,,,
2012-03-28,213.27,214.28,211.55,214,,,,
2012-03-29,214,214,209.83,211.71,,,,
2012-03-30,211.71,213,210.87,212.84,,,,
2012-04-02,212.84,215.2,211.58,214.51,,,,
2012-04-03,214.51,214.51,211.27,213.1,,,,
2012-04-04,213.09,213.09,208.8,209.63,,,,
2012-04-05,209.63,210.48,208.28,209.18,,,,
2012-04-09,209.17,209.17,204.68,205.81,,,,
2012-04-10,205.81,206.53,201.39,201.43,,,,
2012-04-11,201.48,205.38,201.48,204.63,,,,
2012-04-12,204.63,208.66,204.63,208.64,,,,
2012-04-13,208.64,208.64,203.3,203.38,,,,
2012-04-16,203.38,206.37,203.38,205.23,,,,
2012-04-17,205.25,208.56,205.25,208.1,,,,
2012-04-18,208.1,208.12,206.26,206.37,,,,
2012-04-19,206.38,207.5,204.06,205.45,,,,
2012-04-20,205.45,206.37,204.35,204.4,,,,
2012-04-23,204.4,204.4,200.82,202.83,,,,
2012-04-24,202.84,205.17,202.84,205.14,,,,
2012-04-25,205.14,207.47,205.14,207.07,,,,
2012-04-26,207.07,208.98,206.26,208.79,,,,
2012-04-27,208.8,209.41,207.45,208.73,,,,
2012-04-30,208.73,208.73,206.32,207.53,,,,
2012-05-01,207.53,211.4,207.36,209.9,,,,
2012-05-02,209.87,209.87,206.55,207.89,,,,
2012-05-03,207.89,208.21,205.53,206.12,,,,
2012-05-04,206.12,206.12,202.28,202.74,,,,
2012-05-07,202.74,204.77,202.02,204.13,,,,
2012-05-08,204.11,204.11,201,202.72,,,,
2012-05-09,202.72,202.72,199.01,200.39,,,,
2012-05-10,200.4,203.42,200.4,201.5,,,,
2012-05-11,201.5,201.5,197.16,199.1,,,,
2012-05-14,199.07,199.07,194.91,194.95,,,,
2012-05-15,194.95,196.3,193.58,193.86,,,,
2012-05-16,193.88,196.04,191.02,191.05,,,,
2012-05-17,191.04,191.04,187.03,187.03,,,,
2012-05-18,187.03,187.78,184.47,185.1,,,,
2012-05-21,185.12,187.86,184.09,186.91,,,,
2012-05-22,186.91,191.2,186.91,188.21,,,,
2012-05-23,188.21,189.19,184.78,188.96,,,,
2012-05-24,188.97,190.02,187.05,189.14,,,,
2012-05-25,189.14,189.85,187.86,188.42,,,,
2012-05-29,188.43,191.12,188.43,191.06,,,,
2012-05-30,191.06,191.06,186.56,186.84,,,,
2012-05-31,186.84,189.68,185.1,188.19,,,,
2012-06-01,188.19,188.19,181.03,181.21,,,,
2012-06-04,181.21,181.77,178.59,179.47,,,,
2012-06-05,179.47,182.73,179.04,182.46,,,,
2012-06-06,182.5,187.87,182.5,187.87,,,,
2012-06-07,187.9,190.84,187.03,187.43,,,,
2012-06-08,187.42,189.75,185.58,189.75,,,,
2012-06-11,189.75,191.86,185.97,186.11,,,,
2012-06-12,186.11,189.21,185.09,189.2,,,,
2012-06-13,189.17,190.79,187.54,188.32,,,,
2012-06-14,188.33,191.49,188.33,190.69,,,,
2012-06-15,190.69,193.4,190.45,193.35,,,,
2012-06-18,193.33,193.88,191.47,192.24,,,,
2012-06-19,192.24,196.45,192.24,195.54,,,,
2012-06-20,195.54,197.12,194.11,195.95,,,,
2012-06-21,195.96,197.14,191.23,191.46,,,,
2012-06-22,191.48,194,191.48,193.19,,,,
2012-06-25,193.12,193.12,188.36,189.19,,,,
2012-06-26,189.19,191.21,188.83,190.27,,,,
2012-06-27,190.28,192.98,190.08,192.61,,,,
2012-06-28,192.61,192.61,188.96,192.32,,,,
2012-06-29,192.34,197.38,192.34,197.37,,,,
2012-07-02,197.39,198.74,196.13,198.44,,,,
2012-07-03,198.44,199.82,197.7,199.31,,,,
2012-07-05,199.31,199.31,196.17,196.37,,,,
2012-07-06,196.37,196.37,194.17,194.92,,,,
2012-07-09,194.76,195.2,193.53,194.55,,,,
2012-07-10,195.13,196.42,192.24,193.12,,,,
2012-07-11,193.18,195.22,193.02,194.71,,,,
2012-07-12,194.04,194.04,191.87,192.74,,,,
2012-07-13,192.94,198.25,192.94,198.07,,,,
2012-07-16,197.78,198.4,196.76,197.46,,,,
2012-07-17,198.01,198.97,195.69,198.97,,,,
2012-07-18,198.76,198.96,197.23,197.83,,,,
2012-07-19,197.93,198.54,195.78,196.43,,,,
2012-07-20,196.3,196.3,193.29,193.42,,,,
2012-07-23,192.83,192.83,189.76,191.94,,,,
2012-07-24,191.97,192.46,189.66,191.31,,,,
2012-07-25,191.61,193.08,191.04,191.97,,,,
2012-07-26,192.36,195.41,192.36,195,,,,
2012-07-27,195.33,199.82,195.33,198.88,,,,
2012-07-30,198.72,199.36,197.78,198.19,,,,
2012-07-31,198.06,198.1,196.91,197.44,,,,
2012-08-01,197.69,198.68,196.4,196.56,,,,
2012-08-02,195.8,196.08,193.03,194.8,,,,
2012-08-03,195.38,200.34,195.38,199.79,,,,
2012-08-06,200.17,201.59,200.01,200.09,,,,
2012-08-07,200.41,202.65,200.41,201.17,,,,
2012-08-08,200.69,201.69,200.08,200.96,,,,
2012-08-09,200.93,201.74,200.22,200.83,,,,
2012-08-10,200.53,201.19,199.57,200.96,,,,
2012-08-13,200.81,201.17,199.7,200.96,,,,
2012-08-14,201.18,202.41,200.39,200.84,,,,
2012-08-15,200.82,201.9,200.43,201.49,,,,
2012-08-16,201.5,203.2,200.81,202.84,,,,
2012-08-17,202.85,203.48,202.74,203.42,,,,
2012-08-20,203.23,204.04,202.89,203.98,,,,
2012-08-21,204.21,206.67,203.88,204.47,,,,
2012-08-22,204.39,205.1,203.17,204.17,,,,
2012-08-23,204.03,204.05,202.03,202.17,,,,
2012-08-24,202.05,203.91,201.19,203.42,,,,
2012-08-27,203.65,204.08,202.73,203.27,,,,
2012-08-28,203.03,204.05,202.29,202.95,,,,
2012-08-29,203.03,203.79,202.73,203.37,,,,
2012-08-30,202.92,202.92,201.21,202.24,,,,
2012-08-31,202.64,204.11,202.21,203.39,,,,
2012-09-04,203.38,204.19,202.5,203.61,,,,
2012-09-05,203.62,204.18,203.1,203.56,,,,
2012-09-06,204.09,208.57,204.09,208.5,,,,
2012-09-07,208.72,210.95,208.72,210.72,,,,
2012-09-10,210.64,210.95,208.73,208.83,,,,
2012-09-11,208.82,210.66,208.42,210.56,,,,
2012-09-12,210.81,212.33,210.81,211.53,,,,
2012-09-13,211.45,217.36,210.67,216.98,,,,
2012-09-14,217.12,220.67,217.12,218.78,,,,
2012-09-17,218.69,218.69,216.06,216.46,,,,
2012-09-18,216.34,216.34,214.86,215.49,,,,
2012-09-19,215.52,216.73,215.22,215.33,,,,
2012-09-20,215.12,215.12,212.39,214.11,,,,
2012-09-21,214.19,215.34,213.39,213.49,,,,
2012-09-24,212.85,214.45,212.25,213.48,,,,
2012-09-25,213.69,214.74,210.22,210.22,,,,
2012-09-26,210.18,210.18,208.34,208.7,,,,
2012-09-27,208.95,211.74,208.95,210.87,,,,
2012-09-28,210.56,211.13,209.23,210.07,,,,
2012-10-01,210.16,213.51,210.16,211.05,,,,
2012-10-02,211.31,212.25,210.63,211.57,,,,
2012-10-03,211.79,213.8,210.84,213.21,,,,
2012-10-04,213.42,216.54,213.42,216.35,,,,
2012-10-05,216.7,218.44,215.57,216.43,,,,
2012-10-08,216.18,216.5,215.07,216.16,,,,
2012-10-09,216.14,216.97,214.06,214.48,,,,
2012-10-10,214.55,215.42,213.5,214.63,,,,
2012-10-11,214.95,217.15,214.95,215.75,,,,
2012-10-12,215.41,215.41,212.16,212.78,,,,
2012-10-15,212.91,215.41,212.73,215.34,,,,
2012-10-16,215.37,217.49,215.37,216.75,,,,
2012-10-17,216.86,219.54,216.86,219.38,,,,
2012-10-18,219.35,220.6,218.74,219.75,,,,
2012-10-19,219.55,219.55,215.9,216.93,,,,
2012-10-22,216.82,217.29,214.92,216.88,,,,
2012-10-23,216.46,216.46,212.47,213.33,,,,
2012-10-24,213.44,214.84,212.98,213.34,,,,
2012-10-25,213.71,215.47,212.37,213.85,,,,
2012-10-26,213.79,213.8,211.34,212.58,,,,
2012-10-31,212.78,214.13,212.48,213.88,,,,
2012-11-01,214.15,216.68,213.78,216.68,,,,
2012-11-02,217.07,217.62,214.96,215.18,,,,
2012-11-05,214.92,215.32,212.74,214.87,,,,
2012-11-06,215,217.92,215,217.46,,,,
2012-11-07,216.65,216.65,209.41,209.8,,,,
2012-11-08,209.82,212.34,208.02,208.02,,,,
2012-11-09,207.92,210.53,206.93,208.5,,,,
2012-11-12,208.61,209.18,208,208.59,,,,
2012-11-13,207.95,209.96,206.9,207.19,,,,
2012-11-14,207.34,208.14,202.89,203.46,,,,
2012-11-15,203.49,205.45,203.12,204.03,,,,
2012-11-16,204.08,205.44,202.39,205.28,,,,
2012-11-19,205.95,209.35,205.95,209.13,,,,
2012-11-20,208.86,210.3,208.05,209.49,,,,
2012-11-21,210.28,210.51,209.09,210.33,,,,
2012-11-23,210.67,212.92,210.67,212.92,,,,
2012-11-26,212.53,212.53,210.66,211.97,,,,
2012-11-27,211.83,212.26,209.8,209.99,,,,
2012-11-28,209.8,211.05,207.23,210.99,,,,
2012-11-29,211.26,212.56,210.9,211.95,,,,
2012-11-30,211.99,212.51,210.83,211.6,,,,
2012-12-03,211.81,212.91,210.68,210.82,,,,
2012-12-04,210.79,211.29,209.29,210.19,,,,
2012-12-05,210.34,213.83,210.34,212.88,,,,
2012-12-06,212.77,213.5,212.27,213.5,,,,
2012-12-07,213.65,215.17,213.65,215.17,,,,
2012-12-10,214.87,215.24,213.81,214.54,,,,
2012-12-11,214.93,216.57,214.93,215.55,,,,
2012-12-12,215.84,218.45,215.84,216.66,,,,
2012-12-13,216.56,216.92,214.87,215.28,,,,
2012-12-14,215.28,215.44,214.43,214.67,,,,
2012-12-17,214.86,219.22,214.86,219.18,,,,
2012-12-18,219.59,222.46,219.54,222.37,,,,
2012-12-19,222.39,222.98,220.78,220.84,,,,
2012-12-20,220.93,223.92,220.84,223.92,,,,
2012-12-21,223.77,223.77,220.23,221.36,,,,
2012-12-24,221.28,221.45,220.78,221.12,,,,
2012-12-26,221.17,221.79,220.17,220.79,,,,
2012-12-27,220.79,221.59,217.15,220.01,,,,
2012-12-28,219.56,219.98,218.13,218.22,,,,
2012-12-31,218.09,221.32,217.53,221.24,,,,
2013-01-02,221.92,227.62,221.92,227.61,,,,
2013-01-03,227.45,227.86,226.25,227.23,,,,
2013-01-04,227.25,230.23,227.14,230.09,,,,
2013-01-07,229.92,229.92,228.12,229.34,,,,
2013-01-08,229.23,229.23,227.58,228.74,,,,
2013-01-09,228.85,230.34,227.71,228.29,,,,
2013-01-10,228.85,231.44,228.85,231.44,,,,
2013-01-11,231.29,231.29,229.31,230.65,,,,
2013-01-14,230.66,230.66,228.67,230.06,,,,
2013-01-15,229.58,231.2,228.58,230.97,,,,
2013-01-16,230.81,231.47,229.79,231.25,,,,
2013-01-17,231.03,231.66,230.3,231.01,,,,
2013-01-18,231.23,231.42,229.65,231.35,,,,
2013-01-22,231.35,233.43,231.18,233.43,,,,
2013-01-23,233.43,233.5,232.12,233.34,,,,
2013-01-24,233.35,235.63,233.35,234.44,,,,
2013-01-25,234.45,235.58,234.04,235.54,,,,
2013-01-28,235.55,235.55,233.59,234.49,,,,
2013-01-29,234.26,235.71,234.02,235.48,,,,
2013-01-30,235.28,235.28,233.81,234.43,,,,
2013-01-31,234.3,234.44,233.04,234.02,,,,
2013-02-01,234.3,237.82,234.3,237.28,,,,
2013-02-04,236.96,236.96,233.95,234.2,,,,
2013-02-05,234.67,237.51,234.67,236.87,,,,
2013-02-06,236.42,237.26,235.25,237.26,,,,
2013-02-07,237.34,237.89,234.7,236.33,,,,
2013-02-08,236.57,237.18,236.39,237.18,,,,
2013-02-11,237.07,238.39,236.62,238.04,,,,
2013-02-12,238.08,240.16,237.63,239.84,,,,
2013-02-13,239.98,240.53,238.47,239.29,,,,
2013-02-14,239.03,240.29,238.14,240.03,,,,
2013-02-15,240.06,240.4,238.31,239.26,,,,
2013-02-19,239.39,241.42,239.39,241.31,,,,
2013-02-20,241.2,241.31,237.64,237.86,,,,
2013-02-21,237.77,237.77,235.01,235.77,,,,
2013-02-22,236.12,238.69,236.12,238.67,,,,
2013-02-25,238.97,239.9,232.22,232.26,,,,
2013-02-26,232.6,234.02,231.01,233.38,,,,
2013-02-27,233.24,237.54,232.97,237.16,,,,
2013-02-28,237.06,238.56,236.16,236.67,,,,
2013-03-01,236.4,237.88,233.68,237.4,,,,
2013-03-04,237.08,239.46,236.45,239.42,,,,
2013-03-05,239.77,242.73,239.77,241.42,,,,
2013-03-06,241.65,243.78,241.65,243.04,,,,
2013-03-07,243.17,244.85,243.17,244.64,,,,
2013-03-08,245.16,246.27,243.85,245.46,,,,
2013-03-11,245.34,247.54,244.85,247.31,,,,
2013-03-12,247.24,247.24,245.18,245.75,,,,
2013-03-13,245.79,246.71,245.3,246.61,,,,
2013-03-14,246.87,248.32,246.87,248.1,,,,
2013-03-15,248.1,249.18,246.96,248.77,,,,
2013-03-18,247.96,247.96,245.42,246.4,,,,
2013-03-19,246.92,247.72,243.75,245.1,,,,
2013-03-20,245.59,247.18,245.59,246.53,,,,
2013-03-21,246.22,246.26,243.76,243.85,,,,
2013-03-22,244.11,245.61,244,245.13,,,,
2013-03-25,245.45,246.78,243.35,244.42,,,,
2013-03-26,244.82,246.09,244.51,245.97,,,,
2013-03-27,245.36,245.36,243.6,244.84,,,,
2013-03-28,244.85,245.6,244.23,245.41,,,,
2013-04-01,245.32,246.25,243.55,244.23,,,,
2013-04-02,244.44,246.07,244.44,245.77,,,,
2013-04-03,245.82,245.82,240.69,241.49,,,,
2013-04-04,241.67,243.87,241.67,243.67,,,,
2013-04-05,243.29,243.29,239.61,242.95,,,,
2013-04-08,242.93,245.47,241.75,245.47,,,,
2013-04-09,245.62,247.58,245.29,246.44,,,,
2013-04-10,246.63,249.58,246.63,249.38,,,,
2013-04-11,249.5,251.21,248.85,250.11,,,,
2013-04-12,249.77,249.77,247.66,249.04,,,,
2013-04-15,249.15,249.57,243.43,243.52,,,,
2013-04-16,244.02,247.61,244.02,247.45,,,,
2013-04-17,246.96,246.96,240.78,242.72,,,,
2013-04-18,242.83,242.84,239.21,240.21,,,,
2013-04-19,240.32,243.72,240.32,243.61,,,,
2013-04-22,243.84,244.27,241.6,243.83,,,,
2013-04-23,244.2,248.36,244.2,248.23,,,,
2013-04-24,248.46,250.21,248.46,249.92,,,,
2013-04-25,250.17,252.68,250.17,251.18,,,,
2013-04-26,251.09,251.37,249.21,250.1,,,,
2013-04-29,250.38,251.58,250.26,251.21,,,,
2013-04-30,251.17,252.04,250.17,252,,,,
2013-05-01,251.77,251.77,249.02,249.27,,,,
2013-05-02,249.44,251.5,249.35,251.3,,,,
2013-05-03,251.88,255.07,251.88,253.91,,,,
2013-05-06,253.87,256.79,253.87,256.54,,,,
2013-05-07,256.66,258.64,256.03,257.98,,,,
2013-05-08,257.76,260.05,257.01,259.77,,,,
2013-05-09,259.76,259.76,257.23,257.75,,,,
2013-05-10,257.98,258.95,257.49,258.95,,,,
2013-05-13,258.83,260.32,258.01,259.85,,,,
2013-05-14,259.9,264.41,259.9,264.28,,,,
2013-05-15,264.06,267.33,263.74,266.78,,,,
2013-05-16,266.5,267.49,264.32,264.86,,,,
2013-05-17,264.96,268.57,264.96,268.47,,,,
2013-05-20,268.29,270.2,267.93,268.96,,,,
2013-05-21,269.09,270.84,268.92,269.65,,,,
2013-05-22,269.66,273.6,265.75,266.81,,,,
2013-05-23,266.45,266.47,262.35,265.08,,,,
2013-05-24,264.67,265.45,262.68,265.42,,,,
2013-05-28,266.15,270.46,266.15,268.11,,,,
2013-05-29,267.74,269.29,266.07,268.18,,,,
2013-05-30,268.24,272.13,268.07,271.05,,,,
2013-05-31,270.86,271.54,266.78,266.8,,,,
2013-06-03,266.96,267.96,263,267.2,,,,
2013-06-04,267.24,268.96,264.02,264.79,,,,
2013-06-05,264.58,264.96,259.42,260.3,,,,
2013-06-06,260.12,264.03,258.54,264.03,,,,
2013-06-07,264.55,268.78,264.55,268.46,,,,
2013-06-10,268.62,270.01,267.64,268.67,,,,
2013-06-11,268.21,268.21,263.81,263.99,,,,
2013-06-12,264.58,265.8,260.88,261.47,,,,
2013-06-13,261.31,266.49,260.44,266.18,,,,
2013-06-14,266.03,266.46,262.37,262.85,,,,
2013-06-17,263.34,266.44,263.34,265.35,,,,
2013-06-18,265.55,267.58,265.28,267,,,,
2013-06-19,266.96,267.34,263.23,263.27,,,,
2013-06-20,262.79,262.79,256.78,257.59,,,,
2013-06-21,257.67,259.46,254.96,257.96,,,,
2013-06-24,257.65,257.65,250.73,253.31,,,,
2013-06-25,254.09,259.21,254.09,258.07,,,,
2013-06-26,258.59,261.4,258.59,260.55,,,,
2013-06-27,261.04,264.35,261.04,263.86,,,,
2013-06-28,263.59,263.59,260.92,262.06,,,,
2013-07-01,262.41,265.96,262.41,263.33,,,,
2013-07-02,263.13,265.78,261.97,263.43,,,,
2013-07-03,263.07,263.07,260.86,262.53,,,,
2013-07-05,263.01,267.15,263.01,267.15,,,,
2013-07-08,267.48,270.07,267.48,269.18,,,,
2013-07-09,269.73,271.52,268.91,271.43,,,,
2013-07-10,271.24,271.24,268.5,269.73,,,,
2013-07-11,270.36,272.72,270.36,272.2,,,,
2013-07-12,272.38,274.37,272.38,274.37,,,,
2013-07-15,274.42,275.8,274.32,275.41,,,,
2013-07-16,275.49,276.16,273.31,274.32,,,,
2013-07-17,274.72,276.37,274.24,275.58,,,,
2013-07-18,275.8,279.36,275.8,279.27,,,,
2013-07-19,279.23,279.36,277.72,279.31,,,,
2013-07-22,279.35,281.23,279.16,281.22,,,,
2013-07-23,281.37,281.86,280.02,280.52,,,,
2013-07-24,280.55,281.04,277.67,278.15,,,,
2013-07-25,277.98,278.43,275.97,278.4,,,,
2013-07-26,278.06,278.12,275.49,278.07,,,,
2013-07-29,277.75,277.75,275.17,275.99,,,,
2013-07-30,276.35,277.7,275.17,275.74,,,,
2013-07-31,276.15,278.67,275.78,275.89,,,,
2013-08-01,276.32,280.78,276.32,280.5,,,,
2013-08-02,280.21,280.6,279.54,280.43,,,,
2013-08-05,280.24,280.71,279.28,279.78,,,,
2013-08-06,279.63,279.63,277.1,277.38,,,,
2013-08-07,276.79,276.79,273.93,275.15,,,,
2013-08-08,275.9,277.42,273.9,275.81,,,,
2013-08-09,275.53,276.5,274.35,275.04,,,,
2013-08-12,274.45,274.47,273.06,273.78,,,,
2013-08-13,274.03,275.76,272.52,274.95,,,,
2013-08-14,274.87,275.92,273.91,273.94,,,,
2013-08-15,273.33,273.33,269.16,269.96,,,,
2013-08-16,269.96,271.34,268.92,269.49,,,,
2013-08-19,269.12,269.12,265.85,265.9,,,,
2013-08-20,266,269.11,265.44,268.26,,,,
2013-08-21,267.71,269.36,265.47,266.57,,,,
2013-08-22,266.82,270.04,266.82,269.55,,,,
2013-08-23,269.69,270.05,268.66,269.78,,,,
2013-08-26,269.76,270.9,268.22,268.22,,,,
2013-08-27,267.51,267.51,261.54,261.71,,,,
2013-08-28,261.62,263.7,260.32,262.02,,,,
2013-08-29,261.75,264.28,261.38,262.76,,,,
2013-08-30,262.93,263.17,260.64,261.5,,,,
2013-09-03,261.82,265.98,261.82,263.7,,,,
2013-09-04,263.68,266.74,263.15,265.7,,,,
2013-09-05,265.72,267.78,265.72,266.29,,,,
2013-09-06,266.68,267.73,263.37,266.2,,,,
2013-09-09,266.39,269.24,266.39,269.24,,,,
2013-09-10,269.66,272.74,269.66,272.43,,,,
2013-09-11,272.32,272.79,271.26,272.79,,,,
2013-09-12,272.8,272.96,270.44,270.82,,,,
2013-09-13,271,271.75,270.34,271.33,,,,
2013-09-16,271.87,275.5,271.87,274.31,,,,
2013-09-17,274.44,275.62,274.42,275.54,,,,
2013-09-18,275.48,279.76,274.49,278.27,,,,
2013-09-19,278.48,279.46,276.62,276.95,,,,
2013-09-20,276.95,277.84,275.22,275.65,,,,
2013-09-23,274.85,274.85,271.31,271.64,,,,
2013-09-24,271.66,272.3,269.77,269.89,,,,
2013-09-25,270.02,272.15,269.1,271.32,,,,
2013-09-26,271.34,272.85,270.06,271.43,,,,
2013-09-27,270.78,270.9,269.55,270.36,,,,
2013-09-30,269.77,269.77,266.86,268.37,,,,
2013-10-01,268.5,270.84,268.5,270.3,,,,
2013-10-02,269.91,270.13,267.62,270.07,,,,
2013-10-03,269.77,269.77,266,267.91,,,,
2013-10-04,267.96,270.27,267.95,270.26,,,,
2013-10-07,269.62,269.62,266.93,267.02,,,,
2013-10-08,267.07,267.41,263.49,263.53,,,,
2013-10-09,263.87,265.59,262.54,264.43,,,,
2013-10-10,265,272.18,265,272.16,,,,
2013-10-11,272.01,273.79,270.87,273.73,,,,
2013-10-14,273.04,275.29,271.69,274.95,,,,
2013-10-15,274.72,275.6,272.49,272.87,,,,
2013-10-16,273.33,278.98,273.33,278.75,,,,
2013-10-17,278.31,281.48,277.32,281.23,,,,
2013-10-18,281.27,282.28,280.06,281.92,,,,
2013-10-21,281.81,282.32,280.92,281.39,,,,
2013-10-22,281.53,283.32,281.42,281.83,,,,
2013-10-23,281.5,281.5,278.94,279.44,,,,
2013-10-24,279.38,279.88,278.58,279.77,,,,
2013-10-25,279.83,281.03,279.43,280.94,,,,
2013-10-28,280.91,281.01,279.95,280.35,,,,
2013-10-29,280.62,281.36,280.28,281.25,,,,
2013-10-30,281.34,281.96,279.25,279.98,,,,
2013-10-31,279.92,279.92,276.81,276.82,,,,
2013-11-01,277.03,278.06,276.32,277.54,,,,
2013-11-04,277.76,278.22,277.1,277.79,,,,
2013-11-05,277.51,277.51,276.03,276.51,,,,
2013-11-06,276.94,278.02,276.85,277.42,,,,
2013-11-07,277.72,278.57,274.2,274.25,,,,
2013-11-08,274.28,280.54,274.28,280.51,,,,
2013-11-11,280.37,281.22,279.73,280.78,,,,
2013-11-12,280.49,280.49,277.39,278.17,,,,
2013-11-13,277.8,280.46,276.51,280.46,,,,
2013-11-14,280.64,282.92,280.26,282.83,,,,
2013-11-15,282.85,284.42,282.69,284.25,,,,
2013-11-18,284.37,286.09,283.5,284.08,,,,
2013-11-19,284.06,285.9,283.81,284.59,,,,
2013-11-20,284.75,285.78,282.84,283.58,,,,
2013-11-21,284.08,288.04,284.08,287.7,,,,
2013-11-22,287.77,289.16,287.47,289.05,,,,
2013-11-25,289.24,290.56,288.95,289.3,,,,
2013-11-26,289.39,290.53,289.11,289.11,,,,
2013-11-27,289.22,290.29,289.2,290.07,,,,
2013-11-29,290.17,290.76,288.74,288.92,,,,
2013-12-02,289.02,290.92,287.98,288.32,,,,
2013-12-03,287.86,287.86,284.31,285.67,,,,
2013-12-04,285.22,287.68,284.01,286.31,,,,
2013-12-05,286.07,286.07,283.46,283.71,,,,
2013-12-06,284.13,288.09,284.13,287.68,,,,
2013-12-09,287.94,289.27,287.94,288.74,,,,
2013-12-10,288.45,289.3,287.8,287.82,,,,
2013-12-11,287.84,287.91,283.24,283.66,,,,
2013-12-12,283.6,284.91,283.01,283.64,,,,
2013-12-13,283.92,285.27,283.39,284.01,,,,
2013-12-16,284.33,286.24,284.33,285.57,,,,
2013-12-17,285.61,285.61,283.56,283.88,,,,
2013-12-18,283.97,290.65,282.57,290.54,,,,
2013-12-19,290.15,290.74,289.17,290.11,,,,
2013-12-20,290.15,292.42,290.15,291.44,,,,
2013-12-23,291.87,293.69,291.87,293.15,,,,
2013-12-24,293.16,293.68,292.76,293.68,,,,
2013-12-26,293.93,294.45,293.53,294.15,,,,
2013-12-27,294.18,294.24,293.5,293.91,,,,
2013-12-30,293.92,294.39,293.07,293.54,,,,
2013-12-31,293.82,294.91,293.82,294.71,,,,
2014-01-02,294.48,294.48,292.39,293.1,,,,
2014-01-03,293.42,295.94,293.42,294.99,,,,
2014-01-06,295.35,297.34,295.02,295.42,,,,
2014-01-07,295.58,296.96,294.71,295.54,,,,
2014-01-08,295.51,296.75,295.35,296.53,,,,
2014-01-09,296.83,297.82,295.78,297.52,,,,
2014-01-10,297.58,297.71,295.76,297.12,,,,
2014-01-13,296.78,296.8,292.16,292.71,,,,
2014-01-14,292.99,295.19,292.68,295.01,,,,
2014-01-15,295.22,298.68,295.22,298.51,,,,
2014-01-16,298.27,298.27,295.98,296.67,,,,
2014-01-17,296.73,297.44,295.05,295.62,,,,
2014-01-21,295.88,297.41,294.21,295.86,,,,
2014-01-22,296.2,296.62,295.34,296.16,,,,
2014-01-23,295.84,295.84,289.95,291.2,,,,
2014-01-24,290.89,290.89,284.53,284.53,,,,
2014-01-27,284.48,286.11,281.29,282.75,,,,
2014-01-28,283.05,286.76,283.05,286.3,,,,
2014-01-29,285.78,285.82,282.56,283.27,,,,
2014-01-30,283.66,287.69,283.66,287.01,,,,
2014-01-31,286.4,286.43,282.8,283.73,,,,
2014-02-03,283.63,284.2,276.34,276.7,,,,
2014-02-04,277.08,280.68,277.08,279.33,,,,
2014-02-05,279.03,279.66,276.96,278.96,,,,
2014-02-06,279.1,283.17,279.1,283.1,,,,
2014-02-07,283.57,286.86,283.5,286.68,,,,
2014-02-10,286.75,287.14,285.33,287.03,,,,
2014-02-11,286.97,290.59,286.57,289.85,,,,
2014-02-12,289.88,291.09,288.76,289.69,,,,
2014-02-13,288.97,290.9,287.69,290.78,,,,
2014-02-14,290.67,291.53,289.93,291.21,,,,
2014-02-18,291.27,292.2,290.55,291.69,,,,
2014-02-20,288.06,289.17,286.49,288.63,,,,
2014-02-21,288.66,290.06,288.02,288.72,,,,
2014-02-24,288.84,292.61,288.84,291.13,,,,
2014-02-25,291.1,291.2,288.92,289.33,,,,
2014-02-26,289.52,290.09,287.56,288.96,,,,
2014-02-27,288.78,290.55,287.75,290.55,,,,
2014-02-28,290.53,293.53,290.11,292.07,,,,
2014-03-03,291.75,291.75,287.83,289.51,,,,
2014-03-04,289.97,295.47,289.97,295.28,,,,
2014-03-05,295.2,297.62,295.07,297.36,,,,
2014-03-06,297.65,300.1,297.65,299.38,,,,
2014-03-07,299.66,302.35,299.63,300.87,,,,
2014-03-10,300.76,301.16,299.16,300.99,,,,
2014-03-11,301.11,301.57,298.35,298.79,,,,
2014-03-12,298.35,298.43,296.26,298.43,,,,
2014-03-13,298.76,299.6,294.43,294.97,,,,
2014-03-14,294.9,296.22,292.87,293.31,,,,
2014-03-17,294.01,297.14,294.01,296.36,,,,
2014-03-18,296.41,297.85,296.41,297.79,,,,
2014-03-19,297.86,299.44,295.48,297.35,,,,
2014-03-20,297.21,302.75,297.13,302.25,,,,
2014-03-21,302.35,305.45,301.86,302.3,,,,
2014-03-24,302.4,303.87,300.42,301.61,,,,
2014-03-25,301.95,303.54,300.43,301.64,,,,
2014-03-26,301.96,303.29,298.79,298.79,,,,
2014-03-27,298.66,299.12,295.4,297.06,,,,
2014-03-28,297.33,300.04,297.26,298.23,,,,
2014-03-31,298.65,301.37,298.65,301.06,,,,
2014-04-01,301.28,302.46,301.05,302.22,,,,
2014-04-02,302.24,303.01,301.36,302.58,,,,
2014-04-03,302.81,302.97,300.92,302.25,,,,
2014-04-04,302.86,303.9,298.72,298.76,,,,
2014-04-07,298.66,298.66,294.05,294.32,,,,
2014-04-08,294.26,295.11,292.24,294.69,,,,
2014-04-09,294.98,297.39,294.04,297.22,,,,
2014-04-10,297.29,297.29,290.22,290.22,,,,
2014-04-11,289.98,290.21,285.74,286.83,,,,
2014-04-14,287.33,290.25,286.16,289.1,,,,
2014-04-15,289.19,292.19,287.69,291.67,,,,
2014-04-16,292.16,294.18,291.44,294.18,,,,
2014-04-17,294.09,295.23,293.12,294.43,,,,
2014-04-21,294.6,294.92,293.69,294.32,,,,
2014-04-22,294.25,297.07,293.69,296.36,,,,
2014-04-23,296.3,297.19,295.78,297.07,,,,
2014-04-24,297.39,297.95,295.77,296.82,,,,
2014-04-25,296.56,296.56,294.01,294.32,,,,
2014-04-28,294.66,294.74,289.92,292.68,,,,
2014-04-29,293.04,295.48,293.04,295.45,,,,
2014-04-30,295.28,296.46,294.45,296.13,,,,
2014-05-01,296.13,296.76,295.03,296.32,,,,
2014-05-02,296.25,298.83,295.61,296.32,,,,
2014-05-05,295.82,295.82,292.53,295.07,,,,
2014-05-06,294.73,294.73,290.92,290.95,,,,
2014-05-07,291.27,294.74,291.27,294.67,,,,
2014-05-08,294.51,296.88,294.49,295.38,,,,
2014-05-09,295.38,295.38,293.4,295.08,,,,
2014-05-12,295.5,298.25,295.5,298.14,,,,
2014-05-13,298.11,298.97,297.56,297.79,,,,
2014-05-14,297.68,297.71,295.07,295.48,,,,
2014-05-15,295.15,295.15,290.18,292.22,,,,
2014-05-16,292.22,292.62,290.44,292.56,,,,
2014-05-19,292.31,294.32,291.83,294.19,,,,
2014-05-20,294.05,294.13,291.36,292.2,,,,
2014-05-21,292.61,295.3,292.61,294.47,,,,
2014-05-22,294.42,295.96,293.92,295.55,,,,
2014-05-23,295.64,296.47,295.31,296.27,,,,
2014-05-27,296.56,300.24,296.56,299.18,,,,
2014-05-28,299.1,299.22,297.85,298.44,,,,
2014-05-29,298.6,299.28,297.87,299.13,,,,
2014-05-30,298.84,299.95,298.8,299.78,,,,
2014-06-02,299.99,300.78,298.62,300.59,,,,
2014-06-03,300.27,301.03,299.32,300.89,,,,
2014-06-04,300.63,301.99,300.41,301.85,,,,
2014-06-05,302,304.65,300.97,304.65,,,,
2014-06-06,304.85,306.89,304.85,306.72,,,,
2014-06-09,306.59,308.24,306.58,307.82,,,,
2014-06-10,307.54,307.72,306.58,307.69,,,,
2014-06-11,306.96,306.96,304.82,305.61,,,,
2014-06-12,305.47,305.47,303.23,303.85,,,,
2014-06-13,304.09,305.14,303.03,303.88,,,,
2014-06-16,303.62,303.62,301.61,302.57,,,,
2014-06-17,302.44,305.71,302.02,305.4,,,,
2014-06-18,305.32,307.67,304.19,307.38,,,,
2014-06-19,307.54,307.54,305.8,306.91,,,,
2014-06-20,306.99,308.31,306.99,307.9,,,,
2014-06-23,307.83,308.87,306.99,308.73,,,,
2014-06-24,308.37,309.28,306.3,306.56,,,,
2014-06-25,306.21,307.25,304.9,306.89,,,,
2014-06-26,306.79,306.79,303.62,305.87,,,,
2014-06-27,305.55,306.59,305.08,306.58,,,,
2014-06-30,306.53,307.09,305.96,306.61,,,,
2014-07-01,307.04,309.73,307.04,308.35,,,,
2014-07-02,308.26,309.12,308,308.27,,,,
2014-07-03,308.59,310.81,308.59,310.64,,,,
2014-07-07,310.27,310.27,308.3,309.07,,,,
2014-07-08,308.58,308.58,305.92,306.42,,,,
2014-07-09,306.86,307.48,306.23,307.22,,,,
2014-07-10,306.48,306.48,303.38,305.31,,,,
2014-07-11,305.12,305.95,303.49,305.7,,,,
2014-07-14,306.71,308.78,306.71,307.55,,,,
2014-07-15,307.87,310.4,307.87,309.58,,,,
2014-07-16,309.79,310.19,308.43,309.22,,,,
2014-07-17,308.58,309.03,304.97,305.35,,,,
2014-07-18,305.48,308.96,305.48,308.63,,,,
2014-07-21,308.11,308.3,306.61,307.91,,,,
2014-07-22,308.33,309.32,308.19,308.94,,,,
2014-07-23,308.95,310.07,308.59,309.51,,,,
2014-07-24,309.67,310.7,309.67,310.3,,,,
2014-07-25,309.77,309.96,308.18,308.55,,,,
2014-07-28,308.36,308.96,306.67,308.7,,,,
2014-07-29,308.64,309.37,306.81,306.81,,,,
2014-07-30,307.11,309.28,306.33,308.15,,,,
2014-07-31,307.38,307.38,301.85,301.85,,,,
2014-08-01,301.5,302.2,298.07,299.21,,,,
2014-08-04,299.55,302.08,299.13,301.6,,,,
2014-08-05,301.07,301.1,297.56,298.61,,,,
2014-08-06,298.14,301,298.03,299.7,,,,
2014-08-07,300.44,301.47,297.53,298.11,,,,
2014-08-08,298.32,301.12,297.4,301.01,,,,
2014-08-11,301.31,302.56,301.1,301.46,,,,
2014-08-12,301.32,302.73,300.91,301.86,,,,
2014-08-13,302.5,303.97,302.47,303.47,,,,
2014-08-14,303.6,305.13,303.6,305.12,,,,
2014-08-15,305.23,306.35,301.99,303.84,,,,
2014-08-18,304.45,307.2,304.45,307.11,,,,
2014-08-19,307.25,308.36,307.25,307.57,,,,
2014-08-20,307.34,308.8,306.75,308.48,,,,
2014-08-21,308.85,312.45,308.66,311.92,,,,
2014-08-22,311.6,312.66,310.69,310.83,,,,
2014-08-25,311.36,314.51,311.36,313.39,,,,
2014-08-26,313.42,315.22,313.42,314.22,,,,
2014-08-27,314.4,314.73,313.17,313.72,,,,
2014-08-28,313.06,313.06,311.46,312.37,,,,
2014-08-29,312.71,314.32,312.71,313.99,,,,
2014-09-02,314.36,315.47,313.49,315.13,,,,
2014-09-03,315.65,316.6,314.07,314.74,,,,
2014-09-04,314.85,316.77,313.92,314.8,,,,
2014-09-05,314.54,315.41,312.71,315.37,,,,
2014-09-08,315.34,316.54,314.49,315.34,,,,
2014-09-09,315.13,315.13,311.74,312.2,,,,
2014-09-10,312.26,314.07,312.26,313.51,,,,
2014-09-11,313,314.61,312.57,314.49,,,,
2014-09-12,314.4,315.56,313.11,314.1,,,,
2014-09-15,314.02,314.73,313.17,314.19,,,,
2014-09-16,314.02,315.99,313.57,315.32,,,,
2014-09-17,315.54,318.37,315.2,316.71,,,,
2014-09-18,317.14,320.47,317.14,320.04,,,,
2014-09-19,320.14,321.88,318.23,318.89,,,,
2014-09-22,318.64,318.95,316.43,316.69,,,,
2014-09-23,316.38,317.63,314.52,314.52,,,,
2014-09-24,314.58,316.51,314.08,316.38,,,,
2014-09-25,316.01,316.01,311.17,311.17,,,,
2014-09-26,311.3,314.71,311.3,314.06,,,,
2014-09-29,313.47,313.47,310.76,312.83,,,,
2014-09-30,312.99,314.13,311.69,312.29,,,,
2014-10-01,312.16,312.22,308.08,308.62,,,,
2014-10-02,308.54,310.22,306.38,309.17,,,,
2014-10-03,309.76,314.07,309.76,313.66,,,,
2014-10-06,314.3,315.39,312.32,313.18,,,,
2014-10-07,312.66,312.66,307.4,307.44,,,,
2014-10-08,307.48,313.06,306.68,313.01,,,,
2014-10-09,312.87,312.87,306.32,306.56,,,,
2014-10-10,306.72,309.21,304.02,304.06,,,,
2014-10-13,304.13,305.99,301.34,301.38,,,,
2014-10-14,301.8,305.04,301.26,302.82,,,,
2014-10-15,302.28,302.28,290.41,296.79,,,,
2014-10-16,296.39,299.02,292.87,296.76,,,,
2014-10-17,296.97,301.96,296.97,300.62,,,,
2014-10-20,300.53,302.61,300.09,302.44,,,,
2014-10-21,303,308.3,303,308.1,,,,
2014-10-22,308.26,308.77,305.35,305.36,,,,
2014-10-23,305.84,310.13,305.84,308.34,,,,
2014-10-24,308.32,311.22,308.23,311.13,,,,
2014-10-27,310.86,311.69,309.65,311.56,,,,
2014-10-28,312.06,315.09,312.06,315.09,,,,
2014-10-29,315.14,316.24,313.39,315.7,,,,
2014-10-30,315.49,318.17,314.64,317.26,,,,
2014-10-31,317.78,321.41,317.78,321.2,,,,
2014-11-03,321.43,323.09,321.03,322.21,,,,
2014-11-04,322.05,322.52,319.86,322.52,,,,
2014-11-05,323.05,324.55,322.54,324.54,,,,
2014-11-06,324.47,324.78,322.86,324.78,,,,
2014-11-07,324.78,325.58,323.45,324.95,,,,
2014-11-10,324.87,326.57,324.55,326.57,,,,
2014-11-11,326.57,327,325.61,325.83,,,,
2014-11-12,325.39,325.39,323.59,325.01,,,,
2014-11-13,325.14,325.72,323.47,324.85,,,,
2014-11-14,324.72,325.16,323.29,323.7,,,,
2014-11-17,323.35,323.92,322.45,323.77,,,,
2014-11-18,323.85,325.64,323.52,324.56,,,,
2014-11-19,324.35,324.53,322.7,323.97,,,,
2014-11-20,323.47,324.26,322.17,324.15,,,,
2014-11-21,324.5,327.4,324.5,325.89,,,,
2014-11-24,326.32,328.37,326.32,327.86,,,,
2014-11-25,328.01,328.16,326.47,327.2,,,,
2014-11-26,327.37,327.9,326.99,327.84,,,,
2014-11-28,328.02,329.42,327.7,328,,,,
2014-12-01,327.52,327.52,325,325.64,,,,
2014-12-02,325.73,328.99,325.73,328.82,,,,
2014-12-03,328.71,330.46,328.44,330.2,,,,
2014-12-04,330.12,330.93,328.42,330.53,,,,
2014-12-05,330.9,334.74,330.9,333.79,,,,
2014-12-08,333.73,336.81,333.28,335.07,,,,
2014-12-09,334.67,334.67,330.02,334.25,,,,
2014-12-10,333.83,334.38,329.57,329.75,,,,
2014-12-11,330.3,333.66,330.3,330.84,,,,
2014-12-12,330.31,330.31,324.06,324.06,,,,
2014-12-15,324.37,326.62,319.83,321.31,,,,
2014-12-16,321,324.47,318.07,318.1,,,,
2014-12-17,318.42,325.48,318.42,325.34,,,,
2014-12-18,325.8,333.24,325.8,333.23,,,,
2014-12-19,333.26,334.87,332.16,333.32,,,,
2014-12-22,333.58,335.42,333.43,335.37,,,,
2014-12-23,335.8,338.48,335.8,337.32,,,,
2014-12-24,337.58,338.2,336.62,336.65,,,,
2014-12-26,337.02,337.96,336.62,336.64,,,,
2014-12-29,336.37,339.18,335.82,337.84,,,,
2014-12-30,337.54,338.09,336.45,337.41,,,,
2014-12-31,337.98,338.5,333.26,333.32,,,,
2015-01-02,333.33,335.65,331.06,333.41,,,,
2015-01-05,333.41,333.41,325.71,326.43,,,,
2015-01-06,326.43,327.21,320.11,321.43,,,,
2015-01-07,321.44,325.51,321.44,324.98,,,,
2015-01-08,325.01,330.33,325.01,329.77,,,,
2015-01-09,329.77,330.04,325.16,325.36,,,,
2015-01-12,325.36,325.94,321.67,322.6,,,,
2015-01-13,322.6,326.61,319.35,321.51,,,,
2015-01-14,321.5,321.5,312.68,316.95,,,,
2015-01-15,316.95,317.2,312.39,312.9,,,,
2015-01-16,312.9,316.77,310.96,316.65,,,,
2015-01-20,316.65,318.68,314.28,315.43,,,,
2015-01-21,315.43,317.61,313.27,316.04,,,,
2015-01-22,316.04,324.28,315.97,323.78,,,,
2015-01-23,323.78,324.09,320.45,320.51,,,,
2015-01-26,320.51,322.09,319.08,322.03,,,,
2015-01-27,321.99,321.99,317.36,318.51,,,,
2015-01-28,318.51,319.85,312.25,312.25,,,,
2015-01-29,312.25,315.84,311.17,315.12,,,,
2015-01-30,315.12,315.12,309.97,310.01,,,,
2015-02-02,310.01,315.4,308.59,315.03,,,,
2015-02-03,315.03,320.48,315.03,320.35,,,,
2015-02-04,320.35,321.88,318.81,319.39,,,,
2015-02-05,319.39,322.91,319.39,322.58,,,,
2015-02-06,322.58,328.18,322.58,324.93,,,,
2015-02-09,324.93,324.93,322.61,323.59,,,,
2015-02-10,323.62,326.5,323.61,325.92,,,,
2015-02-11,325.92,326.67,323.76,325.75,,,,
2015-02-12,325.75,329.45,325.65,329.17,,,,
2015-02-13,329.17,330.03,327.62,328.84,,,,
2015-02-17,328.84,330.64,328.15,330.14,,,,
2015-02-18,330.14,330.14,327.19,327.99,,,,
2015-02-19,327.99,327.99,325.79,326.54,,,,
2015-02-20,326.54,329.37,323.96,329.18,,,,
2015-02-23,329.18,329.18,326.39,328.01,,,,
2015-02-24,328.01,330.68,327.87,329.67,,,,
2015-02-25,329.67,330.9,329.25,329.84,,,,
2015-02-26,329.84,329.84,327.76,328.86,,,,
2015-02-27,328.86,328.97,327.45,327.52,,,,
2015-03-02,327.52,330.19,327.02,330.19,,,,
2015-03-03,330.19,330.19,327.5,329.35,,,,
2015-03-04,329.35,329.35,325.74,326.84,,,,
2015-03-05,326.84,328.45,326.39,328.21,,,,
2015-03-06,328.21,331.42,325.29,325.73,,,,
2015-03-09,325.73,327.87,325.73,327.19,,,,
2015-03-10,327.19,327.19,320.26,320.26,,,,
2015-03-11,320.26,323.39,320.26,322.27,,,,
2015-03-12,322.29,329.37,322.29,329.31,,,,
2015-03-13,329.31,329.31,325.08,327.05,,,,
2015-03-16,327.05,331.13,327.05,330.9,,,,
2015-03-17,330.88,330.88,327.94,330.21,,,,
2015-03-18,330.21,333,328.07,331.97,,,,
2015-03-19,331.97,331.97,327.44,328.73,,,,
2015-03-20,328.73,333.44,328.73,332.93,,,,
2015-03-23,332.93,334.13,331.47,331.47,,,,
2015-03-24,331.47,331.47,328.61,328.61,,,,
2015-03-25,328.62,328.77,323.71,323.71,,,,
2015-03-26,323.71,324.69,320.91,323.21,,,,
2015-03-27,323.2,323.41,321.55,322.81,,,,
2015-03-30,322.81,328.12,322.81,327.2,,,,
2015-03-31,327.2,327.2,324.46,324.95,,,,
2015-04-01,324.95,325.6,322.37,324.36,,,,
2015-04-02,324.36,326.68,324.14,326.24,,,,
2015-04-06,326.25,327.52,323.2,326.54,,,,
2015-04-07,326.54,327.58,325.09,325.11,,,,
2015-04-08,325.11,327.53,325.11,326.22,,,,
2015-04-09,326.22,326.92,324.4,326.65,,,,
2015-04-10,326.65,327.34,326.21,326.65,,,,
2015-04-13,326.65,328.69,326.59,327.56,,,,
2015-04-14,327.56,328.57,326.03,327.67,,,,
2015-04-15,327.67,330.28,327.67,329.1,,,,
2015-04-16,329.1,330.61,327.23,329.45,,,,
2015-04-17,329.45,329.45,323.89,325.04,,,,
2015-04-20,325.05,327.54,325.05,326.65,,,,
2015-04-21,326.65,328.03,324.58,324.87,,,,
2015-04-22,324.87,327.75,324.12,327.15,,,,
2015-04-23,327.15,328.41,326.03,327.5,,,,
2015-04-24,327.5,327.51,326.03,326.66,,,,
2015-04-27,326.66,328.68,325.4,325.64,,,,
2015-04-28,325.64,327.62,324.03,327.58,,,,
2015-04-29,327.58,329.04,326.47,327.63,,,,
2015-04-30,327.63,328.14,323.87,325.2,,,,
2015-05-01,325.2,328.18,325.2,327.79,,,,
2015-05-04,327.79,331.19,327.79,330.99,,,,
2015-05-05,330.99,331.91,327.91,328.23,,,,
2015-05-06,328.23,329.68,324.09,326.28,,,,
2015-05-07,326.28,329.23,325.06,328.44,,,,
2015-05-08,328.44,333.08,328.44,333.01,,,,
2015-05-11,333.01,333.77,331.44,331.86,,,,
2015-05-12,331.86,331.86,328.18,330.64,,,,
2015-05-13,330.64,331.88,330,330.75,,,,
2015-05-14,330.75,333.78,330.75,333.7,,,,
2015-05-15,333.7,333.99,331.29,332.25,,,,
2015-05-18,332.24,334.35,332.12,334.11,,,,
2015-05-19,334.11,336.94,334.11,336.26,,,,
2015-05-20,336.26,336.26,334.6,335.04,,,,
2015-05-21,335.04,335.04,333.92,334.25,,,,
2015-05-22,334.25,335.08,333.66,333.96,,,,
2015-05-26,333.96,333.96,330.29,330.96,,,,
2015-05-27,330.96,334.52,330.96,333.99,,,,
2015-05-28,333.98,333.98,331.81,333.65,,,,
2015-05-29,333.65,333.69,330.09,330.53,,,,
2015-06-01,330.53,332.43,330.16,331.16,,,,
2015-06-02,331.16,332.66,329.55,331.69,,,,
2015-06-03,331.69,335.17,331.69,333.87,,,,
2015-06-04,333.87,333.97,330.83,331.22,,,,
2015-06-05,331.22,335.25,331.22,333.08,,,,
2015-06-08,333.08,333.95,331.01,331.03,,,,
2015-06-09,331.03,333.31,330.08,332.05,,,,
2015-06-10,332.05,337.69,332.05,336.81,,,,
2015-06-11,336.81,338.48,336.68,337.71,,,,
2015-06-12,337.71,337.71,335.41,336.39,,,,
2015-06-15,336.39,336.39,332.92,334.95,,,,
2015-06-16,334.95,336.99,334.09,336.72,,,,
2015-06-17,336.72,338.17,335.55,336.28,,,,
2015-06-18,336.29,339.84,336.29,339.36,,,,
2015-06-19,339.36,339.36,336.02,336.08,,,,
2015-06-22,336.08,340.16,336.08,338.73,,,,
2015-06-23,338.73,340.51,338.73,339.73,,,,
2015-06-24,339.73,339.73,336.73,336.73,,,,
2015-06-25,336.73,337.61,334.43,334.43,,,,
2015-06-26,334.43,336.48,334.43,335.77,,,,
2015-06-29,335.77,335.77,327.47,327.58,,,,
2015-06-30,327.58,331.42,327.58,328.94,,,,
2015-07-01,328.94,334.17,328.94,333.13,,,,
2015-07-02,333.13,334.06,330.74,331.92,,,,
2015-07-06,331.92,331.92,328.28,330.77,,,,
2015-07-07,330.77,331.47,325.25,331.2,,,,
2015-07-08,331.2,331.2,325.02,325.38,,,,
2015-07-09,325.38,330.41,325.38,327.88,,,,
2015-07-10,327.88,332.64,327.88,331.85,,,,
2015-07-13,331.85,335.69,331.85,335.46,,,,
2015-07-14,335.46,337.18,334.18,336.78,,,,
2015-07-15,336.78,339.92,336.78,339.26,,,,
2015-07-16,339.26,342.62,339.26,342.6,,,,
2015-07-17,342.6,342.6,340.47,341.84,,,,
2015-07-20,341.84,343.39,341.34,342.39,,,,
2015-07-21,342.39,343.7,341.11,342.02,,,,
2015-07-22,342.02,344.84,342.02,344.42,,,,
2015-07-23,344.42,344.9,340.92,341.63,,,,
2015-07-24,341.63,341.63,337.8,338.39,,,,
2015-07-27,338.39,338.39,334.72,335.9,,,,
2015-07-28,335.9,337.98,335.16,337.55,,,,
2015-07-29,337.55,340.61,337.47,340.21,,,,
2015-07-30,340.21,340.63,338.74,340.43,,,,
2015-07-31,340.43,340.88,338.56,338.84,,,,
2015-08-03,338.84,339.64,336.85,338.98,,,,
2015-08-04,338.98,340.13,338,338.53,,,,
2015-08-05,338.53,341.54,338.53,339.36,,,,
2015-08-06,339.36,340.26,337.11,338.27,,,,
2015-08-07,338.27,339.18,336.14,338.41,,,,
2015-08-10,338.42,342.17,338.42,342.04,,,,
2015-08-11,342.04,342.04,337.8,338.78,,,,
2015-08-12,338.78,338.78,330.96,336.05,,,,
2015-08-13,336.05,338.28,334.65,337.08,,,,
2015-08-14,337.08,339.5,336.81,339.41,,,,
2015-08-17,339.41,340.24,336.82,340.07,,,,
2015-08-18,340.07,340.65,339.08,339.76,,,,
2015-08-19,339.76,339.76,335.56,336.83,,,,
2015-08-20,336.83,336.83,329.64,329.65,,,,
2015-08-21,329.65,329.65,319.37,319.37,,,,
2015-08-24,319.37,319.37,302.63,304.28,,,,
2015-08-25,304.28,312.93,299.11,299.26,,,,
2015-08-26,299.26,311.28,299.26,310.74,,,,
2015-08-27,310.74,319.59,310.74,318.91,,,,
2015-08-28,318.91,318.91,315.54,317.7,,,,
2015-08-31,317.7,317.7,314.63,315.31,,,,
2015-09-01,315.31,315.31,302.28,304.3,,,,
2015-09-02,304.31,309.31,304.31,308.74,,,,
2015-09-03,308.77,313.49,308.77,310.17,,,,
2015-09-04,310.17,310.17,302.19,304.18,,,,
2015-09-08,304.21,312.25,304.21,312.03,,,,
2015-09-09,312.03,316.03,307.04,307.76,,,,
2015-09-10,307.76,311.27,306.54,309.17,,,,
2015-09-11,309.17,310.32,306.9,310.27,,,,
2015-09-14,310.27,310.45,308.55,309.36,,,,
2015-09-15,309.36,314.96,309.36,313.92,,,,
2015-09-16,313.92,316.52,312.62,315.92,,,,
2015-09-17,315.92,317.68,311.13,311.77,,,,
2015-09-18,311.76,311.76,305.05,305.79,,,,
2015-09-21,305.79,310.12,305.79,309.05,,,,
2015-09-22,309.05,309.05,302.99,304.94,,,,
2015-09-23,304.94,306.21,303.54,305.19,,,,
2015-09-24,305.19,305.19,300.48,303,,,,
2015-09-25,303,309.51,303,307.4,,,,
2015-09-28,307.4,307.4,299.48,300.14,,,,
2015-09-29,300.14,301.63,298.26,301.29,,,,
2015-09-30,301.29,305.33,301.29,305.33,,,,
2015-10-01,305.33,306.75,302.33,305.75,,,,
2015-10-02,305.75,305.75,296.13,305.57,,,,
2015-10-05,305.89,312.58,305.89,312.16,,,,
2015-10-06,312.16,312.56,310.28,310.74,,,,
2015-10-07,310.78,314.82,310.78,313.2,,,,
2015-10-08,313.2,315.19,311.32,314.81,,,,
2015-10-09,314.81,315.82,311.69,313.03,,,,
2015-10-12,313.03,313.71,312.18,313.51,,,,
2015-10-13,313.5,314.05,311.22,311.47,,,,
2015-10-14,311.47,311.47,307.89,308.49,,,,
2015-10-15,308.5,315.64,308.5,315.62,,,,
2015-10-16,315.62,317.62,315.58,316.99,,,,
2015-10-19,316.99,317.48,315.33,316.9,,,,
2015-10-20,316.9,319.07,316.62,318.57,,,,
2015-10-21,318.57,320.17,315.96,316.11,,,,
2015-10-22,316.11,322.74,316.11,321.67,,,,
2015-10-23,321.82,325.11,321.82,324.95,,,,
2015-10-26,324.95,325.1,322.62,323.89,,,,
2015-10-27,323.89,323.89,320.81,321.94,,,,
2015-10-28,321.94,329.7,321.94,329.7,,,,
2015-10-29,329.7,330.43,327.27,328.41,,,,
2015-10-30,328.41,328.44,323.86,323.97,,,,
2015-11-02,323.97,329.88,323.97,329.21,,,,
2015-11-03,329.21,330.13,327.14,329.05,,,,
2015-11-04,329.05,329.7,327.16,327.81,,,,
2015-11-05,327.81,329.8,327.58,329.19,,,,
2015-11-06,329.19,334.99,329.19,332.65,,,,
2015-11-09,332.65,332.68,327.16,328.73,,,,
2015-11-10,328.73,330.42,327.58,330.15,,,,
2015-11-11,330.15,331.4,329.08,329.46,,,,
2015-11-12,329.46,329.46,324.2,324.21,,,,
2015-11-13,324.21,324.78,320.76,321.43,,,,
2015-11-16,321.43,325.45,320.03,325.45,,,,
2015-11-17,325.45,327.68,324.22,324.7,,,,
2015-11-18,324.7,330.9,324.7,330.64,,,,
2015-11-19,330.64,331.72,329.62,331.08,,,,
2015-11-20,331.08,332.99,330.67,331.51,,,,
2015-11-23,331.51,332.41,329.98,330.23,,,,
2015-11-24,330.23,330.33,326.55,329.22,,,,
2015-11-25,329.22,330.1,328.72,329.34,,,,
2015-11-27,329.34,330.65,328.57,330.37,,,,
2015-11-30,330.37,331.13,329.48,329.48,,,,
2015-12-01,329.48,333.78,329.48,333.66,,,,
2015-12-02,333.66,333.93,329.02,329.53,,,,
2015-12-03,329.53,330.12,323.34,324.24,,,,
2015-12-04,324.24,333.29,324.24,332.86,,,,
2015-12-07,332.86,332.86,328.24,329.91,,,,
2015-12-08,329.91,329.91,324.87,325.57,,,,
2015-12-09,325.57,327.54,320.05,321.82,,,,
2015-12-10,321.82,324.99,320.81,321.99,,,,
2015-12-11,321.99,321.99,313.2,314.99,,,,
2015-12-14,314.99,317.49,312.06,315.49,,,,
2015-12-15,315.49,324.46,315.49,322.99,,,,
2015-12-16,322.99,328.99,322.92,328.26,,,,
2015-12-17,328.26,328.96,323.05,323.07,,,,
2015-12-18,323.07,323.07,314.94,314.96,,,,
2015-12-21,314.96,318.84,314.96,317.84,,,,
2015-12-22,317.84,321.43,317,320.64,,,,
2015-12-23,320.64,324.89,320.64,324.77,,,,
2015-12-24,324.77,325.89,323.52,324.5,,,,
2015-12-28,324.5,324.5,321.34,323.85,,,,
2015-12-29,323.86,327.52,323.86,327.25,,,,
2015-12-30,327.25,327.25,324.41,324.68,,,,
2015-12-31,324.68,325.33,321.66,321.73,,,,
2016-01-04,321.73,321.73,311.67,315.14,,,,
2016-01-05,315.14,317.15,313.64,316.19,,,,
2016-01-06,316.19,316.19,309.98,311.28,,,,
2016-01-07,311.28,311.28,301.63,302.5,,,,
2016-01-08,302.51,305.47,297.36,297.76,,,,
2016-01-11,297.76,300.03,295.58,298.82,,,,
2016-01-12,298.82,301.96,296.83,300.48,,,,
2016-01-13,300.48,302.83,291.65,292.66,,,,
2016-01-14,292.66,297.74,290.67,295.63,,,,
2016-01-15,295.63,295.63,285.07,288.68,,,,
2016-01-19,288.68,292.71,286.73,288.58,,,,
2016-01-20,288.58,288.58,276.91,282.51,,,,
2016-01-21,282.51,286.72,280.85,281.67,,,,
2016-01-22,281.67,288.08,281.67,287.17,,,,
2016-01-25,287.17,287.17,280.41,280.6,,,,
2016-01-26,280.6,286.56,280.6,285.59,,,,
2016-01-27,285.59,289.64,282.78,284.47,,,,
2016-01-28,284.47,287.46,282.9,284.69,,,,
2016-01-29,284.69,292.9,284.69,292.9,,,,
2016-02-01,292.87,292.87,289.31,291.21,,,,
2016-02-02,291.21,291.21,282.78,283.62,,,,
2016-02-03,283.62,284.67,275.5,283.47,,,,
2016-02-04,283.47,287.74,282.91,286.06,,,,
2016-02-05,286.06,287.45,281.23,282.15,,,,
2016-02-08,282.15,282.15,271.18,274.7,,,,
2016-02-09,274.68,276.22,270.77,274.25,,,,
2016-02-10,274.25,279.39,272.85,272.97,,,,
2016-02-11,272.97,272.97,262.78,264.89,,,,
2016-02-12,264.89,275.54,264.89,275.5,,,,
2016-02-16,275.5,281.14,275.5,280.37,,,,
2016-02-17,280.37,285.04,280.37,283.89,,,,
2016-02-18,283.89,284.25,280.98,282.16,,,,
2016-02-19,282.16,283.2,279.61,282.48,,,,
2016-02-22,282.48,287.63,282.48,286.71,,,,
2016-02-23,286.71,286.71,281.1,281.47,,,,
2016-02-24,281.47,281.48,275.19,280.9,,,,
2016-02-25,280.9,284.84,280.9,284.77,,,,
2016-02-26,284.77,289.14,284.77,286.64,,,,
2016-02-29,286.64,287.77,283.55,283.61,,,,
2016-03-01,283.61,293.66,283.61,293.66,,,,
2016-03-02,293.66,296.34,293.28,296.34,,,,
2016-03-03,296.34,298.24,294.82,298.21,,,,
2016-03-04,298.21,300.83,297.29,299.42,,,,
2016-03-07,299.42,299.58,296.58,299.34,,,,
2016-03-08,299.34,299.34,294.04,294.33,,,,
2016-03-09,294.33,296.11,293.77,294.72,,,,
2016-03-10,294.72,297.87,291.15,294.56,,,,
2016-03-11,294.56,302.57,294.56,302.39,,,,
2016-03-14,302.39,302.39,299.41,301.11,,,,
2016-03-15,301.09,301.09,298.06,300.75,,,,
2016-03-16,300.75,302.13,298.18,300.28,,,,
2016-03-17,300.28,304.73,298.29,303.83,,,,
2016-03-18,303.83,308.07,303.83,306.9,,,,
2016-03-21,306.9,308.22,305.13,306.33,,,,
2016-03-22,306.33,306.53,303.67,305.44,,,,
2016-03-23,305.44,305.44,303.08,303.12,,,,
2016-03-24,303.12,303.12,298.42,301.16,,,,
2016-03-28,301.16,303.01,300.78,302.06,,,,
2016-03-29,302.06,302.61,299.17,302.53,,,,
2016-03-30,302.53,306.42,302.53,304.34,,,,
2016-03-31,304.34,305.35,303.03,303.71,,,,
2016-04-01,303.71,306.61,300.96,306.18,,,,
2016-04-04,306.18,306.45,304.03,304.59,,,,
2016-04-05,304.59,304.59,299.84,300.19,,,,
2016-04-06,300.19,302.11,298.88,301.94,,,,
2016-04-07,301.94,301.94,294.7,296.09,,,,
2016-04-08,296.09,300.09,296.09,297.29,,,,
2016-04-11,297.29,300.88,297.29,298.3,,,,
2016-04-12,298.3,302.7,298.27,302.3,,,,
2016-04-13,302.3,309.25,302.3,309.09,,,,
2016-04-14,309.09,311.34,307.85,309.93,,,,
2016-04-15,309.93,310.98,308.22,309.04,,,,
2016-04-18,309.04,311.18,307.55,311.18,,,,
2016-04-19,311.18,314.78,311.18,314.63,,,,
2016-04-20,314.66,317.88,314.66,317.42,,,,
2016-04-21,317.42,318.47,313.87,314.38,,,,
2016-04-22,314.38,318.16,314.38,317.65,,,,
2016-04-25,317.65,317.65,314.7,316.73,,,,
2016-04-26,316.73,319.13,316.68,319.02,,,,
2016-04-27,319.02,320.36,317.6,319.29,,,,
2016-04-28,319.29,319.29,314.97,315.74,,,,
2016-04-29,315.74,315.74,311.5,313.64,,,,
2016-05-02,313.64,317.4,313.64,317.11,,,,
2016-05-03,317.11,317.11,310.33,312.9,,,,
2016-05-04,312.9,312.9,308.98,310.43,,,,
2016-05-05,310.43,312.02,309.41,310.15,,,,
2016-05-06,310.15,311.52,307.9,311.33,,,,
2016-05-09,311.33,312.29,309.52,310.72,,,,
2016-05-10,310.72,315.07,310.72,315.01,,,,
2016-05-11,315.01,315.01,311.45,311.45,,,,
2016-05-12,311.45,313.9,309.95,311.93,,,,
2016-05-13,311.93,313.13,307.5,307.92,,,,
2016-05-16,307.92,310.88,307.62,309.62,,,,
2016-05-17,309.62,309.94,306.58,307.5,,,,
2016-05-18,307.5,313.32,307.27,313.25,,,,
2016-05-19,313.25,313.25,308.44,310.36,,,,
2016-05-20,310.36,314,310.36,312.26,,,,
2016-05-23,312.26,312.91,310.72,311.98,,,,
2016-05-24,311.98,317.39,311.98,316.8,,,,
2016-05-25,316.8,321.63,316.8,320.08,,,,
2016-05-26,320.08,320.08,317.82,318.19,,,,
2016-05-27,318.19,320.43,318.19,320.43,,,,
2016-05-31,320.43,321.64,318.5,319.34,,,,
2016-06-01,319.34,320.44,315.78,320.23,,,,
2016-06-02,320.23,320.7,318.21,320.7,,,,
2016-06-03,320.7,320.7,312.92,316.29,,,,
2016-06-06,316.29,319.41,316.29,318.06,,,,
2016-06-07,318.06,319.18,317.14,317.14,,,,
2016-06-08,317.14,318.24,316.82,317.74,,,,
2016-06-09,317.74,317.74,313.66,315.29,,,,
2016-06-10,315.29,315.29,310.4,311.39,,,,
2016-06-13,311.39,312.9,308.92,308.99,,,,
2016-06-14,308.99,309.29,302.91,304.51,,,,
2016-06-15,304.51,308.18,304.5,304.71,,,,
2016-06-16,304.71,305.77,300.64,305.71,,,,
2016-06-17,305.71,306.76,304.05,305.37,,,,
2016-06-20,305.37,311.68,305.37,307.16,,,,
2016-06-21,307.16,309.38,306.98,308.82,,,,
2016-06-22,308.82,311.06,308.28,308.47,,,,
2016-06-23,308.47,314.95,308.47,314.95,,,,
2016-06-24,314.95,314.95,297.7,297.92,,,,
2016-06-27,297.92,297.92,287.94,289.62,,,,
2016-06-28,289.62,296.77,289.62,296.77,,,,
2016-06-29,296.77,303.63,296.77,303.63,,,,
2016-06-30,303.63,308.42,303.15,308.39,,,,
2016-07-01,308.39,308.77,306.2,306.76,,,,
2016-07-05,306.76,306.76,300.65,302.09,,,,
2016-07-06,302.09,303.27,298.94,303.19,,,,
2016-07-07,303.19,305.69,301.91,303.48,,,,
2016-07-08,303.48,309.45,303.48,309.07,,,,
2016-07-11,309.07,311.79,309.07,310.82,,,,
2016-07-12,310.82,315.05,310.82,314.65,,,,
2016-07-13,314.65,315.38,313.08,314.78,,,,
2016-07-14,314.78,318.95,314.78,317.57,,,,
2016-07-15,317.57,318.67,315.23,317.02,,,,
2016-07-18,317.02,318.58,317.02,318.17,,,,
2016-07-19,318.17,318.46,316.52,318.42,,,,
2016-07-20,318.42,319.53,317.65,318.85,,,,
2016-07-21,318.85,318.93,316.98,317.43,,,,
2016-07-22,317.43,319.48,317.29,319.3,,,,
2016-07-25,319.3,319.36,317.72,318.53,,,,
2016-07-26,318.53,319.28,317.75,319,,,,
2016-07-27,319,319.61,317.79,318.77,,,,
2016-07-28,318.77,320,316.88,319.49,,,,
2016-07-29,319.49,320.11,318.3,318.9,,,,
2016-08-01,318.9,320.29,317.43,318.14,,,,
2016-08-02,318.14,318.23,314.46,315.36,,,,
2016-08-03,315.36,318.42,315.36,318.39,,,,
2016-08-04,318.39,318.42,316.8,317.3,,,,
2016-08-05,317.3,323.41,317.3,323.41,,,,
2016-08-08,323.41,324.69,322.96,323.76,,,,
2016-08-09,323.76,324.55,323.32,324.08,,,,
2016-08-10,324.08,324.27,321.07,321.6,,,,
2016-08-11,321.6,322.88,320.99,322.1,,,,
2016-08-12,322.1,322.1,320.11,321.42,,,,
2016-08-15,321.42,323.59,321.42,323.27,,,,
2016-08-16,323.27,323.27,321.92,322.34,,,,
2016-08-17,322.34,323.7,321.75,323.51,,,,
2016-08-18,323.51,323.91,322.45,323.48,,,,
2016-08-19,323.48,323.48,321.21,323.05,,,,
2016-08-22,323.05,323.32,321.9,323.13,,,,
2016-08-23,323.13,325.01,323.13,323.5,,,,
2016-08-24,323.5,324.41,322.65,323.1,,,,
2016-08-25,323.1,324.57,322.91,324.01,,,,
2016-08-26,324.01,326.69,322.5,324.21,,,,
2016-08-29,324.21,328.34,324.21,327.37,,,,
2016-08-30,327.37,330.01,327.37,329.99,,,,
2016-08-31,329.99,330.46,327.65,330.28,,,,
2016-09-01,330.28,331.28,326.47,328.95,,,,
2016-09-02,328.95,331.36,328.95,330.55,,,,
2016-09-06,330.55,330.71,327.46,329.78,,,,
2016-09-07,329.78,330.02,328.04,329.8,,,,
2016-09-08,329.8,330.5,328.75,329.46,,,,
2016-09-09,329.46,329.46,323.25,323.25,,,,
2016-09-12,323.25,327.88,320.3,326.97,,,,
2016-09-13,326.97,326.97,319.83,321.01,,,,
2016-09-14,321.01,322.96,319.24,319.97,,,,
2016-09-15,319.97,322.81,318.85,322.12,,,,
2016-09-16,322.12,322.12,318.04,319.18,,,,
2016-09-19,319.18,323.17,319.18,320.75,,,,
2016-09-20,320.75,323.65,320.74,321.05,,,,
2016-09-21,321.05,323.47,320.11,323.18,,,,
2016-09-22,323.18,325.07,323.18,324.07,,,,
2016-09-23,324.07,324.28,321.73,321.82,,,,
2016-09-26,321.82,321.82,316.34,316.87,,,,
2016-09-27,316.87,319.75,314.94,319.6,,,,
2016-09-28,319.6,321.28,317.87,321.09,,,,
2016-09-29,321.09,322.29,314.86,316.31,,,,
2016-09-30,316.31,322.34,316.31,320.82,,,,
2016-10-03,320.82,320.82,318.39,319.45,,,,
2016-10-04,319.45,322.53,318.71,320.47,,,,
2016-10-05,320.47,325.99,320.47,325.28,,,,
2016-10-06,325.28,326.47,323.27,325.47,,,,
2016-10-07,325.47,326.23,323.65,325.7,,,,
2016-10-10,325.7,328.79,325.7,327.33,,,,
2016-10-11,327.33,327.33,322.41,323.86,,,,
2016-10-12,323.86,326.08,323.59,324.34,,,,
2016-10-13,324.34,324.34,317.4,320.78,,,,
2016-10-14,320.78,325.71,320.78,322.37,,,,
2016-10-17,322.37,323.18,320.16,321.06,,,,
2016-10-18,321.06,324.25,321.06,323.52,,,,
2016-10-19,323.52,327.09,323.52,326.25,,,,
2016-10-20,326.25,328.38,325.14,326.19,,,,
2016-10-21,326.19,326.53,323.56,326.2,,,,
2016-10-24,326.2,328.77,326.2,327.46,,,,
2016-10-25,327.46,327.98,326.07,326.72,,,,
2016-10-26,326.72,329.35,325.4,328.74,,,,
2016-10-27,328.74,331.19,328.35,329.42,,,,
2016-10-28,329.42,330.59,325.74,328.09,,,,
2016-10-31,328.09,329.73,327.68,327.75,,,,
2016-11-01,327.75,329.62,323.72,326.47,,,,
2016-11-02,326.47,326.47,322.63,323.89,,,,
2016-11-03,323.89,326.97,323.68,324.36,,,,
2016-11-04,324.36,325.71,321.73,322.84,,,,
2016-11-07,322.84,331.29,322.84,331.25,,,,
2016-11-08,331.25,332.99,328.14,331.75,,,,
2016-11-09,331.75,347.08,331.75,345.25,,,,
2016-11-10,345.25,359.61,345.25,358.04,,,,
2016-11-11,358.04,359.69,354.86,359.43,,,,
2016-11-14,359.43,369.97,359.43,367.65,,,,
2016-11-15,367.65,367.89,361.3,367.85,,,,
2016-11-16,367.85,367.85,361.61,362.64,,,,
2016-11-17,362.64,367.59,361.88,367.17,,,,
2016-11-18,367.17,368.59,365.84,367.48,,,,
2016-11-21,367.48,369.14,366.35,368.62,,,,
2016-11-22,368.62,370.21,366.73,369,,,,
2016-11-23,369,371.36,367.77,371.04,,,,
2016-11-25,371.04,371.95,370.14,371.95,,,,
2016-11-28,371.95,371.95,366.25,366.78,,,,
2016-11-29,366.78,369.12,366.46,367.65,,,,
2016-11-30,367.65,373.75,367.65,372.54,,,,
2016-12-01,372.54,380.01,372.54,378.72,,,,
2016-12-02,378.72,378.72,373.64,375.15,,,,
2016-12-05,375.15,380.9,375.15,379.51,,,,
2016-12-06,379.51,383.22,378.51,383.13,,,,
2016-12-07,383.13,389.21,382.57,389.17,,,,
2016-12-08,389.17,394.77,388.74,392.74,,,,
2016-12-09,392.74,393.26,389.78,393.24,,,,
2016-12-12,393.24,393.79,388.58,389.65,,,,
2016-12-13,389.65,392.6,387.29,390.47,,,,
2016-12-14,390.47,394.42,386.24,388.24,,,,
2016-12-15,388.24,395.12,388.24,392.18,,,,
2016-12-16,392.18,393.04,388.21,388.73,,,,
2016-12-19,388.73,389.64,385.68,389.11,,,,
2016-12-20,389.11,393.49,389.11,393.48,,,,
2016-12-21,393.48,393.48,391.29,392.53,,,,
2016-12-22,392.53,392.53,390.37,391.49,,,,
2016-12-23,391.49,392.05,390.45,392.04,,,,
2016-12-27,392.04,393.06,392.04,392.51,,,,
2016-12-28,392.51,393.25,388.21,388.46,,,,
2016-12-29,388.46,389.33,383.98,385.63,,,,
2016-12-30,385.63,387.75,385.2,386.53,,,,
2017-01-03,386.53,393.27,386.53,390.31,,,,
2017-01-04,390.31,394.07,390.31,393.66,,,,
2017-01-05,393.66,393.66,386.11,389.66,,,,
2017-01-06,389.66,392.55,389.09,391.15,,,,
2017-01-09,391.15,391.15,387.63,388.1,,,,
2017-01-10,388.11,392.32,387.16,389.6,,,,
2017-01-11,389.6,391.39,387.11,391.39,,,,
2017-01-12,391.39,391.39,385.1,388.5,,,,
2017-01-13,388.5,395,388.5,390.63,,,,
2017-01-17,390.63,390.63,381.02,381.72,,,,
2017-01-18,381.72,384.86,379.72,384.73,,,,
2017-01-19,384.73,385.89,381.39,382.42,,,,
2017-01-20,382.42,385.64,382.42,384.22,,,,
2017-01-23,384.22,384.89,380.63,381.98,,,,
2017-01-24,381.98,388.19,381.98,386.62,,,,
2017-01-25,386.62,393.37,386.62,392.98,,,,
2017-01-26,392.98,395.17,392.27,394.14,,,,
2017-01-27,394.14,394.14,391.61,392.44,,,,
2017-01-30,392.44,392.44,386.07,389.67,,,,
2017-01-31,389.67,390.5,384.87,387.01,,,,
2017-02-01,387.01,391.56,386.17,387.15,,,,
2017-02-02,387.15,387.32,383.32,385.47,,,,
2017-02-03,385.47,393.6,385.47,393.13,,,,
2017-02-06,393.13,394.36,390.82,391.76,,,,
2017-02-07,391.76,393.99,390.19,390.82,,,,
2017-02-08,390.82,390.82,386.16,387.87,,,,
2017-02-09,387.87,393.53,387.87,393.19,,,,
2017-02-10,393.19,395.48,392.9,394.13,,,,
2017-02-13,394.13,400.46,394.13,398.52,,,,
2017-02-14,398.52,403.75,397.85,403.46,,,,
2017-02-15,403.46,407.29,402.39,406.46,,,,
2017-02-16,406.46,406.58,403.21,405.89,,,,
2017-02-17,405.89,405.89,402.08,405.77,,,,
2017-02-21,405.77,408.51,405.77,407.65,,,,
2017-02-22,407.65,409.03,405.59,407.95,,,,
2017-02-23,407.95,408.97,405.8,408.33,,,,
2017-02-24,408.26,408.26,403.01,405.25,,,,
2017-02-27,405.25,407.71,405.16,407.09,,,,
2017-02-28,407.09,407.09,404.17,406.38,,,,
2017-03-01,406.39,419.11,406.39,417.94,,,,
2017-03-02,417.94,418.62,411.6,411.8,,,,
2017-03-03,411.8,414.65,411.8,413.42,,,,
2017-03-06,413.42,413.42,408.88,410.83,,,,
2017-03-07,410.83,411.16,408.47,409.65,,,,
2017-03-08,409.65,414.95,409.38,409.6,,,,
2017-03-09,409.6,413.02,409.32,410.86,,,,
2017-03-10,410.86,413.05,408.06,410.72,,,,
2017-03-13,410.72,411.94,409.32,410.94,,,,
2017-03-14,410.94,410.94,407.57,410.46,,,,
2017-03-15,410.46,412.62,408.09,409.91,,,,
2017-03-16,409.91,413.44,409.91,411.2,,,,
2017-03-17,411.2,411.3,406.59,406.86,,,,
2017-03-20,406.86,406.86,403.11,403.22,,,,
2017-03-21,403.22,405.05,390.88,391.65,,,,
2017-03-22,391.65,392.65,386.24,390.87,,,,
2017-03-23,390.87,396.12,389.54,391.73,,,,
2017-03-24,391.73,394.33,388.67,391.36,,,,
2017-03-27,391.36,391.36,382.01,389.47,,,,
2017-03-28,389.47,396.48,388.65,394.79,,,,
2017-03-29,394.79,394.91,392.15,392.65,,,,
2017-03-30,392.65,398.52,392.42,397.43,,,,
2017-03-31,397.43,397.43,394.49,394.58,,,,
2017-04-03,394.58,395.76,388.86,393.43,,,,
2017-04-04,393.43,393.47,390.82,392.63,,,,
2017-04-05,392.63,397.55,389.64,389.87,,,,
2017-04-06,389.87,393.67,387.39,392.05,,,,
2017-04-07,392.05,392.98,388.46,390.72,,,,
2017-04-10,390.72,392.85,388.15,389.71,,,,
2017-04-11,389.71,389.71,384.41,388.68,,,,
2017-04-12,388.68,388.68,384.23,385.2,,,,
2017-04-13,385.2,387.74,380.37,380.38,,,,
2017-04-17,380.38,386.88,380.09,386.48,,,,
2017-04-18,386.48,386.48,380.89,383.27,,,,
2017-04-19,383.27,386.96,381.4,382.27,,,,
2017-04-20,382.27,389.11,382.27,388.2,,,,
2017-04-21,388.2,388.84,384.34,384.67,,,,
2017-04-24,384.67,395.12,384.67,393.1,,,,
2017-04-25,393.1,398.55,393.1,396.36,,,,
2017-04-26,396.36,399.85,395.86,396.51,,,,
2017-04-27,396.51,396.8,392.11,394.47,,,,
2017-04-28,394.47,394.63,390.61,390.76,,,,
2017-05-01,390.76,394.82,390.76,392.76,,,,
2017-05-02,392.76,393.39,390.42,392.64,,,,
2017-05-03,392.64,395.19,390.66,394.99,,,,
2017-05-04,394.99,398.97,394.44,395.87,,,,
2017-05-05,395.87,396.99,393.91,395.46,,,,
2017-05-08,395.46,396.27,394.17,395.05,,,,
2017-05-09,395.05,397.1,392.14,393.26,,,,
2017-05-10,393.26,394.48,391.95,394.31,,,,
2017-05-11,394.02,394.02,389.08,392.22,,,,
2017-05-12,392.22,392.22,388.39,390.45,,,,
2017-05-15,390.45,394.11,390.45,393.47,,,,
2017-05-16,393.47,394.73,392.32,394.13,,,,
2017-05-17,394.13,394.13,380.73,382.14,,,,
2017-05-18,382.14,385.82,381.26,383.33,,,,
2017-05-19,383.33,388.94,383.33,386.54,,,,
2017-05-22,386.54,388.71,385.38,387.69,,,,
2017-05-23,387.69,391.99,386.52,390.84,,,,
2017-05-24,390.84,391.43,389.02,390.68,,,,
2017-05-25,390.68,393.14,390.37,391.63,,,,
2017-05-26,391.63,392.21,390.5,391.38,,,,
2017-05-30,391.38,391.38,387.63,388.36,,,,
2017-05-31,388.36,388.4,382.51,385.26,,,,
2017-06-01,385.26,389.85,384.41,389.85,,,,
2017-06-02,389.85,390.08,386.2,388.41,,,,
2017-06-05,388.41,391.28,388.41,388.72,,,,
2017-06-06,388.72,388.72,385.19,387.1,,,,
2017-06-07,387.1,391.05,387.1,390.28,,,,
2017-06-08,390.28,397.37,390.1,394.72,,,,
2017-06-09,394.72,402.68,394.72,402.33,,,,
2017-06-12,402.33,405.57,400.57,402.99,,,,
2017-06-13,402.99,406.23,402.99,404.77,,,,
2017-06-14,404.77,406.09,399.44,405.52,,,,
2017-06-15,405.52,406.05,402.64,404.01,,,,
2017-06-16,404.01,404.88,402.56,403.58,,,,
2017-06-19,403.58,408.43,403.58,407.53,,,,
2017-06-20,407.53,407.53,404.17,404.23,,,,
2017-06-21,404.23,404.57,400.68,401.07,,,,
2017-06-22,401.07,401.07,398.02,398.51,,,,
2017-06-23,398.51,400.16,395.61,396.69,,,,
2017-06-26,396.69,400.7,396.43,398.81,,,,
2017-06-27,398.81,403.97,398.81,400.86,,,,
2017-06-28,400.86,407.8,400.86,407.19,,,,
2017-06-29,407.19,415.44,407.12,409.83,,,,
2017-06-30,409.83,412.65,408.94,409.59,,,,
2017-07-03,409.59,418,409.59,415.07,,,,
2017-07-05,415.07,417,413.61,416.05,,,,
2017-07-06,416.05,417.75,413.16,413.29,,,,
2017-07-07,413.29,416.45,413.02,415.6,,,,
2017-07-10,415.6,416.17,413.9,414.89,,,,
2017-07-11,414.89,414.89,410.51,412.07,,,,
2017-07-12,412.07,413.23,410.58,412.54,,,,
2017-07-13,412.54,415.28,412.54,415.04,,,,
2017-07-14,415.04,415.04,408.27,412.9,,,,
2017-07-17,412.92,413.23,410.7,412.36,,,,
2017-07-18,412.36,412.36,408.96,411.21,,,,
2017-07-19,411.21,413.41,410.31,412.07,,,,
2017-07-20,412.07,413.83,410.79,411.84,,,,
2017-07-21,411.84,412.84,410.58,411.73,,,,
2017-07-24,411.73,413.75,411.37,412.99,,,,
2017-07-25,412.99,420.09,412.99,418.22,,,,
2017-07-26,418.22,419.58,414.84,415.68,,,,
2017-07-27,415.68,415.92,411.55,413.49,,,,
2017-07-28,413.49,414.3,410.99,413.61,,,,
2017-07-31,413.61,417.61,413.61,416.17,,,,
2017-08-01,416.17,419.57,416.17,419.54,,,,
2017-08-02,419.54,420.01,417.63,419.79,,,,
2017-08-03,419.79,419.79,417.34,417.86,,,,
2017-08-04,417.86,422.26,417.86,420.88,,,,
2017-08-07,420.88,421.71,419.47,420.14,,,,
2017-08-08,420.14,424.01,418.89,419.42,,,,
2017-08-09,419.42,419.42,415.74,419.08,,,,
2017-08-10,419.08,419.08,411.55,411.7,,,,
2017-08-11,411.7,413.5,408.79,409.51,,,,
2017-08-14,409.51,416.52,409.51,415.19,,,,
2017-08-15,415.19,419.24,415.19,416.08,,,,
2017-08-16,416.08,418.18,414.22,415.08,,,,
2017-08-17,415.08,415.08,407.73,407.86,,,,
2017-08-18,407.86,410.8,405.88,407.63,,,,
2017-08-21,407.63,407.86,405.14,406.65,,,,
2017-08-22,406.65,411.39,406.65,410.91,,,,
2017-08-23,410.91,412.17,408.19,409.99,,,,
2017-08-24,409.99,411.37,409.19,409.65,,,,
2017-08-25,409.65,412.72,409.65,410.64,,,,
2017-08-28,410.64,411.36,407.4,408.67,,,,
2017-08-29,408.67,408.67,403.59,406.76,,,,
2017-08-30,406.76,410.03,406.76,408.48,,,,
2017-08-31,408.48,410.01,407.55,408.45,,,,
2017-09-01,408.45,412.27,408.45,410.24,,,,
2017-09-05,410.24,410.24,400.09,401.21,,,,
2017-09-06,401.21,404.03,400.9,402.19,,,,
2017-09-07,402.19,402.25,393.75,395.54,,,,
2017-09-08,395.54,400.25,394.62,398.58,,,,
2017-09-11,398.58,406.75,398.58,405.5,,,,
2017-09-12,405.5,410.92,405.5,410.41,,,,
2017-09-13,410.41,411.29,408.55,411.29,,,,
2017-09-14,411.29,412.1,409.52,409.86,,,,
2017-09-15,409.86,411.83,409.35,411.81,,,,
2017-09-18,411.81,416.48,411.81,415.99,,,,
2017-09-19,415.99,420.45,415.82,419.31,,,,
2017-09-20,419.31,423.36,417.78,421.91,,,,
2017-09-21,421.91,423.79,420.79,422.74,,,,
2017-09-22,422.74,422.96,420.11,422.7,,,,
2017-09-25,422.7,423.44,419.31,422.05,,,,
2017-09-26,422.05,423.28,420.79,421.66,,,,
2017-09-27,421.66,428.96,421.66,427.14,,,,
2017-09-28,427.14,428.33,425.35,427.66,,,,
2017-09-29,427.66,429.36,426.98,429.08,,,,
2017-10-02,429.08,432.92,428.68,432.89,,,,
2017-10-03,432.89,434.39,431.93,434.19,,,,
2017-10-04,434.19,434.72,432.5,432.79,,,,
2017-10-05,432.79,438.26,431.67,437.06,,,,
2017-10-06,437.06,439.05,435.13,437.25,,,,
2017-10-09,437.25,437.95,434.68,435.62,,,,
2017-10-10,435.62,437.49,435.2,437.42,,,,
2017-10-11,437.42,437.42,434.96,436.81,,,,
2017-10-12,436.81,437.98,433.09,433.67,,,,
2017-10-13,433.67,435.05,429.8,433.5,,,,
2017-10-16,433.5,436.56,433.5,436.29,,,,
2017-10-17,436.29,437.66,433.28,433.88,,,,
2017-10-18,433.88,437.23,433.88,436.32,,,,
2017-10-19,436.32,437.05,432.9,436.96,,,,
2017-10-20,436.96,442.31,436.96,442.05,,,,
2017-10-23,442.05,442.91,440.89,441.43,,,,
2017-10-24,441.43,445.7,441.43,444.71,,,,
2017-10-25,444.71,446,439.81,442.52,,,,
2017-10-26,442.52,446.62,442.52,444.97,,,,
2017-10-27,444.97,445.22,441.78,444.53,,,,
2017-10-30,444.53,444.53,441.45,442.41,,,,
2017-10-31,442.41,444.06,440.94,441.16,,,,
2017-11-01,441.16,445.09,441.16,442.19,,,,
2017-11-02,442.19,446.46,440.16,445.99,,,,
2017-11-03,445.99,445.99,442.63,444.05,,,,
2017-11-06,444.05,444.21,442,443.46,,,,
2017-11-07,443.46,444.95,436.22,437.58,,,,
2017-11-08,437.58,437.58,433.66,434.95,,,,
2017-11-09,434.95,434.95,429.12,433.45,,,,
2017-11-10,433.45,434.55,432.01,432.27,,,,
2017-11-13,432.27,433.69,429.46,433.05,,,,
2017-11-14,433.05,433.05,429.79,432.79,,,,
2017-11-15,432.79,435.22,428.54,433.61,,,,
2017-11-16,433.61,436.64,433.61,433.94,,,,
2017-11-17,433.94,434.37,431.37,433.36,,,,
2017-11-20,433.36,436.09,433.08,435.49,,,,
2017-11-21,435.49,437.28,435.49,436.59,,,,
2017-11-22,436.59,437.84,434.84,434.86,,,,
2017-11-24,434.86,435.88,434.05,434.19,,,,
2017-11-27,434.19,436.3,433.71,434.02,,,,
2017-11-28,434.02,445.77,434.02,445.21,,,,
2017-11-29,445.21,455.85,445.21,453.1,,,,
2017-11-30,453.1,461.69,453.1,455.61,,,,
2017-12-01,455.61,458.68,446.25,456.61,,,,
2017-12-04,456.61,466.79,456.61,463.71,,,,
2017-12-05,463.71,465.97,460.04,461.01,,,,
2017-12-06,461.01,461.77,414.57,459.45,,,,
2017-12-07,459.45,462.41,457.04,460.76,,,,
2017-12-08,460.76,463.46,459.92,463.46,,,,
2017-12-11,463.46,464.14,461.21,462.36,,,,
2017-12-12,462.36,468.83,462.36,467.09,,,,
2017-12-13,467.09,467.52,461.06,461.17,,,,
2017-12-14,461.17,463.27,457.87,458.07,,,,
2017-12-15,458.07,465.36,458.07,462.84,,,,
2017-12-18,462.84,468.64,462.84,466.66,,,,
2017-12-19,466.66,468.81,464.6,464.78,,,,
2017-12-20,464.78,468.64,463.48,463.64,,,,
2017-12-21,463.64,468.91,463.64,467.57,,,,
2017-12-22,467.57,469.36,464.31,466.56,,,,
2017-12-26,466.56,467.71,463.21,465,,,,
2017-12-27,465,465.48,463.85,465.3,,,,
2017-12-28,465.3,467.25,465.2,467.19,,,,
2017-12-29,467.19,468.5,463.94,463.94,,,,
2018-01-02,463.94,466.51,461.68,463.66,,,,
2018-01-03,463.66,466.55,463.18,466.14,,,,
2018-01-04,466.14,473.75,466.14,470.51,,,,
2018-01-05,470.51,472.11,468.79,471.92,,,,
2018-01-08,471.92,471.93,469.62,471.33,,,,
2018-01-09,471.33,477.1,471.33,474.69,,,,
2018-01-10,474.69,480.74,474.69,478.72,,,,
2018-01-11,478.72,480.97,478.46,480.97,,,,
2018-01-12,480.97,485.64,480.97,485.49,,,,
2018-01-16,485.49,490.25,481.41,483.9,,,,
2018-01-17,483.9,488.85,481.48,487.94,,,,
2018-01-18,487.94,489.3,486.5,487.24,,,,
2018-01-19,487.24,490.59,487.24,490.56,,,,
2018-01-22,490.56,494.66,489.87,494.62,,,,
2018-01-23,494.62,495.78,491.12,494.83,,,,
2018-01-24,494.83,499.41,494.47,498.19,,,,
2018-01-25,498.19,499.62,495.8,497.25,,,,
2018-01-26,497.25,501.33,496.54,501.29,,,,
2018-01-29,501.29,503.42,498.67,498.99,,,,
2018-01-30,498.99,498.99,492.83,492.91,,,,
2018-01-31,492.91,496.05,492.08,493.45,,,,
2018-02-01,493.45,498.39,492.41,498.36,,,,
2018-02-02,498.36,498.36,486.58,487.21,,,,
2018-02-05,487.21,487.21,458.02,462.92,,,,
2018-02-06,462.92,471.79,451.04,470.77,,,,
2018-02-07,470.77,477.55,468.39,471.56,,,,
2018-02-08,471.56,471.78,450.25,450.3,,,,
2018-02-09,450.3,462.18,443.7,458.95,,,,
2018-02-12,458.95,469.87,458.95,465.27,,,,
2018-02-13,465.27,468.32,461.62,467.34,,,,
2018-02-14,467.34,478.59,466.4,478.18,,,,
2018-02-15,478.18,482.95,476.04,481.14,,,,
2018-02-16,481.14,484.6,479.18,480.61,,,,
2018-02-20,480.61,484.1,477.52,479.5,,,,
2018-02-21,479.5,487.11,478.8,479.2,,,,
2018-02-22,479.2,483.11,474.46,475.46,,,,
2018-02-23,475.46,482.53,475.46,482.42,,,,
2018-02-26,482.42,489.87,482.42,489.69,,,,
2018-02-27,489.69,493.3,485.1,485.11,,,,
2018-02-28,485.11,489.52,478.68,478.88,,,,
2018-03-01,478.88,482.13,467.42,470.02,,,,
2018-03-02,470.02,472.34,462,471.44,,,,
2018-03-05,471.44,480.28,467.51,477.89,,,,
2018-03-06,477.89,480.65,474.85,479.75,,,,
2018-03-07,479.75,479.81,473.24,478.92,,,,
2018-03-08,478.92,480.77,475.13,480.22,,,,
2018-03-09,480.22,492.22,480.22,492.13,,,,
2018-03-12,492.13,493.59,489.44,490.17,,,,
2018-03-13,490.17,492.33,483.66,484.81,,,,
2018-03-14,484.81,486.52,477.82,478.99,,,,
2018-03-15,478.99,481.86,477.92,479.41,,,,
2018-03-16,479.41,484.34,479.41,480.3,,,,
2018-03-19,480.3,480.51,471.92,476.2,,,,
2018-03-20,476.2,479.33,476.15,477.18,,,,
2018-03-21,477.18,483.29,475.64,477.01,,,,
2018-03-22,477.01,477.01,458.14,459.37,,,,
2018-03-23,459.37,461.94,444.86,445.64,,,,
2018-03-26,445.64,461.25,445.64,460.1,,,,
2018-03-27,460.1,463.49,447.68,450.99,,,,
2018-03-28,450.99,455.96,446.22,451.72,,,,
2018-03-29,451.72,460.94,451.72,457.53,,,,
2018-04-02,457.53,458.07,441.05,447.8,,,,
2018-04-03,447.8,454.77,446.64,454,,,,
2018-04-04,454,459.99,446.42,459.01,,,,
2018-04-05,459.01,465.28,459.01,462.18,,,,
2018-04-06,462.18,462.18,446.77,450.91,,,,
2018-04-09,450.91,462.49,450.91,453.19,,,,
2018-04-10,453.19,462.72,453.19,460.25,,,,
2018-04-11,460.25,460.25,453.59,454.47,,,,
2018-04-12,454.47,465.68,454.47,462.76,,,,
2018-04-13,462.76,466.5,453.26,455.57,,,,
2018-04-16,455.57,460.82,455.57,457.72,,,,
2018-04-17,457.72,461.84,456.01,457.38,,,,
2018-04-18,457.38,460.68,454.69,455.69,,,,
2018-04-19,455.69,463.28,455.69,462.64,,,,
2018-04-20,462.64,465.34,460.65,462.86,,,,
2018-04-23,462.86,464.44,460.74,462.36,,,,
2018-04-24,462.36,467.44,456.16,459.21,,,,
2018-04-25,459.21,461.16,454.25,458.92,,,,
2018-04-26,458.92,461.39,456.78,459.1,,,,
2018-04-27,459.1,460.75,457.46,459.78,,,,
2018-04-30,459.78,463.14,455.35,455.35,,,,
2018-05-01,455.35,455.87,450.78,455.74,,,,
2018-05-02,455.74,455.74,449.83,450.3,,,,
2018-05-03,450.3,450.3,438.8,446.46,,,,
2018-05-04,446.46,454.32,442.28,452.01,,,,
2018-05-07,452.01,456.81,451.98,455.09,,,,
2018-05-08,455.09,461.2,455.09,458.15,,,,
2018-05-09,458.15,465.98,458.15,465.01,,,,
2018-05-10,465.01,469.58,463.53,468.64,,,,
2018-05-11,468.64,471.34,467.46,468.28,,,,
2018-05-14,468.28,470.5,467.23,468,,,,
2018-05-15,468,469.58,465.41,467.26,,,,
2018-05-16,467.26,469.29,465.79,467.72,,,,
2018-05-17,467.72,468.67,464.06,467.35,,,,
2018-05-18,467.35,467.35,463.01,463.09,,,,
2018-05-21,463.09,468.23,463.09,466.52,,,,
2018-05-22,466.52,472.22,466.52,469.29,,,,
2018-05-23,469.29,469.29,461.65,466.48,,,,
2018-05-24,466.48,466.48,458.48,463.17,,,,
2018-05-25,463.17,463.17,459.35,461.21,,,,
2018-05-29,461.21,461.21,442.64,445.67,,,,
2018-05-30,445.67,455.68,445.67,454.32,,,,
2018-05-31,454.32,454.32,448.72,450.24,,,,
2018-06-01,450.24,457.37,450.24,455.23,,,,
2018-06-04,455.23,457.88,455.23,456.53,,,,
2018-06-05,456.53,456.53,452.16,454.6,,,,
2018-06-06,454.6,462.98,454.6,462.98,,,,
2018-06-07,462.98,466.31,461.33,463.97,,,,
2018-06-08,463.97,465.29,461.18,465.17,,,,
2018-06-11,465.17,467.87,463.81,463.87,,,,
2018-06-12,463.87,466.15,460.34,462.33,,,,
2018-06-13,462.33,466.29,460.53,460.8,,,,
2018-06-14,460.8,462.14,455.3,456.5,,,,
2018-06-15,456.5,457.81,450.65,456.35,,,,
2018-06-18,456.35,456.35,451.14,456.02,,,,
2018-06-19,456.02,456.02,451.36,454.49,,,,
2018-06-20,454.49,457.3,452.85,453.08,,,,
2018-06-21,453.08,454.48,448.85,452.23,,,,
2018-06-22,452.23,455.55,449.53,449.85,,,,
2018-06-25,449.85,449.85,441.97,445.2,,,,
2018-06-26,445.2,445.52,440.73,443.56,,,,
2018-06-27,443.56,446.59,437.94,437.95,,,,
2018-06-28,437.95,443.58,437.2,441.71,,,,
2018-06-29,441.71,449.55,441.07,441.15,,,,
2018-07-02,441.15,444.07,438.41,444.07,,,,
2018-07-03,444.07,446.23,438.9,439.39,,,,
2018-07-05,439.39,442.27,439.17,440.41,,,,
2018-07-06,440.41,444.47,437.94,442.61,,,,
2018-07-09,442.61,453.32,442.61,452.89,,,,
2018-07-10,452.89,454.5,449.99,451.21,,,,
2018-07-11,451.21,451.26,448.17,448.87,,,,
2018-07-12,448.87,451.79,447.32,449.73,,,,
2018-07-13,449.73,449.73,443.35,447.65,,,,
2018-07-16,447.65,456.08,447.65,455.69,,,,
2018-07-17,455.69,458.08,453.95,456.39,,,,
2018-07-18,456.39,464.42,456.39,463.37,,,,
2018-07-19,463.37,463.37,456.05,456.69,,,,
2018-07-20,456.69,458.72,454.25,457.59,,,,
2018-07-23,457.59,464.36,457.22,463.64,,,,
2018-07-24,463.64,467.85,463.64,465.17,,,,
2018-07-25,465.17,466.97,462.4,466.36,,,,
2018-07-26,466.36,469.04,465.46,465.79,,,,
2018-07-27,465.79,469.15,464.42,466.93,,,,
2018-07-30,466.93,470.54,466.56,467.04,,,,
2018-07-31,467.04,468.36,462.88,463.85,,,,
2018-08-01,463.85,468.97,462.75,463.83,,,,
2018-08-02,463.83,464.74,459.35,464.02,,,,
2018-08-03,464.02,466.53,463.23,466.49,,,,
2018-08-06,466.49,469.97,466.25,468.48,,,,
2018-08-07,468.48,473.71,468.48,470.75,,,,
2018-08-08,470.75,473.02,470.17,471.96,,,,
2018-08-09,471.96,471.96,469.03,469.3,,,,
2018-08-10,469.3,469.3,461.42,463.85,,,,
2018-08-13,463.85,464.75,458.96,459.14,,,,
2018-08-14,459.14,464.24,459.14,463.08,,,,
2018-08-15,463.08,463.08,457.69,459.95,,,,
2018-08-16,459.95,467.16,459.95,465.69,,,,
2018-08-17,465.69,467.48,464.73,466.68,,,,
2018-08-20,466.68,469.02,466.38,468.32,,,,
2018-08-21,468.32,472.41,467.76,470.06,,,,
2018-08-22,470.06,470.11,467.83,468.82,,,,
2018-08-23,468.82,468.82,465.78,466.41,,,,
2018-08-24,466.41,468.74,466.41,467.79,,,,
2018-08-27,467.79,475.73,467.79,474.04,,,,
2018-08-28,474.04,475.3,472.96,473.55,,,,
2018-08-29,473.55,474.81,471.33,473.44,,,,
2018-08-30,473.44,473.44,469.19,469.72,,,,
2018-08-31,469.72,469.72,466.72,469.32,,,,
2018-09-04,469.32,471.93,467.17,471.81,,,,
2018-09-05,471.81,474.19,471.2,471.96,,,,
2018-09-06,471.96,472.17,467.99,469.17,,,,
2018-09-07,469.17,470.35,467.01,468.63,,,,
2018-09-10,468.63,470.71,467.97,468.26,,,,
2018-09-11,468.26,470.14,465.5,468.8,,,,
2018-09-12,468.8,469.8,464.28,464.61,,,,
2018-09-13,464.61,467.8,462.98,463.92,,,,
2018-09-14,463.92,467.42,463.92,466.98,,,,
2018-09-17,466.98,468.38,464.62,465.32,,,,
2018-09-18,465.32,467.9,464.33,467.25,,,,
2018-09-19,467.25,476.8,467.25,475.47,,,,
2018-09-20,475.47,480.92,475.47,479.29,,,,
2018-09-21,479.29,480.24,477.09,477.54,,,,
2018-09-24,477.54,477.57,472.13,472.47,,,,
2018-09-25,472.47,474.38,470.42,470.66,,,,
2018-09-26,470.66,471.64,463.91,464.66,,,,
2018-09-27,464.66,466.86,462.65,463.09,,,,
2018-09-28,463.09,463.09,457.65,458.18,,,,
2018-10-01,458.18,463.2,458.18,459.77,,,,
2018-10-02,459.77,460.78,456.62,459.98,,,,
2018-10-03,459.98,466.33,459.98,463.73,,,,
2018-10-04,463.73,470.39,463.53,467.01,,,,
2018-10-05,467.01,469.87,463.63,465.07,,,,
2018-10-08,465.07,469.38,462.9,467.76,,,,
2018-10-09,467.76,468.01,462.96,466.15,,,,
2018-10-10,466.15,466.89,451.92,451.98,,,,
2018-10-11,451.98,451.98,437.01,438.73,,,,
2018-10-12,438.73,446.46,432.04,439.16,,,,
2018-10-15,439.16,441.94,436.84,436.93,,,,
2018-10-16,436.93,444.19,436.71,443.91,,,,
2018-10-17,443.91,451.02,440.81,447.95,,,,
2018-10-18,447.95,449.08,439.6,440.99,,,,
2018-10-19,440.99,445.92,438.66,442.52,,,,
2018-10-22,442.52,443.98,433.33,433.41,,,,
2018-10-23,433.41,433.41,421.83,429.82,,,,
2018-10-24,429.82,429.82,417.27,418.25,,,,
2018-10-25,418.25,428.67,418.25,425.1,,,,
2018-10-26,425.1,425.1,415.24,419.35,,,,
2018-10-29,419.35,430.21,418.54,422.94,,,,
2018-10-30,422.94,430.22,422.06,429.71,,,,
2018-10-31,429.71,441.39,429.71,435.85,,,,
2018-11-01,435.85,439.58,435.06,437.83,,,,
2018-11-02,437.83,444.53,434.07,437.89,,,,
2018-11-05,437.89,445.62,437.89,444.04,,,,
2018-11-06,444.04,446.38,442.14,446.26,,,,
2018-11-07,446.26,452.9,444.74,452.25,,,,
2018-11-08,452.25,455.88,450.37,453.69,,,,
2018-11-09,453.69,453.69,447.02,449.32,,,,
2018-11-12,449.32,450.04,439.58,440.36,,,,
2018-11-13,440.36,446.98,440.36,442.96,,,,
2018-11-14,442.96,446.95,432.17,436.87,,,,
2018-11-15,436.87,443.57,431.47,443.17,,,,
2018-11-16,443.17,445.71,438.82,443.61,,,,
2018-11-19,443.61,445.5,439.79,443.46,,,,
2018-11-20,443.46,443.46,432.57,434.19,,,,
2018-11-21,434.19,440.26,433.17,434.47,,,,
2018-11-23,434.47,434.47,429.54,430.5,,,,
2018-11-26,430.5,440.94,430.5,439.53,,,,
2018-11-27,439.53,440.95,437.49,439.83,,,,
2018-11-28,439.83,447.94,437.23,447.82,,,,
2018-11-29,447.82,447.82,442.45,444.15,,,,
2018-11-30,444.15,448.14,442.69,447.08,,,,
2018-12-03,447.08,454.65,446.17,449.2,,,,
2018-12-04,449.2,449.2,427.54,429.42,,,,
2018-12-06,429.42,429.42,412.39,423.23,,,,
2018-12-07,423.23,428.28,413.42,415.43,,,,
2018-12-10,415.43,415.43,401.92,409.63,,,,
2018-12-11,409.63,416.86,404.04,405.46,,,,
2018-12-12,405.46,413.58,405.46,407.26,,,,
2018-12-13,407.26,409.69,403.41,404.86,,,,
2018-12-14,404.86,406.24,399.93,400.72,,,,
2018-12-17,400.72,404.36,395,396.81,,,,
2018-12-18,396.81,403.26,392.77,394.9,,,,
2018-12-19,394.9,402.65,387.26,390,,,,
2018-12-20,390,392.44,384.7,386.97,,,,
2018-12-21,386.97,393.53,378.36,379.4,,,,
2018-12-24,379.4,379.4,370.49,370.49,,,,
2018-12-26,370.49,387.85,366.74,387.71,,,,
2018-12-27,387.71,392,377.76,392,,,,
2018-12-28,392,397.14,390.44,392.06,,,,
2018-12-31,392.06,397.56,390.99,395.9,,,,
2019-01-02,395.9,399.94,389.92,398.82,,,,
2019-01-03,398.82,398.82,388.97,389.74,,,,
2019-01-04,389.74,403.57,389.74,402.54,,,,
2019-01-07,402.54,406.92,399.81,403.47,,,,
2019-01-08,403.47,407.23,399.15,403.47,,,,
2019-01-09,403.47,407.09,402.02,405.55,,,,
2019-01-10,405.55,407.1,402.15,406.03,,,,
2019-01-11,406.03,407.53,401.7,406.73,,,,
2019-01-14,406.73,410.93,402.63,409.68,,,,
2019-01-15,409.68,413.9,407,412.99,,,,
2019-01-16,412.99,424.57,412.99,422.09,,,,
2019-01-17,422.09,425.85,417.89,424.38,,,,
2019-01-18,424.38,432.27,424.09,431.64,,,,
2019-01-22,431.64,431.64,424.68,426.95,,,,
2019-01-23,426.95,428.83,422.47,427.1,,,,
2019-01-24,427.1,429.36,425.14,427.97,,,,
2019-01-25,427.97,434.47,427.97,431.63,,,,
2019-01-28,431.63,431.63,427.05,430.48,,,,
2019-01-29,430.48,431.8,428.71,429.2,,,,
2019-01-30,429.2,433.84,427.09,431.06,,,,
2019-01-31,431.06,431.06,426.84,429.9,,,,
2019-02-01,429.9,433.7,429.9,432.1,,,,
2019-02-04,432.1,433.73,429.59,433.72,,,,
2019-02-05,433.72,434.13,430.83,433.1,,,,
2019-02-06,433.1,434.12,430.52,431.92,,,,
2019-02-07,431.92,431.92,424.15,427.88,,,,
2019-02-08,427.88,427.88,419.94,425.53,,,,
2019-02-11,425.53,427.52,424.69,426.6,,,,
2019-02-12,426.6,434.46,426.6,433.26,,,,
2019-02-13,433.26,437.88,433.26,434.12,,,,
2019-02-14,434.12,434.12,426.36,429.09,,,,
2019-02-15,429.09,437.78,429.09,437.75,,,,
2019-02-19,437.75,439.76,434.44,438.59,,,,
2019-02-20,438.59,441.44,437.31,441.13,,,,
2019-02-21,441.13,441.62,437.49,439.16,,,,
2019-02-22,439.16,439.99,436.74,438.13,,,,
2019-02-25,438.13,444.19,438.13,439.97,,,,
2019-02-26,439.97,441.89,436.91,438.93,,,,
2019-02-27,438.93,441.02,437.37,440.49,,,,
2019-02-28,440.49,441.07,438.88,439.26,,,,
2019-03-01,439.26,445.84,439.26,441.64,,,,
2019-03-04,441.64,445.77,435.32,438.91,,,,
2019-03-05,438.91,439.31,433.89,437.48,,,,
2019-03-06,437.48,438.44,434.07,434.36,,,,
2019-03-07,434.36,434.36,427.31,429.74,,,,
2019-03-08,429.74,429.93,425.1,429.74,,,,
2019-03-11,429.74,435.26,429.74,433.99,,,,
2019-03-12,433.99,436.53,433.99,434.77,,,,
2019-03-13,434.77,439.68,434.77,437.94,,,,
2019-03-14,437.94,441.26,437.47,439.74,,,,
2019-03-15,439.74,443.93,439.36,442.54,,,,
2019-03-18,442.54,448.37,442.54,447.08,,,,
2019-03-19,447.08,450.44,442.63,443.66,,,,
2019-03-20,443.66,443.66,434.04,434.4,,,,
2019-03-21,434.4,434.92,428.58,433.09,,,,
2019-03-22,433.09,433.09,419.45,421.09,,,,
2019-03-25,421.09,424.16,416.91,419.44,,,,
2019-03-26,419.44,425.14,419.44,424.19,,,,
2019-03-27,424.19,425.36,420.49,422.33,,,,
2019-03-28,422.33,426.01,421.3,425.83,,,,
2019-03-29,425.83,429.48,425.48,427.19,,,,
2019-04-01,427.19,437.98,427.19,437.53,,,,
2019-04-02,437.53,439.54,435.98,437.48,,,,
2019-04-03,437.48,441.97,436.93,438.87,,,,
2019-04-04,438.87,442.61,438.17,441.01,,,,
2019-04-05,441.01,443.29,440.28,441.4,,,,
2019-04-08,441.4,442.07,439.49,442.06,,,,
2019-04-09,442.06,442.06,436.46,438.18,,,,
2019-04-10,438.18,440.21,436.21,439.65,,,,
2019-04-11,439.65,443.91,439.65,442.11,,,,
2019-04-12,442.11,453.48,442.11,450.63,,,,
2019-04-15,450.63,450.63,446.62,447.81,,,,
2019-04-16,447.81,454.35,447.81,453.93,,,,
2019-04-17,453.93,455.57,451.48,454.76,,,,
2019-04-18,454.76,455.58,453.18,453.66,,,,
2019-04-22,453.66,453.66,451.03,452.49,,,,
2019-04-23,452.49,455.63,450.47,455.13,,,,
2019-04-24,455.13,455.92,452.84,454.49,,,,
2019-04-25,454.49,457.29,451.58,455.67,,,,
2019-04-26,455.67,459.99,455.3,459.96,,,,
2019-04-29,459.96,466.67,459.96,464.22,,,,
2019-04-30,464.22,465.5,461.01,464.95,,,,
2019-05-01,464.95,466.8,460.76,460.97,,,,
2019-05-02,460.97,463.66,458.34,461.7,,,,
2019-05-03,461.7,466.31,461.7,465.52,,,,
2019-05-06,465.52,465.52,457.02,462.42,,,,
2019-05-07,462.42,462.42,451.64,454.6,,,,
2019-05-08,454.6,457.41,451.76,453.3,,,,
2019-05-09,453.3,453.3,445.79,452.67,,,,
2019-05-10,452.67,456.08,446,455.03,,,,
2019-05-13,455.03,455.03,440.7,441.95,,,,
2019-05-14,441.95,449.33,441.95,445.47,,,,
2019-05-15,445.47,445.97,439.39,443.33,,,,
2019-05-16,443.33,450.72,443.33,448.19,,,,
2019-05-17,448.19,449.58,444.03,445.52,,,,
2019-05-20,445.52,447.7,444.15,446.13,,,,
2019-05-21,446.13,450.26,446.13,449.95,,,,
2019-05-22,449.95,449.95,446.6,447.7,,,,
2019-05-23,447.7,447.7,437.67,441.03,,,,
2019-05-24,441.03,445.01,441.03,444.42,,,,
2019-05-28,444.42,444.75,439.42,439.55,,,,
2019-05-29,439.55,439.55,434.18,439.07,,,,
2019-05-30,439.07,441.98,435.14,437.11,,,,
2019-05-31,437.11,437.11,430.29,430.65,,,,
2019-06-03,430.65,435.13,429.62,433.6,,,,
2019-06-04,433.6,445.65,433.6,445.34,,,,
2019-06-05,445.34,448.14,442.23,447.87,,,,
2019-06-06,447.87,451.12,445.53,449.52,,,,
2019-06-07,449.52,450.78,448.1,448.64,,,,
2019-06-10,448.64,455.77,448.64,452.62,,,,
2019-06-11,452.62,456.63,451.28,452.63,,,,
2019-06-12,452.63,452.91,447.28,448.34,,,,
2019-06-13,448.34,450.99,447.81,449.39,,,,
2019-06-14,449.39,451.99,446.65,450.55,,,,
2019-06-17,450.55,451.52,445.87,446.34,,,,
2019-06-18,446.34,454.09,446.34,452.2,,,,
2019-06-19,452.2,456.22,451.05,451.26,,,,
2019-06-20,451.26,454.99,448.53,453.5,,,,
2019-06-21,453.5,456.73,451.86,452.28,,,,
2019-06-24,452.28,454.6,450.27,450.77,,,,
2019-06-25,450.77,451.25,447.11,449.17,,,,
2019-06-26,449.17,452.23,448.26,448.44,,,,
2019-06-27,448.44,453.35,448.44,452.57,,,,
2019-06-28,452.57,460.21,452.57,458.92,,,,
2019-07-01,458.92,465.91,458.92,464.14,,,,
2019-07-02,464.14,464.79,460.6,463.29,,,,
2019-07-03,463.29,466.13,462.75,466.05,,,,
2019-07-05,466.05,469.24,465.36,467.83,,,,
2019-07-08,467.83,467.83,463.93,464.87,,,,
2019-07-09,464.87,466.81,462.03,466.49,,,,
2019-07-10,466.49,468.63,463.8,464.34,,,,
2019-07-11,464.34,467.64,464.24,467.11,,,,
2019-07-12,467.11,470.09,466.8,469.97,,,,
2019-07-15,469.97,470.45,466.2,467.48,,,,
2019-07-16,467.48,468.95,465.33,466.27,,,,
2019-07-17,466.27,466.27,461.74,462.15,,,,
2019-07-18,462.15,466.56,461.57,465.94,,,,
2019-07-19,465.94,467.79,463.52,463.68,,,,
2019-07-22,463.68,465.44,462.11,464.65,,,,
2019-07-23,464.65,470.26,464.65,469.93,,,,
2019-07-24,469.93,474.33,468.69,474.23,,,,
2019-07-25,474.23,474.74,470.13,471.42,,,,
2019-07-26,471.42,476.43,471.11,476.09,,,,
2019-07-29,476.09,476.65,472.12,472.36,,,,
2019-07-30,472.36,472.36,468.29,471.49,,,,
2019-07-31,471.49,473.29,468.04,469.45,,,,
2019-08-01,469.45,471.53,457.6,458.55,,,,
2019-08-02,458.55,459.7,451.69,457.56,,,,
2019-08-05,457.56,457.56,439.17,442.67,,,,
2019-08-06,442.67,449.56,441.02,449.34,,,,
2019-08-07,449.34,449.34,435.34,443.89,,,,
2019-08-08,443.89,451.79,443.89,451.27,,,,
2019-08-09,451.27,452.39,445.83,449.93,,,,
2019-08-12,449.93,449.93,440.41,441.29,,,,
2019-08-13,441.29,450.07,439.24,446.72,,,,
2019-08-14,446.72,446.72,430.21,430.82,,,,
2019-08-15,430.82,435.17,429.38,432.16,,,,
2019-08-16,432.16,441.21,432.16,440.19,,,,
2019-08-19,440.19,447.41,440.19,444.53,,,,
2019-08-20,444.53,444.53,438.1,438.32,,,,
2019-08-21,438.32,442.05,438.32,440.32,,,,
2019-08-22,440.32,444.62,440.11,443.07,,,,
2019-08-23,443.07,443.48,429.31,431.84,,,,
2019-08-26,431.84,436.62,431.84,436.5,,,,
2019-08-27,436.5,439.18,431.2,433.46,,,,
2019-08-28,433.46,438.26,431.32,437.42,,,,
2019-08-29,437.42,445.52,437.42,443.89,,,,
2019-08-30,443.89,447.91,443.89,445.65,,,,
2019-09-03,445.65,445.65,437.22,440.72,,,,
2019-09-04,440.72,446.02,440.72,445.49,,,,
2019-09-05,445.49,457.86,445.49,453.94,,,,
2019-09-06,453.94,455.94,452.28,454.01,,,,
2019-09-09,454.01,462.63,454.01,460.99,,,,
2019-09-10,460.99,464.41,458.35,462.85,,,,
2019-09-11,462.85,465.6,458.84,465.6,,,,
2019-09-12,465.6,469.41,462.62,467.76,,,,
2019-09-13,467.76,473.03,467.76,471.68,,,,
2019-09-16,471.68,471.68,467.26,469.39,,,,
2019-09-17,469.39,469.87,466.32,469.84,,,,
2019-09-18,469.84,472.76,466.88,471.88,,,,
2019-09-19,471.88,474.05,469.29,469.98,,,,
2019-09-20,469.98,472.01,466.65,466.96,,,,
2019-09-23,466.96,468.83,463.73,467.76,,,,
2019-09-24,467.76,469.77,461.82,463.36,,,,
2019-09-25,463.36,467.68,462.47,466.75,,,,
2019-09-26,466.75,466.75,464.17,464.93,,,,
2019-09-27,464.93,469.97,463.97,466.03,,,,
2019-09-30,466.03,467.8,465,465.54,,,,
2019-10-01,465.54,467.58,455.73,455.86,,,,
2019-10-02,455.86,455.86,445.16,446.3,,,,
2019-10-03,446.3,447.11,439.16,447.03,,,,
2019-10-04,447.03,456.07,447.03,455.67,,,,
2019-10-07,455.67,457.51,453.13,453.65,,,,
2019-10-08,453.65,453.65,444.27,444.47,,,,
2019-10-09,444.47,450.68,444.47,448.9,,,,
2019-10-10,448.9,456.53,448.9,453.5,,,,
2019-10-11,453.5,464.46,453.5,459.31,,,,
2019-10-14,459.31,460.42,457.43,459.86,,,,
2019-10-15,459.86,468.88,459.86,465.98,,,,
2019-10-16,465.98,467.27,464,464.84,,,,
2019-10-17,464.84,468.73,464.21,465.37,,,,
2019-10-18,465.37,468.26,464.6,466.45,,,,
2019-10-21,466.45,473.52,466.45,473.09,,,,
2019-10-22,473.09,474.76,470.37,471.76,,,,
2019-10-23,471.76,473.55,470.95,473.45,,,,
2019-10-24,473.45,474.76,471.32,473.26,,,,
2019-10-25,473.26,476.79,472.62,475.59,,,,
2019-10-28,475.59,479.73,475.59,477.97,,,,
2019-10-29,477.97,481.23,476.86,479.31,,,,
2019-10-30,479.31,479.69,475.44,478.62,,,,
2019-10-31,478.62,478.62,472.42,475.99,,,,
2019-11-01,475.99,483.35,475.99,482.76,,,,
2019-11-04,482.76,487.81,482.76,487.06,,,,
2019-11-05,487.06,491.08,487.06,489.12,,,,
2019-11-06,489.12,491.14,488.03,491.13,,,,
2019-11-07,491.13,497.53,491.13,494.41,,,,
2019-11-08,494.41,494.52,491.13,494.49,,,,
2019-11-11,494.49,494.49,490.88,493.2,,,,
2019-11-12,493.2,495.08,491.89,493.38,,,,
2019-11-13,493.38,493.38,487.92,490.55,,,,
2019-11-14,490.55,491.46,488.41,490.99,,,,
2019-11-15,490.99,493.26,490.99,493.22,,,,
2019-11-18,493.22,494.05,491.45,493.95,,,,
2019-11-19,493.95,496.41,493.69,494.73,,,,
2019-11-20,494.73,494.73,489.11,492.26,,,,
2019-11-21,492.26,494.52,490.31,491.78,,,,
2019-11-22,491.78,496.07,491.78,495.51,,,,
2019-11-25,495.51,499.33,495.51,498.74,,,,
2019-11-26,498.74,498.74,495.98,498.15,,,,
2019-11-27,498.15,500.37,497.93,500.03,,,,
2019-11-29,500.03,500.68,498.26,498.96,,,,
2019-12-02,498.96,500.98,495.56,495.74,,,,
2019-12-03,495.74,495.74,486.04,489.21,,,,
2019-12-04,489.21,495.03,489.21,494.04,,,,
2019-12-05,494.04,496.51,493.65,495.88,,,,
2019-12-06,495.88,503.96,495.88,502.58,,,,
2019-12-09,502.58,503.17,501.05,501.07,,,,
2019-12-10,501.07,502.22,498.75,501.06,,,,
2019-12-11,501.06,501.8,499.74,500.03,,,,
2019-12-12,500.03,511.33,500.03,510.03,,,,
2019-12-13,510.03,512.24,505.22,507.63,,,,
2019-12-16,507.63,512.94,507.63,509.67,,,,
2019-12-17,509.67,513.34,509.67,512.16,,,,
2019-12-18,512.16,512.91,509.65,509.73,,,,
2019-12-19,509.73,510.89,509.01,509.88,,,,
2019-12-20,509.88,513.31,509.48,510.17,,,,
2019-12-23,510.17,511.24,508.37,509.28,,,,
2019-12-24,509.28,509.96,508.75,509.79,,,,
2019-12-26,509.79,512.7,509.79,512.59,,,,
2019-12-27,512.59,513.64,511.19,511.89,,,,
2019-12-30,511.89,513.71,509.39,509.9,,,,
2019-12-31,509.9,511.53,508.77,511.39,,,,
2020-01-02,511.39,516.26,511.39,516.21,,,,
2020-01-03,516.21,516.21,507.94,510.52,,,,
2020-01-06,510.52,510.52,505.94,510.23,,,,
2020-01-07,510.23,510.23,506.67,506.82,,,,
2020-01-08,506.82,512.69,506.82,509.56,,,,
2020-01-09,509.56,513.84,509.56,513.48,,,,
2020-01-10,513.48,513.48,508.74,509.47,,,,
2020-01-13,509.47,513.18,509.18,513.18,,,,
2020-01-14,513.18,515.61,511.13,511.95,,,,
2020-01-15,511.95,511.95,507.39,509.14,,,,
2020-01-16,509.14,513.28,509.14,513.07,,,,
2020-01-17,513.07,515.97,513.07,515.28,,,,
2020-01-21,515.28,515.28,510.54,510.83,,,,
2020-01-22,510.83,513.22,510.83,512.19,,,,
2020-01-23,512.19,512.19,505.99,510.99,,,,
2020-01-24,510.99,510.99,501.01,504.03,,,,
2020-01-27,504.03,504.03,494.17,496.28,,,,
2020-01-28,496.28,504.22,496.28,501.89,,,,
2020-01-29,501.89,505.5,500.65,501.09,,,,
2020-01-30,501.09,507.72,496.49,507.35,,,,
2020-01-31,507.35,507.35,495.04,497.1,,,,
2020-02-03,497.1,504.97,497.1,500.06,,,,
2020-02-04,500.06,509.81,500.06,505.25,,,,
2020-02-05,505.25,515.56,505.25,515.2,,,,
2020-02-06,515.2,517.78,513.08,514.33,,,,
2020-02-07,514.33,514.33,510.37,512.49,,,,
2020-02-10,512.49,513.57,510.6,513.56,,,,
2020-02-11,513.56,517.93,513.56,515.63,,,,
2020-02-12,515.63,519.77,515.3,516.01,,,,
2020-02-13,516.01,516.72,512.77,515.78,,,,
2020-02-14,515.78,516.48,513.75,516.18,,,,
2020-02-18,516.18,516.18,508.9,511.6,,,,
2020-02-19,511.6,516.76,511.6,515.37,,,,
2020-02-20,515.37,517.98,511.29,514.7,,,,
2020-02-21,514.7,514.7,506.95,509.7,,,,
2020-02-24,509.7,509.7,490.78,493.01,,,,
2020-02-25,493.01,493.92,473.91,476.22,,,,
2020-02-26,476.22,483.67,473.01,473.01,,,,
2020-02-27,473.01,473.01,452.13,452.33,,,,
2020-02-28,452.33,452.33,429.83,440.7,,,,
2020-03-02,440.7,462.44,436.34,462.16,,,,
2020-03-03,462.16,466.52,440.72,444.92,,,,
2020-03-04,444.92,459.74,443.6,459.55,,,,
2020-03-05,459.55,459.55,432.45,437.12,,,,
2020-03-06,437.12,437.12,413.9,422.74,,,,
2020-03-09,422.74,422.74,372.4,376.6,,,,
2020-03-10,376.6,399.37,376.6,399.35,,,,
2020-03-11,399.35,399.35,372.3,377.3,,,,
2020-03-12,377.3,377.3,336.54,336.66,,,,
2020-03-13,336.66,381.34,336.66,381.2,,,,
2020-03-16,381.2,381.2,325.33,327.87,,,,
2020-03-17,327.87,349.56,322.72,346.78,,,,
2020-03-18,346.78,346.78,302.42,316.1,,,,
2020-03-19,316.1,328.15,298.96,323.22,,,,
2020-03-20,323.22,328.66,308.4,312.65,,,,
2020-03-23,312.65,312.65,291.28,293.55,,,,
2020-03-24,293.55,332.24,293.55,330.99,,,,
2020-03-25,330.99,353.21,323.13,339.78,,,,
2020-03-26,339.78,363.12,339.78,361.62,,,,
2020-03-27,361.62,361.62,342.51,349.66,,,,
2020-03-30,349.66,358.06,343.32,356.7,,,,
2020-03-31,356.7,356.7,343.45,346.02,,,,
2020-04-01,346.02,346.02,322.37,325.37,,,,
2020-04-02,325.37,335.65,322.61,333.4,,,,
2020-04-03,333.4,334.42,321.56,325.95,,,,
2020-04-06,325.95,352.35,325.95,350.26,,,,
2020-04-07,350.26,368.96,350.26,353.56,,,,
2020-04-08,353.56,370.81,353.56,369.12,,,,
2020-04-09,369.12,393.01,369.12,388.28,,,,
2020-04-13,388.28,388.28,371.15,374.38,,,,
2020-04-14,374.38,384.22,369.15,375.62,,,,
2020-04-15,375.62,375.62,358.01,359.22,,,,
2020-04-16,359.22,359.48,350,352.99,,,,
2020-04-17,352.99,374.02,352.99,372.64,,,,
2020-04-20,372.64,372.64,361.42,365.35,,,,
2020-04-21,365.35,365.35,352.41,353.65,,,,
2020-04-22,353.65,361.85,353.65,357.5,,,,
2020-04-23,357.5,363.03,355.53,355.96,,,,
2020-04-24,355.96,362.46,354.35,360.99,,,,
2020-04-27,360.99,375.23,360.99,374.02,,,,
2020-04-28,374.02,387.52,374.02,377.42,,,,
2020-04-29,377.42,392.84,377.42,388.77,,,,
2020-04-30,388.77,388.77,376.66,378.34,,,,
2020-05-01,378.34,378.34,363.87,365.79,,,,
2020-05-04,365.79,365.79,355.99,362.44,,,,
2020-05-05,362.44,369.63,362,362.19,,,,
2020-05-06,362.19,365.84,353.76,353.83,,,,
2020-05-07,353.83,367.65,353.83,361.68,,,,
2020-05-08,361.68,369.89,361.68,369.6,,,,
2020-05-11,369.6,369.6,360.61,362.42,,,,
2020-05-12,362.42,365.18,352.74,352.74,,,,
2020-05-13,352.74,352.74,340.02,342.14,,,,
2020-05-14,342.14,351.52,332.96,351.18,,,,
2020-05-15,351.18,351.52,344.95,348.6,,,,
2020-05-18,348.6,369.5,348.6,367.15,,,,
2020-05-19,367.15,367.15,357.84,357.89,,,,
2020-05-20,357.89,367.88,357.89,365.83,,,,
2020-05-21,365.83,367.95,362.67,364.54,,,,
2020-05-22,364.54,364.66,359.63,363.6,,,,
2020-05-26,363.6,386.01,363.6,381.92,,,,
2020-05-27,381.92,398.73,381.92,398.5,,,,
2020-05-28,398.5,402.99,391.31,392.28,,,,
2020-05-29,392.28,392.28,384.1,387.52,,,,
2020-06-01,387.52,393.98,386.7,392.01,,,,
2020-06-02,392.01,398.12,392.01,395.23,,,,
2020-06-03,395.23,411.81,395.23,410.36,,,,
2020-06-04,410.36,418.61,405.92,418.46,,,,
2020-06-05,418.46,443.8,418.46,434.64,,,,
2020-06-08,434.64,443.3,434.64,442.27,,,,
2020-06-09,442.27,442.27,429.09,432.93,,,,
2020-06-10,432.93,432.93,416.62,416.7,,,,
2020-06-11,416.7,416.7,382.18,382.62,,,,
2020-06-12,382.62,397.86,382.62,394.14,,,,
2020-06-15,394.14,400.77,379.99,399.56,,,,
2020-06-16,399.56,414.51,396.59,405.29,,,,
2020-06-17,405.29,406.6,399.23,399.73,,,,
2020-06-18,399.73,402.72,394.91,399.37,,,,
2020-06-19,399.37,405.98,392.23,396.68,,,,
2020-06-22,396.68,397.3,391.83,394.78,,,,
2020-06-23,394.78,403.02,394.78,396.43,,,,
2020-06-24,396.43,396.43,381.4,382.51,,,,
2020-06-25,382.51,393.3,380.69,392.86,,,,
2020-06-26,392.86,392.86,374.79,375.84,,,,
2020-06-29,375.84,382.11,375.84,379.56,,,,
2020-06-30,379.56,387.47,377.86,385.49,,,,
2020-07-01,385.49,388.33,380.6,381.5,,,,
2020-07-02,381.5,390.79,380.86,381.75,,,,
2020-07-06,381.75,392.71,381.75,389.19,,,,
2020-07-07,389.19,389.19,380.09,381.12,,,,
2020-07-08,381.12,385.92,379.66,385.14,,,,
2020-07-09,385.14,385.61,373.8,376.87,,,,
2020-07-10,376.87,390.24,376.87,389.97,,,,
2020-07-13,389.97,397.21,389.37,391.22,,,,
2020-07-14,391.22,394.45,386.38,393.95,,,,
2020-07-15,393.95,402.84,393.95,401.47,,,,
2020-07-16,401.47,405.32,396.54,401.26,,,,
2020-07-17,401.26,402.17,397.75,397.87,,,,
2020-07-20,397.87,398.35,394.62,396.4,,,,
2020-07-21,396.4,405.71,396.4,403.96,,,,
2020-07-22,403.96,404.12,400.58,403.61,,,,
2020-07-23,403.61,406.46,401.83,404.33,,,,
2020-07-24,404.33,406.45,401.91,402.85,,,,
2020-07-27,402.85,402.85,396.45,399.58,,,,
2020-07-28,399.58,400.55,397.06,398.45,,,,
2020-07-29,398.45,406.73,397.64,406.48,,,,
2020-07-30,406.48,406.48,393.85,399.02,,,,
2020-07-31,399.02,399.25,393.67,399.06,,,,
2020-08-03,399.06,402.96,397.73,399.83,,,,
2020-08-04,399.83,399.83,396.21,398.07,,,,
2020-08-05,398.07,404.77,398.07,403.89,,,,
2020-08-06,403.89,405.2,400.92,403.29,,,,
2020-08-07,403.29,412.38,400.84,412.08,,,,
2020-08-10,412.08,416.62,412.08,414.73,,,,
2020-08-11,414.73,426.68,414.73,420.12,,,,
2020-08-12,420.12,426.88,415.99,418.9,,,,
2020-08-13,418.9,418.9,413.68,416.33,,,,
2020-08-14,416.33,419.62,413.63,417.39,,,,
2020-08-17,417.39,417.39,410.6,410.98,,,,
2020-08-18,410.98,411.9,407.8,408.22,,,,
2020-08-19,408.22,413.47,406.88,407.91,,,,
2020-08-20,407.91,407.91,403.14,404.26,,,,
2020-08-21,404.26,406.69,401.98,403.18,,,,
2020-08-24,403.18,412.62,403.18,412.53,,,,
2020-08-25,412.53,417.11,411.44,413.65,,,,
2020-08-26,413.65,413.84,410.41,411.67,,,,
2020-08-27,411.67,420.7,411.67,418.84,,,,
2020-08-28,418.84,421.51,417.11,420.73,,,,
2020-08-31,420.73,420.73,415.35,415.53,,,,
2020-09-01,415.53,417.93,412.09,416.43,,,,
2020-09-02,416.43,423.91,415.18,422.68,,,,
2020-09-03,422.68,430.58,413.2,415.99,,,,
2020-09-04,415.99,425.42,412.45,419.21,,,,
2020-09-08,419.21,419.21,406.8,408.34,,,,
2020-09-09,408.34,415.04,408.34,412.07,,,,
2020-09-10,412.07,416.32,405.57,406.25,,,,
2020-09-11,406.25,411.31,405.78,409.33,,,,
2020-09-14,409.33,418.38,409.33,414.7,,,,
2020-09-15,414.7,415.9,408.84,409.04,,,,
2020-09-16,409.04,418.13,409.04,413.56,,,,
2020-09-17,413.56,413.56,406.96,409.42,,,,
2020-09-18,409.42,412.45,407.75,408.43,,,,
2020-09-21,408.43,408.43,392.26,398.24,,,,
2020-09-22,398.24,401.11,391.64,394.88,,,,
2020-09-23,394.88,398.31,386.14,386.22,,,,
2020-09-24,386.22,392.29,381.91,386.97,,,,
2020-09-25,386.97,392.16,383.59,391.1,,,,
2020-09-28,391.1,402.93,391.1,399.97,,,,
2020-09-29,399.97,399.97,393.07,395.37,,,,
2020-09-30,395.37,403.73,395.37,400.28,,,,
2020-10-01,400.28,404.75,398.05,401.18,,,,
2020-10-02,401.18,406.45,395.13,404,,,,
2020-10-05,404,411.7,404,410.41,,,,
2020-10-06,410.41,416.7,405.02,406.16,,,,
2020-10-07,406.16,415.06,406.16,413.23,,,,
2020-10-08,413.23,419.55,413.23,418.84,,,,
2020-10-09,418.84,421.46,416.11,419.12,,,,
2020-10-12,419.12,425.08,419.12,423.89,,,,
2020-10-13,423.89,423.89,414.63,415.99,,,,
2020-10-14,415.99,417.45,411.28,411.55,,,,
2020-10-15,411.55,415.01,407.34,414.87,,,,
2020-10-16,414.87,417.8,413.28,415.21,,,,
2020-10-19,415.21,416.71,408.2,408.67,,,,
2020-10-20,408.67,416.82,408.67,412.01,,,,
2020-10-21,412.01,414.12,409.98,410.28,,,,
2020-10-22,410.28,418.56,409.68,417.99,,,,
2020-10-23,417.99,421.97,416.32,419.47,,,,
2020-10-26,419.47,419.47,406.21,410.1,,,,
2020-10-27,410.1,410.1,402.13,402.27,,,,
2020-10-28,402.27,402.27,389.99,392.34,,,,
2020-10-29,392.34,397.86,386.44,395.01,,,,
2020-10-30,395.01,396.72,389.72,396.09,,,,
2020-11-02,396.09,405.12,396.09,403.78,,,,
2020-11-03,403.78,416.5,403.78,412.65,,,,
2020-11-04,412.65,414.83,401.86,407.42,,,,
2020-11-05,407.43,420.36,407.43,417.44,,,,
2020-11-06,417.44,419.71,412.92,414.07,,,,
2020-11-09,414.07,455.26,414.07,447.89,,,,
2020-11-10,447.89,452.15,444.93,451.14,,,,
2020-11-11,451.14,452.89,446.08,448.89,,,,
2020-11-12,448.89,448.89,437.37,441.35,,,,
2020-11-13,441.35,450.29,441.35,448.35,,,,
2020-11-16,448.35,459.46,448.35,458.56,,,,
2020-11-17,458.56,458.56,450.35,457.62,,,,
2020-11-18,457.62,463.4,453.39,453.45,,,,
2020-11-19,453.45,455.23,448.28,454.78,,,,
2020-11-20,454.78,454.78,450.04,450.77,,,,
2020-11-23,450.77,460.47,450.77,459.26,,,,
2020-11-24,459.26,475.73,459.26,475.46,,,,
2020-11-25,475.46,475.46,468.07,473.5,,,,
2020-11-27,473.5,474.07,470.38,471.52,,,,
2020-11-30,471.52,471.52,461.64,462.45,,,,
2020-12-01,462.45,473.52,462.45,469.71,,,,
2020-12-02,469.71,475.22,467.95,474.66,,,,
2020-12-03,474.66,477,471.67,474.69,,,,
2020-12-04,474.69,480.83,474.69,480.05,,,,
2020-12-07,480.05,480.05,474.24,476.67,,,,
2020-12-08,476.67,477.74,472.45,476.39,,,,
2020-12-09,476.39,479,473.61,475.41,,,,
2020-12-10,475.41,476.7,470.62,476.18,,,,
2020-12-11,476.18,476.18,467.66,471.58,,,,
2020-12-14,471.58,476.83,465.55,465.81,,,,
2020-12-15,465.81,475.1,465.81,473.62,,,,
2020-12-16,473.62,474.96,472.35,474.19,,,,
2020-12-17,474.19,476.61,473.3,475.85,,,,
2020-12-18,475.85,476.61,468.87,472.13,,,,
2020-12-21,472.13,480.18,469.97,477.98,,,,
2020-12-22,477.98,478.14,473.17,473.37,,,,
2020-12-23,473.37,483.78,473.37,480.95,,,,
2020-12-24,480.95,481.84,477.82,481.31,,,,
2020-12-28,481.31,487.79,481.31,483.77,,,,
2020-12-29,483.77,486.22,482.06,482.11,,,,
2020-12-30,482.11,485.8,482.11,484.02,,,,
2020-12-31,484.02,490.97,482.61,490.43,,,,
2021-01-04,490.43,492.24,479.77,483.8,,,,
2021-01-05,483.8,487.52,480.86,485.6,,,,
2021-01-06,485.6,510.9,485.6,506.78,,,,
2021-01-07,506.78,519.24,506.78,514.23,,,,
2021-01-08,514.23,514.97,506.83,513.24,,,,
2021-01-11,513.24,516.02,506.45,515.43,,,,
2021-01-12,515.43,523.03,515.43,520.91,,,,
2021-01-13,520.91,521.32,516.63,520.14,,,,
2021-01-14,520.14,525.27,519.73,522.77,,,,
2021-01-15,522.77,522.77,510.22,513.38,,,,
2021-01-19,513.38,517.82,512.14,515.6,,,,
2021-01-20,515.6,515.91,511.37,513.19,,,,
2021-01-21,513.19,513.72,507.69,507.78,,,,
2021-01-22,507.78,507.78,501.74,504.11,,,,
2021-01-25,504.11,504.11,494.2,500.26,,,,
2021-01-26,500.26,502.73,495.93,496.25,,,,
2021-01-27,496.25,496.25,480.64,481.67,,,,
2021-01-28,481.67,496.19,481.67,490.9,,,,
2021-01-29,490.9,490.9,478.64,480.98,,,,
2021-02-01,480.98,487.38,480.98,486.35,,,,
2021-02-02,486.35,500.94,486.35,498.3,,,,
2021-02-03,498.3,501.5,497.13,500.85,,,,
2021-02-04,500.85,512.47,500.85,512.25,,,,
2021-02-05,512.25,516.35,511.55,512.69,,,,
2021-02-08,512.69,519,512.69,518.95,,,,
2021-02-09,518.95,520.92,515.91,519.49,,,,
2021-02-10,519.49,522.66,516.99,519.17,,,,
2021-02-11,519.17,521.4,514.26,518.02,,,,
2021-02-12,518.02,523.28,516.81,522.92,,,,
2021-02-16,522.92,534.19,522.92,532.19,,,,
2021-02-17,532.19,534.94,528.29,534.08,,,,
2021-02-18,534.08,534.08,526.93,531.43,,,,
2021-02-19,531.43,539.35,531.43,537.59,,,,
2021-02-22,537.59,544.47,535.82,542.84,,,,
2021-02-23,542.84,546.46,540.39,545.54,,,,
2021-02-24,545.54,557.85,545.54,556.51,,,,
2021-02-25,556.51,560.84,544.92,546.42,,,,
2021-02-26,546.42,546.75,534,535.64,,,,
2021-03-01,535.64,555.64,535.64,552.37,,,,
2021-03-02,552.37,554.89,550.08,550.72,,,,
2021-03-03,550.72,562.87,550.72,554.87,,,,
2021-03-04,554.87,557.97,540.28,548.17,,,,
2021-03-05,548.17,559.92,543.2,558.63,,,,
2021-03-08,558.63,572.9,558.63,565.84,,,,
2021-03-09,565.84,568.63,555.59,561,,,,
2021-03-10,561,574.12,561,571.75,,,,
2021-03-11,571.75,574.66,566.15,570.15,,,,
2021-03-12,570.15,578.73,570.15,576.35,,,,
2021-03-15,576.35,577.01,567.4,573.09,,,,
2021-03-16,573.09,573.09,562.31,566.63,,,,
2021-03-17,566.63,573.5,564.52,570.31,,,,
2021-03-18,570.31,584.34,570.31,573.52,,,,
2021-03-19,573.52,573.52,560.76,566.65,,,,
2021-03-22,566.65,566.65,557.58,559.29,,,,
2021-03-23,559.29,559.97,549.76,551.41,,,,
2021-03-24,551.41,562.16,551.41,553.81,,,,
2021-03-25,553.81,563.69,549.23,562.53,,,,
2021-03-26,562.53,572.74,562.53,572.1,,,,
2021-03-29,572.1,572.1,561.11,566.8,,,,
2021-03-30,566.8,573.25,566.8,570.85,,,,
2021-03-31,570.85,571.79,565.72,565.72,,,,
2021-04-01,565.72,573.09,565.72,572.97,,,,
2021-04-05,572.97,579.97,572.97,577.22,,,,
2021-04-06,577.22,578.72,574.07,576.59,,,,
2021-04-07,576.58,580.13,575.11,578.95,,,,
2021-04-08,578.95,579.8,572.99,578.91,,,,
2021-04-09,578.91,584.25,578.91,583.88,,,,
2021-04-12,583.88,586.79,583.88,586.42,,,,
2021-04-13,586.42,586.42,578.05,581.01,,,,
2021-04-14,581.01,588.77,578.5,584.87,,,,
2021-04-15,584.87,585.95,578.68,584.25,,,,
2021-04-16,584.25,590.08,584.25,588.09,,,,
2021-04-19,588.09,589.47,584.63,586.42,,,,
2021-04-20,586.42,586.42,573.65,575.78,,,,
2021-04-21,575.78,584,572.13,583.77,,,,
2021-04-22,583.77,583.77,576.31,577.31,,,,
2021-04-23,577.31,590.3,576.39,587.97,,,,
2021-04-26,587.97,595.54,587.97,589.93,,,,
2021-04-27,589.93,595.61,589.89,595.27,,,,
2021-04-28,595.27,598.74,595.27,596.94,,,,
2021-04-29,596.94,608.14,596.94,607.79,,,,
2021-04-30,607.79,607.79,601.39,601.98,,,,
2021-05-03,601.98,608.5,601.98,605.19,,,,
2021-05-04,605.19,609.88,598.84,609.4,,,,
2021-05-05,609.4,617.3,608.16,615.12,,,,
2021-05-06,615.12,624.27,613.98,623.92,,,,
2021-05-07,623.92,627.61,616.4,627.29,,,,
2021-05-10,627.29,635.3,626.53,626.55,,,,
2021-05-11,626.55,626.55,613.56,616.09,,,,
2021-05-12,616.09,622.74,607.02,608.11,,,,
2021-05-13,608.11,622.73,606.68,619.5,,,,
2021-05-14,619.5,630.36,619.5,629.04,,,,
2021-05-17,629.04,630.6,624.67,629.87,,,,
2021-05-18,629.87,631.63,621.04,621.39,,,,
2021-05-19,621.39,621.39,607.62,617.45,,,,
2021-05-20,617.45,621.88,613.72,618.02,,,,
2021-05-21,618.02,627.07,618.02,623.58,,,,
2021-05-24,623.58,628.25,623.33,626.48,,,,
2021-05-25,626.48,632.26,619.74,620.46,,,,
2021-05-26,620.46,624.99,617.93,622.53,,,,
2021-05-27,622.53,630.9,622.53,629.92,,,,
2021-05-28,629.92,631.49,625.9,630.13,,,,
2021-06-01,630.13,638.37,630.13,634.27,,,,
2021-06-02,634.27,636.56,631.89,635.04,,,,
2021-06-03,635.04,640.04,631.1,636.58,,,,
2021-06-04,636.58,638.39,632.4,637.75,,,,
2021-06-07,637.75,638.4,632.86,633.74,,,,
2021-06-08,633.74,634.08,625.94,632.49,,,,
2021-06-09,632.49,632.49,624.67,625.81,,,,
2021-06-10,625.81,632.62,618.38,618.8,,,,
2021-06-11,618.8,622.97,618.8,622.55,,,,
2021-06-14,622.55,622.55,612.6,616.14,,,,
2021-06-15,616.14,620.36,613.5,617.55,,,,
2021-06-16,617.55,620.74,609.65,616.68,,,,
2021-06-17,616.68,619.7,596.73,598.57,,,,
2021-06-18,598.57,598.57,583.38,583.92,,,,
2021-06-21,583.92,597.86,583.92,597.63,,,,
2021-06-22,597.63,600.76,593.06,598.25,,,,
2021-06-23,598.25,602.5,598.25,599.89,,,,
2021-06-24,599.89,608.69,599.89,607.15,,,,
2021-06-25,607.15,616.08,606.85,614.75,,,,
2021-06-28,614.75,614.75,606.78,609.78,,,,
2021-06-29,609.78,615.7,606.16,607.77,,,,
2021-06-30,607.77,611.63,606.07,610.6,,,,
2021-07-01,610.6,615.38,610.37,615.32,,,,
2021-07-02,615.32,615.37,611.8,614.07,,,,
2021-07-06,614.07,614.07,600.67,604.53,,,,
2021-07-07,604.53,606.53,599.64,605.06,,,,
2021-07-08,605.06,605.06,590.35,593.17,,,,
2021-07-09,593.17,610.96,593.17,610.19,,,,
2021-07-12,610.19,617.34,604.2,616.06,,,,
2021-07-13,616.06,616.06,607.49,609.5,,,,
2021-07-14,609.5,613.77,600.2,606.49,,,,
2021-07-15,606.49,612.57,601.26,608.77,,,,
2021-07-16,608.77,611.48,599.09,600.62,,,,
2021-07-19,600.62,600.62,580.3,583.81,,,,
2021-07-20,583.81,602.02,582.29,597.93,,,,
2021-07-21,597.93,611.22,597.93,608.14,,,,
2021-07-22,608.14,608.14,599.28,601.84,,,,
2021-07-23,601.84,609.05,601.06,602.61,,,,
2021-07-26,602.61,607.3,602.15,605.89,,,,
2021-07-27,605.89,608.54,598.98,606.18,,,,
2021-07-28,606.18,608.92,601.13,604.91,,,,
2021-07-29,604.91,614.13,604.91,611.36,,,,
2021-07-30,611.36,614.29,605.21,606.9,,,,
2021-08-02,606.9,617.63,606.04,606.39,,,,
2021-08-03,606.39,614.36,600.21,613.24,,,,
2021-08-04,613.24,614.82,606.89,608.59,,,,
2021-08-05,608.59,616.2,608.59,616.13,,,,
2021-08-06,616.13,629.81,616.13,628.53,,,,
2021-08-09,628.53,633.17,624.6,630.43,,,,
2021-08-10,630.43,638.74,629.29,636.79,,,,
2021-08-11,636.79,644.33,636.08,644.21,,,,
2021-08-12,644.21,646,640.86,645.03,,,,
2021-08-13,645.03,646.36,639.09,640.34,,,,
2021-08-16,640.34,640.34,630.91,639.24,,,,
2021-08-17,639.24,639.24,628.16,633.85,,,,
2021-08-18,633.85,636.17,626.1,626.5,,,,
2021-08-19,626.49,626.49,617.88,621.73,,,,
2021-08-20,621.73,626.51,619.87,625.58,,,,
2021-08-23,625.58,633.38,625.58,630.48,,,,
2021-08-24,630.48,636,630.48,634.7,,,,
2021-08-25,634.7,645.86,634.7,642.38,,,,
2021-08-26,642.38,645.67,638.44,638.94,,,,
2021-08-27,638.94,647.45,638.94,647.31,,,,
2021-08-30,647.31,647.71,637.79,637.82,,,,
2021-08-31,637.82,641.81,634.95,637.26,,,,
2021-09-01,637.25,637.99,631.51,633.34,,,,
2021-09-02,633.34,637.51,632.89,635.14,,,,
2021-09-03,635.14,635.23,629.95,631.43,,,,
2021-09-07,631.49,633.17,627.49,627.85,,,,
2021-09-08,627.85,628.8,622.87,625.74,,,,
2021-09-09,625.74,633.55,624.76,627.29,,,,
2021-09-10,627.29,631.85,623.02,623.21,,,,
2021-09-13,623.21,630.92,623.21,630.3,,,,
2021-09-14,630.3,634.31,619.63,621.41,,,,
2021-09-15,621.41,629.06,620.89,627.2,,,,
2021-09-16,627.2,632.57,623.01,625.7,,,,
2021-09-17,625.7,628.59,621.23,622.64,,,,
2021-09-20,622.64,622.64,599.92,608.81,,,,
2021-09-21,608.83,614.22,606.15,607.93,,,,
2021-09-22,607.93,621.95,607.93,617.55,,,,
2021-09-23,617.55,635.75,617.55,632.96,,,,
2021-09-24,632.96,638.35,631.97,636.42,,,,
2021-09-27,636.42,646.52,636.42,644.76,,,,
2021-09-28,644.76,647.57,633.39,634.55,,,,
2021-09-29,634.55,637.33,631.85,634.9,,,,
2021-09-30,634.9,637.84,624.58,624.6,,,,
2021-10-01,624.6,639.01,624.06,634.54,,,,
2021-10-04,634.54,642.07,628.37,629.86,,,,
2021-10-05,629.86,644.27,629.86,641.04,,,,
2021-10-06,641.04,642.35,630.92,642.04,,,,
2021-10-07,642.04,652.41,642.04,645.8,,,,
2021-10-08,645.8,651.04,643.6,648.89,,,,
2021-10-11,648.89,655.11,642.14,642.33,,,,
2021-10-12,642.33,644.45,638.85,640.35,,,,
2021-10-13,640.35,640.44,627.83,636.25,,,,
2021-10-14,636.25,647.25,636.25,647.11,,,,
2021-10-15,647.11,660.18,647.11,656.87,,,,
2021-10-18,656.87,660.7,653.99,656.92,,,,
2021-10-19,656.92,663.5,656.92,663.42,,,,
2021-10-20,663.42,668.82,660.86,668.71,,,,
2021-10-21,668.71,670.04,662.78,666.34,,,,
2021-10-22,666.34,676.37,666.34,675.17,,,,
2021-10-25,675.17,677.65,672.95,674.12,,,,
2021-10-26,674.12,679.38,674.08,675.21,,,,
2021-10-27,675.21,676.34,663.72,663.78,,,,
2021-10-28,663.78,672.11,663.78,672,,,,
2021-10-29,672,673.59,667.74,669.09,,,,
2021-11-01,669.09,675.07,666.76,669.66,,,,
2021-11-02,669.66,672.99,667.52,670.78,,,,
2021-11-03,670.78,675.84,667.71,673.43,,,,
2021-11-04,673.43,673.43,659.47,664.4,,,,
2021-11-05,664.4,672.58,662.88,664.86,,,,
2021-11-08,664.86,673.26,664.86,668.31,,,,
2021-11-09,668.31,668.31,660.58,664.66,,,,
2021-11-10,664.66,667.61,661.86,663.33,,,,
2021-11-11,663.33,667.38,662.07,665.39,,,,
2021-11-12,665.39,666.9,661.06,666.61,,,,
2021-11-15,666.61,670.26,665.57,666.75,,,,
2021-11-16,666.75,670.08,664.4,665.64,,,,
2021-11-17,665.64,665.64,656.77,658.25,,,,
2021-11-18,658.25,660.02,652.2,655.11,,,,
2021-11-19,655.11,655.11,643.05,647.83,,,,
2021-11-22,647.83,663.38,647.83,657.08,,,,
2021-11-23,657.08,667.78,657.08,667.25,,,,
2021-11-24,667.25,668.26,663.3,665.73,,,,
2021-11-26,665.73,665.73,636.71,643.93,,,,
2021-11-29,643.93,653.31,640.88,645.94,,,,
2021-11-30,645.94,645.94,629.33,630.37,,,,
2021-12-01,630.37,645.19,623.29,623.42,,,,
2021-12-02,623.42,644.62,623.42,641.08,,,,
2021-12-03,641.08,643.59,626.06,631.2,,,,
2021-12-06,631.2,646.35,631.2,640.08,,,,
2021-12-07,640.08,653.68,640.08,651.61,,,,
2021-12-08,651.61,654.37,647,648.64,,,,
2021-12-09,648.64,650.16,642.93,646.94,,,,
2021-12-10,646.94,651.04,643.71,647.84,,,,
2021-12-13,647.84,647.84,638.59,640.4,,,,
2021-12-14,640.4,649.17,639.51,644.4,,,,
2021-12-15,644.4,647.91,638.36,646.42,,,,
2021-12-16,646.42,658.83,646.42,654.23,,,,
2021-12-17,654.23,654.23,636.01,639.39,,,,
2021-12-20,639.39,639.39,619.97,627.21,,,,
2021-12-21,627.21,642.87,627.21,639.84,,,,
2021-12-22,639.84,643.63,637.91,642.97,,,,
2021-12-23,642.97,652.07,642.97,646.5,,,,
2021-12-27,646.5,652.8,645.44,652.7,,,,
2021-12-28,652.7,657.38,651.8,653.01,,,,
2021-12-29,653.01,656.07,651.97,652.58,,,,
2021-12-30,652.58,657.67,650.5,650.89,,,,
2021-12-31,650.9,652.96,648.92,650.04,,,,
2022-01-03,650.04,660.46,650.04,658.13,,,,
2022-01-04,658.1,677.41,658.1,675.26,,,,
2022-01-05,675.26,679.95,666.73,666.83,,,,
2022-01-06,666.83,677.37,666.83,677.14,,,,
2022-01-07,677.14,686.44,676.18,684.91,,,,
2022-01-10,684.91,689.52,675.59,682.86,,,,
2022-01-11,682.86,688.82,678.84,688.57,,,,
2022-01-12,688.57,692.81,685.89,688.85,,,,
2022-01-13,688.85,693.52,684.09,686.03,,,,
2022-01-14,686.03,686.03,670.92,679.12,,,,
2022-01-18,679.12,679.12,660.04,663.53,,,,
2022-01-19,663.53,668.69,652.34,652.56,,,,
2022-01-20,652.56,663.08,647.54,648.48,,,,
2022-01-21,648.48,648.48,632.88,635.39,,,,
2022-01-24,635.39,638.32,612.65,636.91,,,,
2022-01-25,636.91,644.44,619.95,639.89,,,,
2022-01-26,639.89,651.95,634.17,641.59,,,,
2022-01-27,641.59,654.13,631.77,635.68,,,,
2022-01-28,635.68,643.89,625.21,643.77,,,,
2022-01-31,643.77,649.88,635.89,649.52,,,,
2022-02-01,649.52,659.87,647.69,658.84,,,,
2022-02-02,658.84,663.98,654.13,663.18,,,,
2022-02-03,663.18,664.87,654.46,655.53,,,,
2022-02-04,655.53,672.01,655.53,666.38,,,,
2022-02-07,666.38,672.68,663.77,668.58,,,,
2022-02-08,668.58,679.26,668.58,677.83,,,,
2022-02-09,677.83,686.33,677.83,681.84,,,,
2022-02-10,681.84,687.41,673.25,676.07,,,,
2022-02-11,676.07,681.7,662.44,666.25,,,,
2022-02-14,666.25,667.97,653.41,658.84,,,,
2022-02-15,658.84,671.06,658.84,667.88,,,,
2022-02-16,667.88,670.96,663.95,667.89,,,,
2022-02-17,667.89,667.89,649.74,651.79,,,,
2022-02-18,651.79,656.67,648.15,651.02,,,,
2022-02-22,651.02,654.17,642.72,648.3,,,,
2022-02-23,648.3,654.52,635.11,636.81,,,,
2022-02-24,636.81,636.81,611.28,629.38,,,,
2022-02-25,629.38,650.89,629.38,649.25,,,,
2022-02-28,649.25,649.25,633.07,639.85,,,,
2022-03-01,639.85,639.85,611.77,616.13,,,,
2022-03-02,616.13,635.45,616.13,631.87,,,,
2022-03-03,631.87,637.34,624.32,629.98,,,,
2022-03-04,629.98,629.98,610.65,617.65,,,,
2022-03-07,617.65,617.65,594.8,595.06,,,,
2022-03-08,595.06,608.19,589.15,591.79,,,,
2022-03-09,591.79,618.35,591.79,613.18,,,,
2022-03-10,613.18,613.18,601.4,608.28,,,,
2022-03-11,608.28,617.23,603.52,603.92,,,,
2022-03-14,603.92,621.13,603.92,611.45,,,,
2022-03-15,611.45,620.85,611.45,619.46,,,,
2022-03-16,619.46,638.13,619.46,637.31,,,,
2022-03-17,637.31,645.14,629.7,645.14,,,,
2022-03-18,645.14,648.34,639.1,647.02,,,,
2022-03-21,647.02,651.32,642.87,646.21,,,,
2022-03-22,646.21,660.66,646.21,656.55,,,,
2022-03-23,656.55,656.55,644.06,644.46,,,,
2022-03-24,644.46,650.07,644.46,649.33,,,,
2022-03-25,649.34,659.15,649.34,657.82,,,,
2022-03-28,657.82,657.82,648.75,655.86,,,,
2022-03-29,655.86,665.67,653.94,657.4,,,,
2022-03-30,657.4,657.45,649.12,652.76,,,,
2022-03-31,652.76,654.39,637.56,637.61,,,,
2022-04-01,637.61,642.41,631.66,636.27,,,,
2022-04-04,636.27,638.21,629.03,633.25,,,,
2022-04-05,633.25,636.86,627.39,628.52,,,,
2022-04-06,628.52,628.52,622.1,624.39,,,,
2022-04-07,624.39,626.54,614.99,623.78,,,,
2022-04-08,623.78,632.76,623.78,630.05,,,,
2022-04-11,630.05,634.36,626.19,627.04,,,,
2022-04-12,627.04,632.24,617.69,620.35,,,,
2022-04-13,620.35,620.41,613.62,619.85,,,,
2022-04-14,619.85,623.23,613.11,613.38,,,,
2022-04-18,613.38,619.78,609.91,617.14,,,,
2022-04-19,617.14,626.3,617.14,625.28,,,,
2022-04-20,625.28,634.24,625.28,629.57,,,,
2022-04-21,629.57,636.72,618.74,619.9,,,,
2022-04-22,619.9,619.9,600.85,601.3,,,,
2022-04-25,601.3,603.44,587.3,602.29,,,,
2022-04-26,602.29,602.29,586.9,586.94,,,,
2022-04-27,586.94,592.4,584.55,586.34,,,,
2022-04-28,586.34,596.03,583.74,593.95,,,,
2022-04-29,593.95,593.95,572.09,573.7,,,,
2022-05-02,573.7,577.88,562.29,573.82,,,,
2022-05-03,573.82,586.53,573.82,581.06,,,,
2022-05-04,581.06,599.5,579.84,598.6,,,,
2022-05-05,598.6,598.6,574.09,581.15,,,,
2022-05-06,581.15,581.15,568.76,576.98,,,,
2022-05-09,576.98,576.98,560.42,562.8,,,,
2022-05-10,562.8,571.5,551.09,558.31,,,,
2022-05-11,558.31,569.91,552.16,552.71,,,,
2022-05-12,552.71,553.46,538.15,548.8,,,,
2022-05-13,548.8,561,548.8,556.31,,,,
2022-05-16,556.31,556.65,547.64,551.98,,,,
2022-05-17,551.98,568.09,551.98,566.84,,,,
2022-05-18,566.84,566.84,548.97,550.98,,,,
2022-05-19,550.98,551.19,542.73,547.15,,,,
2022-05-20,547.15,553.63,534.82,546.49,,,,
2022-05-23,546.49,568.08,546.49,564.16,,,,
2022-05-24,564.16,564.44,551.32,562.83,,,,
2022-05-25,562.83,570.7,560.09,567.34,,,,
2022-05-26,567.34,582.31,567.34,580.1,,,,
2022-05-27,580.1,590.46,580.1,590.46,,,,
2022-05-31,590.46,592.81,582.26,588.47,,,,
2022-06-01,588.47,588.47,573.55,578.63,,,,
2022-06-02,578.63,586.91,574.65,586.81,,,,
2022-06-03,586.81,586.81,577.41,577.81,,,,
2022-06-06,577.81,588.53,577.81,580.02,,,,
2022-06-07,580.02,584.43,575.31,584.01,,,,
2022-06-08,584.01,584.01,571.85,574.06,,,,
2022-06-09,574.06,574.06,558.98,559.1,,,,
2022-06-10,559.1,559.1,538.58,538.67,,,,
2022-06-13,538.67,538.67,519.87,522.78,,,,
2022-06-14,522.78,528.38,514.35,517.85,,,,
2022-06-15,517.85,531.43,515.46,524.26,,,,
2022-06-16,524.26,524.26,506.58,510.78,,,,
2022-06-17,510.78,517.82,507.39,512.37,,,,
2022-06-21,512.37,525.51,512.37,522.73,,,,
2022-06-22,522.73,525.99,515.6,521.39,,,,
2022-06-23,521.39,522.46,510.71,519.01,,,,
2022-06-24,519.01,538.95,519.01,538.72,,,,
2022-06-27,538.72,541.56,534.25,536.37,,,,
2022-06-28,536.37,547.05,531.06,531.41,,,,
2022-06-29,531.41,533.48,526.41,528.01,,,,
2022-06-30,528.01,528.01,513.51,523.35,,,,
2022-07-01,523.35,532.16,518.29,530.85,,,,
2022-07-05,530.85,530.85,515.96,528.33,,,,
2022-07-06,528.33,531.08,522.09,527,,,,
2022-07-07,527,536.03,527,534.7,,,,
2022-07-08,534.7,537.47,531.31,533.64,,,,
2022-07-11,533.64,533.64,527.74,529.21,,,,
2022-07-12,529.21,535.31,524.61,525.77,,,,
2022-07-13,525.76,525.76,514.77,520.89,,,,
2022-07-14,520.89,520.89,505.01,510.91,,,,
2022-07-15,510.91,531.15,510.91,528.83,,,,
2022-07-18,528.83,538.94,524.11,526.04,,,,
2022-07-19,526.04,543.68,526.04,542.19,,,,
2022-07-20,542.19,544.98,539.4,543.93,,,,
2022-07-21,543.93,547.6,538.52,547.41,,,,
2022-07-22,547.41,551.01,540.31,544.18,,,,
2022-07-25,544.18,550.33,544.08,547.74,,,,
2022-07-26,547.74,548.39,539.01,540.14,,,,
2022-07-27,540.14,551.13,540.14,548.46,,,,
2022-07-28,548.46,552.46,540.08,552.29,,,,
2022-07-29,552.29,561.72,552.29,560.04,,,,
2022-08-01,560.04,560.04,551.65,555.04,,,,
2022-08-02,555.04,556.19,548.62,549.11,,,,
2022-08-03,549.11,558.82,549.11,557.29,,,,
2022-08-04,557.29,558.17,554.56,555.37,,,,
2022-08-05,555.37,561.83,552.37,559.73,,,,
2022-08-08,559.73,565.13,558.47,558.72,,,,
2022-08-09,558.72,563.15,558.72,561.88,,,,
2022-08-10,561.88,576.47,561.88,574.9,,,,
2022-08-11,574.9,584.68,574.9,580.75,,,,
2022-08-12,580.75,590.37,580.75,590.24,,,,
2022-08-15,590.24,591.71,583.37,590.35,,,,
2022-08-16,590.35,596.97,588.86,594.4,,,,
2022-08-17,594.4,594.4,587.56,591.27,,,,
2022-08-18,591.27,592.85,588.2,592.03,,,,
2022-08-19,592.03,592.03,578.45,580.07,,,,
2022-08-22,580.07,580.07,565.98,567.36,,,,
2022-08-23,567.36,570.65,565.16,565.22,,,,
2022-08-24,565.22,569.76,563.05,568.16,,,,
2022-08-25,568.16,577.06,568.01,576.78,,,,
2022-08-26,576.78,579.55,559.15,559.28,,,,
2022-08-29,559.28,559.28,552.25,555.03,,,,
2022-08-30,555.03,558.62,549.17,552.68,,,,
2022-08-31,552.68,556.78,547.63,547.82,,,,
2022-09-01,547.82,550.15,539.02,549.81,,,,
2022-09-02,549.81,560.37,542.67,545.25,,,,
2022-09-06,545.25,548.93,538.48,543.68,,,,
2022-09-07,543.68,555.45,541.31,554.68,,,,
2022-09-08,554.68,564.46,549.65,564.34,,,,
2022-09-09,564.34,570.7,564.34,569.13,,,,
2022-09-12,569.13,576.99,569.13,574.07,,,,
2022-09-13,574.07,574.07,550.74,552.45,,,,
2022-09-14,552.45,556.12,545.98,551.08,,,,
2022-09-15,551.08,559.52,550,552.81,,,,
2022-09-16,552.81,552.81,541.92,547.46,,,,
2022-09-19,547.46,553.91,542.14,553.57,,,,
2022-09-20,553.57,553.57,540.58,545.52,,,,
2022-09-21,545.52,550.63,533.99,534.02,,,,
2022-09-22,534.02,535.89,524.29,525.13,,,,
2022-09-23,525.13,525.13,509.44,516.93,,,,
2022-09-26,516.93,517.66,505.1,508.21,,,,
2022-09-27,508.21,515.01,501.46,506.7,,,,
2022-09-28,506.7,519.4,506.7,516.36,,,,
2022-09-29,516.36,516.36,503.7,509.98,,,,
2022-09-30,509.98,516.49,503.89,504.39,,,,
2022-10-03,504.39,521.38,504.21,518.7,,,,
2022-10-04,518.71,538.57,518.71,538.36,,,,
2022-10-05,538.36,538.36,527.62,533.71,,,,
2022-10-06,533.71,533.92,524.99,525.95,,,,
2022-10-07,525.95,525.95,510.65,513.66,,,,
2022-10-10,513.66,518.2,508.28,511.19,,,,
2022-10-11,511.19,512.95,502.54,504.56,,,,
2022-10-12,504.56,509.94,501.72,503.18,,,,
2022-10-13,503.18,525.41,491.83,524.01,,,,
2022-10-14,524.01,534.72,514.26,514.7,,,,
2022-10-17,514.7,531.62,514.7,527.96,,,,
2022-10-18,527.96,542.58,527.96,536.64,,,,
2022-10-19,536.64,536.64,525.14,528.08,,,,
2022-10-20,528.08,532.52,518.22,519.73,,,,
2022-10-21,519.73,535.42,517.86,534.91,,,,
2022-10-24,534.91,544.62,534.91,542.12,,,,
2022-10-25,542.12,549.58,538.19,548.53,,,,
2022-10-26,548.53,556.03,548.53,550.14,,,,
2022-10-27,550.14,560.56,550.14,554.25,,,,
2022-10-28,554.25,568.62,554.25,568.03,,,,
2022-10-31,568.03,568.25,563.8,563.91,,,,
2022-11-01,563.91,570.46,563.68,566.21,,,,
2022-11-02,566.21,574.52,558.56,558.94,,,,
2022-11-03,558.94,558.94,549.57,552.97,,,,
2022-11-04,552.97,565.82,552.97,563.29,,,,
2022-11-07,563.29,568.93,563.29,568.37,,,,
2022-11-08,568.37,574.66,566.18,571.7,,,,
2022-11-09,571.7,571.7,560.91,562,,,,
2022-11-10,562,591.31,562,590.86,,,,
2022-11-11,590.86,597.87,590.86,595.51,,,,
2022-11-14,595.51,595.51,586.34,586.34,,,,
2022-11-15,586.34,595.22,582.25,588.01,,,,
2022-11-16,588.01,589.08,583.47,585.36,,,,
2022-11-17,585.36,585.36,576.87,582.22,,,,
2022-11-18,582.22,590.47,582.2,586.71,,,,
2022-11-21,586.71,589.8,585.54,588.69,,,,
2022-11-22,588.69,595.22,588.69,594.73,,,,
2022-11-23,594.73,598.51,594.02,596.95,,,,
2022-11-25,596.95,599.86,596.78,599.37,,,,
2022-11-28,599.37,599.37,587.99,588.73,,,,
2022-11-29,588.69,593.5,587.52,592.65,,,,
2022-11-30,592.65,602.43,582.9,602.43,,,,
2022-12-01,602.43,604.68,593.8,598.13,,,,
2022-12-02,598.13,598.13,590.44,595.56,,,,
2022-12-05,595.56,595.56,577.89,580.68,,,,
2022-12-06,580.68,583.08,571.09,575.7,,,,
2022-12-07,575.7,579.45,572.14,573.1,,,,
2022-12-08,573.1,577.45,571.76,573.96,,,,
2022-12-09,573.96,576.12,571.72,572.33,,,,
2022-12-12,572.33,580.35,569.87,579.55,,,,
2022-12-13,579.55,593.22,577.48,581.26,,,,
2022-12-14,581.26,585.06,571.74,573.74,,,,
2022-12-15,573.74,573.74,558.81,562.23,,,,
2022-12-16,562.23,562.23,553.14,558.05,,,,
2022-12-19,558.05,562.1,553.16,556.76,,,,
2022-12-20,556.76,562.65,556.76,558.46,,,,
2022-12-21,558.46,569.23,558.46,567.97,,,,
2022-12-22,567.97,567.97,553.53,562.43,,,,
2022-12-23,562.43,566.47,559.58,565.89,,,,
2022-12-27,565.89,568.04,563.16,565.7,,,,
2022-12-28,565.7,567.84,562.87,563.33,,,,
2022-12-29,563.33,572,563.33,571.41,,,,
2022-12-30,571.41,571.41,564.89,569.74,,,,
2023-01-03,569.74,577.56,567.4,571.88,,,,
2023-01-04,571.88,584.8,571.88,580.95,,,,
2023-01-05,580.95,580.95,572,575.62,,,,
2023-01-06,575.62,590.4,575.62,588.73,,,,
2023-01-09,588.73,594.04,585.12,586.18,,,,
2023-01-10,586.18,590.21,583.8,589.99,,,,
2023-01-11,589.99,595.24,589.99,595.06,,,,
2023-01-12,595.06,599.96,592.73,596.43,,,,
2023-01-13,596.43,601.61,586.71,600.66,,,,
2023-01-17,600.66,600.66,595.18,596.59,,,,
2023-01-18,596.59,597.2,585.29,585.64,,,,
2023-01-19,585.64,585.64,575.11,578.61,,,,
2023-01-20,578.62,588.29,578.4,588.16,,,,
2023-01-23,588.16,597.28,586.77,594.75,,,,
2023-01-24,594.75,597.84,587.14,595.37,,,,
2023-01-25,595.37,599.86,589.92,599.75,,,,
2023-01-26,599.75,603.68,597.36,602.72,,,,
2023-01-27,602.72,606.47,601.6,603.02,,,,
2023-01-30,603.02,604,599.34,599.89,,,,
2023-01-31,599.89,607.91,598.36,607.9,,,,
2023-02-01,607.9,613.18,600.43,608.01,,,,
2023-02-02,608.01,611.76,604.71,609.12,,,,
2023-02-03,609.12,613.23,604.98,608.5,,,,
2023-02-06,608.5,608.5,603.28,607.64,,,,
2023-02-07,607.63,616.58,604.22,614.71,,,,
2023-02-08,614.71,616.32,609.93,611.26,,,,
2023-02-09,611.26,615.2,602.94,603.75,,,,
2023-02-10,603.75,606.63,599.28,606.18,,,,
2023-02-13,606.18,612.91,605.46,612.87,,,,
2023-02-14,612.87,615.79,606.15,609.58,,,,
2023-02-15,609.58,610.63,604.64,610.53,,,,
2023-02-16,610.53,610.53,603.36,604,,,,
2023-02-17,604,605.06,599.51,604.28,,,,
2023-02-21,604.28,604.28,589.28,592.12,,,,
2023-02-22,592.12,594.03,588.18,590.93,,,,
2023-02-23,590.93,596.17,586.32,591.76,,,,
2023-02-24,591.76,593.95,585.76,592.38,,,,
2023-02-27,592.38,598.55,590.92,592.03,,,,
2023-02-28,592.03,596.02,591.48,593.02,,,,
2023-03-01,593.02,593.58,588.78,590.77,,,,
2023-03-02,590.77,590.77,581.08,587.65,,,,
2023-03-03,587.65,597.15,587.65,597.05,,,,
2023-03-06,597.05,601.17,595.86,597.36,,,,
2023-03-07,597.36,597.36,580.76,582.2,,,,
2023-03-08,582.2,584.42,577.04,579.84,,,,
2023-03-09,579.84,579.84,553.47,556.04,,,,
2023-03-10,556.04,559.23,540.13,546.28,,,,
2023-03-13,543.11,543.11,520.47,525.63,,,,
2023-03-14,525.63,544.73,525.63,535.56,,,,
2023-03-15,535.56,535.56,513.23,520.33,,,,
2023-03-16,519.97,535.66,512.23,530.45,,,,
2023-03-17,530.45,530.45,512.07,513.02,,,,
2023-03-20,513.28,523.26,513.28,519.15,,,,
2023-03-21,519.15,533.37,519.15,532.33,,,,
2023-03-22,532.33,533.55,519.64,519.7,,,,
2023-03-23,519.7,526.07,512.87,516.28,,,,
2023-03-24,516.28,516.34,506.1,515.97,,,,
2023-03-27,515.97,525.88,515.97,523.2,,,,
2023-03-28,523.2,524.83,519.91,522.9,,,,
2023-03-29,522.9,530.81,522.9,530.74,,,,
2023-03-30,530.74,534.54,526.37,529.19,,,,
2023-03-31,529.19,535.37,529.19,535.28,,,,
2023-04-03,535.28,538.28,533.13,536.36,,,,
2023-04-04,536.36,538,527.61,530.93,,,,
2023-04-05,530.93,531.32,526.84,530.18,,,,
2023-04-06,530.18,532.84,528.49,531.81,,,,
2023-04-10,531.81,533.32,529.03,533.25,,,,
2023-04-11,533.25,539.99,533.25,537.78,,,,
2023-04-12,537.78,543.29,535.42,536.69,,,,
2023-04-13,536.69,541.71,533.6,541.3,,,,
2023-04-14,541.3,551.16,541.3,547.01,,,,
2023-04-17,547.01,553.25,544.03,553.18,,,,
2023-04-18,553.18,555.85,550.19,554.91,,,,
2023-04-19,554.91,557.58,553.13,556.33,,,,
2023-04-20,556.33,556.33,552.64,554.56,,,,
2023-04-21,554.56,554.56,549.42,552.37,,,,
2023-04-24,552.37,553.73,549.76,551.26,,,,
2023-04-25,551.26,551.26,541.41,541.55,,,,
2023-04-26,541.55,543.14,534.26,536.37,,,,
2023-04-27,536.37,546,536.37,544.95,,,,
2023-04-28,544.95,551.7,541.22,551.42,,,,
2023-05-01,551.42,555.67,549.34,549.94,,,,
2023-05-02,549.94,549.94,532.43,537.3,,,,
2023-05-03,537.3,540.53,530.71,530.92,,,,
2023-05-04,530.92,530.92,519.57,524.05,,,,
2023-05-05,524.05,537.91,524.05,536.83,,,,
2023-05-08,536.84,541.88,536.84,537.96,,,,
2023-05-09,537.96,537.96,533,535.97,,,,
2023-05-10,535.98,540.23,528.27,532.87,,,,
2023-05-11,532.87,532.87,527.39,531.79,,,,
2023-05-12,531.8,534.49,526.26,529.6,,,,
2023-05-15,529.6,534.89,529.6,533.93,,,,
2023-05-16,533.93,534.34,528.69,528.76,,,,
2023-05-17,528.76,541.04,528.76,539.82,,,,
2023-05-18,539.82,544.12,536.73,543.6,,,,
2023-05-19,543.6,546.53,538.97,541.16,,,,
2023-05-22,541.16,544.09,539.03,542.38,,,,
2023-05-23,542.38,542.66,535.68,535.76,,,,
2023-05-24,535.76,535.76,527.8,528.74,,,,
2023-05-25,528.74,530.36,525.63,528.91,,,,
2023-05-26,528.91,534.29,528.91,532.82,,,,
2023-05-30,532.82,534.95,529.35,532.81,,,,
2023-05-31,532.81,532.81,522.62,526.72,,,,
2023-06-01,526.72,533.49,526.28,532.48,,,,
2023-06-02,532.48,545.93,532.48,544.11,,,,
2023-06-05,544.11,544.56,538.86,541.05,,,,
2023-06-06,541.05,548.82,540.64,548.25,,,,
2023-06-07,548.25,551.22,545.18,550.06,,,,
2023-06-08,550.06,550.26,545.32,549.44,,,,
2023-06-09,549.44,551.95,548.35,549.85,,,,
2023-06-12,549.85,551.59,545.4,549.34,,,,
2023-06-13,549.34,554.99,548.54,552.72,,,,
2023-06-14,552.71,556.78,548.9,550.7,,,,
2023-06-15,550.7,558.94,548.27,557.62,,,,
2023-06-16,557.64,560.69,556.05,556.4,,,,
2023-06-20,556.06,556.06,549.13,552.58,,,,
2023-06-21,552.58,554.41,549.54,551.54,,,,
2023-06-22,551.54,551.54,545.73,547.44,,,,
2023-06-23,547.44,547.44,541.5,545.15,,,,
2023-06-26,545.15,548.16,542.56,544.08,,,,
2023-06-27,544.08,549.37,544.08,547.93,,,,
2023-06-28,547.93,547.93,544.61,546.94,,,,
2023-06-29,546.94,556.18,546.94,556.09,,,,
2023-06-30,556.09,563.32,556.09,561.11,,,,
2023-07-03,561.11,565.87,560.35,564.63,,,,
2023-07-05,564.63,564.63,559.09,562.76,,,,
2023-07-06,562.76,562.76,553.11,557.65,,,,
2023-07-07,557.64,563.22,555.8,558.53,,,,
2023-07-10,558.53,564.3,558.37,561,,,,
2023-07-11,561,568.53,561,567.7,,,,
2023-07-12,567.7,575.45,567.7,571.29,,,,
2023-07-13,571.29,574.32,571.29,573.39,,,,
2023-07-14,573.39,577.08,568.97,569.49,,,,
2023-07-17,569.49,576.68,569.11,575.21,,,,
2023-07-18,575.21,582.11,575.21,581.68,,,,
2023-07-19,581.69,586.42,581.61,584.28,,,,
2023-07-20,584.28,588.44,582.93,588.34,,,,
2023-07-21,588.34,589.6,585.16,586.32,,,,
2023-07-24,586.31,593.95,586.31,592.27,,,,
2023-07-25,592.27,592.27,587.85,587.92,,,,
2023-07-26,587.92,593.47,586.87,591.76,,,,
2023-07-27,591.76,592.98,583.45,584.11,,,,
2023-07-28,584.11,588.89,582.17,584.9,,,,
2023-07-31,584.9,589.17,584.9,587.5,,,,
2023-08-01,587.5,587.88,584.35,587.32,,,,
2023-08-02,587.32,587.32,579.12,582.12,,,,
2023-08-03,582.12,583.76,577.18,582.52,,,,
2023-08-04,582.52,587.5,579.55,580.02,,,,
2023-08-07,580.02,589.15,580.02,587.93,,,,
2023-08-08,587.93,587.93,576.04,582.79,,,,
2023-08-09,582.8,584.14,577.99,578.26,,,,
2023-08-10,578.26,585.46,577.41,578.7,,,,
2023-08-11,578.7,580.81,575.54,579.89,,,,
2023-08-14,579.89,579.89,576.17,578.82,,,,
2023-08-15,578.82,578.82,567.55,568.42,,,,
2023-08-16,568.42,571.46,566.75,567.22,,,,
2023-08-17,567.22,569.83,562.93,564.39,,,,
2023-08-18,564.39,565.81,560.22,563.68,,,,
2023-08-21,563.68,565.88,559.15,563.17,,,,
2023-08-22,563.17,564.27,557.51,558.22,,,,
2023-08-23,558.22,563.71,558.22,563.42,,,,
2023-08-24,563.42,569.55,561.97,562.06,,,,
2023-08-25,562.06,566.2,559.79,563.99,,,,
2023-08-28,563.99,569.34,563.99,567.31,,,,
2023-08-29,567.31,572.66,566.32,572.28,,,,
2023-08-30,572.28,576.07,571.84,572.97,,,,
2023-08-31,572.97,574.11,569.77,570.68,,,,
2023-09-01,570.68,577.18,570.68,575.27,,,,
2023-09-05,575.27,577.06,569.66,569.76,,,,
2023-09-06,569.76,570.43,565.21,568.79,,,,
2023-09-07,568.81,569.81,566.01,567.66,,,,
2023-09-08,567.66,569.81,565.96,569,,,,
2023-09-11,569,574.23,569,571.1,,,,
2023-09-12,571.1,579.23,570.63,575.94,,,,
2023-09-13,575.93,578.39,573.13,575.36,,,,
2023-09-14,575.36,581.16,575.36,580.37,,,,
2023-09-15,580.37,580.85,576.35,577.18,,,,
2023-09-18,577.18,579.62,574.9,579,,,,
2023-09-19,579,580.47,574.66,578.36,,,,
2023-09-20,578.36,582.04,574.21,574.53,,,,
2023-09-21,574.53,574.53,565.18,565.24,,,,
2023-09-22,565.24,566.01,560.75,561.05,,,,
2023-09-25,561.05,562.05,557.5,561.9,,,,
2023-09-26,561.9,561.9,553.4,554.36,,,,
2023-09-27,554.36,555.48,548.82,553.24,,,,
2023-09-28,553.24,559.3,553.24,557.08,,,,
2023-09-29,557.08,560.01,550.82,552.16,,,,
2023-10-02,552.16,552.16,544.5,547.53,,,,
2023-10-03,547.53,547.53,536.71,538.38,,,,
2023-10-04,538.38,543.11,536.17,542.83,,,,
2023-10-05,542.83,545.75,539.74,544.91,,,,
2023-10-06,544.91,552.45,540.74,549.36,,,,
2023-10-09,549.36,550.85,544.12,549.55,,,,
2023-10-10,549.55,557.28,549.55,553.79,,,,
2023-10-11,553.79,557.58,550.63,554.41,,,,
2023-10-12,554.41,555.64,547.39,550.92,,,,
2023-10-13,550.92,559.52,549.4,552,,,,
2023-10-16,552,560.63,552,557.61,,,,
2023-10-17,557.61,564.17,555.48,560.69,,,,
2023-10-18,560.69,560.69,550.05,551.15,,,,
2023-10-19,551.15,552.8,543.48,544.27,,,,
2023-10-20,544.27,544.38,534.98,535.85,,,,
2023-10-23,535.85,537.96,531.68,532.04,,,,
2023-10-24,532.04,538.08,532.04,535.62,,,,
2023-10-25,535.62,537.32,532.3,534.02,,,,
2023-10-26,534.02,537.57,531.3,532.86,,,,
2023-10-27,531.84,531.84,521.26,522.93,,,,
2023-10-30,526.22,533.14,525.02,531.85,,,,
2023-10-31,532.82,537.9,532,537.67,,,,
2023-11-01,539.05,543.34,537.56,541.07,,,,
2023-11-02,544.6,554.27,544.6,554.06,,,,
2023-11-03,556.82,563.85,556.82,561.39,,,,
2023-11-06,562.73,563.36,556.53,559.22,,,,
2023-11-07,558.45,560.03,556.92,558.52,,,,
2023-11-08,558.31,559.63,555.81,558.88,,,,
2023-11-09,560.3,561.41,555.75,556.59,,,,
2023-11-10,559.09,563.36,556.15,562.95,,,,
2023-11-13,561.43,563.61,560.41,562.07,,,,
2023-11-14,567.07,575.76,567.07,573,,,,
2023-11-15,573.66,577.57,573.66,576.27,,,,
2023-11-16,577.06,578.79,575.87,578.13,,,,
2023-11-17,580.02,581.38,579.07,581.31,,,,
2023-11-20,580.36,584.79,579.29,583.2,,,,
2023-11-21,582.84,584.66,582.33,582.98,,,,
2023-11-22,584.81,586.6,583.47,585.27,,,,
2023-11-24,585.91,588.24,585.38,587.2,,,,
2023-11-27,585.78,586.23,583.99,585.55,,,,
2023-11-28,585.14,587.07,583.74,584.95,,,,
2023-11-29,587.09,592.59,587.05,589.09,,,,
2023-11-30,589.71,595.35,588.57,595.09,,,,
2023-12-01,594.07,600.57,593.74,599.47,,,,
2023-12-04,596.52,601.55,596.24,599.46,,,,
2023-12-05,597.66,597.66,593.8,596.43,,,,
2023-12-06,599.27,601.66,592.62,593.43,,,,
2023-12-07,594.69,596.23,593.36,595.82,,,,
2023-12-08,595.57,600.01,594.65,598.79,,,,
2023-12-11,599.33,603.8,599.33,602.87,,,,
2023-12-12,603.27,607.23,601.95,607.17,,,,
2023-12-13,607.42,617.54,606.27,616.93,,,,
2023-12-14,620.96,625.12,619.57,622.67,,,,
2023-12-15,619.6,620.61,616.7,620.17,,,,
2023-12-18,622.44,623.36,620.71,621.04,,,,
2023-12-19,620.54,626.11,619.47,625.85,,,,
2023-12-20,624.07,625.58,614.94,615.11,,,,
2023-12-21,617.5,620.86,615.17,620.49,,,,
2023-12-22,621.94,624.44,619.84,621.91,,,,
2023-12-26,621.89,625.69,621.78,624.43,,,,
2023-12-27,623.51,626.21,622.2,625.93,,,,
2023-12-28,625.47,629.38,625.47,628.1,,,,
2023-12-29,627.79,628.84,624.36,626.35,,,,
2024-01-02,624.28,629.01,623.54,628.79,,,,
2024-01-03,626.52,626.83,622.47,623.67,,,,
2024-01-04,624.36,630.46,624.36,625.14,,,,
2024-01-05,625.58,631.3,625.2,628.43,,,,
2024-01-08,628.5,632.26,625.15,632.18,,,,
2024-01-09,629.18,629.18,626.33,627.82,,,,
2024-01-10,627.29,629.54,625.23,629.11,,,,
2024-01-11,628.78,628.91,622.01,626.52,,,,
2024-01-12,628.81,631.97,622.99,625.08,,,,
2024-01-16,621.62,622.29,617.84,621.11,,,,
2024-01-17,616.63,622.41,615.58,619.37,,,,
2024-01-18,619.24,621.48,614.78,620.78,,,,
2024-01-19,623.08,631.6,621.46,630.96,,,,
2024-01-22,633.19,636.87,632.56,633.67,,,,
2024-01-23,634.08,635.34,632.35,634.58,,,,
2024-01-24,637.47,640.77,637.09,637.5,,,,
2024-01-25,639.86,641.03,636.55,640.93,,,,
2024-01-26,639.8,643.92,639.06,642.82,,,,
2024-01-29,641.52,644.99,639.34,644.76,,,,
2024-01-30,644.97,653.18,644.93,652.47,,,,
2024-01-31,651.36,656.03,644.43,644.54,,,,
2024-02-01,644.02,645.9,636.08,645.13,,,,
2024-02-02,645.08,650.8,643.14,648.01,,,,
2024-02-05,645.39,645.98,641.33,644.03,,,,
2024-02-06,643.74,646.06,642.29,645.85,,,,
2024-02-07,648.28,650.89,644.42,650.32,,,,
2024-02-08,647.57,649.18,643.4,647.11,,,,
2024-02-09,646.59,649.42,645.04,649.17,,,,
2024-02-12,649.46,655.05,647.74,651.87,,,,
2024-02-13,648.23,648.7,638.38,643.54,,,,
2024-02-14,646.43,649.88,644.84,649.73,,,,
2024-02-15,651.31,661.88,651.31,660.49,,,,
2024-02-16,659.22,661.2,657.14,658.55,,,,
2024-02-20,654.08,658.77,653.11,656.11,,,,
2024-02-21,655.79,658.36,653.34,658.16,,,,
2024-02-22,661.6,668.41,661.12,666.89,,,,
2024-02-23,668.48,672.05,668.23,669.07,,,,
2024-02-26,669.07,673.38,665.01,665.97,,,,
2024-02-27,666.48,667.99,663.37,667.74,,,,
2024-02-28,666.79,672.52,666.24,670.11,,,,
2024-02-29,671.77,672.72,667.09,670.05,,,,
2024-03-01,669.67,671.05,666.61,668.58,,,,
2024-03-04,668.44,672.23,667.63,670.1,,,,
2024-03-05,668.45,674.31,668.14,670.94,,,,
2024-03-06,672.8,675.84,668.62,673.66,,,,
2024-03-07,676.03,677.38,670.5,672.67,,,,
2024-03-08,673.83,677.35,673.23,673.97,,,,
2024-03-11,672.59,675.79,670.44,675.28,,,,
2024-03-12,676.6,679.92,674.56,678.3,,,,
2024-03-13,679.47,683.04,679.27,682.18,,,,
2024-03-14,682.71,683.95,673.83,677.32,,,,
2024-03-15,673.68,679.73,672.74,676.95,,,,
2024-03-18,678.4,681.31,675.7,680.31,,,,
2024-03-19,681.22,684.06,680.57,683.61,,,,
2024-03-20,682.96,692.44,681.95,692.1,,,,
2024-03-21,693.58,699.34,692.98,697.98,,,,
2024-03-22,698.61,699.66,689.39,689.52,,,,
2024-03-25,689.7,690.14,687.14,687.54,,,,
2024-03-26,688.98,691.38,687.19,688.93,,,,
2024-03-27,691.83,697.52,690.86,697.35,,,,
2024-03-28,698.34,702.75,697.07,701.32,,,,
2024-04-01,701.36,702.38,696.13,696.94,,,,
2024-04-02,695.07,695.93,692.56,693.84,,,,
2024-04-03,694.07,698.23,691.71,693.27,,,,
2024-04-04,698.7,699.89,684.32,685.17,,,,
2024-04-05,686.53,693.16,685.54,691.31,,,,
2024-04-08,692.07,695.61,691.5,693.99,,,,
2024-04-09,694.99,696.19,685.01,690.49,,,,
2024-04-10,685.45,686.41,678.21,680.14,,,,
2024-04-11,679.79,680.68,671.43,676.18,,,,
2024-04-12,675.24,675.24,663.77,666.45,,,,
2024-04-15,674.12,677.55,661.15,663.05,,,,
2024-04-16,663.79,664.75,657.5,658.92,,,,
2024-04-17,661.66,664.22,657.55,660.26,,,,
2024-04-18,662.34,668.19,661.04,662.89,,,,
2024-04-19,665.26,672.73,664.74,671.82,,,,
2024-04-22,674.87,683.51,672.52,679.91,,,,
2024-04-23,682.32,685.57,681.19,684.55,,,,
2024-04-24,683.24,684.74,680.61,683.69,,,,
2024-04-25,681.39,681.98,674.08,680.23,,,,
2024-04-26,679.4,682.35,677.42,678.86,,,,
2024-04-29,678.49,681.41,675.35,677.58,,,,
2024-04-30,675.84,677.55,671.04,671.09,,,,
2024-05-01,671.15,678.98,669.79,670.98,,,,
2024-05-02,675.1,676.02,668.12,672.53,,,,
2024-05-03,675.32,677.61,670.84,674.59,,,,
2024-05-06,678.15,682.55,677.79,682.5,,,,
2024-05-07,684.18,686.26,683.29,684.69,,,,
2024-05-08,684.2,688.52,682.5,687.41,,,,
2024-05-09,686.18,692.31,685.64,692.13,,,,
2024-05-10,694.4,696.14,694.07,695.29,,,,
2024-05-13,696.75,697.94,692.24,692.42,,,,
2024-05-14,693.44,696.14,692.11,695.75,,,,
2024-05-15,696.92,701.41,696.87,700.75,,,,
2024-05-16,701.73,703.98,700.52,700.58,,,,
2024-05-17,703.03,705.14,701.2,704.84,,,,
2024-05-20,704.27,704.81,695.91,696.3,,,,
2024-05-21,696.92,701.08,696.86,700.23,,,,
2024-05-22,699.15,701.89,695.24,696.76,,,,
2024-05-23,696.67,696.67,684.43,686.24,,,,
2024-05-24,687.85,691.06,687.85,690.92,,,,
2024-05-28,689.9,689.9,681.32,683.31,,,,
2024-05-29,678.83,679.94,675.96,677.54,,,,
2024-05-30,678.02,682.73,676.85,681.64,,,,
2024-05-31,682.18,691.89,680.87,691.28,,,,
2024-06-03,691.47,691.54,680.91,687.13,,,,
2024-06-04,684.02,688.79,680.8,684.11,,,,
2024-06-05,685.69,686.32,681.17,685.63,,,,
2024-06-06,686.24,688.79,682.91,685.65,,,,
2024-06-07,684.57,691.9,684.12,688.05,,,,
2024-06-10,685.85,686.27,681.14,685.34,,,,
2024-06-11,682.82,682.82,674.59,677.04,,,,
2024-06-12,683.2,685.43,676.26,677.63,,,,
2024-06-13,677.15,677.15,672.19,676.28,,,,
2024-06-14,672.68,675.39,669.81,674.29,,,,
2024-06-17,672.5,680.25,671.59,679.75,,,,
2024-06-18,679.57,684.45,678.86,684.08,,,,
2024-06-20,683.77,689.79,682.42,687.89,,,,
2024-06-21,687.14,687.14,681.73,685.73,,,,
2024-06-24,687.53,696.66,686.61,692.27,,,,
2024-06-25,691.4,693.05,685.41,686.55,,,,
2024-06-26,683.96,684.32,679.78,683.32,,,,
2024-06-27,681.52,682.97,678.29,681.64,,,,
2024-06-28,683.07,688.54,681.65,684.26,,,,
2024-07-01,686.48,691.47,683.18,685.76,,,,
2024-07-02,684.55,693.42,684.41,693.33,,,,
2024-07-03,694.22,694.99,691.34,692.58,,,,
2024-07-05,691.92,691.93,687.12,690.61,,,,
2024-07-08,692.01,695.91,688.32,689.56,,,,
2024-07-09,689.86,698.64,688.97,694.03,,,,
2024-07-10,691.02,697.06,690.92,696.94,,,,
2024-07-11,697.17,703.52,695.63,702.84,,,,
2024-07-12,703.56,707.7,699.99,704.4,,,,
2024-07-15,707.13,715.66,707.09,714.38,,,,
2024-07-16,715.61,723.43,714.44,723.12,,,,
2024-07-17,722.52,729.92,722.52,729.29,,,,
2024-07-18,726.96,733.38,718.32,719.93,,,,
2024-07-19,720.84,720.84,712.02,712.71,,,,
2024-07-22,714.71,717.74,711.1,717.25,,,,
2024-07-23,717.8,721.51,716.98,717.81,,,,
2024-07-24,715.07,716.91,708.52,709.28,,,,
2024-07-25,710.05,721.07,709.21,711.27,,,,
2024-07-26,713.75,723.82,713.75,721.84,,,,
2024-07-29,723.06,723.57,717.32,720.3,,,,
2024-07-30,725.47,731.45,725.11,728.86,,,,
2024-07-31,730.78,733.15,726.75,727.47,,,,
2024-08-01,729.32,730.79,713.71,717.43,,,,
2024-08-02,708.7,711.05,695.03,700.04,,,,
2024-08-05,692.23,692.23,675.36,679.7,,,,
2024-08-06,680.97,697.6,680.11,689.62,,,,
2024-08-07,695.9,703.77,689.53,690.08,,,,
2024-08-08,693.65,702.31,693.65,701.28,,,,
2024-08-09,700.86,705.89,698.37,703.87,,,,
2024-08-12,705.39,707.15,699.13,700.4,,,,
2024-08-13,703.47,706.71,699.64,706.34,,,,
2024-08-14,707.6,716.19,707.6,715.42,,,,
2024-08-15,721.7,725.43,719.58,722.01,,,,
2024-08-16,721.9,726.81,721.9,726.5,,,,
2024-08-19,727.06,731.01,727.06,730.92,,,,
2024-08-20,730.31,730.65,727.12,728.51,,,,
2024-08-21,729.58,730.18,723.75,727.51,,,,
2024-08-22,727.8,731.27,727.64,730.97,,,,
2024-08-23,734.12,739.45,732.27,737.63,,,,
2024-08-26,740.21,744.03,738.51,739.94,,,,
2024-08-27,740.8,744.17,740.45,743.53,,,,
2024-08-28,742.88,749.75,741.35,745.79,,,,
2024-08-29,748.97,754.84,743.33,752.11,,,,
2024-08-30,753.78,760.03,751.08,759.21,,,,
2024-09-03,755.89,761.21,750.31,753.81,,,,
2024-09-04,754.64,759.74,750.75,754.47,,,,
2024-09-05,757.03,757.95,742.92,746.66,,,,
2024-09-06,746.37,749.85,733.48,734.94,,,,
2024-09-09,740.64,749.85,740.64,745.22,,,,
2024-09-10,747.78,747.78,729.82,737.95,,,,
2024-09-11,734.91,735.68,719.92,735.06,,,,
2024-09-12,735.12,738.2,730.26,735.97,,,,
2024-09-13,738.43,741.17,736.81,738.49,,,,
2024-09-16,742.13,747.96,742.13,747.5,,,,
2024-09-17,748.55,754.18,748.55,751.32,,,,
2024-09-18,751.76,757.36,748.07,749.25,,,,
2024-09-19,755.99,759.8,752.07,758.03,,,,
2024-09-20,756.27,756.81,752.19,755.81,,,,
2024-09-23,756.79,760.11,755.23,756.57,,,,
2024-09-24,755.59,755.59,747.54,749.62,,,,
2024-09-25,750.41,750.92,743.44,745.13,,,,
2024-09-26,747.35,750.84,745.4,749.17,,,,
2024-09-27,750.71,756.25,749.94,751.79,,,,
2024-09-30,750.73,754.64,746.45,754.16,,,,
2024-10-01,753,754.01,745.37,750.04,,,,
2024-10-02,750.01,752.61,746.69,750.76,,,,
2024-10-03,749.26,749.39,743.57,747.37,,,,
2024-10-04,753.44,759.85,751.19,759.61,,,,
2024-10-07,758.87,759.35,747.08,750.19,,,,
2024-10-08,753.07,755.98,751.6,754.45,,,,
2024-10-09,753.89,762.57,753.03,761,,,,
2024-10-10,762.42,762.42,755.91,758.55,,,,
2024-10-14,774.91,779.11,773.06,777.85,,,,
2024-10-15,784.13,787.98,779.12,779.86,,,,
2024-10-16,781.58,789.85,781.58,789.41,,,,
2024-10-17,793.04,795.04,791.42,791.96,,,,
2024-10-18,792.83,793.49,787.84,792.12,,,,
2024-10-21,790.86,791.94,784.1,785.15,,,,
2024-10-22,782.39,785.4,778.25,784.24,,,,
2024-10-23,783.3,785.17,779.81,783.27,,,,
2024-10-24,782.86,784.54,779.43,783.86,,,,
2024-10-25,786.56,788.36,773.73,775.66,,,,
2024-10-28,779.34,785.45,779.34,784.48,,,,
2024-10-29,783.21,784.87,779.66,779.7,,,,
2024-10-30,781.59,788.46,780.65,782.97,,,,
2024-10-31,782.98,784.46,773.3,773.41,,,,
2024-11-01,774.77,781.16,773.97,774.28,,,,
2024-11-04,774.58,774.83,765.11,768.81,,,,
2024-11-05,769.18,776.53,768.81,776.38,,,,
2024-11-06,804.54,825.52,804.54,824.22,,,,
2024-11-07,822.39,822.39,809.07,810.89,,,,
2024-11-08,815.02,821.68,811.5,817.12,,,,
2024-11-11,824.89,832.82,824.89,828.65,,,,
2024-11-12,828.22,829.44,823.84,826,,,,
2024-11-13,827.44,832.53,825.38,826.52,,,,
2024-11-14,828.41,830.29,823.14,824.36,,,,
2024-11-15,824.39,830.4,824.39,828.75,,,,
2024-11-18,828.8,832.23,825.74,830.62,,,,
2024-11-19,823.74,828.27,821.16,825.3,,,,
2024-11-20,827.48,828.55,818.87,823.02,,,,
2024-11-21,826.34,836.86,825.06,833.49,,,,
2024-11-22,832.98,843.31,832.98,842.7,,,,
2024-11-25,846.88,850.89,844.94,847.87,,,,
2024-11-26,847.93,851.31,843.3,849.61,,,,
2024-11-27,850.13,857.11,850.13,851.82,,,,
2024-11-29,854.25,856.41,851.29,851.98,,,,
2024-12-02,853.41,854.8,841.97,844.31,,,,
2024-12-03,847.34,848.02,837.85,838.02,,,,
2024-12-04,837.37,837.92,831.75,834.74,,,,
2024-12-05,835.44,841.07,835.21,836.59,,,,
2024-12-06,836.8,839.24,834.4,836.85,,,,
2024-12-09,837.19,837.56,824.71,825.07,,,,
2024-12-10,824.58,829.24,819.81,824.2,,,,
2024-12-11,826.59,828.01,822.96,826.33,,,,
2024-12-12,827.85,829.12,822.94,823,,,,
2024-12-13,825.66,826.21,820.22,820.73,,,,
2024-12-16,822.09,823.3,819.2,820.41,,,,
2024-12-17,817.11,817.11,811.9,814.75,,,,
2024-12-18,815.87,817.78,789.79,790.09,,,,
2024-12-19,796.99,804.62,792.99,793.27,,,,
2024-12-20,790.87,810.67,789.56,804.29,,,,
2024-12-23,800.75,807.21,797.85,806.61,,,,
2024-12-24,808.1,816.43,807.19,816.3,,,,
2024-12-26,813.39,818.47,812.55,818.02,,,,
2024-12-27,813.03,818.78,807.9,811.4,,,,
2024-12-30,804.27,807.58,797.28,803.87,,,,
2024-12-31,805.75,808.51,802.21,804.44,,,,
2025-01-02,807.83,811.85,798.49,802.77,,,,
2025-01-03,806.68,809.36,800.68,809.11,,,,
2025-01-06,812.02,815.82,804.9,805.73,,,,
2025-01-07,809.11,811.31,800.83,804.49,,,,
2025-01-08,803.89,807.22,799.45,806.93,,,,
2025-01-10,801.21,801.21,784.51,787.16,,,,
2025-01-13,783.59,793.05,783.16,792.58,,,,
2025-01-14,795.33,803.07,794.38,802.75,,,,
2025-01-15,814.85,825.12,814.85,823.44,,,,
2025-01-16,823.43,828.96,822.5,828.35,,,,
2025-01-17,829.95,836.86,827.6,835.19,,,,
2025-01-21,838.73,843.34,838.29,842.2,,,,
2025-01-22,842.51,842.78,835.4,838.72,,,,
2025-01-23,839.7,844.78,839.7,843.74,,,,
2025-01-24,841.07,846.65,840.93,845.58,,,,
2025-01-27,843.6,855.45,842.12,855.21,,,,
2025-01-28,854.13,857.36,850.35,853.47,,,,
2025-01-29,852.23,860.46,852.09,853.25,,,,
2025-01-30,858.63,865.46,855.58,861.29,,,,
2025-01-31,863.21,864.29,855.33,855.91,,,,
2025-02-03,846.91,854.5,838.62,852.26,,,,
2025-02-04,853.22,854.23,847.99,849.91,,,,
2025-02-05,852.66,859.13,850.48,859.04,,,,
2025-02-06,863.49,866.49,860.71,866.25,,,,
2025-02-07,867.07,868.56,860.76,861.13,,,,
2025-02-10,862.35,863.33,851.03,854.35,,,,
2025-02-11,852.69,858.08,848.13,856.6,,,,
2025-02-12,852.55,853.64,846.44,853.05,,,,
2025-02-13,855.19,860.17,852.14,859.23,,,,
2025-02-14,859.87,864.17,859.87,860.45,,,,
2025-02-18,861.26,867.06,859.83,867.06,,,,
2025-02-19,864.18,867.82,862.39,866.77,,,,
2025-02-20,865.47,865.72,847.95,853.31,,,,
2025-02-21,854.12,855.36,841.38,843.25,,,,
2025-02-24,845.88,853.6,842.03,847.07,,,,
2025-02-25,849.93,853.5,835.78,846.2,,,,
2025-02-26,846.15,852.28,843.17,844.39,,,,
2025-02-27,847.28,860.17,847.13,849.23,,,,
2025-02-28,852.32,867.8,850.09,866.84,,,,
2025-03-03,868.91,873.7,853.24,859.39,,,,
2025-03-04,852.3,852.3,824.34,829,,,,
2025-03-05,829.09,837.66,823.16,834.2,,,,
2025-03-06,825.23,829.26,815.11,820.27,,,,
2025-03-07,816.9,818.66,801,815.53,,,,
2025-03-10,806.23,806.42,787.68,796.84,,,,
2025-03-11,795.61,797.6,784.82,790.01,,,,
2025-03-12,797.83,799.52,783.87,791.57,,,,
2025-03-13,792.65,797.45,784.72,787.21,,,,
2025-03-14,793.42,806.37,790.96,805.33,,,,
2025-03-17,803.24,818.24,802.25,814.73,,,,
2025-03-18,814.9,817.66,810.56,813.66,,,,
2025-03-19,813.88,826.58,811.02,822.15,,,,
2025-03-20,818.17,829,817.14,823.73,,,,
2025-03-21,819.92,823.56,813.67,820.54,,,,
2025-03-24,827.85,836.93,827.25,835.25,,,,
2025-03-25,837.86,840.95,834.31,839.34,,,,
2025-03-26,842.18,847.32,834.23,837.3,,,,
2025-03-27,835.46,839.85,829.14,835.39,,,,
2025-03-28,833.65,837.49,816.28,819.2,,,,
2025-03-31,814.01,833.18,808.9,829.46,,,,
2025-04-01,826.17,831.71,819.45,828.12,,,,
2025-04-02,822.12,837.64,821.47,835.55,,,,
2025-04-03,807.41,809.9,792.77,793.66,,,,
2025-04-04,772.95,772.95,733.65,734.99,,,,
2025-04-07,721.26,758.31,702.44,733.92,,,,
2025-04-08,751.08,768.5,719.36,730.92,,,,
2025-04-09,723.14,791.66,716.49,786.42,,,,
2025-04-10,774.84,774.84,741.45,763.68,,,,
2025-04-11,759.31,781.12,754.99,776.43,,,,
2025-04-14,785.54,791.71,779.81,784.45,,,,
2025-04-15,788.82,796.48,785.76,786.24,,,,
2025-04-16,784.19,787.21,768.22,773.91,,,,
2025-04-17,775.04,785.03,772.11,776.06,,,,
2025-04-21,771.91,773.4,750.74,759.39,,,,
2025-04-22,767.08,786.12,767.08,784.32,,,,
2025-04-23,794.9,810.11,791.12,793.61,,,,
2025-04-24,790.56,803.94,787.9,802.49,,,,
2025-04-25,800.79,802.1,793.65,799.16,,,,
2025-04-28,801.79,807.64,795.49,801.68,,,,
2025-04-29,800.65,810.73,797.73,809.42,,,,
2025-04-30,801.07,813.44,790.12,811.11,,,,
2025-05-01,809.69,815.68,805.77,810.47,,,,
2025-05-02,819.63,830.26,819.63,827.9,,,,
2025-05-05,823.87,828.22,816.38,821.67,,,,
2025-05-06,816.11,823.48,814.52,817.39,,,,
2025-05-07,818.89,826.35,818.89,822.44,,,,
2025-05-08,827.45,837.17,826.82,828.3,,,,
2025-05-09,830.19,831.18,826.16,828.59,,,,
2025-05-12,846.5,849.97,840.14,845.4,,,,
2025-05-13,847.25,852.47,845.84,848.64,,,,
2025-05-14,849.13,850.05,843.84,846.26,,,,
2025-05-15,845.8,853.22,845.69,851.69,,,,
2025-05-16,852.33,858.39,850.12,857.6,,,,
2025-05-19,852.2,860,851.38,857.53,,,,
2025-05-20,853.98,855.85,849.2,852.83,,,,
2025-05-21,848.1,849.99,834.86,835.35,,,,
2025-05-22,833.66,839.06,830.26,834.39,,,,
2025-05-23,825.23,835.28,824.66,831.14,,,,
2025-05-27,836.08,846.31,834.95,846.03,,,,
2025-05-28,846.06,847.42,839.1,840.11,,,,
2025-05-29,842.56,844.64,836.66,844.22,,,,
2025-05-30,842.32,847.65,838.12,845.93,,,,
2025-06-02,841.89,846.8,835.33,846.61,,,,
2025-06-03,845.09,848.87,837.3,848.12,,,,
2025-06-04,849.44,850.33,843.34,843.38,,,,
2025-06-05,844.94,845.01,837.87,841.15,,,,
2025-06-06,847.91,853.48,847.47,851.38,,,,
2025-06-09,851.18,851.96,841.45,846.72,,,,
2025-06-10,846.14,847.78,844.66,847.22,,,,
2025-06-11,847.61,851.92,843.59,846.03,,,,
2025-06-12,842.2,846.54,838.28,846.54,,,,
2025-06-13,837,837,826.62,829.12,,,,
2025-06-16,834.65,844.01,834.65,838.53,,,,
2025-06-17,834.43,837.63,831.17,833.45,,,,
2025-06-18,833.67,842.34,832.21,833.51,,,,
2025-06-20,835.37,839.14,833.38,835.8,,,,
2025-06-23,835.31,846.35,830.1,845.9,,,,
2025-06-24,853.81,861.84,853.7,858.55,,,,
2025-06-25,858.59,858.59,854.13,855.25,,,,
2025-06-26,856.28,862.87,856.13,861.71,,,,
2025-06-27,861.44,869.47,860.91,864.51,,,,
2025-06-30,868.49,872.81,867.86,871.95,,,,
2025-07-01,869.22,878.22,869.22,876.59,,,,
2025-07-02,877.25,878.26,871.23,875.76,,,,
2025-07-03,877.31,886,876.39,885.22,,,,
2025-07-07,883.85,885.75,872.2,876.81,,,,
2025-07-08,874.8,874.99,868.07,868.92,,,,
2025-07-09,872.56,873.26,867.47,871.49,,,,
2025-07-10,871.32,877.56,870.46,877.09,,,,
2025-07-11,872.13,872.22,866.5,868.31,,,,
2025-07-14,867.62,874.56,865.57,874.16,,,,
2025-07-15,870.68,872.47,859.37,859.76,,,,
2025-07-16,863.48,866.01,853.96,865.46,,,,
2025-07-17,863.11,874.79,862.81,873.41,,,,
2025-07-18,874.61,875.67,872.48,874.05,,,,
2025-07-21,874.65,880.55,871.27,871.52,,,,
2025-07-22,873.19,877.2,872.88,876.3,,,,
2025-07-23,877.31,883.16,874.48,882.59,,,,
2025-07-24,884.34,888.79,882.24,882.26,,,,
2025-07-25,883.98,889.54,881.65,888.61,,,,
2025-07-28,887.78,888.97,880.87,882.67,,,,
2025-07-29,885.69,886.46,876.3,877.71,,,,
2025-07-30,878.62,881.85,872.29,876.02,,,,
2025-07-31,875.38,881.1,869.29,870.57,,,,
2025-08-01,860.56,860.56,849.04,855.28,,,,
2025-08-04,858.85,862.74,856.17,862.71,,,,
2025-08-05,864.47,865.7,853.9,859.28,,,,
2025-08-06,861.7,864.71,858.84,863.39,,,,
2025-08-07,867.52,868.57,851.49,853.59,,,,
2025-08-08,857.83,863.47,855.76,861.34,,,,
2025-08-11,862.79,864.52,859.58,860.95,,,,
2025-08-12,865.23,872.88,864.76,871.52,,,,
2025-08-13,874.29,878.95,872.18,876.37,,,,
2025-08-14,875.29,881.41,872.88,881.15,,,,
2025-08-15,883.27,883.42,871.06,871.3,,,,
2025-08-18,869.8,873.17,868.96,872.3,,,,
2025-08-19,871.38,878.08,871.38,873.77,,,,
2025-08-20,874.2,880.44,872.18,878.2,,,,
2025-08-21,875.6,877,869.96,875.47,,,,
2025-08-22,879.94,891.72,879.94,889.92,,,,
2025-08-25,888.49,889.82,884.47,884.73,,,,
2025-08-26,882.81,891.63,882.55,891.43,,,,
2025-08-27,889.7,896,889.2,893.07,,,,
2025-08-28,894.86,895.42,892.06,894.66,,,,
2025-08-29,895.8,899.08,893.6,896.53,,,,
2025-09-02,891.17,891.17,882.06,890.13,,,,
2025-09-03,888.66,889.97,882.47,888.71,,,,
2025-09-04,891.24,897.88,889.64,897.6,,,,
2025-09-05,898.09,900.23,877.75,881.05,,,,
2025-09-08,881.64,882.48,877.21,881.22,,,,
2025-09-09,879.27,889.4,879.09,885.26,,,,
2025-09-10,882.94,886.26,878.73,882.32,,,,
2025-09-11,883.24,897.32,882.92,897.09,,,,
2025-09-12,894.99,897.28,891.49,892.69,,,,
2025-09-15,894.16,897.7,889.8,890.76,,,,
2025-09-16,890.04,890.65,884,888.95,,,,
2025-09-17,890.23,901.19,890.23,897.49,,,,
2025-09-18,897.38,904.16,896.24,898.07,,,,
2025-09-19,900.45,902.8,894.83,900.06,,,,
2025-09-22,894.76,900.05,893.43,898.77,,,,
2025-09-23,899,906.96,892.82,894.79,,,,
2025-09-24,895.72,898.12,890.68,892.72,,,,
2025-09-25,890.01,894.08,886.46,890.3,,,,
2025-09-26,893.86,900.6,893.3,896.65,,,,
2025-09-29,899.47,901.33,894.7,900.91,,,,
2025-09-30,900.53,902.81,889.21,896.86,,,,
2025-10-01,893.58,894.75,888.55,888.6,,,,
2025-10-02,887.75,890.01,883.31,887.77,,,,
2025-10-03,889.13,898.11,888.84,894.34,,,,
2025-10-06,896.8,899.14,886.69,893.35,,,,
2025-10-07,895.86,898.99,890.42,894.59,,,,
2025-10-08,896.48,896.85,887.42,889.9,,,,
2025-10-09,892.36,894.85,884.91,886.97,,,,
2025-10-10,889.43,892.77,867.76,867.78,,,,
2025-10-13,873.72,878.4,870.93,875.96,,,,
2025-10-14,871.38,892.21,869.31,885.74,,,,
2025-10-15,889.48,894.09,879.3,885.03,,,,
2025-10-16,884.3,884.3,857.4,860.73,,,,
2025-10-17,863.43,870.77,860.4,867.99,,,,
2025-10-20,870.92,879.71,870.05,877.99,,,,
2025-10-21,876.51,883.54,876.51,876.81,,,,
2025-10-22,877.42,878.14,867.06,871.84,,,,
2025-10-23,874.09,876.23,869.83,874,,,,
2025-10-24,879.12,886.1,879.12,883.55,,,,
2025-10-27,887.35,888.34,884.91,886.77,,,,
2025-10-28,887.7,888.01,880.52,881.1,,,,
2025-10-29,871.81,874.46,862.82,866.15,,,,
2025-10-30,866.51,878.38,865.2,868.9,,,,
2025-10-31,865.44,872.91,864.27,870.44,,,,
2025-11-03,870.01,870.01,858.71,866.67,,,,
2025-11-04,862.97,873.5,861.52,871.4,,,,
2025-11-05,871.9,877.82,867.31,873.89,,,,
2025-11-06,872.4,876.17,867.33,871.07,,,,
2025-11-07,868.56,877.35,865.76,877.2,,,,
2025-11-10,878.48,883.22,875.17,880.07,,,,
2025-11-11,881.41,886.37,878.97,883.74,,,,
2025-11-12,885.36,895.44,885.36,891.73,,,,
2025-11-13,889.24,893.07,878.97,880.06,,,,
2025-11-14,876.2,877.36,868.71,871.48,,,,
2025-11-17,871.29,871.29,851.58,854.69,,,,
2025-11-18,850.94,859.56,849.7,853.09,,,,
2025-11-19,853.39,857.72,850.47,856.65,,,,
2025-11-20,863.05,869.97,848.82,848.98,,,,
2025-11-21,853.45,863.01,849.64,858.24,,,,
2025-11-24,859.7,863.14,852.66,862.23,,,,
2025-11-25,864.88,874.61,862.34,872.5,,,,
2025-11-26,874.56,882.73,873.93,879.35,,,,
2025-11-28,881.15,889.4,880.76,885.58,,,,
2025-12-01,881.85,886.64,877.62,877.93,,,,
2025-12-02,880.11,882.27,874.29,877.51,,,,
2025-12-03,878.17,889.85,878.06,888.68,,,,
2025-12-04,889.72,894.59,887.86,890.8,,,,
2025-12-05,888.87,895.19,887.66,891.1,,,,
2025-12-08,890.53,890.92,884.43,887.6,,,,
2025-12-09,887.59,895.42,883.79,884.16,,,,
2025-12-10,883.99,897.31,883.15,894.16,,,,
2025-12-11,894.93,912.41,894.93,910.64,,,,
2025-12-12,914.69,915.47,907.91,911.66,,,,
2025-12-15,914.82,917.41,909.76,912.72,,,,
2025-12-16,913.2,914.99,904.12,906.62,,,,
2025-12-17,908.25,913.48,905.77,906.31,,,,
2025-12-18,908.77,912.8,901.95,904.75,,,,
2025-12-19,905.79,912.85,905.79,910.02,,,,
2025-12-22,911.73,922.97,911.73,921.37,,,,
2025-12-23,921.22,925.01,921.22,922.91,,,,
2025-12-24,923.41,930.39,922.71,927.78,,,,
2025-12-26,927.55,928.63,923.27,925.77,,,,
2025-12-29,925.62,926.71,920.21,921.18,,,,
2025-12-30,921.14,921.36,918.04,918.63,,,,
2025-12-31,918.54,919.3,911.46,911.6,,,,
2026-01-02,911.26,914.5,903.69,913.59,,,,
2026-01-05,912.48,939.65,912.48,933.28,,,,
2026-01-06,932.51,939.2,930.76,937.48,,,,
2026-01-07,934.83,935.72,923.28,924.03,,,,
2026-01-08,922.02,934.79,921.17,929.34,,,,
2026-01-09,929.88,933.05,926,926.09,,,,
2026-01-12,918.62,920.05,911.63,918.66,,,,
2026-01-13,916.93,916.93,899.96,901.72,,,,
2026-01-14,897.29,900.15,892.4,899.55,,,,
2026-01-15,901.24,909.05,901.24,903.43,,,,
2026-01-16,903.65,910,902.11,904.49,,,,
2026-01-20,894.62,899,882.5,884.29,,,,
2026-01-21,886.32,894.36,884.77,888.03,,,,
2026-01-22,892.01,898.09,891.47,894.07,,,,
2026-01-23,889.07,889.42,878.83,881.71,,,,
2026-01-26,882.82,889.78,882.82,887.4,,,,
2026-01-27,887.17,887.4,878.19,880.8,,,,
2026-01-28,880.21,883.81,876.85,880.56,,,,
2026-01-29,885.73,890.9,880.54,890.32,,,,
2026-01-30,888.09,891.19,881.08,887.83,,,,
2026-02-02,887.45,898.24,883.85,896.91,,,,
2026-02-03,894.28,899.51,883.07,888.99,,,,
2026-02-04,889.11,899.92,887.04,896.09,,,,
2026-02-05,894.72,897.18,883.28,885.14,,,,
2026-02-06,891.6,902.35,891.6,901.12,,,,
2026-02-09,898.67,902.55,894.94,895.58,,,,
2026-02-10,893.85,900.74,881.87,888.82,,,,
2026-02-11,890.85,895.13,874.93,875.61,,,,
2026-02-12,878.8,881.47,853.89,858.15,,,,
2026-02-13,856.16,861.9,851,857.56,,,,
2026-02-17,861.76,869.59,861.59,866.04,,,,
2026-02-18,868.27,875.7,868.04,872.78,,,,
2026-02-19,867.16,869.05,858.67,865.27,,,,
2026-02-20,864.41,871,858.21,870.85,,,,
2026-02-23,865.18,870.23,840.45,841.82,,,,
2026-02-24,838.89,849.16,834.21,845.78,,,,
2026-02-25,850.78,860.91,849.41,859.97,,,,
2026-02-26,864.1,873.59,862.88,871.1,,,,
2026-02-27,864.39,864.39,846.53,853.79,,,,
2026-03-02,844.78,856.29,837.43,851.3,,,,
2026-03-03,838.7,855,830.96,849.75,,,,
2026-03-04,851.01,856.66,847.47,854.64,,,,
2026-03-05,851.52,859.23,844.4,850.41,,,,
2026-03-06,838.51,839.13,825.14,838.73,,,,
2026-03-09,831.14,837.39,815.59,834.37,,,,
2026-03-10,834.58,839.88,824.7,829.74,,,,
2026-03-11,828.6,830.36,815.86,822.87,,,,
2026-03-12,813.37,815.45,808.61,809.54,,,,
2026-03-13,813.66,819.32,809.59,809.91,,,,
2026-03-16,814.35,824.01,813.76,816.95,,,,
2026-03-17,822.93,831.15,820.41,821.12,,,,
2026-03-18,817.92,823.25,810.67,811.35,,,,
2026-03-19,809.23,814.6,803.95,811.56,,,,
2026-03-20,811.63,817.33,808.35,813.14,,,,
2026-03-23,824.79,830.02,819.78,820.15,,,,
2026-03-24,814.65,825.56,812.8,820.53,,,,
2026-03-25,825.42,831.54,815.93,821.4,,,,
2026-03-26,818.47,823.97,814.02,816.71,,,,
2026-03-27,813.71,813.71,793.96,796.34,,,,
2026-03-30,801.64,811.04,801,805.1,,,,
2026-03-31,813.44,823.36,807.65,822.22,,,,
2026-04-01,828.01,829.94,818.2,822.21,,,,
2026-04-02,815.12,829.1,809.38,824.74,,,,
2026-04-06,825.21,831.79,823.08,829.86,,,,
2026-04-07,826.39,831.98,823.78,830.01,,,,
2026-04-08,847.89,856.16,847.89,851.5,,,,
2026-04-09,848.71,857.28,845.1,853.83,,,,
2026-04-10,853.23,853.23,842.59,844.74,,,,
2026-04-13,839.59,859.43,838.78,859.34,,,,
2026-04-14,857.45,863.35,856.59,861.1,,,,
2026-04-15,866.89,870.55,862.14,867.65,,,,
2026-04-16,867.32,871.43,863.74,865.81,,,,
2026-04-17,871.53,881.24,870.37,872.34,,,,
2026-04-20,870.73,877.61,870.73,875.29,,,,
2026-04-21,877,884.64,868.43,869.8,,,,
2026-04-22,872.3,875.78,866.31,868.3,,,,
2026-04-23,867.19,867.68,853.41,861.4,,,,
2026-04-24,859.61,859.61,854.02,855.92,,,,
2026-04-27,854.1,863.24,854.01,861.47,,,,
2026-04-28,868.18,870.6,861.65,862.65,,,,
2026-04-29,867.92,869.67,860.04,863.41,,,,
2026-04-30,856.78,868.87,852.38,866.9,,,,
2026-05-01,871.84,874.88,863.66,863.66,,,,
2026-05-04,861.36,867.74,856.28,857.47,,,,
2026-05-05,857.04,860.66,854.36,857.52,,,,
2026-05-06,863.68,868.05,860.81,861.79,,,,
2026-05-07,861.39,865.74,854.99,856.88,,,,
2026-05-08,858.22,859.16,850.05,851.94,,,,
2026-05-11,852.31,855.19,847.15,850.49,,,,
2026-05-12,851.05,858.96,844.6,856.59,,,,
2026-05-13,850.11,852.87,846.72,847.45,,,,
2026-05-14,852.43,855.44,849.16,852,,,,
2026-05-15,852.83,855.34,848.07,849.31,,,,
2026-05-18,848.18,860.58,847.87,859.55,,,,
2026-05-19,859.76,860.32,848.33,848.99,,,,
2026-05-20,849.96,859.03,843.88,858.04,,,,
2026-05-21,855.41,860.9,850.94,859.88,,,,
2026-05-22,861.76,866.5,861.3,862.71,,,,
2026-05-26,863.11,867.49,859.26,861.4,,,,
2026-05-27,861.26,863.57,852.46,854.34,,,,
2026-05-28,850.63,855.05,848.34,851.91,,,,
2026-05-29,851.76,860.14,850.62,856.67,,,,
2026-06-01,852.18,856.81,850.24,854.14,,,,
2026-06-02,851.82,857.85,846.65,854.48,,,,
2026-06-03,849.27,849.44,839.02,844.11,,,,
2026-06-04,853.05,868.29,853.05,866.74,,,,
2026-06-05,869.89,870.87,864.23,867.91,,,,
2026-06-08,866.54,870.46,862.61,862.94,,,,
2026-06-09,864.59,874.48,863.84,871.12,,,,
2026-06-10,871.75,876.41,866.69,866.76,,,,
2026-06-11,868.43,875.7,863.97,873.57,,,,
2026-06-12,879.51,888.51,877.29,885.4,,,,
2026-06-15,890.59,895.54,887.53,888.46,,,,
2026-06-16,895.47,903.12,893.51,901.69,,,,
2026-06-17,901.39,910.68,894.64,896.97,,,,
2026-06-18,905.35,905.35,887.27,888.84,,,,
2026-06-22,891.47,899.28,891.46,893.64,,,,
2026-06-23,893.39,899.47,890.66,896.82,,,,
2026-06-24,896.78,900.78,891.53,894.09,,,,
2026-06-25,897.19,910.28,889.13,889.79,,,,
2026-06-26,891.53,898.03,885.94,893.1,,,,
2026-06-29,894.9,899.58,893.91,894.31,,,,
2026-06-30,893.41,896.32,889.06,892.84,,,,
2026-07-01,896.21,916.88,894.78,911.85,,,,
2026-07-02,919.61,926.25,915.75,926.25,,,,
2026-07-03,919.61,926.25,915.75,926.25,,,,
2026-07-06,928.15,934.27,924.79,934.13,,,,
2026-07-07,936.29,941.44,932.08,932.55,,,,
2026-07-08,927.19,927.19,914.33,914.69,,,,
2026-07-09,915.45,926.25,914.73,924.02,,,,
2026-07-13,930.63,934.1,925.1,932.44,,,,
2026-07-14,929.43,944.6,924.85,934.38,,,,
2026-07-15,937.58,945.02,934.82,940.52,,,,
2026-07-16,944.71,945.58,938.04,944.33,,,,
2026-07-17,938.15,947.29,933.84,935.77,,,,
2026-07-20,935.89,937.44,929.79,932.09,,,,
2026-07-21,932.53,937.02,927.12,933.34,,,,
2026-07-22,933.37,936.11,930.22,932.15,,,,
2026-07-23,927.56,929.02,922.56,928.94,,,,
2026-07-24,929.53,937.57,926.36,936.97,,,,
