Date,Open,High,Low,Close,Volume,TradingValue,UpLimit,LowLimit
2012-10-02,320.94,322.16,319.11,320.48,,,,
2012-10-03,320.93,322.44,319.58,321.79,,,,
2012-10-04,322.31,324.25,322.31,323.43,,,,
2012-10-05,324.51,326.5,323.36,324.53,,,,
2012-10-08,322.48,324.19,322.38,323.64,,,,
2012-10-09,323.59,324.01,319.87,319.87,,,,
2012-10-10,319.68,319.97,316.81,317.2,,,,
2012-10-11,317.77,320.67,317.77,318.14,,,,
2012-10-12,318.35,320.75,317.29,318.39,,,,
2012-10-15,318.68,320.66,318.03,320.4,,,,
2012-10-16,320.92,323.96,320.92,323.7,,,,
2012-10-17,323.96,326.11,323.89,325.79,,,,
2012-10-18,325.56,327.58,324.57,326.38,,,,
2012-10-19,325.51,325.51,319.42,320.64,,,,
2012-10-22,320.21,321.54,316.58,319.68,,,,
2012-10-23,318.86,318.86,314.5,316.09,,,,
2012-10-24,316.48,317.47,313.92,314.28,,,,
2012-10-25,314.87,317.44,313.27,315.86,,,,
2012-10-26,315.95,317.37,314.3,315.9,,,,
2012-10-31,316.23,319.55,316.23,317.23,,,,
2012-11-01,317.57,323.35,317.57,322.91,,,,
2012-11-02,323.65,324.99,320.14,320.32,,,,
2012-11-05,320.1,322.31,319.27,321.82,,,,
2012-11-06,322.26,326.87,322.26,325.35,,,,
2012-11-07,325.07,325.07,316.04,317.74,,,,
2012-11-08,317.5,318.47,314.29,314.29,,,,
2012-11-09,314.06,317.93,313.26,315.18,,,,
2012-11-12,315.27,317.37,314.92,316.17,,,,
2012-11-13,315.02,318.07,314.2,314.82,,,,
2012-11-14,315.18,315.47,306.38,307.07,,,,
2012-11-15,306.98,308.61,305.69,306.94,,,,
2012-11-16,306.97,308.44,305.02,307.8,,,,
2012-11-19,308.99,313.79,308.99,313.79,,,,
2012-11-20,313.66,313.72,312.09,312.69,,,,
2012-11-21,313.85,314.89,313.54,314.31,,,,
2012-11-23,314.6,318.47,314.6,318.47,,,,
2012-11-26,317.77,318.7,316.91,318.7,,,,
2012-11-27,318.7,320.55,317.57,317.77,,,,
2012-11-28,317.05,320.72,314.77,320.66,,,,
2012-11-29,321.01,323.34,320.22,322.25,,,,
2012-11-30,322.3,322.81,320.92,321.5,,,,
2012-12-03,322.14,323.27,318.05,318.14,,,,
2012-12-04,318.18,320.31,317.76,318.9,,,,
2012-12-05,319.02,323.56,318.06,322.25,,,,
2012-12-06,322.15,322.67,320.22,322.61,,,,
2012-12-07,323.05,324.47,322.25,324.42,,,,
2012-12-10,324.26,326.19,324.08,325.76,,,,
2012-12-11,326.23,328.26,325.96,326.5,,,,
2012-12-12,326.93,329.71,326.9,327.24,,,,
2012-12-13,327.11,328.5,325.1,325.8,,,,
2012-12-14,325.65,326.97,325.18,325.38,,,,
2012-12-17,325.88,328.47,325.88,328.32,,,,
2012-12-18,328.42,332.45,327.88,332.25,,,,
2012-12-19,332.36,332.53,329.78,329.84,,,,
2012-12-20,330.08,331.08,329.27,331.05,,,,
2012-12-21,330.8,330.8,326.76,328.97,,,,
2012-12-24,328.62,328.62,327.54,328.02,,,,
2012-12-26,328.13,329.23,326.57,326.95,,,,
2012-12-27,327.01,327.6,322.94,326.52,,,,
2012-12-28,326.16,326.16,322.49,322.71,,,,
2012-12-31,322.03,328.88,321.4,328.75,,,,
2013-01-02,329.07,337.14,329.07,336.51,,,,
2013-01-03,336.27,338.5,335.55,336.38,,,,
2013-01-04,336.8,339.03,336.8,338.78,,,,
2013-01-07,338.53,338.53,336.22,337.49,,,,
2013-01-08,336.95,337.09,333.61,334.83,,,,
2013-01-09,335.03,338.68,335.03,337.94,,,,
2013-01-10,338.43,339.99,337.39,339.95,,,,
2013-01-11,339.91,339.91,337.95,338.7,,,,
2013-01-14,338.8,339.94,338.53,339.77,,,,
2013-01-15,339.42,341.11,338.21,340.87,,,,
2013-01-16,339.99,339.99,338.64,339.5,,,,
2013-01-17,339.77,343.65,339.63,342.8,,,,
2013-01-18,342.85,346.56,342.85,346.23,,,,
2013-01-22,346.2,347.52,345.08,347.52,,,,
2013-01-23,347.49,347.9,345.77,347.65,,,,
2013-01-24,347.7,350.59,347.28,349.34,,,,
2013-01-25,349.36,351.03,349.3,350.81,,,,
2013-01-28,351.27,352.32,349.65,350.81,,,,
2013-01-29,350.68,351.9,349.96,351.81,,,,
2013-01-30,351.66,351.79,348.46,348.76,,,,
2013-01-31,348.48,349.04,346.74,347.22,,,,
2013-02-01,347.49,351.23,347.49,351.04,,,,
2013-02-04,350.47,350.56,347.39,347.62,,,,
2013-02-05,348.08,351.65,348.08,350.88,,,,
2013-02-06,349.96,350.98,349.21,350.95,,,,
2013-02-07,350.89,351.63,347.99,350.65,,,,
2013-02-08,350.63,352.06,350.61,351.83,,,,
2013-02-11,351.63,352.09,350.89,351.72,,,,
2013-02-12,351.89,353.75,351.89,353.26,,,,
2013-02-13,353.49,356.27,353.35,355.11,,,,
2013-02-14,354.56,355.88,352.95,355.5,,,,
2013-02-15,355.61,356.77,354.74,355.71,,,,
2013-02-19,356.3,358.89,356.3,358.89,,,,
2013-02-20,358.8,358.88,353.84,354.06,,,,
2013-02-21,353.76,353.76,349.56,350.98,,,,
2013-02-22,351.54,354.08,351.54,353.72,,,,
2013-02-25,354.19,355.77,346.22,346.22,,,,
2013-02-26,346.72,348.99,346.16,348.28,,,,
2013-02-27,348.14,355.56,348.05,354.75,,,,
2013-02-28,354.73,356.85,353.91,354.41,,,,
2013-03-01,353.47,354.91,350.29,353.53,,,,
2013-03-04,353.16,353.16,349.75,353.14,,,,
2013-03-05,353.86,358.98,353.86,357.99,,,,
2013-03-06,358.89,360.32,357.68,358.21,,,,
2013-03-07,358.4,359.61,357.86,358.3,,,,
2013-03-08,358.99,361.71,358.99,361.41,,,,
2013-03-11,361.27,362.52,360.23,362.42,,,,
2013-03-12,362.34,362.34,358.95,360.45,,,,
2013-03-13,360.63,362.33,359.92,362.12,,,,
2013-03-14,362.46,364.22,362.46,364.14,,,,
2013-03-15,364.11,364.13,362.65,364.1,,,,
2013-03-18,363.67,363.72,360.4,362,,,,
2013-03-19,362.41,363.22,359.27,361.6,,,,
2013-03-20,362.41,363.5,360.9,361.89,,,,
2013-03-21,361.06,361.58,357.91,358.54,,,,
2013-03-22,359.04,361.04,359.04,360.97,,,,
2013-03-25,361.67,362.43,356.72,358.05,,,,
2013-03-26,358.53,359.93,358.41,359.74,,,,
2013-03-27,358.93,359.89,356.27,359.59,,,,
2013-03-28,359.71,362.09,359.41,361.89,,,,
2013-04-01,361.75,361.75,357.22,357.91,,,,
2013-04-02,358.52,359.42,356.33,357.43,,,,
2013-04-03,357.55,358.08,354.26,354.78,,,,
2013-04-04,355.1,356.64,354.76,356.21,,,,
2013-04-05,355.78,355.78,351.08,355.38,,,,
2013-04-08,355.4,357.5,354.17,357.5,,,,
2013-04-09,358.02,359.82,356.19,358.57,,,,
2013-04-10,358.69,363.64,358.69,363.33,,,,
2013-04-11,363.43,365.43,362.48,364.31,,,,
2013-04-12,363.84,363.85,360.95,362.41,,,,
2013-04-15,361.77,361.77,351.4,351.4,,,,
2013-04-16,351.84,356.37,351.84,356.32,,,,
2013-04-17,355.72,355.72,348.65,350.57,,,,
2013-04-18,350.84,351.35,347.57,348.74,,,,
2013-04-19,348.72,350.12,346.15,349.88,,,,
2013-04-22,350.05,350.68,346.5,349.72,,,,
2013-04-23,350.67,352.85,349.18,352.43,,,,
2013-04-24,353.47,356.66,353.47,356.03,,,,
2013-04-25,356.38,359.3,356.25,357.49,,,,
2013-04-26,357.61,358.69,356.27,357.17,,,,
2013-04-29,357.44,359.48,356.27,358.7,,,,
2013-04-30,358.51,358.85,356.35,358.85,,,,
2013-05-01,358.11,358.18,354.41,354.59,,,,
2013-05-02,355.32,359.03,355.32,358.67,,,,
2013-05-03,359.11,366.72,359.11,364.64,,,,
2013-05-06,364.39,366.99,364.21,366.64,,,,
2013-05-07,366.88,370.08,366.88,370.03,,,,
2013-05-08,369.73,372.41,368.73,372.4,,,,
2013-05-09,372.34,374.09,371.1,372.03,,,,
2013-05-10,372.22,373.23,370.64,373.23,,,,
2013-05-13,372.64,372.94,370.82,371.98,,,,
2013-05-14,372.07,376.25,372.05,376.23,,,,
2013-05-15,375.81,377.84,374.05,377.8,,,,
2013-05-16,377.37,378.22,375.28,376.03,,,,
2013-05-17,376.19,381.47,376.19,381.46,,,,
2013-05-20,381.18,383.47,380.83,382.52,,,,
2013-05-21,382.49,384.6,382.09,382.94,,,,
2013-05-22,383.28,386.02,378.73,379.88,,,,
2013-05-23,379.57,379.57,376.31,378.47,,,,
2013-05-24,377.35,378.06,374.92,377.54,,,,
2013-05-28,378,382.84,378,379.49,,,,
2013-05-29,378.52,378.86,376.1,377.36,,,,
2013-05-30,377.71,381.02,377.41,379.21,,,,
2013-05-31,378.67,381.99,375.42,375.42,,,,
2013-06-03,375.83,378.07,373.43,377.64,,,,
2013-06-04,377.41,379.33,373.14,375.34,,,,
2013-06-05,374.79,374.79,368.46,369.16,,,,
2013-06-06,369.09,371.45,367.43,371.45,,,,
2013-06-07,372.34,378.28,372.34,378.03,,,,
2013-06-10,378.27,378.84,375.86,376.9,,,,
2013-06-11,375.91,376.54,372.37,373.66,,,,
2013-06-12,374.47,376.32,370.6,370.93,,,,
2013-06-13,370.54,376.97,370.05,376,,,,
2013-06-14,375.71,377.72,373.52,374.32,,,,
2013-06-17,375.33,378.1,374.82,376.69,,,,
2013-06-18,377.36,382.51,377.14,381.56,,,,
2013-06-19,381.51,381.61,376.16,376.17,,,,
2013-06-20,375.7,375.7,366.48,367.08,,,,
2013-06-21,367.11,370,364.69,367.24,,,,
2013-06-24,366.29,366.29,359.34,361.17,,,,
2013-06-25,362.19,366.18,362.19,365,,,,
2013-06-26,365.42,370.02,365.42,368.94,,,,
2013-06-27,369.68,373.06,369.68,372.25,,,,
2013-06-28,371.82,372.64,369.51,369.95,,,,
2013-07-01,370.32,375.82,370.32,373.24,,,,
2013-07-02,372.92,373.51,368.21,369.23,,,,
2013-07-03,368.46,370.6,367.28,369.68,,,,
2013-07-05,371.02,375.26,370.98,375.23,,,,
2013-07-08,376.13,377.9,376.03,376.35,,,,
2013-07-09,377.36,383.51,377.36,381.81,,,,
2013-07-10,381.85,383.14,380.26,381.5,,,,
2013-07-11,382.34,387.73,382.34,387.51,,,,
2013-07-12,387.39,387.39,383.04,385.27,,,,
2013-07-15,385.37,386.8,385.29,386.31,,,,
2013-07-16,386.45,386.96,383.6,384.21,,,,
2013-07-17,385.03,386.85,384.6,385.48,,,,
2013-07-18,385.71,390.14,385.57,388.81,,,,
2013-07-19,388.78,393.94,388.78,393.64,,,,
2013-07-22,394.08,394.95,393.25,393.83,,,,
2013-07-23,394.4,395.67,392.59,393.58,,,,
2013-07-24,394.21,394.53,390.14,390.86,,,,
2013-07-25,390.31,390.86,387.51,390.85,,,,
2013-07-26,389.98,389.98,387.58,389.88,,,,
2013-07-29,389.45,389.93,388.2,388.57,,,,
2013-07-30,389.21,391.05,388.93,390.02,,,,
2013-07-31,390.49,394,390.49,390.68,,,,
2013-08-01,391.29,397.9,391.29,397.38,,,,
2013-08-02,396.66,398.23,395.26,398.23,,,,
2013-08-05,397.67,397.67,396.17,396.73,,,,
2013-08-06,396.29,396.29,393.22,393.71,,,,
2013-08-07,393.06,393.12,390.97,392.89,,,,
2013-08-08,393.74,395.84,393.21,394.56,,,,
2013-08-09,394.22,394.79,391.93,393.43,,,,
2013-08-12,392.26,394.19,391.47,393.73,,,,
2013-08-13,393.96,396.35,392.54,395.4,,,,
2013-08-14,395.21,395.21,392.34,392.43,,,,
2013-08-15,391.99,391.99,386.86,388,,,,
2013-08-16,387.7,389.45,387.26,388.39,,,,
2013-08-19,387.81,388.87,386.55,386.7,,,,
2013-08-20,386.52,388.48,385.38,386.78,,,,
2013-08-21,386.09,387.1,383.84,384.27,,,,
2013-08-22,384.6,389.63,384.6,389.15,,,,
2013-08-23,389.38,389.84,387.57,389.52,,,,
2013-08-26,389.67,391.4,388.01,388.27,,,,
2013-08-27,387.92,387.92,380.31,380.54,,,,
2013-08-28,380.38,382.23,379.41,380.78,,,,
2013-08-29,380.23,383.54,379.9,381.59,,,,
2013-08-30,381.87,382.65,378.76,379.9,,,,
2013-09-03,380.31,385.52,380.3,381.9,,,,
2013-09-04,381.63,386.09,381.45,385.55,,,,
2013-09-05,385.46,387.47,384.87,386.62,,,,
2013-09-06,387.16,389.32,382.94,386.29,,,,
2013-09-09,387.11,391.83,387.11,390.98,,,,
2013-09-10,391.51,397.27,391.51,396.59,,,,
2013-09-11,396.59,398.59,395.58,398.59,,,,
2013-09-12,398.44,398.98,396.43,396.75,,,,
2013-09-13,397.13,397.74,395.58,397.69,,,,
2013-09-16,398.1,404.13,398.1,402.73,,,,
2013-09-17,402.73,405.48,402.49,405.06,,,,
2013-09-18,405.03,410.91,404.08,410.25,,,,
2013-09-19,410.77,413.08,410.51,410.81,,,,
2013-09-20,411,411.16,405.19,405.2,,,,
2013-09-23,404.89,406.05,402.76,404.63,,,,
2013-09-24,404.68,408.36,404.36,405.9,,,,
2013-09-25,406.02,407.32,404.31,404.31,,,,
2013-09-26,404.65,406.88,403.85,405.75,,,,
2013-09-27,405.27,405.27,401.84,403.21,,,,
2013-09-30,402.43,402.45,399.27,400.7,,,,
2013-10-01,400.88,404.34,400.82,403.59,,,,
2013-10-02,402.85,402.85,399.36,402.15,,,,
2013-10-03,401.41,401.41,394.75,397.69,,,,
2013-10-04,397.68,399.96,396.7,399.55,,,,
2013-10-07,398.95,399.74,395.45,397.38,,,,
2013-10-08,397.16,398.26,392.64,392.74,,,,
2013-10-09,392.78,393.78,389.82,392.07,,,,
2013-10-10,393.03,402.57,393.03,402.57,,,,
2013-10-11,402.3,405.1,401.95,404.84,,,,
2013-10-14,404.48,406.04,401.73,405.76,,,,
2013-10-15,405.28,405.99,401.71,401.99,,,,
2013-10-16,402.43,405.38,401.6,404.59,,,,
2013-10-17,403.92,408,403.26,407.99,,,,
2013-10-18,409.3,413.42,409.3,412.58,,,,
2013-10-21,412.68,414.37,412.68,414.16,,,,
2013-10-22,414.86,418.89,414.86,416.53,,,,
2013-10-23,416.22,416.8,414.01,416.56,,,,
2013-10-24,417.12,420.1,417,419.64,,,,
2013-10-25,419.94,421.75,418.36,421.71,,,,
2013-10-28,421.38,422.36,420.38,421.33,,,,
2013-10-29,421.51,422.77,420.39,422.71,,,,
2013-10-30,423.11,424.33,419.98,421.02,,,,
2013-10-31,421.12,423.79,419.59,420.92,,,,
2013-11-01,421.25,424.88,420.72,424.07,,,,
2013-11-04,424.52,425.76,424.22,425.5,,,,
2013-11-05,424.3,426.03,421.8,424.92,,,,
2013-11-06,425.38,427.19,424.29,426.56,,,,
2013-11-07,427.09,429.01,421.47,421.77,,,,
2013-11-08,421.68,427.59,421.68,427.59,,,,
2013-11-11,427.56,427.79,426.54,427.46,,,,
2013-11-12,427.1,428.19,425.73,427.57,,,,
2013-11-13,426.74,429.73,425.27,429.73,,,,
2013-11-14,430.13,432.02,429.08,431.4,,,,
2013-11-15,431.48,433.35,430.88,432.84,,,,
2013-11-18,433.13,436.08,432.64,433.53,,,,
2013-11-19,433.1,434,429.93,430.66,,,,
2013-11-20,430.46,431.61,427.58,428.41,,,,
2013-11-21,428.94,431.84,428.64,431.73,,,,
2013-11-22,431.82,435.27,431.41,435.21,,,,
2013-11-25,435.5,436.3,433.25,433.54,,,,
2013-11-26,433.7,436.03,433.7,434.81,,,,
2013-11-27,435.2,437.08,435.2,436.62,,,,
2013-11-29,436.76,437,434.51,434.91,,,,
2013-12-02,434.87,435.58,432.27,432.87,,,,
2013-12-03,432.42,432.42,428.1,429.85,,,,
2013-12-04,429.16,430.95,424.42,428.27,,,,
2013-12-05,428.11,430.03,427.47,428.27,,,,
2013-12-06,429.59,434.82,429.59,434.52,,,,
2013-12-09,434.95,436.55,434.81,435.67,,,,
2013-12-10,435.38,437.33,433.92,434.63,,,,
2013-12-11,434.65,434.73,427.65,428.04,,,,
2013-12-12,427.91,429.68,427.04,428.26,,,,
2013-12-13,428.66,430.83,427.86,429.86,,,,
2013-12-16,430.5,435.25,430.5,434.05,,,,
2013-12-17,434.15,435.67,433.1,433.89,,,,
2013-12-18,434.04,441.04,431.34,440.92,,,,
2013-12-19,440.4,440.93,437.79,440.68,,,,
2013-12-20,440.4,445.38,440.39,443.88,,,,
2013-12-23,444.6,446.05,444.6,445.49,,,,
2013-12-24,445.66,447.97,445.66,447.89,,,,
2013-12-26,448.51,451.6,448.51,450.97,,,,
2013-12-27,451.33,451.8,450.04,450.5,,,,
2013-12-30,450.55,450.91,449.64,450.34,,,,
2013-12-31,450.86,453.06,450.86,452.46,,,,
2014-01-02,451.83,451.87,445.82,446.64,,,,
2014-01-03,447.1,449.31,446.73,447.85,,,,
2014-01-06,448.63,450.76,444.84,445.17,,,,
2014-01-07,446.25,448.54,446.09,447.34,,,,
2014-01-08,447.27,447.75,445.21,446.96,,,,
2014-01-09,447.45,449.86,446.18,448.58,,,,
2014-01-10,449.09,449.55,446.55,449.33,,,,
2014-01-13,449,450.76,443.58,444.25,,,,
2014-01-14,444.72,448.82,444.57,448.82,,,,
2014-01-15,449.23,452.7,449.16,451.93,,,,
2014-01-16,451.68,451.68,449.26,450.47,,,,
2014-01-17,449.86,449.89,446.81,448.04,,,,
2014-01-21,448.98,451.84,445.64,448.15,,,,
2014-01-22,448.39,449.85,447.91,449.16,,,,
2014-01-23,448.71,448.71,442.66,444,,,,
2014-01-24,443.46,443.46,430.21,430.21,,,,
2014-01-27,430.38,433.91,428.02,431.16,,,,
2014-01-28,432.12,436.06,432.11,434.91,,,,
2014-01-29,434.45,434.45,429.14,430.41,,,,
2014-01-30,431.17,435.33,431.17,434.13,,,,
2014-01-31,433.29,435.13,428.91,431.97,,,,
2014-02-03,432.05,433.72,419.99,420.34,,,,
2014-02-04,420.63,424.17,418.2,423,,,,
2014-02-05,422.03,423.95,418.04,422.55,,,,
2014-02-06,423.44,428.69,423.27,428.43,,,,
2014-02-07,428.99,435.76,428.99,435.46,,,,
2014-02-10,435.16,435.29,431.96,433.06,,,,
2014-02-11,433.3,439.41,433.3,438,,,,
2014-02-12,438.37,439.92,437.7,438.95,,,,
2014-02-13,438.37,440.26,435.08,439.9,,,,
2014-02-14,439.5,443.82,438.74,443.12,,,,
2014-02-18,443.93,444,441,442.12,,,,
2014-02-20,438.53,442.71,436.93,441.62,,,,
2014-02-21,441.75,443.53,441.25,441.6,,,,
2014-02-24,442.31,448.61,442.31,445.15,,,,
2014-02-25,445.14,445.94,442.35,443.18,,,,
2014-02-26,443.56,445.35,442.16,443.41,,,,
2014-02-27,443.25,446.15,442.38,445.96,,,,
2014-02-28,446.09,449.37,444.83,447.16,,,,
2014-03-03,446.75,446.75,440.82,444.04,,,,
2014-03-04,444.38,451.6,444.38,450.81,,,,
2014-03-05,451.31,452.55,450.59,451.63,,,,
2014-03-06,452.07,454.82,452.07,454.16,,,,
2014-03-07,454.78,457.06,454.04,455.3,,,,
2014-03-10,454.96,454.96,450.41,452.98,,,,
2014-03-11,453.2,453.74,448.94,449.9,,,,
2014-03-12,448.75,449.07,445.94,448.97,,,,
2014-03-13,449.18,451.65,440.68,442.33,,,,
2014-03-14,442.13,443.96,440.18,440.65,,,,
2014-03-17,441.19,447.58,441.19,446.32,,,,
2014-03-18,446.91,449.53,446.91,448.55,,,,
2014-03-19,448.51,448.84,441.43,444.18,,,,
2014-03-20,443.97,445.22,441.84,444.89,,,,
2014-03-21,444.93,448.81,444.82,445.27,,,,
2014-03-24,445.58,447.27,441.39,443.83,,,,
2014-03-25,444.43,448.64,444.43,447.68,,,,
2014-03-26,448.22,450.29,443.49,443.49,,,,
2014-03-27,443,444.01,440.05,442.82,,,,
2014-03-28,443.4,447.58,443.4,446.1,,,,
2014-03-31,446.51,451.41,446.51,450.69,,,,
2014-04-01,451.09,454.07,451.06,453.92,,,,
2014-04-02,454.23,457.38,454.23,456.87,,,,
2014-04-03,457.36,458.07,455.91,457.64,,,,
2014-04-04,458.2,460.66,451.87,452.5,,,,
2014-04-07,452.13,452.87,445.78,446.49,,,,
2014-04-08,446.12,447.76,443.73,446.46,,,,
2014-04-09,447.05,452.15,446.9,452.06,,,,
2014-04-10,451.92,452.99,443.37,443.51,,,,
2014-04-11,443.01,443.74,438.92,439.05,,,,
2014-04-14,439.45,443.64,438.03,441.74,,,,
2014-04-15,441.98,445.02,437.85,444.41,,,,
2014-04-16,444.93,451.23,444.93,451.23,,,,
2014-04-17,451.34,456.18,451.34,454.81,,,,
2014-04-21,454.98,456.66,453.71,456.26,,,,
2014-04-22,456.71,459.03,456.31,456.32,,,,
2014-04-23,456.28,458.98,455.97,457.97,,,,
2014-04-24,458.43,458.87,455.15,456.92,,,,
2014-04-25,456.56,456.66,452,452.87,,,,
2014-04-28,453.47,455.87,449.09,453.37,,,,
2014-04-29,453.64,454.93,451.65,454.51,,,,
2014-04-30,454.38,457.97,453.93,457.43,,,,
2014-05-01,457.44,458.2,454.79,456.11,,,,
2014-05-02,456.15,458.42,455.46,455.75,,,,
2014-05-05,454.96,456.99,452.25,456.17,,,,
2014-05-06,455.57,455.57,452.54,452.62,,,,
2014-05-07,453.41,456.77,451.71,456.59,,,,
2014-05-08,456.29,459.26,455.05,456.46,,,,
2014-05-09,456.24,456.95,453.81,456.73,,,,
2014-05-12,457.74,463.57,457.74,463.5,,,,
2014-05-13,463.85,465.75,463.82,464.57,,,,
2014-05-14,464.56,464.56,459.97,460.72,,,,
2014-05-15,459.96,459.96,453.74,456.19,,,,
2014-05-16,456.17,457.11,454.77,457.06,,,,
2014-05-19,456.65,459.16,455.38,458.85,,,,
2014-05-20,458.36,458.36,451.32,452.89,,,,
2014-05-21,453.6,457.02,453.57,456.87,,,,
2014-05-22,456.91,459.04,456.02,457.89,,,,
2014-05-23,458.24,460.87,458.24,460.65,,,,
2014-05-27,461.24,463.49,461.24,462.84,,,,
2014-05-28,463.07,464.95,463.07,463.41,,,,
2014-05-29,463.77,464.96,462.28,464.96,,,,
2014-05-30,464.51,465.27,463.34,465.14,,,,
2014-06-02,465.28,467.25,463.19,466.84,,,,
2014-06-03,466.44,466.95,464.49,466.11,,,,
2014-06-04,465.8,466.25,464.85,465.72,,,,
2014-06-05,466.13,471.07,466.1,470.64,,,,
2014-06-06,470.98,475.16,470.89,475.16,,,,
2014-06-09,475.06,479.64,474.3,477.85,,,,
2014-06-10,477.61,477.61,474.79,476.68,,,,
2014-06-11,476.12,476.12,472.26,472.89,,,,
2014-06-12,472.19,472.19,465.91,466.94,,,,
2014-06-13,467.14,469.39,466.48,468.61,,,,
2014-06-16,468.34,468.73,466.15,467.85,,,,
2014-06-17,467.4,469.75,466.12,468.99,,,,
2014-06-18,468.94,471.87,467.29,471.46,,,,
2014-06-19,470.92,472.45,469.82,472.1,,,,
2014-06-20,472.25,474.42,472.23,474.17,,,,
2014-06-23,474.03,474.55,470.48,471.18,,,,
2014-06-24,470.67,472.2,466.22,466.46,,,,
2014-06-25,466.05,467.75,465.41,467.09,,,,
2014-06-26,467.07,467.4,463.57,466.24,,,,
2014-06-27,465.85,467.58,465.18,467.58,,,,
2014-06-30,467.49,467.49,465.08,465.61,,,,
2014-07-01,466.22,470,466.06,468.29,,,,
2014-07-02,468.2,468.8,466.83,467.74,,,,
2014-07-03,468.3,471.93,468.3,471.53,,,,
2014-07-07,471.2,471.2,467.7,468.41,,,,
2014-07-08,468.18,468.18,463.77,464.89,,,,
2014-07-09,465.52,467.02,464.49,465.61,,,,
2014-07-10,465.24,465.24,460.99,463.12,,,,
2014-07-11,463.17,465.98,462.17,465.79,,,,
2014-07-14,466.25,470.05,466.25,468.4,,,,
2014-07-15,468.37,470.88,467.11,468.62,,,,
2014-07-16,469.41,471.52,468.93,471.15,,,,
2014-07-17,470.31,470.31,463.5,463.68,,,,
2014-07-18,463.92,467.37,463.83,467.31,,,,
2014-07-21,466.64,467,463.42,466.21,,,,
2014-07-22,466.76,469.14,466.76,468.31,,,,
2014-07-23,468.23,468.56,466.22,466.27,,,,
2014-07-24,466.48,466.95,463.45,464.12,,,,
2014-07-25,464.04,464.67,462.16,462.87,,,,
2014-07-28,462.63,462.63,458.32,460.57,,,,
2014-07-29,460.45,460.93,455.07,455.07,,,,
2014-07-30,456.07,457.5,452.86,455.4,,,,
2014-07-31,454.32,454.32,446.38,446.4,,,,
2014-08-01,445.84,448.4,442.96,446.06,,,,
2014-08-04,446.33,447.96,443.79,447.43,,,,
2014-08-05,446.83,449.28,443.59,444.95,,,,
2014-08-06,444.53,444.65,441.13,442.9,,,,
2014-08-07,443.65,446.68,442.4,443.27,,,,
2014-08-08,443.8,449.61,442.8,449.47,,,,
2014-08-11,450.11,453.62,450.11,451.36,,,,
2014-08-12,451.13,452.8,449.33,450.28,,,,
2014-08-13,451.01,454.51,451.01,454.1,,,,
2014-08-14,454.65,456.25,454.43,456.2,,,,
2014-08-15,456.61,457.92,451.91,454.93,,,,
2014-08-18,455.77,461.9,455.77,461.9,,,,
2014-08-19,462.31,463.48,462.28,463.01,,,,
2014-08-20,462.89,468.21,462.89,467.56,,,,
2014-08-21,467.67,468.19,466.11,467.43,,,,
2014-08-22,466.86,467.27,464.63,465.43,,,,
2014-08-25,466.24,468.01,466.24,467.04,,,,
2014-08-26,467.23,467.68,465.47,465.48,,,,
2014-08-27,465.68,466.35,464.39,465.31,,,,
2014-08-28,464.67,464.67,462.15,463.99,,,,
2014-08-29,464.5,465.11,462.26,464,,,,
2014-09-02,464.24,466.55,463.34,464.97,,,,
2014-09-03,465.77,466.28,463.77,464.6,,,,
2014-09-04,464.86,468.09,463.98,464.83,,,,
2014-09-05,464.69,466.5,462.57,466.45,,,,
2014-09-08,466.34,467.65,465.68,466.19,,,,
2014-09-09,465.95,466.7,463.84,464.35,,,,
2014-09-10,464.67,465.44,462.58,464.77,,,,
2014-09-11,464.24,465.62,463.24,465.35,,,,
2014-09-12,465.13,465.13,462.43,463.43,,,,
2014-09-15,463.27,464.14,461.37,463.47,,,,
2014-09-16,463.18,466.73,461.48,466.08,,,,
2014-09-17,466.31,470.26,466.31,468.09,,,,
2014-09-18,468.69,470.45,468.55,469.97,,,,
2014-09-19,470.03,472.25,468.69,469.44,,,,
2014-09-22,468.99,468.99,463.83,464.26,,,,
2014-09-23,463.34,463.48,460.35,460.35,,,,
2014-09-24,460.36,463.21,458.83,462.63,,,,
2014-09-25,462.01,462.01,455.66,455.73,,,,
2014-09-26,455.79,460.55,455.51,459.81,,,,
2014-09-29,459.36,459.36,454.93,458.49,,,,
2014-09-30,458.7,461.35,457.29,458.11,,,,
2014-10-01,457.78,457.78,448.56,449.5,,,,
2014-10-02,449.49,450.88,445.07,448.98,,,,
2014-10-03,449.57,455.58,449.57,455.08,,,,
2014-10-06,455.8,458.23,452.22,453.58,,,,
2014-10-07,453.13,453.13,442.76,442.85,,,,
2014-10-08,442.82,450.86,439.75,450.67,,,,
2014-10-09,450.38,450.44,439.61,440.24,,,,
2014-10-10,440.38,440.82,433.71,433.74,,,,
2014-10-13,433.89,438.43,426.74,427.02,,,,
2014-10-14,427.56,438.04,427.56,432.59,,,,
2014-10-15,432.31,433.66,421.07,431.87,,,,
2014-10-16,430.78,438.33,426.71,434.97,,,,
2014-10-17,435.24,446.28,435.24,443.53,,,,
2014-10-20,443.11,445.05,441.43,444.88,,,,
2014-10-21,445.66,455.08,445.66,454.66,,,,
2014-10-22,454.7,455.19,448.5,448.62,,,,
2014-10-23,449.59,461.45,449.59,458.41,,,,
2014-10-24,458.52,462.66,457.33,462.52,,,,
2014-10-27,462.07,462.66,458.56,462.36,,,,
2014-10-28,463.2,470.38,463.2,470.21,,,,
2014-10-29,470.6,471.49,464.93,468.2,,,,
2014-10-30,467.67,471.55,465.07,469.99,,,,
2014-10-31,471.2,475.97,471.2,474.83,,,,
2014-11-03,475,475.37,472.04,473.8,,,,
2014-11-04,474.07,475.92,472.41,474.04,,,,
2014-11-05,474.84,476.92,474.02,476.68,,,,
2014-11-06,477.12,482.23,476.82,481.92,,,,
2014-11-07,482.07,482.57,480.27,482.39,,,,
2014-11-10,482.7,484.71,482.25,484.71,,,,
2014-11-11,484.74,485.8,482.92,484.09,,,,
2014-11-12,483.35,485.23,482.57,484.55,,,,
2014-11-13,484.67,486.36,481.76,483.27,,,,
2014-11-14,483.04,484.67,482.39,483.59,,,,
2014-11-17,483.19,484.25,481.81,483.09,,,,
2014-11-18,483.21,487.86,483.2,486.72,,,,
2014-11-19,486.26,486.26,483.46,485.32,,,,
2014-11-20,484.7,486.88,482.61,486.2,,,,
2014-11-21,486.46,492.08,486.46,490.96,,,,
2014-11-24,491.37,493.64,490.86,492.26,,,,
2014-11-25,492.64,494.24,491.67,493.04,,,,
2014-11-26,493.14,493.34,491.34,492.31,,,,
2014-11-28,492.37,493.08,487.51,488.1,,,,
2014-12-01,486.95,486.95,480.63,481.79,,,,
2014-12-02,482.08,486.15,482.04,485.55,,,,
2014-12-03,486.15,492.55,486.15,491.82,,,,
2014-12-04,491.2,491.29,487.31,489.58,,,,
2014-12-05,489.7,492.26,489.29,490.41,,,,
2014-12-08,490.06,490.55,483.71,485.02,,,,
2014-12-09,484.07,485.61,478.63,485.45,,,,
2014-12-10,484.65,484.97,475.66,476.27,,,,
2014-12-11,476.89,482.39,476.89,478.48,,,,
2014-12-12,477.9,477.9,469.54,469.54,,,,
2014-12-15,470.21,473.61,465.57,468.39,,,,
2014-12-16,468.12,477.7,467.82,468.37,,,,
2014-12-17,468.23,473.64,463.54,472.61,,,,
2014-12-18,473,484.28,473,484.28,,,,
2014-12-19,484.4,488.66,484.25,486.85,,,,
2014-12-22,487.25,491.57,487.25,491.29,,,,
2014-12-23,492,494.97,492,493.5,,,,
2014-12-24,494.07,495.05,493.71,493.76,,,,
2014-12-26,494.48,495.23,493.67,493.78,,,,
2014-12-29,493.22,494.62,491.6,493.85,,,,
2014-12-30,493.24,493.25,490.67,491.51,,,,
2014-12-31,492.52,492.62,486.28,486.47,,,,
2015-01-02,486.68,489.42,481.74,485.74,,,,
2015-01-05,485.67,485.67,473.49,474.47,,,,
2015-01-06,474.6,475.25,465.59,468.85,,,,
2015-01-07,469.01,473.72,469.01,471.71,,,,
2015-01-08,471.9,481.11,471.9,481.11,,,,
2015-01-09,481.15,481.45,475.2,475.87,,,,
2015-01-12,475.9,476.53,470.5,472.73,,,,
2015-01-13,472.86,480.13,467.53,471.81,,,,
2015-01-14,471.6,471.6,464.18,469.11,,,,
2015-01-15,469.14,472.2,466.38,466.42,,,,
2015-01-16,466.34,469.89,462.76,469.58,,,,
2015-01-20,469.7,474,468.06,473.22,,,,
2015-01-21,473.19,477.68,471.57,476.64,,,,
2015-01-22,476.7,485.33,476.7,484.4,,,,
2015-01-23,484.3,484.55,480.27,480.63,,,,
2015-01-26,480.62,481.53,477.57,481.42,,,,
2015-01-27,481.21,481.21,471.48,475.19,,,,
2015-01-28,475.29,478.98,470.31,470.7,,,,
2015-01-29,470.55,477,468.44,476.26,,,,
2015-01-30,476,476,468.28,468.53,,,,
2015-02-02,468.61,475.89,465.81,475.54,,,,
2015-02-03,475.74,483.27,475.74,483.03,,,,
2015-02-04,482.9,482.9,477.76,479.12,,,,
2015-02-05,479.23,484.1,479.23,483.79,,,,
2015-02-06,483.79,486.51,481.51,482.69,,,,
2015-02-09,482.47,483.47,479.89,481.37,,,,
2015-02-10,481.7,484.77,480.25,484.19,,,,
2015-02-11,484.02,485.34,481.64,483.85,,,,
2015-02-12,484.09,488.33,484.09,488.03,,,,
2015-02-13,487.99,491,487.93,490.32,,,,
2015-02-17,490.3,491.84,488.61,491.13,,,,
2015-02-18,491.08,493.95,490.7,493.61,,,,
2015-02-19,493.44,494.87,491.72,493.56,,,,
2015-02-20,493.53,498.34,490.07,498.14,,,,
2015-02-23,498.15,498.15,495.06,496.13,,,,
2015-02-24,495.91,498.3,494.77,497.65,,,,
2015-02-25,497.71,498.91,496.51,497.43,,,,
2015-02-26,497.18,497.38,493.76,495.04,,,,
2015-02-27,494.89,495.62,492.86,492.89,,,,
2015-03-02,492.87,497.05,492.52,497.04,,,,
2015-03-03,496.81,496.81,491.93,493.66,,,,
2015-03-04,493.64,493.64,487.76,489.75,,,,
2015-03-05,489.77,490.5,488.39,490.37,,,,
2015-03-06,490.33,490.33,482.87,483.79,,,,
2015-03-09,483.91,488.82,483.91,487.97,,,,
2015-03-10,487.64,487.64,479,479,,,,
2015-03-11,479.02,481.12,478.36,478.62,,,,
2015-03-12,478.9,484.92,478.9,484.68,,,,
2015-03-13,484.59,484.59,477.26,480.24,,,,
2015-03-16,480.37,488.22,480.37,488.1,,,,
2015-03-17,487.84,487.84,484.31,486.12,,,,
2015-03-18,486,493.22,481.58,491.76,,,,
2015-03-19,491.43,491.43,486.75,488.4,,,,
2015-03-20,488.46,492.68,488.46,490.92,,,,
2015-03-23,490.83,491.47,487.23,487.23,,,,
2015-03-24,486.9,488.01,484.87,485.42,,,,
2015-03-25,485.55,486.02,477.23,477.24,,,,
2015-03-26,476.56,477.46,472.57,475.82,,,,
2015-03-27,475.69,478.2,474.68,477.75,,,,
2015-03-30,478.15,485.35,478.15,484.29,,,,
2015-03-31,483.93,483.93,479.17,479.66,,,,
2015-04-01,479.06,479.06,473.31,475.78,,,,
2015-04-02,475.93,479.02,474.99,476.5,,,,
2015-04-06,476.13,481.94,473.4,480.05,,,,
2015-04-07,480.01,482.55,479.22,479.39,,,,
2015-04-08,479.48,481.02,477.83,480.39,,,,
2015-04-09,480.31,484.16,478.35,483.45,,,,
2015-04-10,483.68,492.69,483.68,492.13,,,,
2015-04-13,491.84,491.84,486.69,486.85,,,,
2015-04-14,486.57,487.83,482.6,487.43,,,,
2015-04-15,487.82,490.33,487.82,488.12,,,,
2015-04-16,487.72,488.69,485.31,486.75,,,,
2015-04-17,486.55,486.55,479.44,481.2,,,,
2015-04-20,481.71,487.51,481.71,486.51,,,,
2015-04-21,486.7,488.54,483.7,485.38,,,,
2015-04-22,485.36,488.08,482.55,487.55,,,,
2015-04-23,487.55,489.03,484.92,486.86,,,,
2015-04-24,486.86,486.86,483.75,484.84,,,,
2015-04-27,485.04,486.83,484.15,484.58,,,,
2015-04-28,484.19,485.95,480.57,485.9,,,,
2015-04-29,485.61,485.61,481.51,483.44,,,,
2015-04-30,482.67,483.24,477.65,479.26,,,,
2015-05-01,479.89,485.2,479.89,484.99,,,,
2015-05-04,485.08,488.54,485.08,485.7,,,,
2015-05-05,485.47,486.34,478.74,479.39,,,,
2015-05-06,479.77,481.7,475.99,478.62,,,,
2015-05-07,478.6,482.22,478.16,481.25,,,,
2015-05-08,481.73,488.1,481.73,486.99,,,,
2015-05-11,486.85,488.29,486.03,486.19,,,,
2015-05-12,485.72,487.11,482.51,485.8,,,,
2015-05-13,486.23,489.43,485.87,486.6,,,,
2015-05-14,487.05,491.75,487.05,491.15,,,,
2015-05-15,491.27,492.12,489.47,490.68,,,,
2015-05-18,490.46,492.24,490.01,491.66,,,,
2015-05-19,491.75,492.08,489.71,490.36,,,,
2015-05-20,490.55,490.55,487.63,488.57,,,,
2015-05-21,488.56,492.01,488.21,491.04,,,,
2015-05-22,490.97,491.3,488.76,488.89,,,,
2015-05-26,488.46,488.46,482.56,483.6,,,,
2015-05-27,484.1,486.98,483.68,486.32,,,,
2015-05-28,486.01,486.01,482.35,484.28,,,,
2015-05-29,483.99,483.99,478.59,479.48,,,,
2015-06-01,479.72,483,478.12,481.39,,,,
2015-06-02,481.05,484.36,478.73,482.22,,,,
2015-06-03,482.34,486.31,482.23,484.71,,,,
2015-06-04,484.21,484.21,478.65,479.18,,,,
2015-06-05,478.76,480.12,476.74,479.71,,,,
2015-06-08,479.53,479.66,476.13,476.18,,,,
2015-06-09,476,478.09,474.97,476.22,,,,
2015-06-10,476.69,482.06,476.69,481.09,,,,
2015-06-11,481.41,483.7,481.41,483.18,,,,
2015-06-12,482.51,482.51,479.44,480.65,,,,
2015-06-15,480.31,480.31,474.71,476.73,,,,
2015-06-16,476.62,477.81,475.13,477.12,,,,
2015-06-17,477.21,479.36,474.86,478.18,,,,
2015-06-18,478.59,484.17,478.59,482.77,,,,
2015-06-19,482.77,483.45,480.62,480.71,,,,
2015-06-22,480.99,484.54,480.99,483.2,,,,
2015-06-23,483.39,484.31,481.75,482.26,,,,
2015-06-24,482.27,482.27,477.73,477.73,,,,
2015-06-25,477.83,478.84,474.13,474.13,,,,
2015-06-26,474.23,476.23,473.92,475.01,,,,
2015-06-29,474.94,474.94,465.67,465.87,,,,
2015-06-30,467.36,470.25,465.31,466.37,,,,
2015-07-01,467.32,470.87,465.97,468.17,,,,
2015-07-02,468.5,469.78,466.62,467.93,,,,
2015-07-06,467.85,468.49,463.37,465.19,,,,
2015-07-07,465.25,469.43,460.5,468.98,,,,
2015-07-08,468.68,468.68,459.77,460.61,,,,
2015-07-09,461.28,467.08,461.28,462.23,,,,
2015-07-10,462.84,468.44,462.84,466.97,,,,
2015-07-13,467.16,472.07,467.16,471.81,,,,
2015-07-14,471.58,474.13,470.72,473.23,,,,
2015-07-15,473.22,473.46,470.6,471.66,,,,
2015-07-16,472.39,474.9,472.39,473.92,,,,
2015-07-17,473.91,474.66,472.64,473.91,,,,
2015-07-20,474.06,474.75,473.25,474.02,,,,
2015-07-21,473.74,473.74,468.24,468.98,,,,
2015-07-22,468.9,470.16,465.5,466.4,,,,
2015-07-23,466.52,467.26,461.03,462.07,,,,
2015-07-24,461.99,462.07,455.28,455.87,,,,
2015-07-27,455.54,455.54,452.06,453.97,,,,
2015-07-28,454.33,463.05,454.33,462.18,,,,
2015-07-29,462.15,468.14,462.1,467.88,,,,
2015-07-30,467.49,467.67,465.05,467.35,,,,
2015-07-31,467.72,469.21,466.56,467.04,,,,
2015-08-03,467.08,467.08,462.43,464.97,,,,
2015-08-04,464.75,467.36,463.69,464.42,,,,
2015-08-05,465.04,469.88,465.04,466.67,,,,
2015-08-06,466.79,467.32,463.56,464.61,,,,
2015-08-07,464.33,464.55,460.78,462.26,,,,
2015-08-10,462.96,471.46,462.96,471.04,,,,
2015-08-11,470.37,470.37,463.67,465.4,,,,
2015-08-12,463.98,466.1,458.15,465.33,,,,
2015-08-13,465.16,466.38,463.06,464.85,,,,
2015-08-14,464.81,468.14,464.43,467.79,,,,
2015-08-17,467.48,470.1,463.59,469.98,,,,
2015-08-18,469.81,469.94,468.49,469.22,,,,
2015-08-19,468.17,468.58,463.01,464.69,,,,
2015-08-20,464.31,464.31,454.87,454.88,,,,
2015-08-21,454.4,454.4,442.53,442.53,,,,
2015-08-24,442.44,442.44,421.81,427.74,,,,
2015-08-25,428.3,436.76,420.86,420.86,,,,
2015-08-26,421.12,434.44,421.12,433.9,,,,
2015-08-27,434.83,444.69,434.83,444.26,,,,
2015-08-28,444.05,445.07,441.95,444.84,,,,
2015-08-31,444.31,444.31,439.14,440.68,,,,
2015-09-01,440.37,440.37,426.96,429.08,,,,
2015-09-02,430.08,438.47,430.08,438.44,,,,
2015-09-03,438.58,443.13,437.5,438.79,,,,
2015-09-04,438.31,438.31,430.86,432.56,,,,
2015-09-08,433.4,444.82,433.4,444.64,,,,
2015-09-09,446.03,448.87,439.07,439.84,,,,
2015-09-10,439.66,443.05,438.16,440.22,,,,
2015-09-11,439.83,442.53,437.99,442.52,,,,
2015-09-14,442.53,442.62,439.41,440.43,,,,
2015-09-15,440.65,448.93,440.65,447.82,,,,
2015-09-16,447.76,452.49,447.65,451.82,,,,
2015-09-17,451.88,456.12,447.99,448.95,,,,
2015-09-18,448.69,448.69,438.55,439.64,,,,
2015-09-21,440.04,444.29,439.58,441.63,,,,
2015-09-22,441.22,441.22,432.66,435.7,,,,
2015-09-23,435.76,436.49,431.1,432.82,,,,
2015-09-24,432.18,432.18,424.41,429.79,,,,
2015-09-25,429.85,433.91,429.19,430.98,,,,
2015-09-28,430.63,430.63,422.35,422.45,,,,
2015-09-29,422.51,426.32,422.13,425.12,,,,
2015-09-30,426.25,432.12,426.25,431.78,,,,
2015-10-01,431.75,433.14,426.63,431.03,,,,
2015-10-02,429.82,436.06,424.05,436.05,,,,
2015-10-05,436.6,450.2,436.6,448.93,,,,
2015-10-06,448.64,451.6,448.54,448.82,,,,
2015-10-07,449.49,456.62,449.49,454.79,,,,
2015-10-08,454.42,462.38,452.91,461.27,,,,
2015-10-09,461.37,465.05,461.18,462.65,,,,
2015-10-12,462.71,463.16,460.64,463.14,,,,
2015-10-13,462.69,462.69,458.18,458.21,,,,
2015-10-14,458.26,458.98,452.63,453.54,,,,
2015-10-15,454.26,458.57,453.17,458.16,,,,
2015-10-16,458.2,459.84,454.64,457.07,,,,
2015-10-19,456.84,458.46,454.73,457.32,,,,
2015-10-20,457.04,461.78,455.13,459.79,,,,
2015-10-21,460.04,465.49,459.9,460.37,,,,
2015-10-22,460.51,474.93,460.51,473.18,,,,
2015-10-23,473.23,476.55,471.94,474.6,,,,
2015-10-26,474.57,476.04,472.8,473.94,,,,
2015-10-27,472.73,472.73,468.36,469.26,,,,
2015-10-28,469.53,472.7,466.99,472.48,,,,
2015-10-29,471.87,472.69,469.54,472.19,,,,
2015-10-30,472.47,473.86,471.13,471.16,,,,
2015-11-02,471.44,477.51,471.3,476.77,,,,
2015-11-03,476.11,478.44,475.21,476.82,,,,
2015-11-04,477.15,478.25,474.89,475.64,,,,
2015-11-05,475.75,477.21,472.94,476.05,,,,
2015-11-06,475.08,476.61,471.4,476.54,,,,
2015-11-09,475.84,475.84,468.58,472.7,,,,
2015-11-10,472.23,474.44,469.29,472.92,,,,
2015-11-11,473.21,476.41,473.04,474.26,,,,
2015-11-12,473.05,473.78,467.46,467.48,,,,
2015-11-13,467.15,469.19,464.71,465.56,,,,
2015-11-16,465.56,471.64,464.2,471.13,,,,
2015-11-17,471.39,473.3,468.94,470.17,,,,
2015-11-18,470.56,476.4,470.56,476.18,,,,
2015-11-19,476.34,478.56,475.87,477.84,,,,
2015-11-20,478.38,481.91,478.27,480.46,,,,
2015-11-23,480.43,481.4,476.99,478.41,,,,
2015-11-24,476.98,478.61,473.4,477.27,,,,
2015-11-25,477.61,477.99,476.12,476.73,,,,
2015-11-27,476.72,478.19,475.68,477.48,,,,
2015-11-30,477.55,477.94,474,474,,,,
2015-12-01,474.31,478.11,474.09,476.85,,,,
2015-12-02,476.65,477.24,471.11,471.9,,,,
2015-12-03,472.09,472.86,464.86,466.67,,,,
2015-12-04,467.16,473.6,466.27,473.47,,,,
2015-12-07,473.03,473.54,469.78,471.5,,,,
2015-12-08,470.03,470.03,463.22,464.14,,,,
2015-12-09,463.08,468.03,459.91,462.97,,,,
2015-12-10,463.33,468.24,462.73,465.2,,,,
2015-12-11,463.96,463.96,456.7,457.57,,,,
2015-12-14,457.8,459.49,453.12,458.55,,,,
2015-12-15,459.46,461.83,458.05,458.82,,,,
2015-12-16,460.08,468.36,460.08,467.02,,,,
2015-12-17,467.07,468.85,459.3,459.37,,,,
2015-12-18,459.3,459.3,452.33,452.38,,,,
2015-12-21,453.38,457.46,453.17,455.91,,,,
2015-12-22,456.93,462.68,456.42,461.43,,,,
2015-12-23,462.31,467.44,462.31,467.16,,,,
2015-12-24,466.86,468.03,466.14,466.79,,,,
2015-12-28,466.33,466.94,462.96,465.92,,,,
2015-12-29,466.76,471.32,466.76,470.27,,,,
2015-12-30,470.03,470.33,465.99,466.63,,,,
2015-12-31,465.89,467.19,462.44,463.53,,,,
2016-01-04,462.69,462.69,451.9,456.94,,,,
2016-01-05,457.23,458.73,454.18,457.88,,,,
2016-01-06,456.47,456.47,448.4,451.17,,,,
2016-01-07,450.24,450.24,437.23,438.56,,,,
2016-01-08,439.48,442.37,433.26,434.1,,,,
2016-01-11,434.73,436.9,430.27,434.43,,,,
2016-01-12,435.62,438.23,432.32,437.58,,,,
2016-01-13,437.8,440.13,426.22,427.44,,,,
2016-01-14,428.01,435.55,424.54,433.03,,,,
2016-01-15,431.58,431.58,420.22,424.82,,,,
2016-01-19,425.75,429.6,421.06,424.88,,,,
2016-01-20,423.83,423.83,409.1,419.13,,,,
2016-01-21,419.18,425.2,416.52,421.43,,,,
2016-01-22,422.22,427.24,420.81,424.64,,,,
2016-01-25,424.35,424.35,418.9,419.3,,,,
2016-01-26,420.09,427.41,420.09,426.95,,,,
2016-01-27,427,429.78,420.3,422.28,,,,
2016-01-28,422.78,425.84,420.68,424.84,,,,
2016-01-29,425.6,436.62,425.45,436.62,,,,
2016-02-01,435.71,437,430.17,435.2,,,,
2016-02-02,433.77,433.77,424.91,426.57,,,,
2016-02-03,427.55,433.81,422,433,,,,
2016-02-04,432.78,443.7,432.5,440.42,,,,
2016-02-05,439.74,440.32,433.77,435.8,,,,
2016-02-08,434.73,434.73,426.48,432,,,,
2016-02-09,430.27,437.37,428.08,434.32,,,,
2016-02-10,434.86,439.26,432.03,432.35,,,,
2016-02-11,431.11,431.11,418.43,423.68,,,,
2016-02-12,424.86,432.02,424.86,431.93,,,,
2016-02-16,432.12,441.27,432.12,440.59,,,,
2016-02-17,440.71,448.99,440.71,447.47,,,,
2016-02-18,447.49,448.44,445.41,446.8,,,,
2016-02-19,446.76,446.76,442.48,446.02,,,,
2016-02-22,446.56,455.54,446.56,453.56,,,,
2016-02-23,453.13,453.13,448,449.02,,,,
2016-02-24,448.21,450.2,440.99,449.48,,,,
2016-02-25,449.75,454.51,448.49,454.49,,,,
2016-02-26,454.82,458.17,454.82,455.03,,,,
2016-02-29,454.83,457.11,451.86,451.92,,,,
2016-03-01,452.81,461.47,452.81,460.93,,,,
2016-03-02,460.74,461.74,459.16,461.65,,,,
2016-03-03,461.51,464.79,460.96,464.41,,,,
2016-03-04,464.53,469.11,463.46,466.33,,,,
2016-03-07,465.69,467.57,464,467.23,,,,
2016-03-08,466.35,466.35,460.5,461.41,,,,
2016-03-09,461.9,463.72,461.29,462.52,,,,
2016-03-10,462.82,465.5,457.97,461.91,,,,
2016-03-11,463.2,469.52,463.2,468.56,,,,
2016-03-14,467.97,469.91,466.81,468.72,,,,
2016-03-15,468,468.21,464.15,468.18,,,,
2016-03-16,467.87,472.54,466.81,471.21,,,,
2016-03-17,471.62,481.75,471.62,480.62,,,,
2016-03-18,480.79,485.17,480.7,484.54,,,,
2016-03-21,484.17,486.39,482.99,485.73,,,,
2016-03-22,485.09,485.78,482.54,484.16,,,,
2016-03-23,484.02,484.02,481.07,481.34,,,,
2016-03-24,480.73,480.73,476.95,479.95,,,,
2016-03-28,480.08,481.8,478.35,480.71,,,,
2016-03-29,480.18,483.5,477.14,483.2,,,,
2016-03-30,483.67,488,483.67,485.46,,,,
2016-03-31,485.32,485.68,483.03,483.64,,,,
2016-04-01,483.24,485.12,477.32,484.44,,,,
2016-04-04,484.41,484.41,478.92,479.75,,,,
2016-04-05,479.11,479.11,475.33,477,,,,
2016-04-06,476.96,478.21,472.61,478.06,,,,
2016-04-07,477.76,477.76,473.07,474.53,,,,
2016-04-08,475.12,481.29,475.12,477.22,,,,
2016-04-11,477.4,481.56,476.31,476.33,,,,
2016-04-12,476.49,481.51,476.49,480.15,,,,
2016-04-13,480.84,487.03,480.84,486.71,,,,
2016-04-14,487.3,488.7,486,486.86,,,,
2016-04-15,486.95,487.62,486.15,487.08,,,,
2016-04-18,486.82,489.23,484.8,488.64,,,,
2016-04-19,489.31,492.81,489.31,491.13,,,,
2016-04-20,491.31,492.82,489.17,490.48,,,,
2016-04-21,490.46,491.73,488.34,488.83,,,,
2016-04-22,489,490.45,487.4,490.15,,,,
2016-04-25,489.7,489.75,485.15,487.18,,,,
2016-04-26,487.71,491.54,487.71,491.51,,,,
2016-04-27,491.52,496.07,490.36,494.97,,,,
2016-04-28,494.57,495.99,489.28,490.22,,,,
2016-04-29,488.98,489.52,484.72,487.65,,,,
2016-05-02,487.72,490.26,486.61,489.78,,,,
2016-05-03,489.52,489.52,482.74,485.81,,,,
2016-05-04,485.52,485.52,477.82,479.66,,,,
2016-05-05,479.88,482.01,478.48,479.1,,,,
2016-05-06,478.84,482.97,476.68,482.44,,,,
2016-05-09,482.37,482.48,479.35,480.24,,,,
2016-05-10,480.64,488.76,480.64,488.46,,,,
2016-05-11,488.42,489.56,484.49,484.49,,,,
2016-05-12,484.85,486.07,480.33,483.14,,,,
2016-05-13,482.77,483.88,475.88,477.34,,,,
2016-05-16,477.56,484.26,477.56,482.77,,,,
2016-05-17,482.51,485.11,478.71,480.3,,,,
2016-05-18,479.46,482.47,475.9,478.71,,,,
2016-05-19,478.47,478.47,470.87,474.16,,,,
2016-05-20,474.64,478.89,474.64,476.6,,,,
2016-05-23,476.38,477.41,474.08,475.52,,,,
2016-05-24,475.86,481.9,475.86,480.6,,,,
2016-05-25,481.12,485.08,481.12,483.75,,,,
2016-05-26,483.88,485.39,482.45,482.73,,,,
2016-05-27,482.83,483.92,482.68,483.85,,,,
2016-05-31,484.1,485.59,481.92,483.71,,,,
2016-06-01,482.89,484.08,479.25,483.81,,,,
2016-06-02,483.47,484.49,481.86,484.49,,,,
2016-06-03,484.34,485.03,480.4,484.39,,,,
2016-06-06,484.61,488.66,484.61,488.07,,,,
2016-06-07,488.27,492.12,488.27,490.13,,,,
2016-06-08,490.39,494.17,490.39,493.46,,,,
2016-06-09,492.77,493.77,490.58,493.41,,,,
2016-06-10,492.14,492.14,486.76,488.45,,,,
2016-06-13,487.94,487.94,482.95,483.04,,,,
2016-06-14,482.66,484.3,480.45,483.44,,,,
2016-06-15,484.13,487.15,483.3,483.57,,,,
2016-06-16,482.95,485.12,477.36,484.11,,,,
2016-06-17,484.24,485.77,482.21,484.27,,,,
2016-06-20,485.02,493.13,485.02,488.78,,,,
2016-06-21,489.04,490.07,487.93,488.53,,,,
2016-06-22,488.62,490.3,486.73,486.97,,,,
2016-06-23,488.02,492.56,488.02,492.56,,,,
2016-06-24,492.1,492.1,471.57,472.67,,,,
2016-06-27,471.51,471.51,459.34,461.99,,,,
2016-06-28,464.43,469.74,464.31,469.68,,,,
2016-06-29,471.08,478.68,471.08,477.94,,,,
2016-06-30,478.31,487.53,478.31,487.51,,,,
2016-07-01,487.74,491.12,487.42,489.3,,,,
2016-07-05,484.58,486.69,482.45,484.95,,,,
2016-07-06,484.35,487.43,479.87,487.3,,,,
2016-07-07,487.45,490.71,486.47,488.55,,,,
2016-07-08,489.16,498.72,489.16,497.86,,,,
2016-07-11,498.41,502.09,498.41,500.65,,,,
2016-07-12,501.77,506.03,501.77,505.14,,,,
2016-07-13,505.62,506.93,503.58,506.48,,,,
2016-07-14,507.19,511.73,507.19,510.23,,,,
2016-07-15,510.5,511.63,509.3,510.58,,,,
2016-07-18,510.42,510.83,508.58,509.97,,,,
2016-07-19,509.52,511.02,507.64,510.25,,,,
2016-07-20,510.46,512.98,509.94,511.27,,,,
2016-07-21,510.76,510.79,505.02,506.02,,,,
2016-07-22,506.35,506.49,501.54,506.49,,,,
2016-07-25,506.17,506.17,502.18,503.61,,,,
2016-07-26,503.91,507.26,503.39,507.26,,,,
2016-07-27,507.65,508.56,503.43,504.98,,,,
2016-07-28,504.53,506.18,502.56,505.27,,,,
2016-07-29,504.79,505.18,501.94,503.83,,,,
2016-08-01,503.7,504.67,501.32,503.28,,,,
2016-08-02,503.22,503.22,497.23,498.63,,,,
2016-08-03,498.5,500.71,498.11,500.62,,,,
2016-08-04,500.94,502.39,499.99,500.73,,,,
2016-08-05,501.49,506.06,501.49,505.83,,,,
2016-08-08,506.17,508.13,505.14,505.79,,,,
2016-08-09,506.24,507.3,505.22,506.05,,,,
2016-08-10,506.31,506.67,504.15,505.59,,,,
2016-08-11,506.02,509.29,506.02,508.68,,,,
2016-08-12,508.24,508.24,506.24,506.99,,,,
2016-08-15,507.5,510.85,507.5,510.07,,,,
2016-08-16,509.44,509.44,507.64,507.86,,,,
2016-08-17,507.89,509.51,506.55,509.36,,,,
2016-08-18,509.05,510.34,508.41,510.34,,,,
2016-08-19,509.46,510.88,507.35,510.37,,,,
2016-08-22,509.74,510.95,508.22,509.98,,,,
2016-08-23,511.3,512.94,510.16,510.17,,,,
2016-08-24,509.61,510.09,507.96,508.72,,,,
2016-08-25,508.05,509.6,507.04,508.3,,,,
2016-08-26,509.02,511.79,505.52,506.87,,,,
2016-08-29,507.11,510.26,507.01,509.52,,,,
2016-08-30,509.48,510.14,507.6,508.77,,,,
2016-08-31,507.96,507.96,504.25,506.25,,,,
2016-09-01,506.45,507.68,502.57,506.55,,,,
2016-09-02,507.92,510.48,507.23,508.64,,,,
2016-09-06,509.02,509.6,505.03,507.18,,,,
2016-09-07,506.92,508.62,506.21,507.86,,,,
2016-09-08,507.2,507.71,506.05,507.46,,,,
2016-09-09,505.18,505.18,493.24,493.25,,,,
2016-09-12,491.65,500.91,489.63,499.67,,,,
2016-09-13,497.37,497.37,490.88,491.97,,,,
2016-09-14,491.71,494.72,489.91,491.24,,,,
2016-09-15,490.54,495.44,489.21,494.59,,,,
2016-09-16,494.19,494.19,489.66,490.79,,,,
2016-09-19,492.04,495.88,491.51,492.46,,,,
2016-09-20,494.19,496.37,493.08,493.1,,,,
2016-09-21,493.96,499.95,493.96,499.45,,,,
2016-09-22,500.94,504.45,500.94,503.03,,,,
2016-09-23,502.14,502.14,499.74,499.77,,,,
2016-09-26,498.69,499.58,496.69,497.36,,,,
2016-09-27,497.23,501.88,496.45,501.37,,,,
2016-09-28,501.8,504.96,500.51,504.71,,,,
2016-09-29,503.99,506.36,499.76,500.69,,,,
2016-09-30,501.98,506.67,501.98,504.87,,,,
2016-10-03,503.97,505.68,502.52,505.07,,,,
2016-10-04,505.9,506.59,500.31,501.16,,,,
2016-10-05,501.89,504.79,501.89,504.03,,,,
2016-10-06,503.75,504.19,501.41,503.74,,,,
2016-10-07,503.26,503.26,495.31,497.63,,,,
2016-10-10,498.54,501.05,497.18,497.66,,,,
2016-10-11,497.16,497.16,490.68,492.68,,,,
2016-10-12,492.81,494.99,491.56,493.51,,,,
2016-10-13,491.7,494.77,488.61,493.62,,,,
2016-10-14,495.27,498.08,494.5,494.52,,,,
2016-10-17,494.3,495.79,493.21,493.46,,,,
2016-10-18,494.85,497.12,494.06,494.41,,,,
2016-10-19,494.73,497.39,494.33,496.04,,,,
2016-10-20,495.3,495.51,492.47,493.4,,,,
2016-10-21,492.05,492.84,487.46,492.59,,,,
2016-10-24,493.77,496.94,493.48,493.87,,,,
2016-10-25,493.35,493.58,491.25,491.9,,,,
2016-10-26,490.33,496.42,488.61,493.94,,,,
2016-10-27,494.61,495.39,489.34,490.33,,,,
2016-10-28,490.86,496.93,490.77,493.49,,,,
2016-10-31,495.14,496.38,494.32,494.44,,,,
2016-11-01,494.92,495.9,487.91,490.42,,,,
2016-11-02,490.22,491.85,487.36,488.45,,,,
2016-11-03,489.35,489.35,486.08,487.08,,,,
2016-11-04,487.34,491.96,486.53,487.91,,,,
2016-11-07,491.58,499.95,491.58,499.85,,,,
2016-11-08,499.57,504.12,498.94,502.78,,,,
2016-11-09,501,516.7,500.22,514.64,,,,
2016-11-10,515.99,526.38,515.99,525.22,,,,
2016-11-11,524.3,526.73,522.35,526.73,,,,
2016-11-14,527.48,530.52,527.48,528.91,,,,
2016-11-15,529.23,530.67,525.8,530.66,,,,
2016-11-16,529.64,529.67,525.72,527.13,,,,
2016-11-17,527.5,528.7,527.09,528.25,,,,
2016-11-18,528.09,528.59,526.66,528.21,,,,
2016-11-21,529.28,531.1,528.79,530.84,,,,
2016-11-22,531.7,533.9,531.66,533.41,,,,
2016-11-23,533.42,537.89,533.42,537.62,,,,
2016-11-25,537.94,540.24,537.94,540.24,,,,
2016-11-28,539.44,539.44,536.05,536.26,,,,
2016-11-29,535.82,538.29,535.16,536.67,,,,
2016-11-30,536.89,540.64,536.36,536.36,,,,
2016-12-01,536.9,541.61,536.76,540.54,,,,
2016-12-02,540.69,542.03,539.19,540.16,,,,
2016-12-05,542.26,543.37,538.6,539.52,,,,
2016-12-06,539.11,541.22,537.62,540.88,,,,
2016-12-07,540.75,550.68,540.35,550.51,,,,
2016-12-08,550.03,550.17,546.6,547.74,,,,
2016-12-09,547.9,550.79,547.42,550.37,,,,
2016-12-12,548.29,549.3,544.81,548.31,,,,
2016-12-13,549.11,550.5,545.82,547.58,,,,
2016-12-14,546.99,548.78,541.6,542.24,,,,
2016-12-15,542.19,546.43,541.96,542.4,,,,
2016-12-16,543.55,545.55,541.1,541.54,,,,
2016-12-19,542.04,545.31,542.04,544.75,,,,
2016-12-20,545.64,548.41,545.64,548.15,,,,
2016-12-21,547.73,547.97,545.94,545.94,,,,
2016-12-22,545.29,545.61,543.27,544.64,,,,
2016-12-23,544.46,545.5,543.92,545.02,,,,
2016-12-27,545.5,547,545.38,545.87,,,,
2016-12-28,546.09,546.66,540.3,540.48,,,,
2016-12-29,540.88,542.65,539.21,540.27,,,,
2016-12-30,540.55,541.18,536.51,538.07,,,,
2017-01-03,540.94,545.03,539.22,541.64,,,,
2017-01-04,542.86,545.07,542.76,544.52,,,,
2017-01-05,543.94,546.72,539.84,542.53,,,,
2017-01-06,543.06,547.2,541.11,545.48,,,,
2017-01-09,544.93,545.06,541.41,541.72,,,,
2017-01-10,542.35,545.81,541.56,543.43,,,,
2017-01-11,543.75,546.8,543.42,546.47,,,,
2017-01-12,546.02,546.02,539.2,544.5,,,,
2017-01-13,544.98,546.72,544.98,546.27,,,,
2017-01-17,544.44,544.48,540.65,541.99,,,,
2017-01-18,541.18,544.85,540.15,544,,,,
2017-01-19,547.12,550.01,544.29,547.2,,,,
2017-01-20,546.99,547.66,544.18,547,,,,
2017-01-23,546.79,547.29,540.6,543.19,,,,
2017-01-24,543.7,549.82,542.84,548.71,,,,
2017-01-25,551.82,554.93,551.41,554.4,,,,
2017-01-26,554.48,557.92,553.18,555.84,,,,
2017-01-27,556.86,557.33,554.05,554.79,,,,
2017-01-30,552.04,552.04,546.15,550.56,,,,
2017-01-31,547.77,547.88,542.69,545.43,,,,
2017-02-01,545.49,547.88,541.67,544.66,,,,
2017-02-02,543.24,544.79,541.05,543.21,,,,
2017-02-03,544.61,547.84,544.17,547.42,,,,
2017-02-06,547.12,549.23,546.17,547.69,,,,
2017-02-07,549.55,551.49,548.04,548.6,,,,
2017-02-08,548.07,548.27,546.09,547.96,,,,
2017-02-09,548.09,552.96,548.09,552.01,,,,
2017-02-10,553.54,556.54,552.93,556.14,,,,
2017-02-13,558.09,562.58,558.09,561.64,,,,
2017-02-14,561.06,561.98,559.03,561.98,,,,
2017-02-15,561.39,565.29,560.94,564.63,,,,
2017-02-16,564.42,564.76,561.26,564.75,,,,
2017-02-17,563.93,565.73,561.9,565.73,,,,
2017-02-21,566.05,569.01,566.01,568.44,,,,
2017-02-22,567.11,567.11,565.1,566.79,,,,
2017-02-23,566.94,567.37,560.86,562.42,,,,
2017-02-24,560.72,565.07,558.79,565.07,,,,
2017-02-27,564.32,566.9,563.16,566.73,,,,
2017-02-28,567.03,567.47,563.08,563.99,,,,
2017-03-01,568.17,575.29,568.17,573.26,,,,
2017-03-02,572.4,572.4,567.3,567.71,,,,
2017-03-03,567.88,568.75,565.4,568.13,,,,
2017-03-06,565.89,566.97,564.59,566.32,,,,
2017-03-07,565.7,566.83,563.99,564.51,,,,
2017-03-08,564.53,565.43,561.79,562.53,,,,
2017-03-09,562.21,563.59,557.87,559.94,,,,
2017-03-10,561.89,563.84,559.22,563.67,,,,
2017-03-13,563.51,564.39,561.59,563.15,,,,
2017-03-14,561.37,561.37,556.9,558,,,,
2017-03-15,558.54,565.74,558.27,564.2,,,,
2017-03-16,564.62,565.25,561.13,562.15,,,,
2017-03-17,562.98,566.04,562.24,564.64,,,,
2017-03-20,565.15,565.62,562.97,563.55,,,,
2017-03-21,564.78,565.31,554.28,554.95,,,,
2017-03-22,555.7,557.96,553,557.04,,,,
2017-03-23,556.99,559.77,555.23,556.22,,,,
2017-03-24,556.33,558.32,552.61,554.62,,,,
2017-03-27,550.61,553.84,546.88,552.66,,,,
2017-03-28,551.91,560.38,551.25,558.64,,,,
2017-03-29,557.3,558.8,556.59,558.31,,,,
2017-03-30,558.15,562.16,558.01,561.28,,,,
2017-03-31,560.35,561.93,559.57,559.63,,,,
2017-04-03,559.86,561.32,554.96,558.4,,,,
2017-04-04,557.98,559.65,557.09,559.47,,,,
2017-04-05,560.88,566.26,557.21,557.74,,,,
2017-04-06,557.72,561.85,557.35,559.45,,,,
2017-04-07,559.88,562.22,558.93,560.03,,,,
2017-04-10,560.36,564.33,560.08,561.25,,,,
2017-04-11,560.52,562.21,557,562.1,,,,
2017-04-12,561.7,561.84,554.18,554.68,,,,
2017-04-13,553.8,555.66,550.91,550.91,,,,
2017-04-17,552.21,556.58,551.8,556.54,,,,
2017-04-18,555.17,556.86,552.73,555.03,,,,
2017-04-19,556.86,558.73,554.63,555.71,,,,
2017-04-20,557.79,563.95,557.79,561.73,,,,
2017-04-21,562.42,564.3,560.5,562.08,,,,
2017-04-24,567.24,570.37,567.24,569.44,,,,
2017-04-25,570.86,573.58,570.5,572.51,,,,
2017-04-26,572.79,575.26,571.69,571.69,,,,
2017-04-27,571.85,573.68,569.66,571.62,,,,
2017-04-28,572.96,573.24,568.63,569.18,,,,
2017-05-01,569.86,570.02,566.46,567.3,,,,
2017-05-02,568.37,570.37,567.66,570.37,,,,
2017-05-03,568.94,571.37,567.31,570.8,,,,
2017-05-04,571.47,572.49,568.09,571.06,,,,
2017-05-05,571.22,574.28,570.89,574.28,,,,
2017-05-08,573.89,574.51,571.73,572.56,,,,
2017-05-09,573.01,574.58,572.56,573.68,,,,
2017-05-10,573.33,573.37,569.15,571.43,,,,
2017-05-11,570.65,571.83,566.16,571.26,,,,
2017-05-12,569.13,569.13,566.16,567.56,,,,
2017-05-15,567.79,570.49,567.79,570.14,,,,
2017-05-16,570.93,571.14,567.61,569.42,,,,
2017-05-17,565.57,565.57,557.45,557.71,,,,
2017-05-18,556.45,561.68,552.81,558.61,,,,
2017-05-19,560.44,568.3,560.44,566.2,,,,
2017-05-22,569.17,570.83,568.47,570.15,,,,
2017-05-23,570.73,571.75,568.86,571.27,,,,
2017-05-24,571.61,574.06,569.83,571.61,,,,
2017-05-25,572.95,575.7,572.28,575.15,,,,
2017-05-26,574.65,576.25,574,575.69,,,,
2017-05-30,574.41,575.77,572.96,574.93,,,,
2017-05-31,575.51,576.16,572.31,575.95,,,,
2017-06-01,577.14,581.22,575.99,579.88,,,,
2017-06-02,581,584.99,580.84,582.73,,,,
2017-06-05,582.39,583.06,580.18,580.19,,,,
2017-06-06,579.18,579.26,576.52,576.52,,,,
2017-06-07,576.72,576.72,573.16,575.71,,,,
2017-06-08,575.74,578.56,574.9,577.49,,,,
2017-06-09,577.96,580.47,576.88,579.87,,,,
2017-06-12,582.78,583.7,578.95,582.53,,,,
2017-06-13,583.15,584.72,582.73,584.55,,,,
2017-06-14,585.16,585.57,582.36,583.98,,,,
2017-06-15,581.48,587.27,580.82,587.22,,,,
2017-06-16,587.79,589.36,587,589.36,,,,
2017-06-19,590.55,593.35,590.17,592.65,,,,
2017-06-20,591.5,591.51,585.81,585.81,,,,
2017-06-21,586.41,586.66,581.28,581.9,,,,
2017-06-22,582.36,582.64,580.78,580.78,,,,
2017-06-23,581.21,584.02,579.96,583.04,,,,
2017-06-26,583.83,586.83,582.58,582.89,,,,
2017-06-27,582.57,582.67,578.12,578.12,,,,
2017-06-28,580.29,584.43,580.29,583.28,,,,
2017-06-29,583.51,584.07,575.12,578.5,,,,
2017-06-30,579.93,585.47,579.84,582.92,,,,
2017-07-03,584.45,588.43,584.45,586.37,,,,
2017-07-05,586.65,588.67,585.35,588.08,,,,
2017-07-06,585.82,586.98,581.49,582.4,,,,
2017-07-07,582.88,588.26,582.88,586.76,,,,
2017-07-10,586.12,590.73,585.56,587.84,,,,
2017-07-11,587.69,588.67,583.67,587.65,,,,
2017-07-12,590.21,593.69,590.21,591.03,,,,
2017-07-13,591.04,591.95,589.58,590.75,,,,
2017-07-14,590.98,594.61,590.98,593.52,,,,
2017-07-17,592.96,594.03,591.56,592.99,,,,
2017-07-18,592.26,592.33,590.02,591.47,,,,
2017-07-19,591.03,592.46,590.11,592.4,,,,
2017-07-20,592.5,593.29,588.52,588.8,,,,
2017-07-21,584.26,587.54,583.42,587.51,,,,
2017-07-24,587.25,587.39,585.05,585.19,,,,
2017-07-25,586.92,587.47,583.15,584.83,,,,
2017-07-26,586.43,586.49,584.44,585.75,,,,
2017-07-27,584.48,585,580.09,582.56,,,,
2017-07-28,582.17,584.15,580.6,583.81,,,,
2017-07-31,584.56,586,582.99,582.99,,,,
2017-08-01,583.38,584.46,580.1,581.73,,,,
2017-08-02,581.2,584.31,580.91,584.31,,,,
2017-08-03,584.43,587.03,583.44,587.03,,,,
2017-08-04,587.65,588.43,585.94,588.4,,,,
2017-08-07,588.3,588.73,586.74,587.84,,,,
2017-08-08,587.2,589.68,585.46,586.11,,,,
2017-08-09,585.62,586.71,584.57,586.11,,,,
2017-08-10,585.28,585.28,578.19,578.27,,,,
2017-08-11,578.56,581.47,578.2,578.9,,,,
2017-08-14,581.31,585.36,581.31,584.76,,,,
2017-08-15,584.51,584.98,582.46,583.4,,,,
2017-08-16,584.03,585.86,583.88,584.27,,,,
2017-08-17,583.06,583.06,574.29,574.29,,,,
2017-08-18,573.88,575.89,571.05,572.31,,,,
2017-08-21,572.36,573.29,570.35,572.83,,,,
2017-08-22,573.84,579.76,573.84,579.2,,,,
2017-08-23,577.62,577.62,573.92,573.97,,,,
2017-08-24,575.07,575.29,571.46,571.73,,,,
2017-08-25,573.09,576.57,573.05,574.27,,,,
2017-08-28,575.19,576.16,573.43,574.31,,,,
2017-08-29,572.56,578.36,571.63,578.04,,,,
2017-08-30,578.04,580.02,577.21,579.91,,,,
2017-08-31,581.26,583.16,580.13,582.01,,,,
2017-09-01,582.95,585.18,582.64,582.9,,,,
2017-09-05,581.37,581.37,575.56,576.57,,,,
2017-09-06,577.63,579.14,576.85,577.19,,,,
2017-09-07,576.56,577.7,574.88,577.56,,,,
2017-09-08,576.08,580.51,574.18,579.53,,,,
2017-09-11,581.09,584.67,581.09,584.51,,,,
2017-09-12,585.15,587.6,585.15,587.53,,,,
2017-09-13,587.1,587.4,585.51,586.76,,,,
2017-09-14,586.19,589.67,585.28,589.51,,,,
2017-09-15,588.94,591.56,588.66,591.55,,,,
2017-09-18,592.51,595.51,592.13,594.95,,,,
2017-09-19,595,596.05,594.66,595.43,,,,
2017-09-20,595.28,599.58,595.28,599.46,,,,
2017-09-21,599.46,602.06,598.16,601.47,,,,
2017-09-22,601.5,603.63,601.49,603.11,,,,
2017-09-25,603.01,603.61,599.2,603.1,,,,
2017-09-26,603.05,604.24,602.87,603.04,,,,
2017-09-27,604.06,605.84,602.03,603.22,,,,
2017-09-28,602.07,603.2,600.37,602.67,,,,
2017-09-29,602.4,604.42,601.23,604.38,,,,
2017-10-02,604.34,608.67,604.02,608.67,,,,
2017-10-03,608.68,611.59,608.11,611.59,,,,
2017-10-04,611.23,612.2,610.19,611.25,,,,
2017-10-05,610.54,612.95,609.58,612.66,,,,
2017-10-06,611.85,612.99,609.95,612.37,,,,
2017-10-09,612.24,612.65,609.01,609.97,,,,
2017-10-10,612.33,612.97,610.18,610.67,,,,
2017-10-11,610.09,610.69,608.78,610.45,,,,
2017-10-12,609.98,614,609.67,613.59,,,,
2017-10-13,614.89,616.38,611.79,612.01,,,,
2017-10-16,612.54,613.44,611.08,613.08,,,,
2017-10-17,611.5,612.37,610.1,611.34,,,,
2017-10-18,611.62,613.27,610.99,611.74,,,,
2017-10-19,610.58,613.5,608.07,613.37,,,,
2017-10-20,611.44,619.96,611.44,619.96,,,,
2017-10-23,620.15,620.15,614.9,614.97,,,,
2017-10-24,616.64,620.61,616.64,618.26,,,,
2017-10-25,617.09,617.28,609.02,611.9,,,,
2017-10-26,613.75,615.4,611.25,612.77,,,,
2017-10-27,612.59,614.35,611.59,612.26,,,,
2017-10-30,610.93,611.17,607.48,607.77,,,,
2017-10-31,608.79,608.79,605.06,605.29,,,,
2017-11-01,607.44,608.77,604.75,604.91,,,,
2017-11-02,604.96,608.35,602.89,608.16,,,,
2017-11-03,608.05,608.64,605.96,607.57,,,,
2017-11-06,608.32,609.18,607.47,607.73,,,,
2017-11-07,608.02,609.97,607.94,609.15,,,,
2017-11-08,608.33,608.68,606.84,607.98,,,,
2017-11-09,605.52,605.52,597.83,600.22,,,,
2017-11-10,599.2,601.93,597.87,600.98,,,,
2017-11-13,599.3,599.3,596.88,597.94,,,,
2017-11-14,596.05,596.54,593.69,595.54,,,,
2017-11-15,593.44,594.62,590.92,592.51,,,,
2017-11-16,593.95,598.2,593.95,597.47,,,,
2017-11-17,596.08,596.55,594.2,594.59,,,,
2017-11-20,594.84,597.56,594.67,597.06,,,,
2017-11-21,598.25,601.36,598.17,600.92,,,,
2017-11-22,601.69,602.56,601.07,601.75,,,,
2017-11-24,602.92,603.4,601.6,601.75,,,,
2017-11-27,601.83,603.76,601.83,602.86,,,,
2017-11-28,603.91,611.96,603.77,611.81,,,,
2017-11-29,611.89,617.49,611.89,617.24,,,,
2017-11-30,618.23,628.3,618.23,626.69,,,,
2017-12-01,626.74,626.79,612.53,619.37,,,,
2017-12-04,624.22,631.67,624.22,624.55,,,,
2017-12-05,625.54,625.8,618.71,618.99,,,,
2017-12-06,618.99,621.79,618.99,619.73,,,,
2017-12-07,619.49,626.72,619.37,625.3,,,,
2017-12-08,626.69,628.26,625.51,627.82,,,,
2017-12-11,628.16,628.49,625.56,626.51,,,,
2017-12-12,627.89,629.25,626.94,627.3,,,,
2017-12-13,627.61,632.98,627.61,629.53,,,,
2017-12-14,630.52,631.82,625.37,625.46,,,,
2017-12-15,625.46,631.33,625.46,629.88,,,,
2017-12-18,631.48,634.88,631.48,634.11,,,,
2017-12-19,635,635.56,632.67,634.16,,,,
2017-12-20,636.34,637.46,635.1,636.08,,,,
2017-12-21,637.44,637.95,635.23,636.48,,,,
2017-12-22,637.02,637.38,635.05,636.69,,,,
2017-12-26,636.76,639.29,636.43,637.02,,,,
2017-12-27,637.63,638.8,637.06,638.62,,,,
2017-12-28,639.1,639.83,637.23,639.66,,,,
2017-12-29,640.18,640.97,637.81,637.81,,,,
2018-01-02,639.31,642.65,637.91,642.65,,,,
2018-01-03,643.63,646.32,642.35,646.02,,,,
2018-01-04,647.65,651.46,647.65,650.89,,,,
2018-01-05,652.44,655.66,650.64,655.66,,,,
2018-01-08,656.85,658.21,655.39,658.02,,,,
2018-01-09,658.58,663.66,658.58,662,,,,
2018-01-10,661.75,664.49,659.21,662.55,,,,
2018-01-11,664.39,671.1,663.99,671.06,,,,
2018-01-12,672.33,677.61,672.33,676.88,,,,
2018-01-16,678.51,680.07,667.71,670.62,,,,
2018-01-17,670.61,674.26,669.22,673.68,,,,
2018-01-18,673.64,675.33,669.03,669.56,,,,
2018-01-19,670.28,671.28,667.91,670.9,,,,
2018-01-22,669.6,670.81,665.86,670.69,,,,
2018-01-23,671.08,672.27,668.26,671.63,,,,
2018-01-24,671.81,674.19,666.54,670.11,,,,
2018-01-25,670.69,673.12,665.6,671.14,,,,
2018-01-26,672.7,678.74,670.6,678.74,,,,
2018-01-29,677.61,680.89,674.22,674.38,,,,
2018-01-30,670.86,671.78,665.94,668.63,,,,
2018-01-31,674.09,677.33,668.92,671.32,,,,
2018-02-01,667.44,675.17,666.07,670.05,,,,
2018-02-02,667.75,667.75,656.24,656.51,,,,
2018-02-05,652.59,657.57,622.5,627.23,,,,
2018-02-06,620.13,639.51,612.92,637.69,,,,
2018-02-07,636.45,649.06,636.14,639.42,,,,
2018-02-08,639.08,639.08,614.09,614.18,,,,
2018-02-09,617.86,626.02,601.41,620.86,,,,
2018-02-12,623.26,635.15,621.88,630.63,,,,
2018-02-13,628.9,633.69,626.72,632.15,,,,
2018-02-14,630.15,640.64,628.58,639.84,,,,
2018-02-15,643.36,649.18,639.41,649.1,,,,
2018-02-16,648.82,655.79,647.14,649.44,,,,
2018-02-20,647.73,649.18,640.55,642.75,,,,
2018-02-21,643.26,654.18,642.65,642.7,,,,
2018-02-22,644.48,652.71,644.48,646.47,,,,
2018-02-23,648.99,651.68,645.97,651.61,,,,
2018-02-26,653.89,661.75,652.32,660.67,,,,
2018-02-27,660.92,665.14,652.44,652.52,,,,
2018-02-28,654.21,656.05,642.63,642.76,,,,
2018-03-01,643.08,647.24,627,630.39,,,,
2018-03-02,626.82,631.8,620.64,629.89,,,,
2018-03-05,628,639.2,624.08,637.49,,,,
2018-03-06,639.42,642.03,635.68,640.55,,,,
2018-03-07,637.31,641.73,632.97,640.5,,,,
2018-03-08,641.51,644.24,637.62,643.62,,,,
2018-03-09,646.77,657.64,645.91,657.58,,,,
2018-03-12,658.35,658.7,648.66,649.91,,,,
2018-03-13,650.53,654.53,645.07,646.4,,,,
2018-03-14,647.66,649.44,637.39,639.08,,,,
2018-03-15,640.27,644.69,637.02,641.16,,,,
2018-03-16,641.26,646.47,640.95,644.55,,,,
2018-03-19,643.09,643.09,634.3,639.26,,,,
2018-03-20,640.4,645.05,640.22,641.43,,,,
2018-03-21,641.08,648.63,639.63,642.19,,,,
2018-03-22,637.91,637.91,620.33,621.15,,,,
2018-03-23,622.06,626.69,611.55,612.52,,,,
2018-03-26,619.35,627.45,615.32,626.62,,,,
2018-03-27,627.81,632.91,614.83,618.05,,,,
2018-03-28,618.6,620.72,611.17,615.66,,,,
2018-03-29,617.55,629.48,617.5,624.95,,,,
2018-04-02,623.86,624.06,603.83,612.04,,,,
2018-04-03,613.86,620.72,611.01,620.51,,,,
2018-04-04,608.85,623.74,606.45,623.15,,,,
2018-04-05,624.49,630.94,624.49,629.4,,,,
2018-04-06,626.06,626.9,606.68,612.2,,,,
2018-04-09,615.24,619.98,609.28,610.09,,,,
2018-04-10,614.63,622.94,614.63,619.44,,,,
2018-04-11,615.17,619.72,613.94,614.77,,,,
2018-04-12,617.04,626.11,617.04,623.67,,,,
2018-04-13,626.19,627.75,619.18,622.18,,,,
2018-04-16,625.04,630.27,624.96,628.39,,,,
2018-04-17,630.96,636.19,630.96,633.66,,,,
2018-04-18,636.37,642.42,636.37,640.12,,,,
2018-04-19,639.91,640.98,634.28,638.26,,,,
2018-04-20,641.01,641.73,633.39,635.52,,,,
2018-04-23,636.18,638.28,631.82,635.03,,,,
2018-04-24,637.54,638.46,609.42,617.14,,,,
2018-04-25,618.63,620.65,609.54,618.85,,,,
2018-04-26,618.71,619.6,611.17,616.23,,,,
2018-04-27,615.59,616.33,611.44,615.51,,,,
2018-04-30,616.01,617.86,607.15,607.17,,,,
2018-05-01,606.71,606.82,595.27,604.39,,,,
2018-05-02,603.58,606.49,598.4,599.01,,,,
2018-05-03,597.36,603.24,588.61,600.31,,,,
2018-05-04,598.05,609.24,595.36,607.15,,,,
2018-05-07,608.27,612.99,608.25,611.36,,,,
2018-05-08,611.07,616.56,610.63,615.75,,,,
2018-05-09,616.43,624.25,616.43,622.56,,,,
2018-05-10,623.86,627.35,623.68,626.41,,,,
2018-05-11,626.67,630.15,625.91,627.76,,,,
2018-05-14,629.07,630.83,625.08,626.54,,,,
2018-05-15,624.85,624.85,621.69,624.24,,,,
2018-05-16,624.4,628.61,624.06,626.56,,,,
2018-05-17,626.38,631.08,625.38,628.47,,,,
2018-05-18,628.53,633.06,627.96,631.92,,,,
2018-05-21,637.04,644.21,637.04,641.62,,,,
2018-05-22,642.04,642.73,633.36,633.61,,,,
2018-05-23,631.54,632.87,627.68,632.68,,,,
2018-05-24,632.69,636.95,630.72,636.47,,,,
2018-05-25,635.63,636.89,633.2,635.28,,,,
2018-05-29,632.13,632.13,621.9,624.9,,,,
2018-05-30,626.71,633.92,626.58,632.69,,,,
2018-05-31,632.11,632.15,622.15,623.49,,,,
2018-06-01,626.2,631.84,626.2,630.67,,,,
2018-06-04,631.86,635.66,629.01,629.84,,,,
2018-06-05,630.22,631.77,627.92,630.93,,,,
2018-06-06,631.43,636.59,630.07,636.59,,,,
2018-06-07,636.77,639.35,634.56,637.9,,,,
2018-06-08,637.5,640.8,636.22,640.62,,,,
2018-06-11,640.99,643.7,640.05,641.6,,,,
2018-06-12,642.08,643.33,639.62,641.14,,,,
2018-06-13,641.33,641.33,635.78,635.9,,,,
2018-06-14,636.74,639.66,632.08,633.36,,,,
2018-06-15,631.4,632.64,625.06,631.75,,,,
2018-06-18,628.47,630.21,625.34,629.34,,,,
2018-06-19,625.01,625.01,613.67,615.87,,,,
2018-06-20,617.12,618.14,614.14,615.98,,,,
2018-06-21,614.6,614.6,606.52,608.67,,,,
2018-06-22,611.86,613.8,609.9,610.32,,,,
2018-06-25,607.95,607.95,598.9,602.73,,,,
2018-06-26,605.16,607.91,603.79,604.7,,,,
2018-06-27,606.53,613.76,599.94,599.95,,,,
2018-06-28,599.35,603.46,595.42,600.89,,,,
2018-06-29,602.24,608.69,602,602.1,,,,
2018-07-02,598.68,603.49,596.05,603.27,,,,
2018-07-03,604.31,608.35,599.89,601.02,,,,
2018-07-05,603.09,604.49,598.68,604.07,,,,
2018-07-06,603.7,608.19,600.45,606.4,,,,
2018-07-09,607.58,617.86,607.5,617.36,,,,
2018-07-10,618.16,621.05,616.49,619.48,,,,
2018-07-11,616.53,616.53,608.24,609.47,,,,
2018-07-12,611.19,617.17,610.42,616.29,,,,
2018-07-13,616.2,620.82,616.1,619.95,,,,
2018-07-16,620.77,622.09,615.87,617.22,,,,
2018-07-17,616.74,620.43,615.18,619.56,,,,
2018-07-18,622.06,628.14,621.38,626.54,,,,
2018-07-19,625.43,627.46,621.57,626.09,,,,
2018-07-20,624.15,627.79,622.73,625.4,,,,
2018-07-23,623.98,623.98,620.56,621.54,,,,
2018-07-24,622.24,627.71,621.51,624.67,,,,
2018-07-25,623.28,633.45,621.29,633,,,,
2018-07-26,632.26,639.64,632.26,638.34,,,,
2018-07-27,639.04,641.19,635.67,638.34,,,,
2018-07-30,638.34,642.58,631.67,632.36,,,,
2018-07-31,634.14,646.72,634.14,645.78,,,,
2018-08-01,644.61,644.71,635.94,637.5,,,,
2018-08-02,636.29,637.34,631.11,636.44,,,,
2018-08-03,636.83,637.41,633.25,636.98,,,,
2018-08-06,637.2,638.26,634.24,637.76,,,,
2018-08-07,638.52,643.36,638.33,642.24,,,,
2018-08-08,642.18,642.58,639.01,639.6,,,,
2018-08-09,639.62,640.58,635.49,635.94,,,,
2018-08-10,634.83,634.83,628.64,630.79,,,,
2018-08-13,631.32,632.94,625.57,627.51,,,,
2018-08-14,628.27,633.96,628.27,631.62,,,,
2018-08-15,630.11,630.11,621.21,628.56,,,,
2018-08-16,630.28,637.52,630.28,635.85,,,,
2018-08-17,635.58,641.04,634.4,639.72,,,,
2018-08-20,640.68,645.35,640.68,643.8,,,,
2018-08-21,644.01,649.58,644.01,648.64,,,,
2018-08-22,647.87,647.87,642.6,642.6,,,,
2018-08-23,642.63,642.63,639.06,640.2,,,,
2018-08-24,640.97,643.48,640.16,642.92,,,,
2018-08-27,644.28,651.28,644.28,650.79,,,,
2018-08-28,652.06,652.96,649.44,650.04,,,,
2018-08-29,650.67,651.43,648.5,650.52,,,,
2018-08-30,649.79,650.1,644.17,645.49,,,,
2018-08-31,644.74,646.97,643.4,645.72,,,,
2018-09-04,645.35,645.8,642.14,645.69,,,,
2018-09-05,644.25,650.04,643,649.61,,,,
2018-09-06,649.74,653.57,649.56,651.75,,,,
2018-09-07,650.73,652.76,646.37,649.72,,,,
2018-09-10,651.07,655.61,651.07,653.19,,,,
2018-09-11,652.06,654.89,648.95,652.77,,,,
2018-09-12,652.5,657.56,651.41,655.18,,,,
2018-09-13,657.03,661.23,656.6,658.5,,,,
2018-09-14,658.41,662.38,658.13,661.9,,,,
2018-09-17,662.35,664.95,661.37,662.08,,,,
2018-09-18,663.99,669,660.92,668,,,,
2018-09-19,668.31,671.8,666.89,667.72,,,,
2018-09-20,669.44,673,666.04,668.47,,,,
2018-09-21,669.51,672.8,669.51,670.54,,,,
2018-09-24,669.27,669.27,660.83,661.72,,,,
2018-09-25,662.52,663.02,658.86,659.53,,,,
2018-09-26,659.74,663.09,657.9,658.56,,,,
2018-09-27,659.16,662.79,657.79,659.4,,,,
2018-09-28,658.73,660.77,656.98,659.07,,,,
2018-10-01,666.13,668.7,662.83,665.01,,,,
2018-10-02,665.2,667.67,662.68,666.27,,,,
2018-10-03,667.34,672.85,667.34,669.25,,,,
2018-10-04,668.69,670.45,662.26,667.32,,,,
2018-10-05,667.89,670.59,660.33,664.07,,,,
2018-10-08,663.84,665.86,658.53,665.32,,,,
2018-10-09,664.96,664.96,655.04,655.28,,,,
2018-10-10,653.83,653.83,632.35,632.51,,,,
2018-10-11,631.92,635.22,615.58,618.11,,,,
2018-10-12,622.71,628.51,614.33,621.5,,,,
2018-10-15,621.06,627.33,620.78,622.84,,,,
2018-10-16,625.04,633.51,622.41,633.18,,,,
2018-10-17,634.26,634.89,625.22,628.93,,,,
2018-10-18,626.71,626.97,613.95,617.66,,,,
2018-10-19,617.92,621.06,613.03,615.16,,,,
2018-10-22,616.08,617.56,610.09,612.9,,,,
2018-10-23,603.78,607.19,594.14,603.1,,,,
2018-10-24,604.84,606.19,581.49,582.42,,,,
2018-10-25,585.56,590.78,582.19,586.71,,,,
2018-10-26,581.1,586.94,572.56,581,,,,
2018-10-29,585.89,589.86,563.06,571.24,,,,
2018-10-30,570.27,583.35,569.12,582.72,,,,
2018-10-31,586.2,594.47,586.2,587.5,,,,
2018-11-01,588.48,599.42,588.48,597.61,,,,
2018-11-02,600.83,604.34,592.85,595.95,,,,
2018-11-05,597.07,601.83,595.4,599.09,,,,
2018-11-06,599.17,606.15,598.84,605.69,,,,
2018-11-07,608.2,616.17,605.1,615.89,,,,
2018-11-08,614.78,617.45,611.87,614.34,,,,
2018-11-09,611.65,611.98,603.87,608.2,,,,
2018-11-12,607.98,607.98,595.11,596.09,,,,
2018-11-13,596.17,606.18,595.15,598.75,,,,
2018-11-14,601.36,606.46,592.79,596.52,,,,
2018-11-15,593.37,607.09,589.94,603.96,,,,
2018-11-16,602.57,606.49,598.59,603.75,,,,
2018-11-19,603.01,603.24,591.91,594.26,,,,
2018-11-20,586.05,587.36,579.17,581.76,,,,
2018-11-21,584.79,590.16,584.69,585.54,,,,
2018-11-23,583.01,588.46,581.84,584.29,,,,
2018-11-26,586.93,592.24,584.57,589.17,,,,
2018-11-27,586.78,588.21,582.03,587.67,,,,
2018-11-28,590.25,601.78,586.79,601.76,,,,
2018-11-29,601.02,604.65,596.15,601.61,,,,
2018-11-30,600.86,608.37,599.79,607.87,,,,
2018-12-03,618.08,623.49,612.03,614.95,,,,
2018-12-04,612.56,612.56,587.6,588.19,,,,
2018-12-06,580.11,585.11,567.8,584.93,,,,
2018-12-07,584.31,590.2,567.83,569.63,,,,
2018-12-10,568.91,572.98,558.74,571.09,,,,
2018-12-11,577.38,581.1,564.24,567.68,,,,
2018-12-12,571.94,579.31,570.52,570.76,,,,
2018-12-13,574.08,575.8,566.77,569.31,,,,
2018-12-14,566.36,568.37,559.19,561.11,,,,
2018-12-17,559.86,562.98,548.4,551.45,,,,
2018-12-18,555.02,561.72,551.4,554.65,,,,
2018-12-19,553.9,563.86,540.56,544.06,,,,
2018-12-20,542.31,545.08,528.2,534.25,,,,
2018-12-21,532.19,540.15,522.92,523.96,,,,
2018-12-24,521.25,521.25,507.5,507.5,,,,
2018-12-26,508.99,532,504.57,531.87,,,,
2018-12-27,525.67,538.49,518.08,538.49,,,,
2018-12-28,539.85,544.26,534.88,536.75,,,,
2018-12-31,538.48,543.03,536.34,542.16,,,,
2019-01-02,536.68,545.05,531.25,544.6,,,,
2019-01-03,542,542,526.11,528.5,,,,
2019-01-04,532.94,549.07,532.94,548.85,,,,
2019-01-07,550.26,556.13,545.47,552.56,,,,
2019-01-08,558.65,563.65,555.05,560.34,,,,
2019-01-09,561.19,566.63,560.61,563.87,,,,
2019-01-10,561.09,572.32,559.58,572,,,,
2019-01-11,569.55,571.39,566,571.3,,,,
2019-01-14,568.84,573.57,565.24,571.14,,,,
2019-01-15,571.76,572.7,566.27,569.31,,,,
2019-01-16,570.24,572.64,569.15,569.99,,,,
2019-01-17,568.38,582.4,567.28,579.39,,,,
2019-01-18,582.01,592.5,582.01,590.15,,,,
2019-01-22,587.49,587.49,574.57,577.93,,,,
2019-01-23,581.46,584.88,572.79,578.99,,,,
2019-01-24,580.47,584.61,578.93,582.23,,,,
2019-01-25,585.8,591.82,585.8,589.72,,,,
2019-01-28,583.95,584.05,578.84,583.82,,,,
2019-01-29,585.44,592.86,585.44,591.81,,,,
2019-01-30,596.31,603.85,591.49,601.01,,,,
2019-01-31,603.85,606.56,600.04,603.74,,,,
2019-02-01,604.37,609.19,603.13,604.94,,,,
2019-02-04,604.93,612.83,604.04,612.79,,,,
2019-02-05,612.86,618.15,611.83,618.15,,,,
2019-02-06,617.56,620.86,616.15,618.04,,,,
2019-02-07,615.26,616.95,608.83,613.43,,,,
2019-02-08,610.79,614.2,606.71,614.16,,,,
2019-02-11,616.03,619.07,615.92,617.56,,,,
2019-02-12,619.96,628.41,619.96,627.18,,,,
2019-02-13,628.1,632.77,627.91,631.15,,,,
2019-02-14,628.99,630.03,625.26,627.44,,,,
2019-02-15,628.54,635.83,628.54,635.82,,,,
2019-02-19,634.01,637.53,632.15,635.37,,,,
2019-02-20,635.55,638.83,634.77,638.47,,,,
2019-02-21,637.67,638.11,633.8,635.85,,,,
2019-02-22,637.29,640.16,635.6,639.89,,,,
2019-02-25,644.97,647.34,641.99,642.33,,,,
2019-02-26,641.65,644.31,640.35,640.44,,,,
2019-02-27,639.96,643.36,636.84,642.73,,,,
2019-02-28,642.54,642.67,640,640.33,,,,
2019-03-01,643.19,645.73,637.6,640.88,,,,
2019-03-04,643,646.56,633.25,637.82,,,,
2019-03-05,638.21,639.63,633.73,633.73,,,,
2019-03-06,632.46,634.06,627.76,627.76,,,,
2019-03-07,627.04,627.04,618.44,624.08,,,,
2019-03-08,621.12,622.7,617.07,622.52,,,,
2019-03-11,614.05,628.09,612.33,628.06,,,,
2019-03-12,626.62,627.57,621.49,622.34,,,,
2019-03-13,624.15,630.16,624.15,628.04,,,,
2019-03-14,628.15,629.63,624.56,625.86,,,,
2019-03-15,625.6,628.17,622.59,624.31,,,,
2019-03-18,623.4,630.23,623.16,629.74,,,,
2019-03-19,630.57,633.97,625.2,627.14,,,,
2019-03-20,626.24,628.15,619.92,623.19,,,,
2019-03-21,621.37,630.48,620.65,629.09,,,,
2019-03-22,626.55,626.55,614.73,614.81,,,,
2019-03-25,615.07,619.59,613.7,616.31,,,,
2019-03-26,619.03,622.93,616.68,620.65,,,,
2019-03-27,620.96,623.93,616.67,621.3,,,,
2019-03-28,622.25,626.41,621.15,626.06,,,,
2019-03-29,628.84,632.82,628.84,632.36,,,,
2019-04-01,636,646.32,636,645.46,,,,
2019-04-02,646.41,647.51,643.74,645.05,,,,
2019-04-03,646.36,648.36,641.63,643.34,,,,
2019-04-04,643.4,649.33,643.29,647.22,,,,
2019-04-05,648.18,650.96,648.04,649.13,,,,
2019-04-08,644.88,646.38,641.51,646.27,,,,
2019-04-09,642.96,642.96,636.34,637.24,,,,
2019-04-10,638.04,638.41,633.46,637.15,,,,
2019-04-11,637.13,643.25,637,642.78,,,,
2019-04-12,646.22,651.1,646.09,651.03,,,,
2019-04-15,650.86,651.66,646.64,647.67,,,,
2019-04-16,648.62,652.27,648.31,651.48,,,,
2019-04-17,654.63,657.09,652.21,652.43,,,,
2019-04-18,655.79,660.57,655.53,659.7,,,,
2019-04-22,658.23,659.21,654.79,657.6,,,,
2019-04-23,658.41,664.74,658.29,663.44,,,,
2019-04-24,664.56,665.02,661.21,661.38,,,,
2019-04-25,653.82,654.02,645.38,648.24,,,,
2019-04-26,648.5,652.94,647.32,652.91,,,,
2019-04-29,653.58,656.66,652.48,654.68,,,,
2019-04-30,656.17,658.92,651.67,657.97,,,,
2019-05-01,658.29,661.11,652.84,653.03,,,,
2019-05-02,652.15,653.59,646.91,652.17,,,,
2019-05-03,653.95,660.71,653.95,660.25,,,,
2019-05-06,650.78,655.15,646.76,653.88,,,,
2019-05-07,648.83,648.83,635.79,640.52,,,,
2019-05-08,639.92,644.97,638.82,640.58,,,,
2019-05-09,637.33,640.35,629.93,639.3,,,,
2019-05-10,637.19,643.39,627.85,641.72,,,,
2019-05-13,632.89,632.89,619.38,623.48,,,,
2019-05-14,624.76,634.71,624.76,630.14,,,,
2019-05-15,626.82,633.43,623.11,630.91,,,,
2019-05-16,632.05,638.42,632,636.37,,,,
2019-05-17,631.74,636.01,628.49,629.36,,,,
2019-05-20,627.22,629.78,624.97,627.59,,,,
2019-05-21,630.59,635.66,630.59,635.01,,,,
2019-05-22,633.7,633.7,629.79,629.83,,,,
2019-05-23,626.98,626.98,615.88,619.8,,,,
2019-05-24,621.66,624.65,618.34,620.08,,,,
2019-05-28,620.86,622.55,614.03,614.2,,,,
2019-05-29,612.5,613.99,607.45,611.41,,,,
2019-05-30,612.17,616.36,611.36,613.78,,,,
2019-05-31,609.82,609.82,604.42,604.8,,,,
2019-06-03,605.2,612.16,603.83,609.09,,,,
2019-06-04,611.81,623.58,611.81,623.5,,,,
2019-06-05,625.76,630.2,624.6,630.18,,,,
2019-06-06,630.32,632.01,624.78,630.22,,,,
2019-06-07,632.13,637.99,632.13,635.64,,,,
2019-06-10,639.75,643.31,636.18,636.44,,,,
2019-06-11,639.31,640.73,628.43,630.73,,,,
2019-06-12,630.84,632.43,628.85,632,,,,
2019-06-13,633.17,635.62,631.67,635.39,,,,
2019-06-14,635.3,635.36,630.28,632.91,,,,
2019-06-17,633.39,633.84,630.27,630.86,,,,
2019-06-18,633.01,643.75,633.01,642.81,,,,
2019-06-19,643.73,644.35,640.07,642.69,,,,
2019-06-20,647.29,654.02,645.98,653.07,,,,
2019-06-21,652.99,655.65,649.54,649.74,,,,
2019-06-24,650.04,652.12,648.09,648.24,,,,
2019-06-25,648.46,648.61,643.03,643.5,,,,
2019-06-26,644.13,646.96,643.61,644.8,,,,
2019-06-27,644.24,647.61,643.14,645.41,,,,
2019-06-28,646.13,652.68,646.13,651.69,,,,
2019-07-01,656.61,658.53,650.32,653.25,,,,
2019-07-02,653.23,654.38,650.56,652.38,,,,
2019-07-03,653.24,655.84,651.86,655.8,,,,
2019-07-05,653.53,653.65,644.22,652.39,,,,
2019-07-08,650.11,650.92,646.03,647.59,,,,
2019-07-09,645.24,646.85,642.64,646.22,,,,
2019-07-10,647.36,650.62,644.16,644.35,,,,
2019-07-11,644.62,649,643.81,648.92,,,,
2019-07-12,650.67,660.49,650.67,660.45,,,,
2019-07-15,659.61,659.81,656.76,657.74,,,,
2019-07-16,657.92,663.48,657.92,662.02,,,,
2019-07-17,658.88,658.88,647.53,647.63,,,,
2019-07-18,647.14,649.58,645.08,649.23,,,,
2019-07-19,650.48,656.17,650.48,652.22,,,,
2019-07-22,652.67,656,650.73,652.93,,,,
2019-07-23,655.28,661.23,654.84,661.01,,,,
2019-07-24,656.74,665.39,655.96,663.68,,,,
2019-07-25,665.01,665.77,659.68,662.3,,,,
2019-07-26,661.58,662.7,659.17,661.19,,,,
2019-07-29,660.81,661.34,658.89,660.02,,,,
2019-07-30,657.95,662.6,653.7,662.55,,,,
2019-07-31,662.55,664.45,650.51,655.57,,,,
2019-08-01,654.89,659.05,641.49,642.57,,,,
2019-08-02,641.29,641.4,634.09,638.4,,,,
2019-08-05,633.68,633.68,615.38,620.74,,,,
2019-08-06,623.26,630.36,622.12,630.03,,,,
2019-08-07,625.7,630.74,617.42,629.32,,,,
2019-08-08,631.23,640.37,631.23,639.8,,,,
2019-08-09,638.33,638.33,631.01,634.46,,,,
2019-08-12,632.24,632.24,623.97,625.84,,,,
2019-08-13,625.33,639.52,624.2,632.99,,,,
2019-08-14,628.63,628.63,613.35,614.04,,,,
2019-08-15,613.78,614.2,606.84,612.61,,,,
2019-08-16,615.56,625.44,615.56,624.22,,,,
2019-08-19,629.7,632.64,629.04,630.49,,,,
2019-08-20,629.46,630.2,625.95,626.1,,,,
2019-08-21,630.16,633.03,629.38,630.3,,,,
2019-08-22,632.26,634.54,626.56,631.18,,,,
2019-08-23,627.46,631.73,611.35,614.12,,,,
2019-08-26,619.7,622.12,613.46,618.66,,,,
2019-08-27,621.42,621.73,614.26,615.97,,,,
2019-08-28,614.25,622.97,611.42,622.48,,,,
2019-08-29,628.17,634.82,627.38,633.48,,,,
2019-08-30,636.9,640.12,634.71,636.24,,,,
2019-09-03,630.88,630.95,623.4,627.22,,,,
2019-09-04,631.36,635.79,631.36,635.4,,,,
2019-09-05,640.69,651.07,640.69,646.62,,,,
2019-09-06,648.69,649.94,645.92,647.68,,,,
2019-09-09,649.8,652.55,648.19,649.5,,,,
2019-09-10,648.53,655.99,645.69,655.99,,,,
2019-09-11,656.44,662.29,653.51,662.29,,,,
2019-09-12,663.69,665.39,659.36,662.79,,,,
2019-09-13,665.92,669.37,664.84,666.21,,,,
2019-09-16,664,666.19,662.45,665.21,,,,
2019-09-17,663.45,665.43,660.33,664.94,,,,
2019-09-18,661.49,664.12,656.64,664.01,,,,
2019-09-19,663.87,665.72,660.27,660.72,,,,
2019-09-20,661.34,663.19,654.84,656.39,,,,
2019-09-23,652.96,657.28,651.38,655.24,,,,
2019-09-24,657.3,659.57,648.12,651.05,,,,
2019-09-25,651.95,656.71,650.26,655.69,,,,
2019-09-26,656.13,658.55,653.14,656.23,,,,
2019-09-27,658.41,659.26,650.72,653.53,,,,
2019-09-30,655.54,656.78,654.5,654.89,,,,
2019-10-01,657.5,659.6,638.4,639.2,,,,
2019-10-02,633.95,633.95,622.31,626.62,,,,
2019-10-03,625.43,631.14,617.19,631.02,,,,
2019-10-04,631.42,638.33,631.25,637.93,,,,
2019-10-07,636.21,639.73,633.31,634.48,,,,
2019-10-08,628.88,631.1,624.14,624.51,,,,
2019-10-09,627.82,632.32,626.35,629.83,,,,
2019-10-10,629.27,637.58,628.93,635.25,,,,
2019-10-11,641.09,653.09,641.09,647.76,,,,
2019-10-14,646.05,647.96,644.47,646.23,,,,
2019-10-15,646.8,653.95,646.25,651.32,,,,
2019-10-16,650.37,654.41,650.15,651.04,,,,
2019-10-17,653.89,659.06,653.8,654.11,,,,
2019-10-18,653.78,653.78,647.87,648.41,,,,
2019-10-21,649.62,653.79,649.62,652.36,,,,
2019-10-22,652.9,659.4,650.63,657.62,,,,
2019-10-23,657.37,657.82,654.68,657.43,,,,
2019-10-24,658.34,659.18,653.72,658.24,,,,
2019-10-25,658.99,663.88,658.16,662.43,,,,
2019-10-28,664.31,667.74,663.86,664.12,,,,
2019-10-29,661.93,668.28,661.25,666.71,,,,
2019-10-30,667.25,669.35,664.18,668.93,,,,
2019-10-31,666.78,667.02,658.26,661.33,,,,
2019-11-01,664.92,675.93,664.92,675.93,,,,
2019-11-04,679.33,684.05,679.33,684.05,,,,
2019-11-05,683.8,688.03,683.23,685.41,,,,
2019-11-06,684.89,685.74,681.81,685.74,,,,
2019-11-07,688.73,691.77,686.45,687.29,,,,
2019-11-08,686.18,688.42,684.15,688.42,,,,
2019-11-11,684.78,689.83,683.28,688.92,,,,
2019-11-12,689.52,691.85,687.35,688.7,,,,
2019-11-13,685.22,688.29,683.85,685.95,,,,
2019-11-14,684.87,688.97,684.42,687.64,,,,
2019-11-15,690.19,693.75,690.12,692.36,,,,
2019-11-18,690.7,691.02,688.45,690.07,,,,
2019-11-19,692.14,692.74,687.71,689.24,,,,
2019-11-20,687.54,688.47,681.04,684.1,,,,
2019-11-21,683.77,685.25,681.22,683.02,,,,
2019-11-22,685.1,686.87,682.79,686.73,,,,
2019-11-25,687.94,692.94,687.41,691.65,,,,
2019-11-26,691.89,694.88,691.25,693.7,,,,
2019-11-27,692.4,692.95,690.04,692.44,,,,
2019-11-29,691.04,691.13,688,688.72,,,,
2019-12-02,689.3,690.06,677.59,677.64,,,,
2019-12-03,670.95,671.06,665.92,670.19,,,,
2019-12-04,673.32,679.69,672.37,672.38,,,,
2019-12-05,674.22,674.76,670.22,672.74,,,,
2019-12-06,678.59,682.46,678.59,681.2,,,,
2019-12-09,679.97,681.1,678.35,678.85,,,,
2019-12-10,678.76,680.44,676.9,677.67,,,,
2019-12-11,677.95,682.58,676.87,682.25,,,,
2019-12-12,682.95,690.22,680.94,688.12,,,,
2019-12-13,687.58,693.01,684.07,686.22,,,,
2019-12-16,687.61,689.58,685.8,686,,,,
2019-12-17,685.32,687.32,684.98,685.49,,,,
2019-12-18,684.81,684.89,681.14,682.08,,,,
2019-12-19,682.66,684.67,681.7,684.03,,,,
2019-12-20,687.52,688.68,684.87,687.99,,,,
2019-12-23,690.67,693.51,690.03,692.34,,,,
2019-12-24,692.76,692.9,689.3,689.99,,,,
2019-12-26,690.98,691.61,688.48,691.59,,,,
2019-12-27,692.5,692.65,690.24,691.34,,,,
2019-12-30,691.24,691.57,686.35,687.4,,,,
2019-12-31,686.46,688.82,684.71,687.6,,,,
2020-01-02,690.46,700.08,690.27,700.05,,,,
2020-01-03,691.97,699.59,691.96,699.23,,,,
2020-01-06,696.37,699.17,694.14,699.04,,,,
2020-01-07,697.22,700.14,694.29,698.18,,,,
2020-01-08,697.81,702.98,696.92,699.78,,,,
2020-01-09,701.9,703.63,700.74,702.98,,,,
2020-01-10,703.32,703.67,696.88,697.97,,,,
2020-01-13,699.4,704.42,699.03,704.16,,,,
2020-01-14,704.21,708.26,702.9,704.15,,,,
2020-01-15,704.31,707.75,703.27,704.75,,,,
2020-01-16,707.34,712.05,707.12,711.84,,,,
2020-01-17,711.29,714.95,710.79,711.83,,,,
2020-01-21,709.13,710.39,700.98,704.1,,,,
2020-01-22,706.12,707.32,699.76,700.02,,,,
2020-01-23,700.01,708.62,696.85,707.9,,,,
2020-01-24,708.54,709.34,699.36,704.53,,,,
2020-01-27,693.09,695.69,691.23,691.38,,,,
2020-01-28,693.65,699.01,690.11,695.72,,,,
2020-01-29,700.67,704.65,698.73,699.57,,,,
2020-01-30,695.44,700.72,691.2,700.16,,,,
2020-01-31,697.33,697.37,681.48,684.12,,,,
2020-02-03,686.45,693.12,682.93,683.84,,,,
2020-02-04,690.44,698.1,690.44,696.42,,,,
2020-02-05,702.12,708.07,700.71,707.99,,,,
2020-02-06,710.88,711.09,705.76,710.17,,,,
2020-02-07,708.2,709.32,704.63,705.2,,,,
2020-02-10,704.11,709.24,703.56,709.17,,,,
2020-02-11,711.87,715,710.37,711.68,,,,
2020-02-12,714.76,719.17,713.98,718.21,,,,
2020-02-13,715.71,716.62,711.23,713.22,,,,
2020-02-14,713.21,714.65,709.89,712.8,,,,
2020-02-18,710.32,711.78,705.4,708.8,,,,
2020-02-19,709.8,711.86,708.25,708.42,,,,
2020-02-20,706.73,711.93,702.42,707.25,,,,
2020-02-21,705.58,705.74,700.66,704.12,,,,
2020-02-24,691.85,691.85,679.33,683.15,,,,
2020-02-25,685.14,686.12,653.78,655.63,,,,
2020-02-26,659.23,667.86,649.23,650.42,,,,
2020-02-27,639.11,650.61,625.72,625.79,,,,
2020-02-28,611.69,618.39,599.43,618.39,,,,
2020-03-02,621.83,636.97,610.36,635.4,,,,
2020-03-03,636.03,651.08,616.68,619.97,,,,
2020-03-04,626.94,646.49,624.34,645.95,,,,
2020-03-05,632.45,632.45,611.52,613.91,,,,
2020-03-06,599.97,610.84,592.26,608.4,,,,
2020-03-09,588.94,588.94,546.9,552.41,,,,
2020-03-10,564.07,581.25,549.09,581.23,,,,
2020-03-11,567.17,567.84,541.08,546.68,,,,
2020-03-12,521.61,525.58,489.74,490.22,,,,
2020-03-13,506.31,528.6,491.89,528.6,,,,
2020-03-16,500.99,500.99,467.82,468.1,,,,
2020-03-17,473.66,491.56,458.53,487.75,,,,
2020-03-18,469.15,469.15,423,452.86,,,,
2020-03-19,449.47,460.53,430.51,454.35,,,,
2020-03-20,459.97,462.52,429.71,431.44,,,,
2020-03-23,426.47,428.67,403.78,412.06,,,,
2020-03-24,434.21,466.03,434.21,464.6,,,,
2020-03-25,474.13,507.37,462.73,489.2,,,,
2020-03-26,498.38,522.66,494.54,520.58,,,,
2020-03-27,499.48,512.92,490.68,498.02,,,,
2020-03-30,496.84,507.27,490.29,505.54,,,,
2020-03-31,502.06,509.26,497.04,499.12,,,,
2020-04-01,476.03,482.5,469.79,476.24,,,,
2020-04-02,472.36,488.64,470.51,483.2,,,,
2020-04-03,481.7,485.75,471.06,475.7,,,,
2020-04-06,497.73,512.02,497.73,509.1,,,,
2020-04-07,531.16,533.61,507.94,508.15,,,,
2020-04-08,515.23,528.85,510.98,526.68,,,,
2020-04-09,536.28,543.65,529.67,534.19,,,,
2020-04-13,531.28,531.28,513.98,518.92,,,,
2020-04-14,528.9,533.79,523.44,528.73,,,,
2020-04-15,517.21,517.21,505.48,513.82,,,,
2020-04-16,512.72,513.13,502,509.49,,,,
2020-04-17,525.26,534.76,524.73,533.43,,,,
2020-04-20,522.63,529.11,517.27,519.05,,,,
2020-04-21,508.83,513.22,504.81,506.51,,,,
2020-04-22,516.8,517.96,509.1,512.31,,,,
2020-04-23,518.21,526.58,515.92,516.24,,,,
2020-04-24,520.17,521.9,512.02,520.2,,,,
2020-04-27,524.36,536.14,522.76,533.32,,,,
2020-04-28,543.51,549.15,537.46,543.13,,,,
2020-04-29,553.31,559.34,548.77,553.65,,,,
2020-04-30,545.59,546.74,538.66,542.35,,,,
2020-05-01,533.88,534.41,522.64,526.21,,,,
2020-05-04,518.39,519.39,512.08,519.21,,,,
2020-05-05,523.72,528.49,520.94,521.43,,,,
2020-05-06,523.72,524.74,513.94,514.31,,,,
2020-05-07,520.76,526.71,518.26,520.17,,,,
2020-05-08,527.34,533.95,526.85,533.16,,,,
2020-05-11,527.3,530.37,522.97,526.51,,,,
2020-05-12,527.55,529.58,511.55,511.55,,,,
2020-05-13,508.97,509.14,494.04,498.43,,,,
2020-05-14,490.79,503.27,480.69,503.27,,,,
2020-05-15,497.19,504.63,495.58,501.72,,,,
2020-05-18,520.96,538.06,520.91,534.9,,,,
2020-05-19,534.77,538.66,527.97,528.03,,,,
2020-05-20,536.59,542.79,535.79,537.56,,,,
2020-05-21,536.92,542.89,534.81,538.45,,,,
2020-05-22,539.73,539.86,533.33,537.84,,,,
2020-05-26,555.15,564.92,555,560.67,,,,
2020-05-27,572.2,579.7,567.38,579.41,,,,
2020-05-28,584.77,585.07,572.83,573.74,,,,
2020-05-29,567.5,573.5,562.52,570.15,,,,
2020-06-01,569.64,575.25,567.34,571.28,,,,
2020-06-02,575.34,579.97,573.3,578.63,,,,
2020-06-03,586.35,602.48,586.35,601.27,,,,
2020-06-04,599.51,607.59,597.88,607.57,,,,
2020-06-05,632.81,641.64,627.2,630.14,,,,
2020-06-08,636.98,643.96,636.98,642.58,,,,
2020-06-09,630.26,631.47,623.85,626.44,,,,
2020-06-10,623.23,624.14,609.52,611.5,,,,
2020-06-11,585.33,590.08,567.78,568.41,,,,
2020-06-12,588.82,590.64,565.58,579.51,,,,
2020-06-15,561.47,588.44,558.98,584.88,,,,
2020-06-16,607.93,610.18,586.64,596.22,,,,
2020-06-17,597.62,599.02,591.19,592.26,,,,
2020-06-18,586.99,595.23,586.07,590.29,,,,
2020-06-19,599.41,599.41,579.06,582.81,,,,
2020-06-22,579.75,585.64,574.96,583.95,,,,
2020-06-23,588.83,590.25,582.56,583.95,,,,
2020-06-24,577.87,577.87,562.31,563.44,,,,
2020-06-25,559.44,570.15,555.15,569.72,,,,
2020-06-26,567.79,569.41,556.85,559.4,,,,
2020-06-29,566.41,577.25,563.6,577.25,,,,
2020-06-30,573.32,583.8,571.36,581,,,,
2020-07-01,586.74,590.95,577.62,578.19,,,,
2020-07-02,586.48,591.34,581.66,582.8,,,,
2020-07-06,591.41,594.13,587.03,591.44,,,,
2020-07-07,585.74,587.97,579.25,579.97,,,,
2020-07-08,580.27,583.4,575.2,579.78,,,,
2020-07-09,577.99,579.34,565.82,567.38,,,,
2020-07-10,567.92,575.16,567.31,574.69,,,,
2020-07-13,579.46,586.83,574.25,577.09,,,,
2020-07-14,575.19,590.2,572.88,589.67,,,,
2020-07-15,598.58,607.33,597.19,604.71,,,,
2020-07-16,601.39,607.72,599.07,604.74,,,,
2020-07-17,606.54,609.48,604.34,608.04,,,,
2020-07-20,604.82,606.18,599.17,601.01,,,,
2020-07-21,604.4,613.13,604.4,608.86,,,,
2020-07-22,606.84,614.43,606.6,613.87,,,,
2020-07-23,613.11,617.45,609.58,611.76,,,,
2020-07-24,612.02,614.09,605.35,606.87,,,,
2020-07-27,605.77,610.23,603.31,609.26,,,,
2020-07-28,606.67,610.19,604.84,605.24,,,,
2020-07-29,608.05,615.68,608.05,614.28,,,,
2020-07-30,611.35,611.35,604.07,608.33,,,,
2020-07-31,606.41,607.2,595.87,605.88,,,,
2020-08-03,606.99,610.66,603.15,608.31,,,,
2020-08-04,607.8,610.23,606.46,609.97,,,,
2020-08-05,613.63,622.4,613.63,621.97,,,,
2020-08-06,620.49,624.04,620.47,623.94,,,,
2020-08-07,623.58,634.89,623.28,634.74,,,,
2020-08-10,636.59,650.83,636.58,650.15,,,,
2020-08-11,657.79,664.44,652.42,653.59,,,,
2020-08-12,658.68,660.32,653.34,655.94,,,,
2020-08-13,650.74,656.2,649.57,651.68,,,,
2020-08-14,648.17,657.58,647.83,654.39,,,,
2020-08-17,655.3,657.06,650.17,651.15,,,,
2020-08-18,651.21,652.74,646.99,647.64,,,,
2020-08-19,648.55,651.77,644.77,645.8,,,,
2020-08-20,640.76,643.92,639.19,642.7,,,,
2020-08-21,642.78,646.48,641.71,644.59,,,,
2020-08-24,648.09,656.18,646.56,656.15,,,,
2020-08-25,659.91,660.69,652.19,655.54,,,,
2020-08-26,653.83,658.06,651.12,655.85,,,,
2020-08-27,658.92,663.61,656.18,658,,,,
2020-08-28,659.13,664.35,657,664.07,,,,
2020-08-31,662.33,664.6,655.79,656.22,,,,
2020-09-01,653.76,662.7,651.51,662.5,,,,
2020-09-02,663.72,674.93,662.85,673.29,,,,
2020-09-03,674.02,675.78,650.11,654.42,,,,
2020-09-04,660.52,664.27,647.31,655.8,,,,
2020-09-08,650.91,651.77,641.85,643.11,,,,
2020-09-09,648.13,658.69,647.8,653.19,,,,
2020-09-10,654.51,657.47,643.07,644.91,,,,
2020-09-11,647.29,656.65,647.29,653.85,,,,
2020-09-14,658.78,664.39,656.95,662.43,,,,
2020-09-15,664.12,666.83,662.06,662.95,,,,
2020-09-16,666.37,676.34,664.62,669.49,,,,
2020-09-17,662.77,674.99,657.22,671.06,,,,
2020-09-18,669.71,675.56,663.32,663.78,,,,
2020-09-21,654.16,654.16,635.28,641.33,,,,
2020-09-22,641.8,649.13,641.6,647.93,,,,
2020-09-23,649.51,655.94,635.83,636.51,,,,
2020-09-24,635.37,644.3,628.94,637.05,,,,
2020-09-25,633.55,648.9,633.49,646.54,,,,
2020-09-28,654.69,663.45,654.69,658.23,,,,
2020-09-29,657.32,659.57,650.82,652.39,,,,
2020-09-30,654.89,662.44,646.14,650.68,,,,
2020-10-01,654.93,658.18,644.39,648.74,,,,
2020-10-02,639.02,659.58,638.45,655.83,,,,
2020-10-05,661.93,667.81,661.67,666.52,,,,
2020-10-06,669.22,673.7,657.91,658.49,,,,
2020-10-07,665.82,674.78,665.82,673.1,,,,
2020-10-08,676.09,679.55,671.74,679.36,,,,
2020-10-09,682.18,686.62,680.24,682.05,,,,
2020-10-12,685.2,688.5,683.32,686.01,,,,
2020-10-13,682.09,685.62,676.76,678.71,,,,
2020-10-14,680.21,687.2,680.21,682.35,,,,
2020-10-15,674.77,684.97,673.82,684.71,,,,
2020-10-16,688.37,693.8,687.97,689.55,,,,
2020-10-19,690.18,693.96,678.94,681.01,,,,
2020-10-20,685.08,693.24,683.44,684.7,,,,
2020-10-21,681.93,687.73,677.87,677.92,,,,
2020-10-22,679.37,684.48,677.37,683.01,,,,
2020-10-23,686.54,688.54,681.06,685.74,,,,
2020-10-26,678.72,678.72,661.63,668.6,,,,
2020-10-27,666.61,667.76,654.04,654.04,,,,
2020-10-28,645.47,647.84,632.05,632.4,,,,
2020-10-29,631.63,647.22,631.03,641.58,,,,
2020-10-30,638.25,643.52,631.61,641.01,,,,
2020-11-02,647.82,659.47,646.34,658.54,,,,
2020-11-03,666.73,681.5,665.57,677.69,,,,
2020-11-04,676.89,685.9,667.17,670.97,,,,
2020-11-05,677.78,690.73,677.78,686.25,,,,
2020-11-06,685.88,689.86,682.57,687.16,,,,
2020-11-09,719.41,739.67,710.03,710.14,,,,
2020-11-10,711.77,725.48,710.64,722.88,,,,
2020-11-11,725.57,725.57,713.38,716.55,,,,
2020-11-12,711.65,715.35,703.17,708.21,,,,
2020-11-13,712.66,724.37,712.66,723.41,,,,
2020-11-16,734.02,742.3,729.17,741.35,,,,
2020-11-17,735.48,741.59,728.34,739.26,,,,
2020-11-18,744.21,748.05,735.92,735.92,,,,
2020-11-19,733.14,738.16,729.05,737.69,,,,
2020-11-20,736.06,738.68,729.37,730.99,,,,
2020-11-23,736.82,744.44,736.74,742.96,,,,
2020-11-24,753.48,760.26,750.75,756.3,,,,
2020-11-25,754.85,754.85,746.76,750.4,,,,
2020-11-27,752.01,753.93,746.72,748.75,,,,
2020-11-30,746.9,747.47,737.81,741.25,,,,
2020-12-01,749.52,753.43,739.93,740.02,,,,
2020-12-02,738.36,742.89,736.78,740.88,,,,
2020-12-03,742.13,749.57,741.57,742.89,,,,
2020-12-04,745.12,753.13,745.12,751.94,,,,
2020-12-07,751.13,751.63,745.94,748.3,,,,
2020-12-08,746.07,753.03,746.07,751.51,,,,
2020-12-09,753.69,756.14,747.92,753.31,,,,
2020-12-10,747.95,751.69,743,746.29,,,,
2020-12-11,742.63,749.54,742.1,748.01,,,,
2020-12-14,753.83,755.33,738.35,738.42,,,,
2020-12-15,743.51,751.35,739.31,748.57,,,,
2020-12-16,748.82,749.42,742.38,743.97,,,,
2020-12-17,746.95,749.05,744.36,748.34,,,,
2020-12-18,747.38,750.04,742.66,748.53,,,,
2020-12-21,737.65,747.21,731.2,744.2,,,,
2020-12-22,743.85,744.28,738.34,740.19,,,,
2020-12-23,743.57,748.15,743.41,743.57,,,,
2020-12-24,745.11,745.34,740.51,744.1,,,,
2020-12-28,748.7,751.7,744.55,745.11,,,,
2020-12-29,748.79,749.95,735.89,740.08,,,,
2020-12-30,741.77,747.26,741.56,744.99,,,,
2020-12-31,744.71,750.04,741.78,749.54,,,,
2021-01-04,749.89,749.89,726.86,730.44,,,,
2021-01-05,729.94,740.62,729.94,737.89,,,,
2021-01-06,739.71,761.42,739.71,755.34,,,,
2021-01-07,758.82,762.45,753.44,759.48,,,,
2021-01-08,761.34,763.3,750.21,757.79,,,,
2021-01-11,750.46,759.65,749.31,757.35,,,,
2021-01-12,758.02,766.8,753.38,765.17,,,,
2021-01-13,764.55,764.61,757.48,758.57,,,,
2021-01-14,762.35,766.45,759.83,760.8,,,,
2021-01-15,756.77,756.77,745.13,751.1,,,,
2021-01-19,757.53,759.84,753.38,753.5,,,,
2021-01-20,756.22,759.82,753.58,758.3,,,,
2021-01-21,756.11,758.31,751.25,752.13,,,,
2021-01-22,747.78,751.4,742.25,748.41,,,,
2021-01-25,744.98,747.07,736.25,743.26,,,,
2021-01-26,749.54,750.93,735.94,736.48,,,,
2021-01-27,727.83,728.39,716.27,721.47,,,,
2021-01-28,727.87,740.95,727.87,732.34,,,,
2021-01-29,729.19,731.06,714.55,717.01,,,,
2021-02-01,723.56,726.05,718.29,723.93,,,,
2021-02-02,732.18,742.77,732.07,739.52,,,,
2021-02-03,738,741.13,733.98,739.92,,,,
2021-02-04,742.9,749.08,741.69,748.06,,,,
2021-02-05,752.72,755.68,750.34,752.03,,,,
2021-02-08,755.45,758.86,753.66,758.84,,,,
2021-02-09,757.48,762.94,753.02,760.45,,,,
2021-02-10,763.71,764.1,756.53,759.21,,,,
2021-02-11,759.9,761.94,749.96,757.66,,,,
2021-02-12,755.69,763.26,755.16,762.72,,,,
2021-02-16,766.4,767.26,760.67,762.36,,,,
2021-02-17,758.32,760.56,753.99,760.01,,,,
2021-02-18,756.24,757.81,750.58,756.26,,,,
2021-02-19,761.63,770.49,761.06,768.39,,,,
2021-02-22,765.92,776.3,764.17,770.71,,,,
2021-02-23,771.83,775,761.95,772.88,,,,
2021-02-24,773.4,790.84,771.95,787.82,,,,
2021-02-25,786.38,787.65,769.49,772.43,,,,
2021-02-26,773.65,776.14,762.56,764.55,,,,
2021-03-01,774.61,789.65,774.61,783.76,,,,
2021-03-02,784,785.39,778.38,781.68,,,,
2021-03-03,782.09,791.52,780.85,782.25,,,,
2021-03-04,783.42,786.3,758.16,769.69,,,,
2021-03-05,776.62,790.6,761.33,788.1,,,,
2021-03-08,794.03,808.58,791.07,796.38,,,,
2021-03-09,798.43,804.58,793.18,793.3,,,,
2021-03-10,795.28,808.63,794.47,804.77,,,,
2021-03-11,805.17,812.18,800.83,805.43,,,,
2021-03-12,807.33,816.74,807.33,816.2,,,,
2021-03-15,818.42,823.14,811.23,822.9,,,,
2021-03-16,822.01,822.01,810.39,811.09,,,,
2021-03-17,812.2,821.84,810.6,820.2,,,,
2021-03-18,819.77,830.57,818.26,819.78,,,,
2021-03-19,819.27,819.64,808.97,813.8,,,,
2021-03-22,813.68,816.41,807.58,812.99,,,,
2021-03-23,807.47,814.43,795.91,798.66,,,,
2021-03-24,803.65,817.12,803.65,804.49,,,,
2021-03-25,801.5,818.66,794.81,817.07,,,,
2021-03-26,821.62,831.83,818.92,831.5,,,,
2021-03-29,831.32,836.4,827.79,831.57,,,,
2021-03-30,831.42,837.19,830.17,834.72,,,,
2021-03-31,835.9,839.21,829.82,831.98,,,,
2021-04-01,833.17,835.82,830.15,835.29,,,,
2021-04-05,841.34,848.45,841.34,845.87,,,,
2021-04-06,845.33,850.4,842.85,843.63,,,,
2021-04-07,843.31,845.6,837.22,839.89,,,,
2021-04-08,838.43,841.92,833.94,841.63,,,,
2021-04-09,844.92,850.14,842.1,849.97,,,,
2021-04-12,849.06,853.39,848.54,852.86,,,,
2021-04-13,850.56,851.4,843.35,849,,,,
2021-04-14,849.78,855.35,849.18,849.91,,,,
2021-04-15,853.47,854.21,847.57,853.19,,,,
2021-04-16,857.42,860.55,851.73,854.96,,,,
2021-04-19,853.97,854.02,847.68,851.5,,,,
2021-04-20,849.8,851.46,837.38,842.2,,,,
2021-04-21,840.79,854.02,840.24,853.63,,,,
2021-04-22,853.67,859.97,848.79,849.59,,,,
2021-04-23,851.67,860.79,849.06,858.65,,,,
2021-04-26,862.2,865.59,855.76,856.18,,,,
2021-04-27,856.4,864.52,856.4,863.63,,,,
2021-04-28,862.68,865.79,860.66,861.32,,,,
2021-04-29,865.79,868.51,861.19,867.31,,,,
2021-04-30,862.82,864.92,858.91,861.51,,,,
2021-05-03,866.58,872.92,865.07,870.4,,,,
2021-05-04,868.21,874.22,864.12,873.99,,,,
2021-05-05,875.63,879.36,868.17,875.14,,,,
2021-05-06,876.92,881.34,873.63,881.19,,,,
2021-05-07,879.57,892.59,876.51,890.44,,,,
2021-05-10,894.4,902.76,891.03,891.14,,,,
2021-05-11,883.21,884.76,869.67,878.28,,,,
2021-05-12,876.03,878.22,856.6,856.82,,,,
2021-05-13,857.41,876.85,856.77,873.08,,,,
2021-05-14,878.41,887.06,876.96,884.78,,,,
2021-05-17,882.83,885.05,876.13,882.29,,,,
2021-05-18,882.76,883.22,869.17,869.28,,,,
2021-05-19,860.8,864.34,850.84,864.22,,,,
2021-05-20,865.34,868.74,860.9,866,,,,
2021-05-21,869.6,876.8,867.06,869.73,,,,
2021-05-24,874.03,876.98,870.67,874.9,,,,
2021-05-25,877.25,881.41,871.48,872.36,,,,
2021-05-26,873.54,875.89,870.73,875.34,,,,
2021-05-27,883.14,888.42,883.02,887.3,,,,
2021-05-28,888.3,888.6,883.87,886.44,,,,
2021-06-01,894.71,896.71,888.48,890.2,,,,
2021-06-02,891.52,891.63,886.36,887.57,,,,
2021-06-03,883.7,890.38,879.59,885.39,,,,
2021-06-04,888.42,890.15,884.1,888.37,,,,
2021-06-07,889.98,890.32,880.05,882.26,,,,
2021-06-08,883.76,886.32,878.75,884.52,,,,
2021-06-09,883.44,883.44,875.27,875.44,,,,
2021-06-10,880.49,882.62,870.82,871.31,,,,
2021-06-11,874.64,877.12,868.56,872.96,,,,
2021-06-14,871.93,873.23,864.39,868.74,,,,
2021-06-15,870.13,874.48,866.79,872.8,,,,
2021-06-16,872.57,873.09,862.17,864.18,,,,
2021-06-17,864.31,865.85,843.2,850.79,,,,
2021-06-18,844.22,847.02,839.21,840.16,,,,
2021-06-21,845.43,859.38,845.43,858.47,,,,
2021-06-22,858.05,862.42,853.65,859.57,,,,
2021-06-23,860.92,863.15,857.13,857.22,,,,
2021-06-24,862.4,865.29,858.02,863.8,,,,
2021-06-25,864.39,868.6,863.57,865.68,,,,
2021-06-28,865.38,865.84,857.41,861.15,,,,
2021-06-29,864.23,867,858.52,859.06,,,,
2021-06-30,858.82,867.41,858.26,866.24,,,,
2021-07-01,870.21,872.03,867.77,871.58,,,,
2021-07-02,872.68,874.71,868.75,873.16,,,,
2021-07-06,872.28,872.57,855.79,865.05,,,,
2021-07-07,862.77,874.72,862.77,873.7,,,,
2021-07-08,863.3,866.68,854.47,861.24,,,,
2021-07-09,869.93,876.16,869.93,875.18,,,,
2021-07-12,872.09,877.12,868.24,876.1,,,,
2021-07-13,874.59,875.04,867.43,867.64,,,,
2021-07-14,870.07,873.13,864.66,867.32,,,,
2021-07-15,863.35,872.74,863.31,869.28,,,,
2021-07-16,872,872.45,860.75,861.83,,,,
2021-07-19,850.33,850.33,835.34,843.41,,,,
2021-07-20,845.72,867.94,845.25,866.5,,,,
2021-07-21,870.01,878.07,870.01,875.17,,,,
2021-07-22,876.88,877.33,870.96,872.15,,,,
2021-07-23,874.9,877.33,871.85,875.77,,,,
2021-07-26,874.9,877.87,869.89,875.64,,,,
2021-07-27,872.28,875.14,865.73,870.98,,,,
2021-07-28,874.22,875.22,864.25,868.43,,,,
2021-07-29,874.93,877.8,870.73,875.11,,,,
2021-07-30,871.05,875.39,869.51,873.59,,,,
2021-08-02,876.87,884.38,866.99,867.26,,,,
2021-08-03,869.02,879.33,862.32,879.2,,,,
2021-08-04,874.28,877.17,867.11,867.18,,,,
2021-08-05,870.62,873.81,868.05,871.48,,,,
2021-08-06,874.91,878.26,873.58,875.1,,,,
2021-08-09,871.67,873.69,867.91,871.6,,,,
2021-08-10,873.27,882.92,872.55,880.42,,,,
2021-08-11,882.25,891.97,879.51,891.88,,,,
2021-08-12,891.49,892.85,885.38,889.83,,,,
2021-08-13,890,891.13,885.92,887.01,,,,
2021-08-16,884.34,890.1,878.98,890.05,,,,
2021-08-17,885.73,885.73,872.27,880.61,,,,
2021-08-18,877.21,881.78,870.58,870.92,,,,
2021-08-19,863.96,870.02,859.6,864.22,,,,
2021-08-20,865.02,868.47,862.2,866.26,,,,
2021-08-23,870.31,876.96,870.24,873.27,,,,
2021-08-24,874.89,881.17,874.89,877.91,,,,
2021-08-25,878.56,886.07,875.94,883.2,,,,
2021-08-26,882.44,882.67,877.74,879.4,,,,
2021-08-27,882.21,887.52,882.21,885.51,,,,
2021-08-30,886.73,888.06,882.33,884.13,,,,
2021-08-31,883.71,885.14,879.68,881.64,,,,
2021-09-01,882.46,882.46,875.23,878.46,,,,
2021-09-02,881.26,887.42,881.26,887.38,,,,
2021-09-03,885.74,886.45,881.5,881.86,,,,
2021-09-07,879.06,879.06,866.23,866.25,,,,
2021-09-08,864.84,869.44,861.49,867.78,,,,
2021-09-09,867.18,872.36,861.61,863.66,,,,
2021-09-10,867.93,869.19,859.51,859.64,,,,
2021-09-13,865.67,868.23,855.62,861.94,,,,
2021-09-14,863.85,863.96,849.75,851.33,,,,
2021-09-15,851.59,863.03,850.56,860.85,,,,
2021-09-16,861.5,862.74,853.89,855.16,,,,
2021-09-17,852.56,854.31,844.86,846.2,,,,
2021-09-20,836.53,837.82,827.32,836.47,,,,
2021-09-21,839.66,840.39,828.35,830.6,,,,
2021-09-22,834.03,843.88,834.03,838.6,,,,
2021-09-23,842.41,856.01,842.39,851.56,,,,
2021-09-24,849.51,855.4,849.04,852.92,,,,
2021-09-27,853.94,861.36,853.42,853.83,,,,
2021-09-28,850.75,853.35,842.18,844.03,,,,
2021-09-29,847.3,848.99,843.76,844.69,,,,
2021-09-30,847.51,847.9,826.79,826.83,,,,
2021-10-01,832.04,843.05,824.65,838.5,,,,
2021-10-04,837.87,842.62,829.31,834.04,,,,
2021-10-05,835.32,847.56,832.66,843.21,,,,
2021-10-06,836.59,847.41,830.81,847.05,,,,
2021-10-07,853.73,859.64,852.95,853.55,,,,
2021-10-08,853.23,855.66,850.29,853.35,,,,
2021-10-11,853.04,857.89,846.79,846.88,,,,
2021-10-12,847.54,850.66,842.44,844.1,,,,
2021-10-13,845.68,848.86,836.8,845.64,,,,
2021-10-14,851.23,861.87,850.99,861.61,,,,
2021-10-15,866.96,873.44,866.81,869.92,,,,
2021-10-18,865.44,871.41,862.08,870.72,,,,
2021-10-19,874.51,875.96,869.97,875.68,,,,
2021-10-20,876.72,882.06,874.15,881.16,,,,
2021-10-21,880.62,883.31,877.44,883.1,,,,
2021-10-22,884.19,889.13,883.41,885.75,,,,
2021-10-25,885.7,891.31,881.91,887.72,,,,
2021-10-26,886.37,890.51,882.64,882.77,,,,
2021-10-27,883.77,884.76,872.05,872.06,,,,
2021-10-28,874.21,883.3,873.87,883.29,,,,
2021-10-29,881.82,886.46,879.82,883.3,,,,
2021-11-01,885.08,887.42,881.64,886,,,,
2021-11-02,887.56,889.39,884.8,888.68,,,,
2021-11-03,885.3,887.33,879.39,886.98,,,,
2021-11-04,888.04,893.18,888.04,890.69,,,,
2021-11-05,899.17,904.45,896.41,899.52,,,,
2021-11-08,905.56,908.84,899.53,903.05,,,,
2021-11-09,904.95,907.26,900.31,905.34,,,,
2021-11-10,903.82,906.48,897.35,899.64,,,,
2021-11-11,900.39,901.45,895.24,895.88,,,,
2021-11-12,897.97,904.5,895.68,903.16,,,,
2021-11-15,905.12,907.66,902.97,904.56,,,,
2021-11-16,904.85,909.29,904.2,904.51,,,,
2021-11-17,904.77,904.77,896.53,899.42,,,,
2021-11-18,899.61,901.63,892.54,897.01,,,,
2021-11-19,896.54,896.96,891.27,892.29,,,,
2021-11-22,894.29,902.98,893.01,894.8,,,,
2021-11-23,895.52,899.31,891.93,896.34,,,,
2021-11-24,893.16,897.15,892.5,895.2,,,,
2021-11-26,878.63,878.63,865.3,870.76,,,,
2021-11-29,879.29,879.8,868.03,872.81,,,,
2021-11-30,867.73,868.12,849.35,850.54,,,,
2021-12-01,861.15,866.41,838.31,838.37,,,,
2021-12-02,844.01,865.84,842.38,862.59,,,,
2021-12-03,863.52,866.59,853.61,862.21,,,,
2021-12-06,868.74,881.84,868.74,876.33,,,,
2021-12-07,880.14,892.66,880.14,885.38,,,,
2021-12-08,885.3,889.36,883.44,887.79,,,,
2021-12-09,884.44,889.36,882.19,885.06,,,,
2021-12-10,888.71,890.22,884.37,888.5,,,,
2021-12-13,887.62,888.14,878.06,879.25,,,,
2021-12-14,875.92,882.9,867.59,870.72,,,,
2021-12-15,872.9,879.6,867.58,878.47,,,,
2021-12-16,882.64,887.8,875.91,878.92,,,,
2021-12-17,878.48,879.15,863.48,863.98,,,,
2021-12-20,853.8,853.8,842.69,849.69,,,,
2021-12-21,855.85,868.17,855.85,866.35,,,,
2021-12-22,865.8,870.31,865.22,869.19,,,,
2021-12-23,871.89,882.04,871.89,879.3,,,,
2021-12-27,880.39,888.85,879.59,888.53,,,,
2021-12-28,888.06,895.19,887.5,893.07,,,,
2021-12-29,892.38,896.3,890.81,894.53,,,,
2021-12-30,894.98,899.22,890.56,891.03,,,,
2021-12-31,889.78,898.5,889,894.96,,,,
2022-01-03,896.1,898.3,883.25,887.59,,,,
2022-01-04,893.29,907.15,893.15,905.63,,,,
2022-01-05,906.66,912.42,896.71,896.95,,,,
2022-01-06,900.31,904.22,896.71,901.01,,,,
2022-01-07,901.8,906.74,900.64,900.75,,,,
2022-01-10,898.68,898.8,883.81,890.39,,,,
2022-01-11,891.98,897.05,882.36,896.03,,,,
2022-01-12,899.3,903.42,896.28,898.68,,,,
2022-01-13,900.85,908.56,897.79,900.33,,,,
2022-01-14,894.27,895.98,886.51,895.18,,,,
2022-01-18,889.47,889.47,880.12,884.54,,,,
2022-01-19,885.81,888.14,874.39,874.8,,,,
2022-01-20,875.95,885.66,862.76,863.97,,,,
2022-01-21,863.84,870.32,852.92,855.63,,,,
2022-01-24,847.54,861.95,829.58,860.2,,,,
2022-01-25,850.02,859.36,832.21,852.17,,,,
2022-01-26,856.24,866.58,836.63,845.14,,,,
2022-01-27,847.04,858.53,832.21,837.31,,,,
2022-01-28,835.85,843.08,820.24,843.04,,,,
2022-01-31,839.12,852.68,836.18,852.34,,,,
2022-02-01,859.34,866.34,852.28,864.43,,,,
2022-02-02,863.52,871.41,859.16,870.21,,,,
2022-02-03,866.06,867.6,854.63,855.65,,,,
2022-02-04,852.94,854.76,839.76,846.52,,,,
2022-02-07,848.44,853.62,844.4,847.11,,,,
2022-02-08,849.44,857.23,846.43,855.62,,,,
2022-02-09,862.77,868.44,862.77,867.32,,,,
2022-02-10,860.26,868.66,848.75,852.97,,,,
2022-02-11,853.11,856.82,836.03,840.15,,,,
2022-02-14,840.39,843.27,830.29,836.79,,,,
2022-02-15,843.61,852.84,843.61,849.45,,,,
2022-02-16,847.6,856.52,845.13,853.85,,,,
2022-02-17,850.02,850.02,836.74,837.99,,,,
2022-02-18,836.7,842.15,828.24,830.34,,,,
2022-02-22,829.93,834.53,818.31,822.67,,,,
2022-02-23,825.94,827.29,806.31,807.23,,,,
2022-02-24,798.98,819.03,788.64,817.22,,,,
2022-02-25,818.49,839.03,818.49,836.86,,,,
2022-02-28,832.23,844.19,829.78,842.73,,,,
2022-03-01,841.33,844.89,825.07,829.85,,,,
2022-03-02,831.51,851.73,831.51,848.06,,,,
2022-03-03,852.02,855.78,845.17,848.73,,,,
2022-03-04,842.87,847.7,835.23,846.81,,,,
2022-03-07,847.21,850.12,823.83,824.02,,,,
2022-03-08,826.47,840.81,818.32,818.79,,,,
2022-03-09,828.84,839.92,828.84,833.65,,,,
2022-03-10,825.78,833.99,824.07,832.65,,,,
2022-03-11,837.56,842.22,825.51,826,,,,
2022-03-14,830.12,837.42,822.88,828.66,,,,
2022-03-15,833.7,843.37,831.41,841.52,,,,
2022-03-16,845.26,854.35,836.15,852.61,,,,
2022-03-17,849.01,864.05,848.4,864.05,,,,
2022-03-18,863.15,867.86,856.18,867.47,,,,
2022-03-21,864.85,872.11,863.66,868.94,,,,
2022-03-22,871.5,875.79,869.35,873.54,,,,
2022-03-23,870.61,871.82,865.43,865.55,,,,
2022-03-24,868.14,872.15,866.02,872,,,,
2022-03-25,873.59,877.61,870.04,877.48,,,,
2022-03-28,876.12,877.76,869.68,877.75,,,,
2022-03-29,882.4,886.14,877.28,885.63,,,,
2022-03-30,884.2,889.81,880.74,884.31,,,,
2022-03-31,881.84,887.52,870.46,870.46,,,,
2022-04-01,873.74,874.49,857.81,864.37,,,,
2022-04-04,863.23,863.61,853.14,862.86,,,,
2022-04-05,859.78,866.66,849.2,850.83,,,,
2022-04-06,844.49,846.48,838.58,844.33,,,,
2022-04-07,841.9,849.95,833.76,846.93,,,,
2022-04-08,846.05,849.7,840.51,841.81,,,,
2022-04-11,840.43,849.15,838.18,839.33,,,,
2022-04-12,841.38,850.09,834.75,838.15,,,,
2022-04-13,840.05,846.9,840.05,846.25,,,,
2022-04-14,849.14,853.14,845.17,845.44,,,,
2022-04-18,843.41,850.26,838.81,842.21,,,,
2022-04-19,845.21,858.62,845.21,857.43,,,,
2022-04-20,862.01,867.96,861.06,862.09,,,,
2022-04-21,870.03,872.46,851.56,853.46,,,,
2022-04-22,849.27,849.27,831.64,832.24,,,,
2022-04-25,827.51,833.27,813.36,832.25,,,,
2022-04-26,827.95,828.97,813.99,814,,,,
2022-04-27,813.53,824.34,809.99,816.88,,,,
2022-04-28,820.04,829.31,809.54,826.23,,,,
2022-04-29,826.13,829.01,802.86,804.56,,,,
2022-05-02,804.01,812.93,790.55,805.92,,,,
2022-05-03,807.75,816.38,804.82,811.56,,,,
2022-05-04,812.57,836.62,808.92,834.85,,,,
2022-05-05,829.45,830.95,806.6,812.62,,,,
2022-05-06,810.44,810.44,794.73,807.37,,,,
2022-05-09,799.42,800.85,784.79,787.95,,,,
2022-05-10,794.4,798.35,775.03,782.85,,,,
2022-05-11,782.49,795.48,774.5,775.59,,,,
2022-05-12,772.3,781.43,762.03,776.66,,,,
2022-05-13,781.44,790.41,778.24,786.26,,,,
2022-05-16,784.1,791.13,778.72,784.94,,,,
2022-05-17,796.73,803.96,791.22,802.83,,,,
2022-05-18,797.27,797.27,770.77,772.7,,,,
2022-05-19,765.46,774.93,756.8,765.4,,,,
2022-05-20,769.47,769.47,742.84,757.2,,,,
2022-05-23,763.47,771.3,760.79,769.57,,,,
2022-05-24,765.9,770.67,752.94,768.63,,,,
2022-05-25,767.21,776.33,764.31,773.54,,,,
2022-05-26,779.08,792.95,779.08,788.97,,,,
2022-05-27,794.11,805.17,794.11,805.12,,,,
2022-05-31,798.11,803.65,790.69,798.27,,,,
2022-06-01,802.47,804.45,786.88,793.32,,,,
2022-06-02,797.92,808.69,791.66,808.34,,,,
2022-06-03,802.35,807.25,800.34,805.43,,,,
2022-06-06,810.7,813.33,806.95,808.67,,,,
2022-06-07,803.63,820.16,798.82,819.64,,,,
2022-06-08,812.42,815,802.82,804.65,,,,
2022-06-09,801.2,804.17,788.75,788.81,,,,
2022-06-10,776.85,776.85,765.34,765.48,,,,
2022-06-13,750.28,751.31,737.93,742.31,,,,
2022-06-14,746.28,750.98,734.53,740.45,,,,
2022-06-15,746.13,756.29,736.72,747.92,,,,
2022-06-16,736.29,736.29,718.97,722.66,,,,
2022-06-17,721.1,727.72,712.82,720.96,,,,
2022-06-21,730.93,736.69,727.29,733.82,,,,
2022-06-22,723.4,735.7,722.95,729.9,,,,
2022-06-23,729.66,731.99,717.5,726.06,,,,
2022-06-24,731.06,751.61,731.06,751.42,,,,
2022-06-27,754.43,754.8,746.63,749.55,,,,
2022-06-28,754.38,762.58,740.5,740.94,,,,
2022-06-29,741.69,741.82,730.74,736.35,,,,
2022-06-30,728.3,741.58,724.1,738.41,,,,
2022-07-01,737.98,747.41,731.66,745.11,,,,
2022-07-05,734.8,734.8,721.34,733.72,,,,
2022-07-06,734.56,742.61,728.81,738.19,,,,
2022-07-07,743.1,748.54,738.62,746.95,,,,
2022-07-08,746.81,747.99,737.91,743.51,,,,
2022-07-11,738.93,743.17,736.9,738.54,,,,
2022-07-12,736.2,746,733.65,736.16,,,,
2022-07-13,725.39,732.92,722.83,727.32,,,,
2022-07-14,716.91,723.78,712.77,723.08,,,,
2022-07-15,732.59,735.49,725.84,734.53,,,,
2022-07-18,740.65,743.46,728.03,730.13,,,,
2022-07-19,735.7,757.1,735.7,756.29,,,,
2022-07-20,756.04,763.65,753.6,761.87,,,,
2022-07-21,759.82,767.31,756.72,767.07,,,,
2022-07-22,770.09,771.9,761.28,764.72,,,,
2022-07-25,765.51,770.44,761.32,768.31,,,,
2022-07-26,765.88,771.14,762.53,764.25,,,,
2022-07-27,768.49,779.81,764.56,776.32,,,,
2022-07-28,779.92,793.01,778,792.4,,,,
2022-07-29,793.15,810.19,792.68,808.28,,,,
2022-08-01,804.58,811.93,802.71,809.29,,,,
2022-08-02,806.48,810.82,799.51,800.77,,,,
2022-08-03,804,810.88,799,808.58,,,,
2022-08-04,809.22,813.69,807.11,811.11,,,,
2022-08-05,805.45,813.04,804.9,812.82,,,,
2022-08-08,818.19,820.79,810.29,812.2,,,,
2022-08-09,812.49,813.39,807.62,809.19,,,,
2022-08-10,821.55,829.57,820.19,827.15,,,,
2022-08-11,832.39,838.31,829.53,830.99,,,,
2022-08-12,833.31,843.35,831.96,843.18,,,,
2022-08-15,838.05,846.27,836.8,845.16,,,,
2022-08-16,841.85,852.58,841.81,848.93,,,,
2022-08-17,838.57,846.1,838.07,842.34,,,,
2022-08-18,843.37,846.42,840.65,845.08,,,,
2022-08-19,840.6,840.6,831.92,834.36,,,,
2022-08-22,823.36,824.94,817.23,818.13,,,,
2022-08-23,817.78,825.08,817.48,819.66,,,,
2022-08-24,820.35,824.76,819.05,822.33,,,,
2022-08-25,826.04,835.03,825.62,834.87,,,,
2022-08-26,836.66,836.97,805.31,805.58,,,,
2022-08-29,799.05,808.55,797.87,802.04,,,,
2022-08-30,803.58,804.44,787.09,790.2,,,,
2022-08-31,792.44,794.54,782.71,783.36,,,,
2022-09-01,778.77,784.67,774.89,784.43,,,,
2022-09-02,791.66,793.79,773.17,776.67,,,,
2022-09-06,777.87,781.53,771.34,777.89,,,,
2022-09-07,776.65,792.4,775.27,790.56,,,,
2022-09-08,785.61,792.98,781.1,792.76,,,,
2022-09-09,798.19,804.67,797.6,803,,,,
2022-09-12,807.15,811.92,803.96,807.86,,,,
2022-09-13,793.7,796.63,774.54,777.27,,,,
2022-09-14,777.04,779.22,766.38,775.84,,,,
2022-09-15,774.25,780.4,765.44,767.56,,,,
2022-09-16,751.96,754.85,745.22,751.77,,,,
2022-09-19,746.79,762.74,746.79,761.79,,,,
2022-09-20,756.29,756.29,746.22,752.38,,,,
2022-09-21,759.07,764.52,742.31,742.32,,,,
2022-09-22,740.55,741.45,730.36,731.27,,,,
2022-09-23,724.18,724.18,708.76,717.6,,,,
2022-09-26,715.1,721.09,706.79,709.46,,,,
2022-09-27,714.37,718.35,701.6,707.27,,,,
2022-09-28,710.83,726.99,708.43,723.1,,,,
2022-09-29,716.63,717.18,703.89,709.87,,,,
2022-09-30,707.94,714.38,700.4,700.6,,,,
2022-10-03,708.68,727.72,706.48,722,,,,
2022-10-04,732.99,747.42,732.99,747.2,,,,
2022-10-05,739.04,749.39,735.86,742.89,,,,
2022-10-06,740.61,744.57,732.97,734.78,,,,
2022-10-07,728.02,728.67,716.23,720.66,,,,
2022-10-10,727.22,730.22,717.17,723.01,,,,
2022-10-11,721.38,732.58,718.5,723.1,,,,
2022-10-12,722,725.57,717.07,717.22,,,,
2022-10-13,704.2,736.67,700.26,732.98,,,,
2022-10-14,737.56,739.15,715.56,716.63,,,,
2022-10-17,726.95,736.4,726.95,732.72,,,,
2022-10-18,747.54,752.09,739.97,750.01,,,,
2022-10-19,745.78,751.52,739.26,744.84,,,,
2022-10-20,742.76,746.94,729.21,730.61,,,,
2022-10-21,730.27,751.44,728.84,749.96,,,,
2022-10-24,754.45,762.9,753.58,760.09,,,,
2022-10-25,760.31,770.97,758.69,770.33,,,,
2022-10-26,775.31,783.93,770.23,772.98,,,,
2022-10-27,781.16,791.18,780.84,781.82,,,,
2022-10-28,783.76,800.91,781.97,800.42,,,,
2022-10-31,795.12,802.82,793.88,797.71,,,,
2022-11-01,803.25,804.34,792.49,797.24,,,,
2022-11-02,792.83,809.09,782.83,783.19,,,,
2022-11-03,776.96,798.21,774.89,791.34,,,,
2022-11-04,801.15,805.94,790.95,803.92,,,,
2022-11-07,807.32,813.65,802.82,812.48,,,,
2022-11-08,814.8,823.45,810.09,819.46,,,,
2022-11-09,814.5,819.65,806.9,807.6,,,,
2022-11-10,827.02,842.31,826.8,841.77,,,,
2022-11-11,842.37,846.56,837.69,840.9,,,,
2022-11-14,838.86,846.84,835.18,835.18,,,,
2022-11-15,843.18,845.98,834.47,841.64,,,,
2022-11-16,840.6,841.41,833.56,835.1,,,,
2022-11-17,825.05,833.34,819.76,833.02,,,,
2022-11-18,840.72,842.94,834.02,838.94,,,,
2022-11-21,837.62,844.48,836.82,842.06,,,,
2022-11-22,845.75,850.26,844.93,848.4,,,,
2022-11-23,849.28,854.73,848.94,851.7,,,,
2022-11-25,853.33,856.57,852.66,854.86,,,,
2022-11-28,848.89,851.73,836.79,839.42,,,,
2022-11-29,841.27,845.68,838.6,844.62,,,,
2022-11-30,844.1,858.08,834.89,858.06,,,,
2022-12-01,861.17,863.16,851.85,858.03,,,,
2022-12-02,849.48,866.09,849.48,863.37,,,,
2022-12-05,855.42,855.87,847.37,848.65,,,,
2022-12-06,850.18,850.68,832.37,838.91,,,,
2022-12-07,837.12,843.26,836.01,837.76,,,,
2022-12-08,842.04,847.57,839.57,842.55,,,,
2022-12-09,842.14,845.27,835.33,835.7,,,,
2022-12-12,837.49,850.05,836.78,849.99,,,,
2022-12-13,867.38,867.38,846.98,853.02,,,,
2022-12-14,854.5,862.43,847.15,851.42,,,,
2022-12-15,842.23,842.92,826.43,830.55,,,,
2022-12-16,823.42,828.4,818.72,826.54,,,,
2022-12-19,825.97,831.72,818.37,822.28,,,,
2022-12-20,821.44,828.45,819.85,823.45,,,,
2022-12-21,831.21,839.95,830.3,838.65,,,,
2022-12-22,833.78,833.78,815.55,828.14,,,,
2022-12-23,827.49,834.04,824.61,832.86,,,,
2022-12-27,834.29,839.5,831.58,835.58,,,,
2022-12-28,836.83,839.01,824.53,824.6,,,,
2022-12-29,828.55,836.96,827.88,834.7,,,,
2022-12-30,830.78,832.36,823.54,831.4,,,,
2023-01-03,834.4,837.44,825.53,833.12,,,,
2023-01-04,835.18,842.93,834.03,840.73,,,,
2023-01-05,836.34,836.97,829.17,831.6,,,,
2023-01-06,838.56,856.33,838.23,854,,,,
2023-01-09,855.14,863.78,849.34,850.41,,,,
2023-01-10,848.11,855.39,847.28,855,,,,
2023-01-11,859.15,863.29,855.32,863.19,,,,
2023-01-12,866,871.32,859.57,868.1,,,,
2023-01-13,859.89,867.77,858.95,867.03,,,,
2023-01-17,867.52,867.7,858.99,859.73,,,,
2023-01-18,862.2,864.37,843.34,843.87,,,,
2023-01-19,839.04,839.92,826.16,826.29,,,,
2023-01-20,828.07,837.94,824.09,837.89,,,,
2023-01-23,839.53,851.21,837.22,847.05,,,,
2023-01-24,845.36,854.63,838.51,852.53,,,,
2023-01-25,844.13,849.78,836.15,848.01,,,,
2023-01-26,851.6,852.89,842.04,852.73,,,,
2023-01-27,851.26,859.75,850.49,855.73,,,,
2023-01-30,852.12,858.53,846.78,847.44,,,,
2023-01-31,849.64,861.96,847.32,861.96,,,,
2023-02-01,858.62,873.98,854.76,868.1,,,,
2023-02-02,868.73,879.61,865.66,874.82,,,,
2023-02-03,870.06,877.28,868.17,870.28,,,,
2023-02-06,867.58,870.61,864.6,868.47,,,,
2023-02-07,865.91,872.85,856.84,870.62,,,,
2023-02-08,867.35,870.04,863.01,865.51,,,,
2023-02-09,870.07,871.75,855.62,857.89,,,,
2023-02-10,856.78,864.58,855.12,864.22,,,,
2023-02-13,865,872.27,864.55,871.83,,,,
2023-02-14,869.13,873.24,860.7,869.36,,,,
2023-02-15,864.71,874.97,863.28,874.82,,,,
2023-02-16,865.09,871.91,861.9,865.28,,,,
2023-02-17,865.02,871.14,861.39,870.74,,,,
2023-02-21,864.88,866.78,850.04,850.77,,,,
2023-02-22,851.55,855.32,845.23,848.54,,,,
2023-02-23,852.89,856.91,843.09,851.92,,,,
2023-02-24,843.46,848.25,839.76,846.99,,,,
2023-02-27,857.41,860.64,852.3,854.04,,,,
2023-02-28,852.77,857.18,851.2,851.88,,,,
2023-03-01,851.31,859.7,850.62,855.08,,,,
2023-03-02,851.31,866.91,850.96,865.34,,,,
2023-03-03,868.32,875.89,864.02,874.52,,,,
2023-03-06,874.28,878.66,871.69,872.77,,,,
2023-03-07,872.76,874.07,861.2,861.7,,,,
2023-03-08,862.69,865.62,857.66,863.67,,,,
2023-03-09,868.05,871.26,849.74,851,,,,
2023-03-10,850.18,853.59,832.41,835.48,,,,
2023-03-13,825.65,837.73,823.24,830.38,,,,
2023-03-14,841.26,847.34,829.3,839.14,,,,
2023-03-15,825.44,825.45,805.53,818.08,,,,
2023-03-16,813.39,831.11,811.52,828.48,,,,
2023-03-17,826.81,826.95,811.57,815,,,,
2023-03-20,819.06,827.72,819,826.06,,,,
2023-03-21,835.25,838.9,831.26,835.38,,,,
2023-03-22,835.32,839.24,819.4,819.46,,,,
2023-03-23,820.69,830.83,812.34,817.61,,,,
2023-03-24,812.23,820.94,806.33,820.48,,,,
2023-03-27,826.12,830.11,822.11,827.24,,,,
2023-03-28,827.6,834.8,827.33,831.74,,,,
2023-03-29,838.3,844.1,837.79,843.55,,,,
2023-03-30,847.75,849.32,842.7,845.47,,,,
2023-03-31,849.49,856.82,848.6,856.59,,,,
2023-04-03,854.39,861.34,852.04,858.21,,,,
2023-04-04,857.8,858.17,835.93,838.88,,,,
2023-04-05,835.83,838.02,825.42,827.97,,,,
2023-04-06,827.63,830.94,824.2,827.76,,,,
2023-04-10,825.46,835.2,824.89,835.19,,,,
2023-04-11,838.03,843.94,837.23,840.11,,,,
2023-04-12,843.95,847.86,840.74,842.91,,,,
2023-04-13,842.97,847.57,834.47,846.09,,,,
2023-04-14,843.35,849.4,840.06,845.07,,,,
2023-04-17,847.39,851.78,845.98,851.74,,,,
2023-04-18,855.37,860.69,852.74,855.69,,,,
2023-04-19,853.84,856.32,851.38,855.09,,,,
2023-04-20,851.15,856.7,850.69,853.51,,,,
2023-04-21,855.53,855.65,848.33,851.44,,,,
2023-04-24,852.28,856.29,850.18,853.37,,,,
2023-04-25,848.16,848.63,837.2,837.71,,,,
2023-04-26,831.84,834.42,820.49,822.05,,,,
2023-04-27,825.09,838.93,822.94,838.37,,,,
2023-04-28,837.63,847.46,837.63,846.11,,,,
2023-05-01,846.72,855.45,846.72,850.77,,,,
2023-05-02,848.49,848.49,832.62,841.85,,,,
2023-05-03,845.53,850.1,838.12,838.62,,,,
2023-05-04,838.4,839.21,825.04,829.44,,,,
2023-05-05,836.59,844.24,835.95,841.93,,,,
2023-05-08,845.12,846.11,835.91,838.82,,,,
2023-05-09,837.89,841.82,835.47,840.28,,,,
2023-05-10,845.43,846.2,828.11,837.56,,,,
2023-05-11,833.3,833.83,827.57,832.15,,,,
2023-05-12,835.76,837.64,826.11,832.24,,,,
2023-05-15,832.64,838.92,829.44,836.46,,,,
2023-05-16,832.67,832.81,825.06,825.06,,,,
2023-05-17,829.78,841.65,829.78,839.09,,,,
2023-05-18,837.15,845.85,834.91,844.69,,,,
2023-05-19,849.34,851.26,838.59,842.42,,,,
2023-05-22,843.31,847.44,835.76,842.45,,,,
2023-05-23,838.55,840.97,830.95,832.07,,,,
2023-05-24,829.92,829.93,820.46,821.53,,,,
2023-05-25,821.42,826.06,817.01,824.03,,,,
2023-05-26,826.17,833.27,825.8,830.39,,,,
2023-05-30,831.07,832.83,824.67,828.48,,,,
2023-05-31,825.76,826.07,814.62,816.88,,,,
2023-06-01,819.5,829.09,816.46,827.19,,,,
2023-06-02,834.82,853.72,834.75,851.69,,,,
2023-06-05,852.16,852.28,844.68,845.64,,,,
2023-06-06,844.18,852.09,842.82,850.74,,,,
2023-06-07,852.37,864.93,848.53,864.24,,,,
2023-06-08,862.6,867.74,858.91,865.78,,,,
2023-06-09,866.15,866.22,857.98,863.48,,,,
2023-06-12,863.93,870.9,861.39,869.48,,,,
2023-06-13,871.06,880.34,870.2,879.55,,,,
2023-06-14,881.73,884.06,873.66,876.99,,,,
2023-06-15,876.94,892.2,876.94,890.25,,,,
2023-06-16,893.95,898.34,887.8,888.91,,,,
2023-06-20,884.77,885.6,879.03,882.17,,,,
2023-06-21,878.73,889.64,876.44,887.17,,,,
2023-06-22,884.6,884.6,879.41,880.85,,,,
2023-06-23,873.97,877.32,871.19,874.25,,,,
2023-06-26,873.78,883.11,873.4,881.18,,,,
2023-06-27,882.8,892.96,881.9,892.24,,,,
2023-06-28,892.07,893.72,889.09,891.9,,,,
2023-06-29,891.37,900.61,890.23,900.26,,,,
2023-06-30,905.81,910.54,902.07,908.09,,,,
2023-07-03,903.93,910.07,900.98,908.72,,,,
2023-07-05,903.28,906.48,900.73,903.24,,,,
2023-07-06,896.99,899.08,891.44,896.56,,,,
2023-07-07,894.33,907.09,893.53,898.61,,,,
2023-07-10,898.96,911.2,898.96,911.11,,,,
2023-07-11,913.34,923.26,913.34,922.06,,,,
2023-07-12,928.22,928.9,919.5,920.19,,,,
2023-07-13,920.74,923.67,918.07,921.59,,,,
2023-07-14,920.61,920.61,914.52,918.53,,,,
2023-07-17,917.03,925.31,915.32,922.4,,,,
2023-07-18,922.83,930.6,922.66,927.62,,,,
2023-07-19,925.37,929.56,921.76,927.15,,,,
2023-07-20,928.91,933.29,925.45,930.92,,,,
2023-07-21,930.01,932,926.62,926.65,,,,
2023-07-24,926.33,931.53,926.1,928.85,,,,
2023-07-25,919.71,928.32,918.54,927.64,,,,
2023-07-26,931.05,934.96,929.26,933.79,,,,
2023-07-27,932.57,932.57,923.74,926.15,,,,
2023-07-28,931.75,933.43,928.46,931.88,,,,
2023-07-31,933.23,935.29,930.47,934.02,,,,
2023-08-01,932.68,939.87,931.51,936.97,,,,
2023-08-02,933.3,935.35,925.57,926.84,,,,
2023-08-03,924.65,925.62,919.7,921.18,,,,
2023-08-04,924.02,924.84,914.12,915.16,,,,
2023-08-07,919.17,927.73,918.93,926.67,,,,
2023-08-08,921.78,924.03,914.9,922.41,,,,
2023-08-09,922.85,925.84,918.6,921.61,,,,
2023-08-10,922.86,929.28,917.02,919.02,,,,
2023-08-11,917.22,922.15,916.4,919.97,,,,
2023-08-14,918.64,920.8,917.01,920.24,,,,
2023-08-15,915.3,915.39,907.8,908.52,,,,
2023-08-16,907.35,914.04,902.96,903.49,,,,
2023-08-17,905.19,907.74,895.39,895.89,,,,
2023-08-18,889.45,899.65,889.36,896.96,,,,
2023-08-21,897.13,898.76,889.94,895.72,,,,
2023-08-22,897.99,900.79,891.88,893.9,,,,
2023-08-23,895.79,903.94,895.12,902.79,,,,
2023-08-24,899.73,905.87,891.79,891.79,,,,
2023-08-25,895.74,902.31,889.19,899.43,,,,
2023-08-28,902.59,909.56,902.59,906.49,,,,
2023-08-29,904.97,914.07,903.85,913.52,,,,
2023-08-30,914.26,920.28,914.26,917.54,,,,
2023-08-31,918.8,920.63,912.87,912.89,,,,
2023-09-01,918.61,920.41,914.05,917.58,,,,
2023-09-05,915.78,915.83,901.97,902.08,,,,
2023-09-06,900.12,904.93,893.42,897.77,,,,
2023-09-07,895.48,898.49,889.72,894.94,,,,
2023-09-08,895.3,896.02,888.78,890.79,,,,
2023-09-11,893.13,894.29,886.07,890.73,,,,
2023-09-12,886.58,892.57,885.99,887.43,,,,
2023-09-13,886.06,888.94,877.84,881.52,,,,
2023-09-14,885.99,890.51,885.3,890.21,,,,
2023-09-15,888.05,890.49,882.75,885.46,,,,
2023-09-18,885.6,891.26,883.59,886.46,,,,
2023-09-19,884.12,885.46,876.24,882.34,,,,
2023-09-20,886.64,891.55,878.62,878.91,,,,
2023-09-21,875.63,875.63,864.41,864.62,,,,
2023-09-22,863.65,867.12,861.34,861.67,,,,
2023-09-25,858.19,866.17,858.08,865.64,,,,
2023-09-26,860.42,862.78,851.91,852.5,,,,
2023-09-27,856.72,861.74,852.49,859,,,,
2023-09-28,858.72,868.5,857.46,862.66,,,,
2023-09-29,867.85,867.85,855.2,857.57,,,,
2023-10-02,855.95,857.84,845.72,849.73,,,,
2023-10-03,847.53,852.69,840.24,843.45,,,,
2023-10-04,843.61,847.75,837.17,846.68,,,,
2023-10-05,845.68,847.07,837.89,841.3,,,,
2023-10-06,838.24,857.47,835.46,852.5,,,,
2023-10-09,852.06,867.11,852.06,866.19,,,,
2023-10-10,869.77,876.53,866.31,871.17,,,,
2023-10-11,872.61,876.9,869.86,876.6,,,,
2023-10-12,878.7,878.7,862.11,868.42,,,,
2023-10-13,869.75,872.68,857.4,860.99,,,,
2023-10-16,867.06,874.8,865.65,870.04,,,,
2023-10-17,865.91,878.33,865.91,872.77,,,,
2023-10-18,867.72,867.72,850.4,851.56,,,,
2023-10-19,853.2,858.3,842.18,843.88,,,,
2023-10-20,844.59,846.09,834.71,835.2,,,,
2023-10-23,834.31,842.67,830.77,831.31,,,,
2023-10-24,840.89,842.94,833.74,837.28,,,,
2023-10-25,835.48,836.27,826.26,826.65,,,,
2023-10-26,827.63,832.64,822.63,822.99,,,,
2023-10-27,822.71,824.49,813.21,815.8,,,,
2023-10-30,821.43,828.53,818.19,825.79,,,,
2023-10-31,823.76,832.83,823.21,832.11,,,,
2023-11-01,831.83,836.24,827.28,834.83,,,,
2023-11-02,841.6,852.52,841.6,851.96,,,,
2023-11-03,858.85,863.68,858.85,858.95,,,,
2023-11-06,859.59,860.21,852.76,856.73,,,,
2023-11-07,853.38,856.08,849.13,854.53,,,,
2023-11-08,857.32,859.22,853.41,856.86,,,,
2023-11-09,860.64,863.19,853.13,854.76,,,,
2023-11-10,858.93,867.34,856.1,866.21,,,,
2023-11-13,865.54,869.14,863.14,867.01,,,,
2023-11-14,877.1,887.98,877.1,884.71,,,,
2023-11-15,886,893.05,886,886.47,,,,
2023-11-16,887.33,890.55,882.36,885.93,,,,
2023-11-17,890.64,891.55,887.93,891.12,,,,
2023-11-20,890.53,896.46,887.03,894.01,,,,
2023-11-21,892.28,895.06,890.03,893.54,,,,
2023-11-22,895.45,897.99,891.55,895.24,,,,
2023-11-24,896.22,898.69,895.19,897.85,,,,
2023-11-27,894.68,895.06,891.24,892.65,,,,
2023-11-28,893.46,897.59,889.13,890.49,,,,
2023-11-29,895.18,897.85,891.84,893.39,,,,
2023-11-30,895.57,903.31,892.28,902.92,,,,
2023-12-01,904.1,917.72,903.33,917.07,,,,
2023-12-04,910.72,919.16,910.08,918.95,,,,
2023-12-05,916.02,916.02,910.33,911.04,,,,
2023-12-06,914.93,920.6,914.13,915.35,,,,
2023-12-07,917.14,918.32,913.54,915.94,,,,
2023-12-08,916.07,923.12,915.84,918.97,,,,
2023-12-11,920.73,928.5,920.73,927.24,,,,
2023-12-12,928.47,933.38,925.94,931.51,,,,
2023-12-13,931.86,943.42,926.77,942.14,,,,
2023-12-14,947.24,955.69,946.9,953.7,,,,
2023-12-15,949.37,955.18,948,951.8,,,,
2023-12-18,954.51,955.09,951.18,952.49,,,,
2023-12-19,954.93,960.42,954.75,959.43,,,,
2023-12-20,952.62,960.37,943.52,943.72,,,,
2023-12-21,948.37,953.97,946.46,953.77,,,,
2023-12-22,956.12,961.59,954.72,957.94,,,,
2023-12-26,958.1,967.19,958.05,964.9,,,,
2023-12-27,964.36,968.42,963.73,966.59,,,,
2023-12-28,965.34,968.51,964.8,966.65,,,,
2023-12-29,966.13,968.34,961.55,964.73,,,,
2024-01-02,960.17,964.68,952.67,955.58,,,,
2024-01-03,950.61,950.61,940.9,941.16,,,,
2024-01-04,941.97,950.4,941.97,942.06,,,,
2024-01-05,941.36,947.87,940.47,944,,,,
2024-01-08,941.04,949.7,937.18,949.5,,,,
2024-01-09,942.94,947.84,940.21,947.2,,,,
2024-01-10,947.55,952.75,946.38,951.74,,,,
2024-01-11,952.73,952.85,941.97,949.83,,,,
2024-01-12,953.15,954.45,945.88,949.41,,,,
2024-01-16,944.51,945.09,936.82,940.11,,,,
2024-01-17,934.78,939.51,931.35,933.81,,,,
2024-01-18,936.8,947.47,935.9,946.33,,,,
2024-01-19,947.75,954.23,941.18,952.12,,,,
2024-01-22,955.85,961.82,955.69,959.18,,,,
2024-01-23,960.22,962.71,955.14,958.62,,,,
2024-01-24,962.28,962.57,952.23,952.46,,,,
2024-01-25,956.49,961.85,955.13,961.74,,,,
2024-01-26,963.13,965.52,957.81,960.37,,,,
2024-01-29,959.19,966.65,958.34,966.47,,,,
2024-01-30,960.75,968.26,960.54,966.92,,,,
2024-01-31,968.25,968.87,955.65,955.86,,,,
2024-02-01,959.25,972.13,956.58,972.12,,,,
2024-02-02,969.78,982.53,966.51,978.44,,,,
2024-02-05,972.74,976.55,967.81,973.18,,,,
2024-02-06,974.43,982.18,972.52,981.85,,,,
2024-02-07,984.36,991.3,984.36,988.17,,,,
2024-02-08,989.42,990.49,984.41,988.7,,,,
2024-02-09,989.3,990.04,984.5,989.85,,,,
2024-02-12,989.35,993.86,988.39,991.07,,,,
2024-02-13,983.95,983.95,974.21,981.04,,,,
2024-02-14,989.82,997.77,987.84,997.44,,,,
2024-02-15,998.25,1005.04,997.11,1004.31,,,,
2024-02-16,1000.97,1005.2,997.26,998.28,,,,
2024-02-20,996.16,998.17,992.95,994.74,,,,
2024-02-21,994.93,999.33,992.64,998.9,,,,
2024-02-22,1005.7,1012.79,1004.37,1011.01,,,,
2024-02-23,1012.95,1018.02,1012.82,1016.05,,,,
2024-02-26,1015.68,1018.51,1014.15,1014.9,,,,
2024-02-27,1016.78,1016.98,1011.98,1016.07,,,,
2024-02-28,1015.21,1021.9,1014.17,1019.07,,,,
2024-02-29,1022.12,1024.23,1017.29,1022.56,,,,
2024-03-01,1021.17,1026.98,1018.97,1026.2,,,,
2024-03-04,1027.24,1032.9,1027.24,1030.14,,,,
2024-03-05,1027.92,1030.33,1017.55,1021.62,,,,
2024-03-06,1026.8,1032.62,1024.82,1026.69,,,,
2024-03-07,1031.7,1036.26,1030.96,1035.18,,,,
2024-03-08,1036.96,1042.67,1029.74,1032.45,,,,
2024-03-11,1029.54,1031.32,1020.04,1027.02,,,,
2024-03-12,1026.48,1032.72,1022.72,1031.69,,,,
2024-03-13,1031.04,1036.78,1031.04,1034.2,,,,
2024-03-14,1036.73,1036.92,1023.33,1029.71,,,,
2024-03-15,1024.95,1034.29,1024.95,1030.54,,,,
2024-03-18,1034.28,1035.64,1031.08,1032.26,,,,
2024-03-19,1033.29,1041.04,1032.09,1040.77,,,,
2024-03-20,1040.37,1054.89,1038.96,1053.4,,,,
2024-03-21,1057.46,1066.38,1056.57,1063.94,,,,
2024-03-22,1066.04,1067.71,1059.93,1060.31,,,,
2024-03-25,1058.73,1060.28,1052.72,1053.05,,,,
2024-03-26,1052.93,1055.92,1049.08,1049.22,,,,
2024-03-27,1055.44,1066.09,1055.41,1066,,,,
2024-03-28,1067.03,1068.98,1064.39,1066.71,,,,
2024-04-01,1066.85,1067.39,1057.48,1058.31,,,,
2024-04-02,1044.03,1057.21,1043.23,1052.8,,,,
2024-04-03,1052.43,1061.4,1052.43,1058.21,,,,
2024-04-04,1066.58,1069.86,1046.38,1049.14,,,,
2024-04-05,1052.75,1066.4,1051.8,1064.12,,,,
2024-04-08,1065.55,1066.42,1061.43,1061.84,,,,
2024-04-09,1063.31,1065.89,1047.54,1059.47,,,,
2024-04-10,1046.92,1053.55,1043.4,1050.6,,,,
2024-04-11,1050.51,1055.7,1043.19,1051.71,,,,
2024-04-12,1045.11,1048.33,1036.08,1040.48,,,,
2024-04-15,1053.69,1055.59,1029.8,1032.92,,,,
2024-04-16,1032.38,1035.15,1025.35,1030.89,,,,
2024-04-17,1035.3,1035.3,1018.88,1025.06,,,,
2024-04-18,1029.82,1034.09,1020.21,1021.45,,,,
2024-04-19,1024.41,1028.89,1016.99,1019.51,,,,
2024-04-22,1024.81,1033.92,1021.41,1027.14,,,,
2024-04-23,1033.39,1042.97,1033.39,1041.56,,,,
2024-04-24,1042.21,1042.37,1024.52,1033.33,,,,
2024-04-25,1025.96,1038.73,1020.66,1036.29,,,,
2024-04-26,1033.94,1041.15,1033.94,1038.07,,,,
2024-04-29,1040.18,1045.85,1039.97,1045.24,,,,
2024-04-30,1042.23,1044.71,1028.01,1028.09,,,,
2024-05-01,1027.52,1039.4,1023.55,1025.94,,,,
2024-05-02,1029.91,1033.51,1020.29,1031.71,,,,
2024-05-03,1040.72,1041.61,1034.04,1038.97,,,,
2024-05-06,1046.52,1050.01,1044.97,1049.41,,,,
2024-05-07,1050.88,1055.04,1049.77,1051.98,,,,
2024-05-08,1045.59,1053.36,1045.05,1052.27,,,,
2024-05-09,1052.86,1062.25,1052.86,1062,,,,
2024-05-10,1065.98,1067.08,1060.83,1062.84,,,,
2024-05-13,1064.8,1066.14,1057.67,1058.04,,,,
2024-05-14,1059.85,1061.9,1055.71,1058.01,,,,
2024-05-15,1063.07,1065.52,1061.66,1064.67,,,,
2024-05-16,1063.01,1064.12,1057.63,1057.73,,,,
2024-05-17,1060.08,1060.55,1054.01,1059.01,,,,
2024-05-20,1059.57,1064.81,1058.48,1060.8,,,,
2024-05-21,1058.12,1058.54,1055,1057.28,,,,
2024-05-22,1056.71,1061.62,1053.45,1058.9,,,,
2024-05-23,1061.3,1061.3,1044.32,1046.02,,,,
2024-05-24,1049.82,1053.67,1046.09,1051.77,,,,
2024-05-28,1051.03,1051.03,1035.38,1038.5,,,,
2024-05-29,1030.25,1030.42,1023.43,1023.72,,,,
2024-05-30,1024.98,1031.44,1024.85,1030.92,,,,
2024-05-31,1031.54,1043.2,1024.88,1042.88,,,,
2024-06-03,1046.2,1046.2,1020.82,1029.99,,,,
2024-06-04,1028.26,1031.51,1021.83,1027.6,,,,
2024-06-05,1031.27,1037.91,1026,1037.91,,,,
2024-06-06,1037.5,1039.22,1027.89,1031.7,,,,
2024-06-07,1029.5,1039.39,1026.8,1032.74,,,,
2024-06-10,1031.33,1037.14,1031.1,1035.77,,,,
2024-06-11,1031.4,1031.4,1023.86,1030.18,,,,
2024-06-12,1039.56,1045.8,1035.43,1039.72,,,,
2024-06-13,1036.95,1037.03,1024.69,1033.04,,,,
2024-06-14,1025.05,1025.41,1010.27,1022.35,,,,
2024-06-17,1018.68,1035.27,1017.94,1033.35,,,,
2024-06-18,1033.7,1039.32,1031.54,1039.05,,,,
2024-06-20,1037.95,1042.55,1035.79,1039.62,,,,
2024-06-21,1040.3,1040.3,1029.23,1038.17,,,,
2024-06-24,1041.05,1051.31,1038.42,1041.92,,,,
2024-06-25,1039.78,1039.99,1028.38,1033.15,,,,
2024-06-26,1030.99,1031.82,1026.39,1030.66,,,,
2024-06-27,1031.17,1033.18,1027.7,1031.13,,,,
2024-06-28,1032.46,1040.68,1026.93,1031.96,,,,
2024-07-01,1036.62,1037.99,1018.57,1020.62,,,,
2024-07-02,1019.04,1026.38,1018.85,1026.22,,,,
2024-07-03,1027.14,1033.34,1025.7,1030.35,,,,
2024-07-05,1028.82,1028.82,1018.03,1026.22,,,,
2024-07-08,1028.59,1033.76,1025.13,1027.54,,,,
2024-07-09,1027.15,1029.24,1022.77,1022.88,,,,
2024-07-10,1023.98,1032.31,1022.19,1032.08,,,,
2024-07-11,1034.01,1048.58,1033.62,1045.13,,,,
2024-07-12,1049.17,1057.08,1048.53,1050.67,,,,
2024-07-15,1054.84,1063.27,1051.16,1058.03,,,,
2024-07-16,1062.1,1085.81,1062.1,1084.87,,,,
2024-07-17,1080.03,1082.19,1070.8,1070.81,,,,
2024-07-18,1070.78,1081.68,1061.44,1062.96,,,,
2024-07-19,1067.61,1067.61,1054.73,1056.59,,,,
2024-07-22,1062.22,1068.05,1053.69,1067.9,,,,
2024-07-23,1062.85,1071.18,1061.95,1065.69,,,,
2024-07-24,1061.51,1062.12,1041.6,1042.61,,,,
2024-07-25,1042.58,1067.02,1041.47,1050.52,,,,
2024-07-26,1060.24,1076.03,1060.24,1068.6,,,,
2024-07-29,1071.9,1071.9,1063.79,1066.92,,,,
2024-07-30,1071.8,1077.28,1065.81,1069.85,,,,
2024-07-31,1080.44,1092.15,1077.3,1081.94,,,,
2024-08-01,1080.17,1087.53,1055.6,1062.17,,,,
2024-08-02,1050.61,1050.61,1028.79,1038.8,,,,
2024-08-05,1020.72,1030.57,1007.89,1020.89,,,,
2024-08-06,1026.09,1047,1022.75,1032.91,,,,
2024-08-07,1041.59,1050.85,1026.99,1027.46,,,,
2024-08-08,1033.96,1051.74,1033.71,1051.05,,,,
2024-08-09,1050.13,1053.19,1040.74,1051.25,,,,
2024-08-12,1051.77,1052.51,1042.81,1046.04,,,,
2024-08-13,1050.46,1057.65,1043.64,1057.24,,,,
2024-08-14,1057.22,1062.97,1056.14,1061.65,,,,
2024-08-15,1071.13,1078.32,1068.78,1075.62,,,,
2024-08-16,1074.71,1075.94,1068.8,1073.54,,,,
2024-08-19,1074.59,1079.84,1073.18,1079.84,,,,
2024-08-20,1079.18,1080.4,1073.42,1076.76,,,,
2024-08-21,1080.52,1084.74,1078.11,1083.37,,,,
2024-08-22,1084.28,1087.19,1078.47,1081.44,,,,
2024-08-23,1085.66,1094.7,1083.51,1092.68,,,,
2024-08-26,1095.06,1098.19,1088.92,1091.28,,,,
2024-08-27,1089.81,1092.34,1086.08,1091.44,,,,
2024-08-28,1092.32,1097.56,1085.87,1090.96,,,,
2024-08-29,1096.72,1108.22,1091.1,1098.58,,,,
2024-08-30,1101.34,1111.38,1094.82,1110.78,,,,
2024-09-03,1105.41,1106.04,1081.47,1085.61,,,,
2024-09-04,1085.62,1092.66,1082.62,1086.84,,,,
2024-09-05,1084.68,1085.51,1068.04,1073.98,,,,
2024-09-06,1075.48,1082.65,1060.91,1062.45,,,,
2024-09-09,1070.66,1083.19,1070.66,1079.04,,,,
2024-09-10,1083.2,1083.2,1072.22,1080.93,,,,
2024-09-11,1077.99,1084.16,1056.62,1083.23,,,,
2024-09-12,1082.19,1091.25,1077.4,1091.07,,,,
2024-09-13,1095.58,1105.91,1094.53,1101.79,,,,
2024-09-16,1107.9,1113.18,1101.1,1107.64,,,,
2024-09-17,1109.73,1117.57,1107.68,1113.39,,,,
2024-09-18,1115.92,1126.97,1111.57,1112.43,,,,
2024-09-19,1129.21,1133.9,1122.48,1131.91,,,,
2024-09-20,1123.77,1126.25,1118,1124.1,,,,
2024-09-23,1127.19,1133.3,1124.34,1131.53,,,,
2024-09-24,1135.18,1139.84,1133.17,1139.47,,,,
2024-09-25,1142.7,1143.39,1133.6,1134.25,,,,
2024-09-26,1142.41,1146.58,1138.45,1139.87,,,,
2024-09-27,1142.5,1148.56,1140.11,1141.58,,,,
2024-09-30,1139.46,1147.51,1134.74,1147.06,,,,
2024-10-01,1147.08,1152.34,1137.84,1146.94,,,,
2024-10-02,1143.81,1149.04,1140.38,1144.7,,,,
2024-10-03,1142.47,1144.34,1135.06,1139.08,,,,
2024-10-04,1147.76,1148.03,1135.55,1146.22,,,,
2024-10-07,1141.11,1147.82,1137.67,1142.92,,,,
2024-10-08,1147.48,1148.88,1141.46,1145.39,,,,
2024-10-09,1145.85,1156.49,1144.24,1155.94,,,,
2024-10-10,1150.34,1152.91,1146.6,1149.69,,,,
2024-10-14,1169.43,1177.77,1166,1176.93,,,,
2024-10-15,1180.44,1180.88,1167.31,1168.18,,,,
2024-10-16,1169.47,1179.62,1169.47,1177.15,,,,
2024-10-17,1178.81,1178.81,1172.06,1174.2,,,,
2024-10-18,1177.42,1177.88,1171.54,1177.27,,,,
2024-10-21,1177.1,1178.78,1168.57,1173.13,,,,
2024-10-22,1166.41,1167.17,1153.35,1159.22,,,,
2024-10-23,1157.32,1162.71,1149.87,1155.8,,,,
2024-10-24,1153.59,1153.59,1144.61,1147.61,,,,
2024-10-25,1153.27,1154.84,1142.53,1144.7,,,,
2024-10-28,1150.4,1152,1147.69,1147.78,,,,
2024-10-29,1143.13,1150.62,1138.24,1146.21,,,,
2024-10-30,1141.92,1150.38,1140.42,1144.02,,,,
2024-10-31,1134.57,1137.89,1127.68,1131.09,,,,
2024-11-01,1135.91,1142.84,1132.44,1132.95,,,,
2024-11-04,1132.76,1139.52,1128.15,1131.31,,,,
2024-11-05,1134.39,1150.26,1133.59,1150.16,,,,
2024-11-06,1182.72,1197.06,1176.02,1195.4,,,,
2024-11-07,1197.93,1198.44,1186.75,1188.2,,,,
2024-11-08,1190.67,1204.32,1189.57,1200.17,,,,
2024-11-11,1208.45,1214.1,1207.35,1209.73,,,,
2024-11-12,1212.5,1213.48,1194.63,1199.25,,,,
2024-11-13,1201.62,1208.46,1200.38,1201.82,,,,
2024-11-14,1200.63,1201.82,1180.74,1181.55,,,,
2024-11-15,1176.71,1183.4,1171.77,1174.44,,,,
2024-11-18,1172.36,1177.27,1169.89,1172.47,,,,
2024-11-19,1164.09,1174.31,1163.85,1171.74,,,,
2024-11-20,1174.13,1175.49,1164.64,1172.86,,,,
2024-11-21,1178.05,1191.49,1174.64,1187.25,,,,
2024-11-22,1191.37,1204.21,1190.04,1203.38,,,,
2024-11-25,1210.01,1214.59,1206.35,1211.38,,,,
2024-11-26,1210.8,1214.94,1205.84,1213.22,,,,
2024-11-27,1216.1,1219.18,1208.11,1208.86,,,,
2024-11-29,1212.78,1217.09,1212.65,1214.04,,,,
2024-12-02,1214.76,1214.76,1204.37,1205.97,,,,
2024-12-03,1207.32,1207.46,1194.34,1198.13,,,,
2024-12-04,1197.54,1203.75,1195.83,1203.42,,,,
2024-12-05,1202.58,1203,1188.54,1188.92,,,,
2024-12-06,1192.88,1195.1,1183.93,1185.91,,,,
2024-12-09,1185.43,1186.9,1174.57,1174.77,,,,
2024-12-10,1172.14,1176.48,1165.48,1172.15,,,,
2024-12-11,1178.58,1178.79,1169.2,1169.87,,,,
2024-12-12,1170.45,1171.34,1161.51,1161.94,,,,
2024-12-13,1161.62,1164.22,1157.78,1158.8,,,,
2024-12-16,1160.4,1163.92,1156.34,1159.67,,,,
2024-12-17,1153.46,1156.63,1146.54,1149.22,,,,
2024-12-18,1149.97,1153.28,1116.56,1116.77,,,,
2024-12-19,1124.74,1130.14,1114.82,1115.6,,,,
2024-12-20,1112.74,1136,1111.18,1128.15,,,,
2024-12-23,1125.38,1129.21,1118.29,1127.66,,,,
2024-12-24,1126.9,1136.69,1125.09,1136.69,,,,
2024-12-26,1133.52,1140.05,1131.43,1137.39,,,,
2024-12-27,1128.92,1136.99,1122.35,1128.17,,,,
2024-12-30,1115.92,1122.24,1106.63,1117.17,,,,
2024-12-31,1119.26,1121.97,1112.61,1115.65,,,,
2025-01-02,1124.79,1125.43,1107.16,1111.53,,,,
2025-01-03,1115.02,1125.95,1112.62,1123.87,,,,
2025-01-06,1129.96,1133.24,1119.51,1121.49,,,,
2025-01-07,1124.14,1127.52,1116.66,1120.35,,,,
2025-01-08,1118.05,1125.68,1111.56,1124.96,,,,
2025-01-10,1117.99,1119.56,1110.04,1112.52,,,,
2025-01-13,1105.48,1125.76,1104.77,1125.37,,,,
2025-01-14,1133.3,1140.16,1128.09,1138.38,,,,
2025-01-15,1153.99,1154.94,1143.75,1146.05,,,,
2025-01-16,1150.1,1161.22,1147.81,1159.62,,,,
2025-01-17,1167.4,1170.7,1162.36,1166.14,,,,
2025-01-21,1177.5,1189.96,1177.12,1189.85,,,,
2025-01-22,1194.39,1194.8,1186.98,1187.87,,,,
2025-01-23,1195.2,1201.2,1190.2,1199.22,,,,
2025-01-24,1198.11,1199.17,1191.88,1194.15,,,,
2025-01-27,1180.89,1180.89,1172.54,1178.43,,,,
2025-01-28,1179.27,1180.76,1167.21,1170.89,,,,
2025-01-29,1172.39,1178.64,1166.05,1166.44,,,,
2025-01-30,1164.85,1181.59,1164.85,1179.8,,,,
2025-01-31,1180.83,1182.88,1170.01,1171.34,,,,
2025-02-03,1155.41,1167.82,1145.83,1159.23,,,,
2025-02-04,1161.34,1165.93,1157.43,1160.02,,,,
2025-02-05,1164.07,1164.96,1153.1,1161.12,,,,
2025-02-06,1163.41,1167.08,1158.23,1165.97,,,,
2025-02-07,1170.57,1172.79,1160.04,1162,,,,
2025-02-10,1169.28,1173.17,1164.89,1172.58,,,,
2025-02-11,1169.25,1173.68,1165.89,1172.85,,,,
2025-02-12,1159.24,1169.65,1156.26,1166.02,,,,
2025-02-13,1168.91,1169.78,1162.29,1167.12,,,,
2025-02-14,1169.16,1169.36,1162.43,1163.78,,,,
2025-02-18,1168.88,1174.63,1166.39,1172.76,,,,
2025-02-19,1169.15,1176.17,1168.06,1173.75,,,,
2025-02-20,1171.55,1171.97,1157.71,1165.82,,,,
2025-02-21,1166.09,1166.28,1135.69,1139.79,,,,
2025-02-24,1144.41,1145.46,1133.4,1134.83,,,,
2025-02-25,1136.34,1144.72,1128.77,1140.82,,,,
2025-02-26,1146.02,1153.02,1140.29,1141.54,,,,
2025-02-27,1145.91,1153.5,1136.08,1137.26,,,,
2025-02-28,1140.35,1153.19,1134.81,1152.54,,,,
2025-03-03,1158.92,1162.4,1129.44,1135.8,,,,
2025-03-04,1124.73,1132.05,1105.04,1113.56,,,,
2025-03-05,1117.2,1135.45,1116.53,1131.25,,,,
2025-03-06,1121.77,1128.23,1113.24,1120.86,,,,
2025-03-07,1115.04,1136.86,1111.08,1134.28,,,,
2025-03-10,1121.68,1132.07,1107.43,1116.09,,,,
2025-03-11,1113.38,1114.24,1093.18,1098.9,,,,
2025-03-12,1107.46,1110.03,1089.61,1098.94,,,,
2025-03-13,1096.75,1100.82,1083.25,1087.35,,,,
2025-03-14,1096.63,1109.1,1093.81,1107.38,,,,
2025-03-17,1105.57,1127.18,1105.32,1122.31,,,,
2025-03-18,1118.97,1119.2,1107.23,1113.64,,,,
2025-03-19,1116.23,1134.3,1116.23,1128.03,,,,
2025-03-20,1119.13,1130.72,1117.3,1122.86,,,,
2025-03-21,1112.78,1117.88,1106.17,1116.78,,,,
2025-03-24,1127.61,1139,1127.18,1137.67,,,,
2025-03-25,1139.33,1141.75,1133.65,1138.86,,,,
2025-03-26,1141.33,1146.11,1127.85,1131.43,,,,
2025-03-27,1129.61,1135.1,1120.79,1125.61,,,,
2025-03-28,1122.61,1124.61,1101.37,1102.69,,,,
2025-03-31,1093.72,1115.98,1087.04,1109.72,,,,
2025-04-01,1106.23,1118.38,1098.23,1116.38,,,,
2025-04-02,1105.38,1130.42,1105,1126.79,,,,
2025-04-03,1093.2,1097.62,1064.92,1065.88,,,,
2025-04-04,1037.5,1038.56,997.57,998.87,,,,
2025-04-07,975.91,1029.83,954.04,994.44,,,,
2025-04-08,1023.67,1029.8,971,985.55,,,,
2025-04-09,975.79,1079.52,975.79,1073.97,,,,
2025-04-10,1056.58,1057.36,1015.97,1045.93,,,,
2025-04-11,1041.63,1069.08,1033.42,1064.06,,,,
2025-04-14,1076.38,1081.94,1066.24,1075.14,,,,
2025-04-15,1073.33,1081.7,1068.11,1069.45,,,,
2025-04-16,1064.38,1070.35,1046.92,1054.7,,,,
2025-04-17,1059.09,1070.49,1055.46,1060.74,,,,
2025-04-21,1051.2,1051.66,1025.53,1036.78,,,,
2025-04-22,1043.77,1059.44,1042.21,1055.1,,,,
2025-04-23,1081.28,1091.83,1065.18,1068.24,,,,
2025-04-24,1067.21,1093.9,1064.78,1092.05,,,,
2025-04-25,1091.59,1096.02,1084.67,1092.21,,,,
2025-04-28,1095.75,1103.04,1085.41,1095.6,,,,
2025-04-29,1093.17,1104.89,1091.66,1102.57,,,,
2025-04-30,1093.56,1113.69,1082.36,1111.41,,,,
2025-05-01,1117.29,1126.96,1111.07,1119.16,,,,
2025-05-02,1131.4,1143.28,1131.4,1139.44,,,,
2025-05-05,1133.5,1146.11,1131.43,1139.04,,,,
2025-05-06,1126.7,1135.41,1125.25,1129.32,,,,
2025-05-07,1130.42,1140.05,1129.42,1135.1,,,,
2025-05-08,1144.32,1162.04,1142.25,1150.27,,,,
2025-05-09,1154.24,1155.26,1143.91,1151.49,,,,
2025-05-12,1181.83,1187.19,1175.93,1186.68,,,,
2025-05-13,1189.7,1202.7,1189.7,1195.22,,,,
2025-05-14,1194.36,1196.03,1186.22,1189.53,,,,
2025-05-15,1191.15,1204.29,1191.12,1202.76,,,,
2025-05-16,1205.18,1215.33,1200.56,1215.21,,,,
2025-05-19,1205.23,1220.5,1203.62,1219.84,,,,
2025-05-20,1215.72,1221.24,1210.74,1215.35,,,,
2025-05-21,1207.72,1211.59,1193.09,1194.89,,,,
2025-05-22,1191.28,1201.64,1188.1,1194.84,,,,
2025-05-23,1179.81,1194.31,1179.81,1190.01,,,,
2025-05-27,1201.7,1211.97,1197.81,1211.34,,,,
2025-05-28,1213.46,1215.47,1203.47,1205.04,,,,
2025-05-29,1208.96,1209.38,1198.21,1206.01,,,,
2025-05-30,1203.91,1210.68,1196.28,1207.31,,,,
2025-06-02,1204.65,1205,1189.73,1204.44,,,,
2025-06-03,1204.45,1214.59,1204.34,1213.6,,,,
2025-06-04,1217.06,1220.79,1214.66,1214.66,,,,
2025-06-05,1218.1,1218.33,1209.67,1213.56,,,,
2025-06-06,1222.69,1228.84,1220.25,1223.88,,,,
2025-06-09,1226.2,1228.67,1220.63,1222.79,,,,
2025-06-10,1223.83,1224.26,1211.35,1217.43,,,,
2025-06-11,1218.04,1221.64,1206.52,1217.76,,,,
2025-06-12,1209.03,1215.67,1207.33,1214.88,,,,
2025-06-13,1203.97,1215.02,1201.02,1204.35,,,,
2025-06-16,1211.85,1220.04,1210.93,1212.95,,,,
2025-06-17,1209.04,1212.12,1202.07,1203.8,,,,
2025-06-18,1203.71,1212.54,1199.97,1200.77,,,,
2025-06-20,1208.22,1210.75,1198.1,1202.4,,,,
2025-06-23,1201.33,1218.66,1196.58,1217.96,,,,
2025-06-24,1224.46,1230.32,1217.92,1228.39,,,,
2025-06-25,1229.07,1229.07,1214.99,1217,,,,
2025-06-26,1222.35,1231.88,1220.66,1230.44,,,,
2025-06-27,1232.9,1248.34,1231.64,1242.86,,,,
2025-06-30,1242.7,1250.44,1240.19,1249.13,,,,
2025-07-01,1245.21,1255.75,1244.26,1252.83,,,,
2025-07-02,1250.84,1254.12,1247.22,1254.1,,,,
2025-07-03,1257.48,1265.61,1257.26,1264.37,,,,
2025-07-07,1264.57,1268.08,1251.99,1260.07,,,,
2025-07-08,1259.74,1263.73,1254.19,1260.14,,,,
2025-07-09,1267.2,1269.9,1260.39,1268.95,,,,
2025-07-10,1271.23,1280.15,1270.21,1275.59,,,,
2025-07-11,1269.33,1274.67,1267.01,1271.66,,,,
2025-07-14,1271.63,1279.42,1269.32,1278.57,,,,
2025-07-15,1281.82,1281.93,1268.51,1268.8,,,,
2025-07-16,1272.64,1274.04,1256.14,1273.26,,,,
2025-07-17,1277.96,1286.41,1276.64,1284.4,,,,
2025-07-18,1289.76,1290.64,1276.29,1281.95,,,,
2025-07-21,1284.52,1286.54,1274.24,1274.24,,,,
2025-07-22,1268.82,1280.37,1266.66,1278.07,,,,
2025-07-23,1287.71,1301.15,1286.85,1300.42,,,,
2025-07-24,1299.2,1308,1296.16,1298.31,,,,
2025-07-25,1302.43,1311.98,1298.26,1311.04,,,,
2025-07-28,1311.31,1311.56,1303.87,1307.19,,,,
2025-07-29,1307.61,1307.84,1288.27,1292.24,,,,
2025-07-30,1291.17,1293.08,1280.18,1285.96,,,,
2025-07-31,1283.36,1294.81,1283.36,1285.95,,,,
2025-08-01,1269.75,1271.92,1253.22,1267.14,,,,
2025-08-04,1271.11,1279.69,1270,1278.66,,,,
2025-08-05,1276.9,1283,1267.17,1275.89,,,,
2025-08-06,1276.34,1279.68,1267.58,1276.68,,,,
2025-08-07,1283.63,1283.7,1267.5,1275.08,,,,
2025-08-08,1279.83,1284.16,1272.77,1274.95,,,,
2025-08-11,1275.39,1276.51,1268.76,1271.31,,,,
2025-08-12,1275.58,1285.25,1275.29,1285.11,,,,
2025-08-13,1288.65,1290.55,1275.14,1290.15,,,,
2025-08-14,1282.22,1284.97,1276.24,1278.76,,,,
2025-08-15,1279.16,1279.16,1271.04,1271.74,,,,
2025-08-18,1270.85,1277.82,1270.24,1276.88,,,,
2025-08-19,1276.99,1287.29,1274.42,1279.26,,,,
2025-08-20,1277.74,1280.86,1270.25,1278.05,,,,
2025-08-21,1275.97,1279.33,1271.61,1273.75,,,,
2025-08-22,1279.79,1303.03,1279.79,1294.41,,,,
2025-08-25,1293,1295.93,1281.15,1281.21,,,,
2025-08-26,1281.02,1295.63,1281.02,1294.42,,,,
2025-08-27,1292.66,1296.55,1291.96,1294.21,,,,
2025-08-28,1297.79,1298.06,1291.76,1296.37,,,,
2025-08-29,1294.34,1294.82,1279.38,1284.04,,,,
2025-09-02,1268.91,1271.26,1262.17,1270.43,,,,
2025-09-03,1269.46,1270.71,1258.08,1264.29,,,,
2025-09-04,1266.25,1278.15,1262.76,1278.02,,,,
2025-09-05,1280.12,1282.29,1260.68,1272.95,,,,
2025-09-08,1275.01,1278.14,1266.45,1275.58,,,,
2025-09-09,1272.9,1272.9,1259.9,1267.33,,,,
2025-09-10,1271.27,1280.55,1270.59,1276.55,,,,
2025-09-11,1278.13,1292.65,1276.51,1288.77,,,,
2025-09-12,1286.13,1288.97,1277.64,1278.24,,,,
2025-09-15,1281.48,1287.48,1279.5,1283.93,,,,
2025-09-16,1287.37,1287.67,1276.4,1280.31,,,,
2025-09-17,1281.71,1287.47,1266.71,1274.51,,,,
2025-09-18,1277.65,1290.91,1276.12,1287.96,,,,
2025-09-19,1291.92,1293.89,1280.89,1290.66,,,,
2025-09-22,1288,1297.47,1284.59,1295.5,,,,
2025-09-23,1298.39,1306.31,1290.85,1295.68,,,,
2025-09-24,1298.43,1300.97,1288.98,1289.12,,,,
2025-09-25,1282.94,1284.46,1275.5,1280.62,,,,
2025-09-26,1288.38,1296.83,1287.66,1291.77,,,,
2025-09-29,1301.76,1303.03,1291.33,1295.78,,,,
2025-09-30,1294.51,1306.71,1294.04,1306.11,,,,
2025-10-01,1296.92,1304.51,1296.56,1301.91,,,,
2025-10-02,1304.09,1310.28,1297.78,1305.05,,,,
2025-10-03,1306.66,1315.42,1303.47,1306.85,,,,
2025-10-06,1310.95,1315.59,1305.35,1313.02,,,,
2025-10-07,1315.4,1318.73,1302.96,1305.57,,,,
2025-10-08,1309.29,1318.82,1303.77,1316.67,,,,
2025-10-09,1320.27,1320.37,1295.96,1297.73,,,,
2025-10-10,1300.25,1304.88,1268.86,1268.86,,,,
2025-10-13,1277.9,1286.87,1275.68,1282.11,,,,
2025-10-14,1270.72,1302.81,1269.58,1297.15,,,,
2025-10-15,1303.36,1308.9,1280.8,1291.05,,,,
2025-10-16,1296.63,1296.64,1277.09,1283.37,,,,
2025-10-17,1280.21,1288.33,1278.17,1283.98,,,,
2025-10-20,1292.08,1301.84,1291.7,1299.21,,,,
2025-10-21,1303.07,1317.03,1301.32,1310.65,,,,
2025-10-22,1315.53,1315.53,1290.19,1293.44,,,,
2025-10-23,1297.79,1311.86,1297.7,1309.88,,,,
2025-10-24,1319.46,1319.74,1310.46,1310.66,,,,
2025-10-27,1319.75,1320.65,1312.71,1318.48,,,,
2025-10-28,1318.87,1322.43,1308.69,1308.83,,,,
2025-10-29,1310.36,1322.51,1306.51,1312.13,,,,
2025-10-30,1307.96,1328.04,1307.14,1308.9,,,,
2025-10-31,1309.27,1316.82,1305.62,1311.71,,,,
2025-11-03,1311.55,1311.88,1296.97,1306.19,,,,
2025-11-04,1289.95,1294.57,1284.61,1291.17,,,,
2025-11-05,1288.33,1303.43,1287,1296.3,,,,
2025-11-06,1297.25,1301.02,1288.07,1290.95,,,,
2025-11-07,1285.74,1298.92,1278.69,1296.99,,,,
2025-11-10,1302.21,1308.1,1290.45,1304.56,,,,
2025-11-11,1303.88,1308.37,1297.41,1304.64,,,,
2025-11-12,1306.3,1315.48,1305,1305.85,,,,
2025-11-13,1305.04,1309.28,1283.26,1285.96,,,,
2025-11-14,1276.25,1292.66,1274.28,1285.72,,,,
2025-11-17,1284.61,1287.26,1267.3,1272.48,,,,
2025-11-18,1265.9,1274.18,1260.24,1266.41,,,,
2025-11-19,1266.66,1274.89,1265.17,1270.95,,,,
2025-11-20,1286.02,1289.83,1248.77,1249.3,,,,
2025-11-21,1251.66,1270.02,1243.56,1264.26,,,,
2025-11-24,1265.54,1272.52,1258.7,1267.86,,,,
2025-11-25,1273.04,1285.81,1261.97,1283.74,,,,
2025-11-26,1284.99,1297.57,1284.54,1291.22,,,,
2025-12-01,1288.03,1292.38,1278.63,1279.14,,,,
2025-12-02,1286.43,1294.12,1281.65,1290.29,,,,
2025-12-03,1291.05,1302.84,1288.87,1302.5,,,,
2025-12-04,1302.61,1313.27,1301.8,1309.14,,,,
2025-12-05,1307.58,1311.48,1301.39,1305.49,,,,
2025-12-08,1306.48,1308.99,1300.95,1303.65,,,,
2025-12-09,1301.42,1308.62,1293.75,1294.12,,,,
2025-12-10,1300.13,1323.2,1299.15,1317.88,,,,
2025-12-11,1316.49,1333.12,1315.36,1331.83,,,,
2025-12-12,1337.51,1337.72,1319.44,1323.34,,,,
2025-12-15,1328.5,1330.94,1322.09,1325.31,,,,
2025-12-16,1324.05,1327.65,1311.99,1317.67,,,,
2025-12-17,1314.63,1320.62,1294.76,1296.09,,,,
2025-12-18,1308.29,1314.91,1300.77,1304.34,,,,
2025-12-19,1306.03,1317.74,1305.28,1315.79,,,,
2025-12-22,1323.29,1331.14,1319.03,1330.46,,,,
2025-12-23,1329.49,1332.78,1327.2,1329.77,,,,
2025-12-24,1329.28,1335.58,1328.9,1334.01,,,,
2025-12-26,1333,1333.19,1328.15,1331.31,,,,
2025-12-29,1329.22,1333.48,1325.77,1328.3,,,,
2025-12-30,1328.2,1330,1324.47,1324.67,,,,
2025-12-31,1324.64,1325.34,1312.87,1313.14,,,,
2026-01-02,1317.72,1337.84,1312.76,1337.84,,,,
2026-01-05,1341.17,1359.33,1341.17,1353.07,,,,
2026-01-06,1350.76,1372.83,1348.21,1371.79,,,,
2026-01-07,1374.98,1376.02,1345.18,1345.76,,,,
2026-01-08,1353.13,1366.16,1352.95,1356.27,,,,
2026-01-09,1361.5,1373.5,1361.5,1371.35,,,,
2026-01-12,1367.56,1382.09,1367.39,1381.68,,,,
2026-01-13,1386.87,1392.86,1383.77,1388.78,,,,
2026-01-14,1387.06,1390.9,1378.47,1390.72,,,,
2026-01-15,1399.3,1405.73,1397.48,1403.65,,,,
2026-01-16,1407.95,1415.49,1406.65,1412.74,,,,
2026-01-20,1395.6,1402.37,1381.53,1384.66,,,,
2026-01-21,1392.72,1413.36,1389.86,1408.32,,,,
2026-01-22,1411.1,1413.72,1398.52,1401.11,,,,
2026-01-23,1401.98,1403.57,1385.85,1389.93,,,,
2026-01-26,1389.74,1393.73,1387.05,1391.36,,,,
2026-01-27,1391.3,1399.81,1386.56,1397.16,,,,
2026-01-28,1394.16,1398.82,1384.3,1389.81,,,,
2026-01-29,1402.94,1412.34,1388.58,1403.94,,,,
2026-01-30,1394.68,1407.25,1385.9,1400.05,,,,
2026-02-02,1398.6,1418.64,1397.02,1417.68,,,,
2026-02-03,1421.05,1436.83,1412.86,1430.35,,,,
2026-02-04,1437.93,1444.84,1420.7,1433.77,,,,
2026-02-05,1422.8,1432.64,1417.21,1425.06,,,,
2026-02-06,1439.04,1467.3,1439.04,1465.59,,,,
2026-02-09,1463.76,1473.55,1461.3,1470.44,,,,
2026-02-10,1471.3,1479.67,1468.08,1472.17,,,,
2026-02-11,1485.58,1495.18,1473.19,1479.67,,,,
2026-02-12,1488.72,1503.69,1459.32,1461.95,,,,
2026-02-13,1466.19,1482.96,1461.22,1474.05,,,,
2026-02-17,1471.59,1488.44,1466.87,1480.68,,,,
2026-02-18,1485.44,1488.87,1475.03,1480.78,,,,
2026-02-19,1480.26,1496.43,1479.37,1492.22,,,,
2026-02-20,1490.33,1507.07,1485.59,1498.92,,,,
2026-02-23,1492.1,1495.64,1474.42,1478.33,,,,
2026-02-24,1476.66,1498.34,1474.84,1496.44,,,,
2026-02-25,1501.55,1502.69,1475.51,1484.67,,,,
2026-02-26,1488.95,1496.33,1470.74,1494.08,,,,
2026-02-27,1483.59,1497.93,1479.97,1497.59,,,,
2026-03-02,1491.42,1515.15,1485.37,1512.33,,,,
2026-03-03,1489.19,1490.52,1459.45,1482.62,,,,
2026-03-04,1490.63,1493.99,1476.64,1487.4,,,,
2026-03-05,1476.72,1480.67,1438.61,1454.59,,,,
2026-03-06,1433.24,1441.9,1422.35,1436.29,,,,
2026-03-09,1420.08,1447.94,1404.48,1444.29,,,,
2026-03-10,1442.34,1456.28,1434.71,1436.01,,,,
2026-03-11,1431.76,1438.72,1422.85,1432.15,,,,
2026-03-12,1417.77,1419.18,1395.43,1396.02,,,,
2026-03-13,1402.75,1409.03,1383.37,1390.6,,,,
2026-03-16,1402.49,1411.42,1396.6,1402.37,,,,
2026-03-17,1410.99,1414.63,1394.08,1405.84,,,,
2026-03-18,1406.89,1411.75,1394.15,1395,,,,
2026-03-19,1378.93,1392.94,1370.31,1385.67,,,,
2026-03-20,1384.28,1389.91,1354.11,1364.93,,,,
2026-03-23,1388.81,1407.06,1380.58,1380.82,,,,
2026-03-24,1367.28,1393.31,1364.78,1388.71,,,,
2026-03-25,1406.26,1407.47,1391.89,1398.13,,,,
2026-03-26,1384.99,1394.1,1364.36,1365.74,,,,
2026-03-27,1360.09,1365.55,1345.36,1348.45,,,,
2026-03-30,1359.15,1360.92,1322.01,1326.74,,,,
2026-03-31,1342.71,1372.9,1338.83,1369.67,,,,
2026-04-01,1384.7,1403.61,1383.33,1392.3,,,,
2026-04-02,1370.81,1402.59,1364.6,1386.91,,,,
2026-04-06,1383.61,1393.95,1378.95,1393.84,,,,
2026-04-07,1387.49,1394.25,1379.01,1390.9,,,,
2026-04-08,1432.89,1448.15,1432.23,1443.11,,,,
2026-04-09,1440.95,1465.94,1440.01,1458.15,,,,
2026-04-10,1460.9,1461.57,1449.91,1451.9,,,,
2026-04-13,1450.73,1463.04,1444.77,1462.98,,,,
2026-04-14,1467.77,1473.78,1457.62,1467.89,,,,
2026-04-15,1464.46,1466.04,1440.21,1449.63,,,,
2026-04-16,1450.15,1456.65,1435.89,1442.55,,,,
2026-04-17,1457.74,1482.7,1457.74,1468.78,,,,
2026-04-20,1467.31,1472.94,1461.45,1471.41,,,,
2026-04-21,1468.21,1478.57,1447.24,1451,,,,
2026-04-22,1467.13,1471.82,1442.17,1448.12,,,,
2026-04-23,1459.05,1479.4,1455.46,1473.52,,,,
2026-04-24,1472.75,1473.54,1455.73,1460.48,,,,
2026-04-27,1462.13,1468.5,1452.23,1460.06,,,,
2026-04-28,1452.84,1454.49,1435.48,1447.18,,,,
2026-04-29,1450.73,1453.73,1432.81,1438.16,,,,
2026-04-30,1447.1,1479.78,1446.38,1477.85,,,,
2026-05-01,1483.61,1483.61,1464.08,1464.08,,,,
2026-05-04,1460.05,1466.21,1444.74,1447.01,,,,
2026-05-05,1459.79,1464.95,1449.86,1459.51,,,,
2026-05-06,1483.59,1501.14,1475.59,1497.44,,,,
2026-05-07,1503.81,1504.61,1468.38,1473.17,,,,
2026-05-08,1481.93,1481.93,1465.19,1466.54,,,,
2026-05-11,1465.89,1485.72,1463.85,1481.37,,,,
2026-05-12,1476.5,1479.14,1457.14,1475.43,,,,
2026-05-13,1477.26,1477.4,1459.9,1469.12,,,,
2026-05-14,1474.63,1478.61,1462.93,1476.51,,,,
2026-05-15,1461.04,1461.14,1446.3,1449.71,,,,
2026-05-18,1450.19,1450.19,1433.81,1443.69,,,,
2026-05-19,1434,1439.22,1421.93,1426.79,,,,
2026-05-20,1433.04,1450.3,1424.57,1443.88,,,,
2026-05-21,1437.31,1448.71,1428.81,1442.18,,,,
2026-05-22,1452.35,1461.29,1441.21,1452.06,,,,
2026-05-26,1465.42,1477.38,1461.69,1473.55,,,,
2026-05-27,1473.37,1478.41,1466.16,1473.89,,,,
2026-05-28,1465.37,1477.16,1454.61,1469.9,,,,
2026-05-29,1465.05,1469.88,1457.15,1463.53,,,,
2026-06-01,1442.79,1461.03,1440.43,1456.94,,,,
2026-06-02,1460.87,1474.68,1456.99,1471.52,,,,
2026-06-03,1468.85,1488.08,1467.41,1470.05,,,,
2026-06-04,1474.44,1491.17,1472.64,1488.26,,,,
2026-06-05,1482.86,1489.95,1466.02,1471.96,,,,
2026-06-08,1476.22,1480.49,1464.15,1467.02,,,,
2026-06-09,1474.51,1491.65,1451.52,1483.99,,,,
2026-06-10,1474.16,1474.16,1432.03,1433.33,,,,
2026-06-11,1445.7,1484.13,1444.96,1479.93,,,,
2026-06-12,1488.01,1491.49,1475.2,1488.49,,,,
2026-06-15,1510.46,1519.91,1507.69,1508.67,,,,
2026-06-16,1515.07,1529.24,1515.07,1518.8,,,,
2026-06-17,1520.87,1539.8,1513.06,1516.93,,,,
2026-06-18,1539.87,1544.03,1524.2,1527.8,,,,
2026-06-22,1528.49,1542.78,1528.49,1539.35,,,,
2026-06-23,1517.58,1523.66,1500.68,1508.11,,,,
2026-06-24,1514.64,1539.62,1510.47,1525.94,,,,
2026-06-25,1540.08,1574.86,1540.08,1559.29,,,,
2026-06-26,1545.01,1549.42,1531.62,1535.36,,,,
2026-06-29,1536.58,1553.18,1536.58,1547.76,,,,
2026-06-30,1555.66,1569.61,1547.57,1568.73,,,,
2026-07-01,1563.45,1571.08,1546.67,1552.14,,,,
2026-07-02,1562.41,1569.81,1539.98,1557.02,,,,
2026-07-03,1562.41,1569.81,1539.98,1557.02,,,,
2026-07-06,1565.08,1577.31,1565.08,1570.16,,,,
2026-07-07,1562.5,1563.62,1529.08,1544,,,,
2026-07-08,1530.48,1539.09,1515.78,1527.27,,,,
2026-07-09,1543.48,1546.14,1529.55,1532.92,,,,
2026-07-13,1537.65,1541.51,1521.76,1526.16,,,,
2026-07-14,1535.42,1544.14,1522.78,1526.72,,,,
2026-07-15,1531.61,1532.08,1504.87,1524.02,,,,
2026-07-16,1514.89,1528.46,1512.53,1524.89,,,,
2026-07-17,1508.96,1535.54,1504.97,1518.8,,,,
2026-07-20,1527.67,1533.26,1503.16,1507.03,,,,
2026-07-21,1518.39,1522.62,1504.83,1512.1,,,,
2026-07-22,1507.98,1521.45,1507.83,1513.18,,,,
2026-07-23,1519.12,1547.91,1518.39,1540,,,,
2026-07-24,1541.29,1556.23,1538.72,1545.39,,,,
2026-07-27,1551.05,1560.45,1530.53,1550.31,,,,
2026-07-28,1547.92,1547.92,1535.4,1543.88,,,,
2026-07-29,1528.87,1529.22,1492.38,1493.89,,,,
2026-07-30,1510.53,1513.11,1489.07,1508.84,,,,
2026-07-31,1525.83,1527.22,1505.52,1520.75,,,,
2026-08-03,1525.11,1551.4,1525.11,1549.1,,,,
2026-08-04,1571.38,1580.98,1550.78,1576.95,,,,
2026-08-05,1577.97,1592.02,1574.39,1576.72,,,,
2026-08-07,1577.18,1585.69,1560.97,1563.57,,,,
2026-08-10,1571.26,1571.28,1559.88,1561.93,,,,
