Date,Open,High,Low,Close,Volume,TradingValue,UpLimit,LowLimit
2011-05-31,411.53,416.38,411.53,416.37,,,,
2011-06-01,416.37,416.37,410.57,410.66,,,,
2011-06-02,410.62,410.85,408.18,409.8,,,,
2011-06-03,409.55,409.55,405.29,405.94,,,,
2011-06-06,405.94,405.94,402.94,403.39,,,,
2011-06-07,403.41,407.39,403.41,404.33,,,,
2011-06-08,404.32,405.16,402.86,404.59,,,,
2011-06-09,404.59,410.72,404.59,408.54,,,,
2011-06-10,408.53,408.53,401.08,401.29,,,,
2011-06-13,401.29,404.75,401.25,402.8,,,,
2011-06-14,402.85,407.89,402.85,406.41,,,,
2011-06-15,406.41,406.41,400.08,401.01,,,,
2011-06-16,400.99,402.63,399.14,401.61,,,,
2011-06-17,401.65,405.91,401.33,402.49,,,,
2011-06-20,402.49,406.96,402.03,406.62,,,,
2011-06-21,406.62,409.98,406.62,409.1,,,,
2011-06-22,409.04,409.51,406.5,406.58,,,,
2011-06-23,406.54,406.54,401.01,406.25,,,,
2011-06-24,406.2,406.2,400.82,401.23,,,,
2011-06-27,401.17,404.61,400.02,403.47,,,,
2011-06-28,403.52,410.12,403.52,409.34,,,,
2011-06-29,409.34,410.55,408.75,409.55,,,,
2011-06-30,409.64,412.11,409.64,410.93,,,,
2011-07-01,411.05,416.25,410.89,416.15,,,,
2011-07-05,416.06,416.06,413.56,414.85,,,,
2011-07-06,414.88,416.57,414.33,415.97,,,,
2011-07-07,416.14,417.32,414.16,415.68,,,,
2011-07-08,415.68,415.68,411.59,414,,,,
2011-07-11,413.79,413.79,407.39,408.18,,,,
2011-07-12,408.18,412.2,407.6,408.39,,,,
2011-07-13,408.42,413.61,408.42,409.53,,,,
2011-07-14,409.53,411.85,408.06,409.07,,,,
2011-07-15,409.07,409.71,404.97,407.11,,,,
2011-07-18,407.05,407.05,401.05,403.88,,,,
2011-07-19,403.88,408.29,403.88,407.56,,,,
2011-07-20,407.53,407.96,404.69,406.12,,,,
2011-07-21,406.77,413.81,406.77,412.19,,,,
2011-07-22,412.1,412.35,409.83,411.6,,,,
2011-07-25,411.59,411.59,406.94,407.19,,,,
2011-07-26,407.19,407.33,403.62,403.93,,,,
2011-07-27,403.93,403.93,396.62,396.96,,,,
2011-07-28,396.98,400.95,396.15,396.39,,,,
2011-07-29,396.39,397.21,390.89,394.71,,,,
2011-08-01,394.99,397.66,383.95,387.95,,,,
2011-08-02,387.95,387.95,378.98,379.01,,,,
2011-08-03,379.07,379.65,372.06,379.44,,,,
2011-08-04,378.87,378.87,364.83,364.92,,,,
2011-08-05,364.97,372.72,358.79,367.78,,,,
2011-08-08,367.78,367.78,348.46,348.46,,,,
2011-08-09,348.46,361.69,342.59,361.56,,,,
2011-08-10,361.11,361.11,345.53,346.38,,,,
2011-08-11,346.38,366.33,346.38,362.54,,,,
2011-08-15,365.39,372.24,365.39,372.08,,,,
2011-08-16,371.94,373.46,367.16,371.15,,,,
2011-08-17,371.15,375.57,368.32,371.37,,,,
2011-08-18,371.32,371.32,356.24,358.96,,,,
2011-08-19,358.96,363.26,356.62,357.96,,,,
2011-08-22,358.08,363.74,357.65,358.48,,,,
2011-08-23,358.49,369.98,358.49,369.76,,,,
2011-08-24,369.65,374.21,367.99,374.04,,,,
2011-08-25,374.17,374.36,366.45,367.62,,,,
2011-08-26,367.53,372.92,358.43,371.9,,,,
2011-08-29,372.02,381.49,372.02,381.44,,,,
2011-08-30,381.34,384.73,377.27,382.8,,,,
2011-08-31,382.8,387.77,382.27,385.31,,,,
2011-09-01,385.39,389.18,382.12,382.45,,,,
2011-09-02,382.45,382.45,373.61,373.98,,,,
2011-09-06,373.98,375.46,365.24,374.92,,,,
2011-09-07,375.29,384.01,375.29,384.01,,,,
2011-09-08,383.71,385.27,379.23,379.7,,,,
2011-09-09,379.52,379.52,366.98,368.58,,,,
2011-09-12,368.46,370.15,363.13,369.94,,,,
2011-09-13,370,374.07,368.5,373.29,,,,
2011-09-14,373.29,381.05,369.57,376.82,,,,
2011-09-15,377.06,380.49,374.47,380.39,,,,
2011-09-16,380.39,383.23,378.87,382.17,,,,
2011-09-19,382.04,382.04,375.75,378.75,,,,
2011-09-20,378.91,386.31,378.3,382.1,,,,
2011-09-21,382.05,383.03,372.09,372.23,,,,
2011-09-22,372.23,372.23,360.2,364.34,,,,
2011-09-23,364.07,366.48,361.27,365.03,,,,
2011-09-26,365.03,371.04,363.37,370.78,,,,
2011-09-27,370.78,380.72,370.78,376.19,,,,
2011-09-28,376.19,378.08,369.37,369.7,,,,
2011-09-29,369.7,377.13,367.03,372.47,,,,
2011-09-30,372.47,374.51,367.66,367.73,,,,
2011-10-03,367.54,369.83,355.94,356.1,,,,
2011-10-04,355.67,359.78,349.11,359.6,,,,
2011-10-05,359.75,365.62,358.88,365.39,,,,
2011-10-06,365.39,369.4,363.59,369.29,,,,
2011-10-07,369.29,372.07,368.21,368.81,,,,
2011-10-10,369.1,378.28,369.1,378.06,,,,
2011-10-11,378.03,378.03,375.4,376.71,,,,
2011-10-12,376.86,380.76,376.86,377.37,,,,
2011-10-13,377.27,378.14,373.88,377.14,,,,
2011-10-14,377.35,380.48,377.35,380.46,,,,
2011-10-17,380.42,380.42,373.38,374.04,,,,
2011-10-18,374.09,379.4,370.25,376.99,,,,
2011-10-19,377.02,380.5,374.34,375.75,,,,
2011-10-20,376.45,377.68,371.51,376.06,,,,
2011-10-21,376.06,383.47,376.06,383.09,,,,
2011-10-24,383.17,388.84,382.93,388.42,,,,
2011-10-25,388.42,388.42,380.07,380.76,,,,
2011-10-26,381.05,387.3,381.05,386.24,,,,
2011-10-27,386.74,396.3,386.74,394.82,,,,
2011-10-28,394.8,396.94,393.8,395.99,,,,
2011-10-31,395.97,395.97,388.28,388.33,,,,
2011-11-01,387.99,387.99,380.13,380.63,,,,
2011-11-02,380.63,384.87,380.63,382.99,,,,
2011-11-03,382.99,388.19,382.99,387.54,,,,
2011-11-04,387.5,387.5,381.3,384.41,,,,
2011-11-07,385.17,389.1,382.7,388.9,,,,
2011-11-08,388.93,393.03,386.95,392.54,,,,
2011-11-09,392.33,392.33,380.01,381.65,,,,
2011-11-10,381.68,388.53,381.68,386.89,,,,
2011-11-11,387.22,394.63,387.22,393.38,,,,
2011-11-14,393.38,393.38,389.34,390.74,,,,
2011-11-15,390.67,392.83,388.42,391.46,,,,
2011-11-16,391.19,391.19,384.2,384.58,,,,
2011-11-17,384.54,384.54,377.14,380.17,,,,
2011-11-18,380.08,381.78,379.15,379.39,,,,
2011-11-21,379.34,379.34,370.9,372.12,,,,
2011-11-22,372.11,374.62,371.11,372.96,,,,
2011-11-23,372.82,372.82,367.24,367.24,,,,
2011-11-25,367.03,368.56,365.46,365.52,,,,
2011-11-28,365.52,376.2,365.52,375.45,,,,
2011-11-29,375.44,379.48,375.44,377.06,,,,
2011-11-30,377.06,391.17,377.06,391.14,,,,
2011-12-01,391.14,393.56,390.08,391.47,,,,
2011-12-02,391.64,393.96,385.86,386.59,,,,
2011-12-05,386.62,391.65,385.4,387.25,,,,
2011-12-06,387.25,391.3,387.25,389.05,,,,
2011-12-07,388.99,393.45,386.77,391.41,,,,
2011-12-08,391.41,391.41,383.71,384.53,,,,
2011-12-09,384.53,390.89,384.53,389.84,,,,
2011-12-12,389.83,389.83,383.79,385.32,,,,
2011-12-13,385.32,389.6,383.27,384.75,,,,
2011-12-14,384.72,385.98,383.25,383.91,,,,
2011-12-15,383.97,389.35,383.97,388.24,,,,
2011-12-16,388.28,391.09,387.19,388.28,,,,
2011-12-19,388.29,391.67,386.19,387.11,,,,
2011-12-20,387.38,395.85,387.38,395.22,,,,
2011-12-21,395.2,398.32,394.84,398.14,,,,
2011-12-22,398.14,400.77,397.82,400.49,,,,
2011-12-23,400.49,403.68,400.49,403.68,,,,
2011-12-27,403.68,405.16,403.03,404.12,,,,
2011-12-28,404.12,404.15,398.97,399.33,,,,
2011-12-29,399.33,403.42,399.33,403.13,,,,
2011-12-30,403.12,404.01,401.82,401.9,,,,
2012-01-03,401.9,408.49,401.9,407.47,,,,
2012-01-04,407.42,407.42,403.73,405.21,,,,
2012-01-05,405.21,406.5,402.16,406.11,,,,
2012-01-06,406.11,407.61,404.89,406.4,,,,
2012-01-09,406.41,407.64,404.34,407.3,,,,
2012-01-10,407.34,411.28,407.34,410.85,,,,
2012-01-11,410.73,411.08,408.39,410.79,,,,
2012-01-12,410.79,411.99,408.87,411.66,,,,
2012-01-13,411.57,411.57,406.91,410.02,,,,
2012-01-17,410.05,415.03,410.05,412.75,,,,
2012-01-18,412.67,414.9,411.78,414.83,,,,
2012-01-19,414.83,415.22,412.6,414.89,,,,
2012-01-20,414.83,415.95,413.29,415.08,,,,
2012-01-23,415.08,415.45,411.87,413.07,,,,
2012-01-24,412.94,414.41,412.12,413.34,,,,
2012-01-25,413.34,416.65,410.54,416.09,,,,
2012-01-26,416.12,416.75,412.94,414.34,,,,
2012-01-27,414.34,415.66,413.08,414.42,,,,
2012-01-30,414.06,414.06,410.19,413.97,,,,
2012-01-31,413.97,417.82,413.13,413.82,,,,
2012-02-01,413.97,419.42,413.97,417.81,,,,
2012-02-02,417.8,417.8,413.65,416.1,,,,
2012-02-03,416.1,418.6,416.1,418.36,,,,
2012-02-06,418.27,418.27,415.09,416.64,,,,
2012-02-07,416.64,418.16,414.59,417.84,,,,
2012-02-08,417.84,417.87,415.51,417.32,,,,
2012-02-09,417.32,417.53,414.48,415.5,,,,
2012-02-10,415.48,415.48,411.73,414.31,,,,
2012-02-13,414.38,417.67,414.38,416.86,,,,
2012-02-14,416.86,418.52,415.93,418.2,,,,
2012-02-15,418.27,419.46,416.47,417.25,,,,
2012-02-16,417.25,420.32,416.34,420.01,,,,
2012-02-17,417.96,419.84,417.86,418.44,,,,
2012-02-21,418.42,419.28,414.99,415.71,,,,
2012-02-22,415.6,416.81,414.19,415.78,,,,
2012-02-23,415.76,416.53,415.1,416.01,,,,
2012-02-24,415.98,418.09,415.98,417.56,,,,
2012-02-27,417.56,419.25,414.71,417.95,,,,
2012-02-28,417.95,420.59,417.52,420.06,,,,
2012-02-29,420.06,420.95,417.63,417.92,,,,
2012-03-01,417.92,420.2,417.5,419.79,,,,
2012-03-02,419.79,419.79,417.98,419.05,,,,
2012-03-05,419.05,420.16,417.49,418.35,,,,
2012-03-06,418.35,418.35,411.71,412.49,,,,
2012-03-07,412.53,414.68,412.2,413.95,,,,
2012-03-08,414.01,420,414.01,419.02,,,,
2012-03-09,419.02,422.08,419.02,420.76,,,,
2012-03-12,420.76,421.47,419.9,420.49,,,,
2012-03-13,420.58,426.48,420.58,426.33,,,,
2012-03-14,426.33,427.15,425.38,426.25,,,,
2012-03-15,426.25,427.65,425.29,427.03,,,,
2012-03-16,427.02,428.46,426.38,426.74,,,,
2012-03-19,426.64,427.62,425.74,426.84,,,,
2012-03-20,426.78,426.78,424.39,424.91,,,,
2012-03-21,424.91,425.54,423.84,424.41,,,,
2012-03-22,424.29,424.29,422.11,423.26,,,,
2012-03-23,423.25,424.6,422.67,424.24,,,,
2012-03-26,424.24,431.59,424.24,431.5,,,,
2012-03-27,431.53,434.27,431.53,432.73,,,,
2012-03-28,432.92,434.29,429.56,431.57,,,,
2012-03-29,431.57,432.83,429.26,432.53,,,,
2012-03-30,432.61,436.23,432.61,435.76,,,,
2012-04-02,435.76,437.68,434.85,437.02,,,,
2012-04-03,437.42,437.71,434.66,437.11,,,,
2012-04-04,437.22,437.22,433.44,434.21,,,,
2012-04-05,434.15,434.63,432.11,434.41,,,,
2012-04-09,434.41,434.41,428.73,428.74,,,,
2012-04-10,428.73,429.63,423.83,423.85,,,,
2012-04-11,423.98,427.47,423.98,425.09,,,,
2012-04-12,425.22,427.86,425.22,427.5,,,,
2012-04-13,427.55,427.55,423.25,423.39,,,,
2012-04-16,423.39,424.69,422.2,423.46,,,,
2012-04-17,423.66,429.89,423.66,429.5,,,,
2012-04-18,429.35,429.72,428.06,428.41,,,,
2012-04-19,428.37,432.34,427.57,429.18,,,,
2012-04-20,429.29,433.49,429.29,431.43,,,,
2012-04-23,431.38,431.38,426.94,428.07,,,,
2012-04-24,428.15,430.45,427.57,429.67,,,,
2012-04-25,429.67,434.85,429.67,434.18,,,,
2012-04-26,434.04,434.62,430.86,433.86,,,,
2012-04-27,433.88,436.24,433.14,434.58,,,,
2012-04-30,434.54,435.6,433.15,434.26,,,,
2012-05-01,434.05,436.87,431.82,435.55,,,,
2012-05-02,435.4,435.4,433.82,435.09,,,,
2012-05-03,435.12,435.12,432.76,433.42,,,,
2012-05-04,433.42,433.42,427.64,427.83,,,,
2012-05-07,427.48,430.17,425.85,428.66,,,,
2012-05-08,428.66,429.64,424.54,429.29,,,,
2012-05-09,429.39,429.39,423,425.25,,,,
2012-05-10,425.4,430.21,425.4,428.56,,,,
2012-05-11,429.2,431.05,427.56,427.94,,,,
2012-05-14,427.62,428.02,423.45,426.11,,,,
2012-05-15,426.09,426.92,422.86,423.86,,,,
2012-05-16,423.98,426.43,423.98,424.65,,,,
2012-05-17,424.65,425.3,420.49,420.5,,,,
2012-05-18,420.5,421.76,415.87,417.06,,,,
2012-05-21,417.06,421.25,417.06,421,,,,
2012-05-22,421.02,423.76,418.87,420.27,,,,
2012-05-23,420.19,420.19,414.04,417.71,,,,
2012-05-24,417.75,421.11,417.69,421.02,,,,
2012-05-25,421.02,422.73,419.26,420.48,,,,
2012-05-29,420.65,424.11,420.61,421.99,,,,
2012-05-30,421.99,421.99,418.21,418.88,,,,
2012-05-31,418.88,420.44,415.14,417.36,,,,
2012-06-01,417.36,417.36,409.68,409.97,,,,
2012-06-04,409.99,411.77,408.53,411.38,,,,
2012-06-05,411.32,414.19,409.38,413.52,,,,
2012-06-06,413.67,419.22,413.67,419.22,,,,
2012-06-07,419.22,422.24,418.91,419.33,,,,
2012-06-08,419.33,422.7,418.54,422.44,,,,
2012-06-11,422.44,424.1,418.53,418.75,,,,
2012-06-12,418.75,422.49,417.27,422.37,,,,
2012-06-13,422.33,425.02,420.6,421.76,,,,
2012-06-14,421.79,429.08,421.79,427.49,,,,
2012-06-15,427.49,430.64,427.49,430.12,,,,
2012-06-18,430.09,432.43,429.38,432.11,,,,
2012-06-19,432.19,437.49,432.19,436.29,,,,
2012-06-20,436.42,437.15,432.71,435.27,,,,
2012-06-21,435.27,436.04,428.75,429.17,,,,
2012-06-22,429.17,434.54,429.17,433.65,,,,
2012-06-25,433.57,433.57,427.93,428.42,,,,
2012-06-26,428.42,431.01,428.35,429.69,,,,
2012-06-27,429.68,435.62,429.68,434.22,,,,
2012-06-28,434.22,434.22,428,432.76,,,,
2012-06-29,433.61,440.78,433.61,440.76,,,,
2012-07-02,440.71,442.1,439.47,442.09,,,,
2012-07-03,442.09,442.74,440.02,441.69,,,,
2012-07-05,441.69,441.69,438.54,439.24,,,,
2012-07-06,439.24,439.24,434.35,436.09,,,,
2012-07-09,436.23,439.03,436.23,438.84,,,,
2012-07-10,439.44,440.53,435.07,436.16,,,,
2012-07-11,435.54,436.45,433.49,435.67,,,,
2012-07-12,434.92,438.02,433.17,436.67,,,,
2012-07-13,436.95,442.17,436.95,441.73,,,,
2012-07-16,441.22,442.84,440.17,442.29,,,,
2012-07-17,442.9,448.94,441.67,448.15,,,,
2012-07-18,447.82,449.83,445.36,449.04,,,,
2012-07-19,449.32,449.51,446.27,448.91,,,,
2012-07-20,448.27,448.27,442.46,442.63,,,,
2012-07-23,441.16,441.16,435.47,437.99,,,,
2012-07-24,438.09,438.15,430.65,433.08,,,,
2012-07-25,434.28,435.71,431.15,434.7,,,,
2012-07-26,436.85,441.3,436.85,439.21,,,,
2012-07-27,440.52,450.58,440.52,449.99,,,,
2012-07-30,449.52,449.67,446.94,447.71,,,,
2012-07-31,447.47,448.97,444.85,444.87,,,,
2012-08-01,445.58,447.91,444.01,444.42,,,,
2012-08-02,444.17,444.17,437.55,440.19,,,,
2012-08-03,441.95,448.26,441.95,445.67,,,,
2012-08-06,446.04,447.06,445.2,445.41,,,,
2012-08-07,446.11,446.11,444.15,444.81,,,,
2012-08-08,445.42,446.81,444.23,446.23,,,,
2012-08-09,445.9,447.38,444.96,445.91,,,,
2012-08-10,445.35,447.96,444.86,447.92,,,,
2012-08-13,447.47,447.47,444.43,446.34,,,,
2012-08-14,447.08,448.33,446.63,447.62,,,,
2012-08-15,447.32,449.73,447.09,448.85,,,,
2012-08-16,448.5,448.61,445.8,447.47,,,,
2012-08-17,447.56,447.56,443.71,445.03,,,,
2012-08-20,444.8,446.44,444.5,446.14,,,,
2012-08-21,446.3,448.14,444.38,444.69,,,,
2012-08-22,444.52,445.66,443.57,444.73,,,,
2012-08-23,444.52,445.3,443.31,444.16,,,,
2012-08-24,443.96,448.51,443.93,447.81,,,,
2012-08-27,447.56,449.68,446.6,447.8,,,,
2012-08-28,447.54,448.67,446.15,447.11,,,,
2012-08-29,447.11,450.35,447.11,448.64,,,,
2012-08-30,447.83,448.19,445.37,447.02,,,,
2012-08-31,448.1,450.98,446.7,448.23,,,,
2012-09-04,447.94,450.63,446.1,449.41,,,,
2012-09-05,449.35,451.24,448.3,449.42,,,,
2012-09-06,450.48,456.83,450.48,456.83,,,,
2012-09-07,457.3,457.82,455.17,456.68,,,,
2012-09-10,456.31,457.01,454.95,454.95,,,,
2012-09-11,454.82,456.42,454.82,455,,,,
2012-09-12,455.11,456.57,454.62,455.12,,,,
2012-09-13,454.99,460.45,453.58,459.83,,,,
2012-09-14,459.85,459.85,456.39,458.08,,,,
2012-09-17,457.69,460.43,457.69,460.43,,,,
2012-09-18,460.35,462.46,459.8,461.8,,,,
2012-09-19,462.01,464.04,461.84,462.43,,,,
2012-09-20,462.03,464.44,460.99,464.33,,,,
2012-09-21,464.45,467.6,464.45,466.47,,,,
2012-09-24,465.88,468.21,465.22,467.21,,,,
2012-09-25,467.83,471.72,466.97,466.99,,,,
2012-09-26,467.32,468.84,464.42,464.51,,,,
2012-09-27,465.16,468.42,464.99,467.33,,,,
2012-09-28,466.35,466.35,463.4,465.29,,,,
2012-10-01,466,470.73,466,468.05,,,,
2012-10-02,469.32,471.35,467.83,470.34,,,,
2012-10-03,470.74,473.97,470.16,473.57,,,,
2012-10-04,473.97,478.15,473.97,476.66,,,,
2012-10-05,477.9,479.11,476.11,477.36,,,,
2012-10-08,476.91,477.31,474.5,476.74,,,,
2012-10-09,475.38,475.58,470.81,470.92,,,,
2012-10-10,470.73,470.83,466.14,467.42,,,,
2012-10-11,469.01,470.7,467.54,467.69,,,,
2012-10-12,468.31,470.5,466.74,467.17,,,,
2012-10-15,467.75,474.04,467.75,473.69,,,,
2012-10-16,474.48,478.81,474.48,478.65,,,,
2012-10-17,478.18,479.08,476.99,478.54,,,,
2012-10-18,477.95,478.83,474.65,478.49,,,,
2012-10-19,478.53,478.53,469.51,470.63,,,,
2012-10-22,469.61,470.93,467.68,470.67,,,,
2012-10-23,468.43,468.43,461.6,464.09,,,,
2012-10-24,465.7,467.19,464.48,464.67,,,,
2012-10-25,465.84,469.78,465.84,468.51,,,,
2012-10-26,468.48,469.02,464.78,466.69,,,,
2012-10-31,467.13,468.16,461.57,463.31,,,,
2012-11-01,464.38,468.64,464.38,467.15,,,,
2012-11-02,468.14,469.08,464.26,464.32,,,,
2012-11-05,463.95,465.91,462.08,465.03,,,,
2012-11-06,463.49,468.32,462.67,465.88,,,,
2012-11-07,463.88,463.88,453.15,457.02,,,,
2012-11-08,456.57,457.49,451.73,451.73,,,,
2012-11-09,451.31,456.2,450.94,453.35,,,,
2012-11-12,456.1,457.38,454.71,455.36,,,,
2012-11-13,454.85,458.47,453.25,453.4,,,,
2012-11-14,453.46,454.89,447.06,448.11,,,,
2012-11-15,447.95,448.49,445.01,447,,,,
2012-11-16,447.19,451.26,446.19,450.21,,,,
2012-11-19,451.25,454.96,451.25,454.91,,,,
2012-11-20,454.21,456.41,453.6,455.78,,,,
2012-11-21,457.52,458.23,456.47,457.54,,,,
2012-11-23,457.97,462.35,457.97,462.35,,,,
2012-11-26,461.51,461.51,457.86,460.18,,,,
2012-11-27,459.85,460.66,457.26,457.5,,,,
2012-11-28,456.84,461.2,453.83,461.15,,,,
2012-11-29,461.89,465.05,461.89,464.06,,,,
2012-11-30,464.45,465.64,462.84,464.72,,,,
2012-12-03,465.21,467.74,463.12,463.63,,,,
2012-12-04,464.1,466.2,463.77,464.51,,,,
2012-12-05,464.85,468.06,462.87,466.19,,,,
2012-12-06,465.96,466.84,464.88,466.14,,,,
2012-12-07,466.37,467.57,463.74,467.45,,,,
2012-12-10,466.89,470.09,466.27,469.24,,,,
2012-12-11,469.81,475.37,469.81,474.14,,,,
2012-12-12,474.46,476.79,472.9,473.39,,,,
2012-12-13,473.25,473.47,468.2,468.96,,,,
2012-12-14,468.43,468.99,466.65,467.25,,,,
2012-12-17,467.67,470.86,467.67,470.67,,,,
2012-12-18,470.86,475.11,469.84,474.5,,,,
2012-12-19,474.46,474.46,469.27,469.35,,,,
2012-12-20,468.46,470.3,467.74,469.99,,,,
2012-12-21,468.64,468.64,464.62,466.21,,,,
2012-12-24,465.49,465.68,464.01,464.75,,,,
2012-12-26,464.74,464.78,461.23,462.79,,,,
2012-12-27,462.59,464.26,457.93,462.26,,,,
2012-12-28,460.78,461.73,457.24,457.39,,,,
2012-12-31,456.19,463.05,455.17,462.95,,,,
2013-01-02,464.74,471.62,464.74,471.53,,,,
2013-01-03,470.96,472.18,469.68,472.09,,,,
2013-01-04,472.48,475.06,472.48,474.24,,,,
2013-01-07,473.94,476.14,472.91,475.87,,,,
2013-01-08,475.9,477.63,475.59,475.85,,,,
2013-01-09,476.31,480.99,476.31,480.98,,,,
2013-01-10,481.5,484.93,480.69,484.58,,,,
2013-01-11,484.59,485.11,482.71,483.52,,,,
2013-01-14,483.73,485.21,482.53,484.58,,,,
2013-01-15,483.93,484.23,482.24,483.81,,,,
2013-01-16,483.61,483.86,482.11,483.15,,,,
2013-01-17,483.51,488.35,483.51,487.12,,,,
2013-01-18,487.34,488.92,485.71,488.92,,,,
2013-01-22,488.89,490.3,486.37,490.3,,,,
2013-01-23,490.8,490.8,488.22,489.54,,,,
2013-01-24,489.82,494.13,489.82,492.84,,,,
2013-01-25,492.87,496.6,492.61,496.58,,,,
2013-01-28,496.47,497.53,494.61,494.67,,,,
2013-01-29,494.67,500.83,494.67,500.18,,,,
2013-01-30,500.04,501.13,497.64,498.27,,,,
2013-01-31,497.93,498.46,496.52,496.54,,,,
2013-02-01,497.68,501.45,497.25,500.65,,,,
2013-02-04,499.07,499.07,494.81,494.92,,,,
2013-02-05,496.2,501.48,496.2,500.81,,,,
2013-02-06,500.72,501.4,498.95,500.53,,,,
2013-02-07,500.58,500.89,496.07,498.75,,,,
2013-02-08,499.52,502.28,498.91,502.21,,,,
2013-02-11,501.75,501.94,500.09,501.23,,,,
2013-02-12,501.35,501.76,500.31,500.48,,,,
2013-02-13,500.68,501.34,498.7,500.17,,,,
2013-02-14,500.11,501.96,498.78,501.11,,,,
2013-02-15,501.03,502.73,500.38,502.23,,,,
2013-02-19,502.34,505.51,501.14,505.51,,,,
2013-02-20,505.41,506.08,502.08,502.15,,,,
2013-02-21,501.06,501.48,498.17,499.98,,,,
2013-02-22,501.01,501.92,499.13,501.79,,,,
2013-02-25,503.49,505.46,495.74,495.74,,,,
2013-02-26,496.51,498.51,493.81,497.09,,,,
2013-02-27,496.79,504.25,495.73,502.81,,,,
2013-02-28,502.85,506.08,502.1,502.1,,,,
2013-03-01,501.86,506.07,499.66,505.86,,,,
2013-03-04,504.94,508.9,504.15,508.9,,,,
2013-03-05,509.79,514.16,509.79,513.46,,,,
2013-03-06,514.09,515.32,513.07,514.27,,,,
2013-03-07,514.7,516.03,513.32,513.65,,,,
2013-03-08,514.91,515.89,512.55,514.95,,,,
2013-03-11,514.63,517.4,513.8,517.4,,,,
2013-03-12,517.37,519.97,517.23,519.49,,,,
2013-03-13,519.22,519.69,517.07,519.24,,,,
2013-03-14,519.69,520.48,518.35,520.2,,,,
2013-03-15,520.05,520.05,516.78,518.49,,,,
2013-03-18,517.04,518.03,513.35,515.46,,,,
2013-03-19,516.13,517.16,512.8,515.49,,,,
2013-03-20,516.9,520.94,516.9,519.98,,,,
2013-03-21,519.16,519.84,516.03,517.18,,,,
2013-03-22,518.38,520.97,518.32,520.97,,,,
2013-03-25,521.62,522.7,517.33,519.27,,,,
2013-03-26,520.62,525.72,520.62,525.66,,,,
2013-03-27,524.48,528.5,522.66,528.24,,,,
2013-03-28,528.49,533.72,528.45,533.42,,,,
2013-04-01,533.24,534.58,531.44,534.5,,,,
2013-04-02,535.67,542.37,535.67,542.06,,,,
2013-04-03,542.08,543.15,537.52,538.76,,,,
2013-04-04,539.75,543.74,538.74,540.92,,,,
2013-04-05,539,539,535.17,537.58,,,,
2013-04-08,537.31,538.4,533.41,538.4,,,,
2013-04-09,539.65,542.55,538.87,540.26,,,,
2013-04-10,542.06,549.58,542.06,549.31,,,,
2013-04-11,550.05,556.15,550.05,554.47,,,,
2013-04-12,554.12,555.93,552.32,555.2,,,,
2013-04-15,555.13,556.04,544.89,544.89,,,,
2013-04-16,546.47,553.19,546.47,552.95,,,,
2013-04-17,551.45,552.21,546.52,550.61,,,,
2013-04-18,550.58,550.58,542.02,543.77,,,,
2013-04-19,543.8,552.05,543.8,551.97,,,,
2013-04-22,552.91,555.67,551.06,554.97,,,,
2013-04-23,556.09,560.66,552.92,558.35,,,,
2013-04-24,556.77,557.85,548.44,548.88,,,,
2013-04-25,550.99,552.38,548.18,550.96,,,,
2013-04-26,548.81,551.93,547.82,550.79,,,,
2013-04-29,551.59,554.45,551.24,552.76,,,,
2013-04-30,552.71,552.71,545.62,548.29,,,,
2013-05-01,547.29,547.68,542.4,542.91,,,,
2013-05-02,544.9,549.67,544.9,548.69,,,,
2013-05-03,551.33,554.72,551.33,552.34,,,,
2013-05-06,552.16,552.16,548.62,548.79,,,,
2013-05-07,548.94,550.81,548.25,550.3,,,,
2013-05-08,550.34,553.09,549.43,551.63,,,,
2013-05-09,551.55,554.45,550.26,552.19,,,,
2013-05-10,552.39,558.14,552.39,558.14,,,,
2013-05-13,557.85,562.15,556.64,562.1,,,,
2013-05-14,561.89,567.96,561.89,567.6,,,,
2013-05-15,568.23,573.82,567.14,570.71,,,,
2013-05-16,570.03,570.03,564.41,564.8,,,,
2013-05-17,565.89,568.31,563.57,567.93,,,,
2013-05-20,567.48,568.78,563.68,564.31,,,,
2013-05-21,564.8,570.84,564.5,570.12,,,,
2013-05-22,570.84,582.94,567.71,569.92,,,,
2013-05-23,567.75,571.24,564.6,569.19,,,,
2013-05-24,567.61,568.59,563.35,567.95,,,,
2013-05-28,569.91,578.36,569.91,573.11,,,,
2013-05-29,571.68,571.68,561.75,564.44,,,,
2013-05-30,564.37,570.41,564.37,568.29,,,,
2013-05-31,567.13,568.48,555.95,555.95,,,,
2013-06-03,558.19,559.03,554.3,559.03,,,,
2013-06-04,558.53,561.46,552.58,555.15,,,,
2013-06-05,553.7,558.03,546.56,547.47,,,,
2013-06-06,547.26,555.26,544.97,555.26,,,,
2013-06-07,557.1,563.2,557.1,560.59,,,,
2013-06-10,561.03,562.77,559.42,561.36,,,,
2013-06-11,559.01,562.25,554.83,558.8,,,,
2013-06-12,560.18,563.77,553.21,553.22,,,,
2013-06-13,552.24,561.79,548.72,561.19,,,,
2013-06-14,560.47,563.76,559.15,560.35,,,,
2013-06-17,562.12,565.75,558.92,561.62,,,,
2013-06-18,561.93,566.73,561.81,566.46,,,,
2013-06-19,566.33,567.02,557.15,557.36,,,,
2013-06-20,555.39,555.39,541.34,543.06,,,,
2013-06-21,544.26,551.54,543.69,547.73,,,,
2013-06-24,545.99,547.99,538.8,543.6,,,,
2013-06-25,545.4,547.79,542.71,545.91,,,,
2013-06-26,547.81,556.24,547.81,554.09,,,,
2013-06-27,556.26,559.26,555.35,555.93,,,,
2013-06-28,556.7,557.96,551.16,551.18,,,,
2013-07-01,553.02,559.11,552.87,553.6,,,,
2013-07-02,553.1,555,550.32,551.86,,,,
2013-07-03,550.52,552.78,547.22,551.11,,,,
2013-07-05,553.28,558.51,553.2,558.39,,,,
2013-07-08,560.14,563.07,560.14,561.58,,,,
2013-07-09,563.05,564.65,561.01,563.01,,,,
2013-07-10,563.17,568.55,563.17,566.92,,,,
2013-07-11,569.7,574.66,569.7,573.98,,,,
2013-07-12,574.12,577.91,572.68,577.91,,,,
2013-07-15,578.01,578.53,575.58,577.92,,,,
2013-07-16,578.58,579.43,573.49,574.97,,,,
2013-07-17,576.9,579.1,575.5,576.14,,,,
2013-07-18,575.94,579.74,575.72,577.7,,,,
2013-07-19,576.52,585.69,576.21,585.61,,,,
2013-07-22,586.08,589.47,584.52,588.2,,,,
2013-07-23,588.41,588.56,585.25,586.24,,,,
2013-07-24,587.4,588.46,583.78,585.49,,,,
2013-07-25,585.51,588.34,581.47,588.29,,,,
2013-07-26,588.88,592.24,584.53,592.12,,,,
2013-07-29,591.22,592.99,588.87,590.38,,,,
2013-07-30,591.4,593.5,588.32,590.32,,,,
2013-07-31,590.34,595.02,589.92,590.25,,,,
2013-08-01,591.59,594.96,591.59,593.9,,,,
2013-08-02,593.73,594.36,591.84,594.36,,,,
2013-08-05,593.77,595.33,592.38,593.32,,,,
2013-08-06,592.57,592.72,588.67,590.65,,,,
2013-08-07,589.87,592.1,587.35,590.88,,,,
2013-08-08,591.84,593.05,589.14,591.29,,,,
2013-08-09,589.94,592.77,587.05,589.25,,,,
2013-08-12,588.03,588.1,585.1,586.76,,,,
2013-08-13,586.87,589.91,583.85,588.39,,,,
2013-08-14,588.23,590.01,583.69,583.8,,,,
2013-08-15,581.72,581.72,574.07,574.27,,,,
2013-08-16,573.5,573.76,570.65,571.14,,,,
2013-08-19,570.72,575.22,570.41,572.5,,,,
2013-08-20,572.72,576.19,572.43,573.64,,,,
2013-08-21,572.63,575.74,569.31,570.76,,,,
2013-08-22,571.79,575.03,571.64,574.09,,,,
2013-08-23,574.36,575.79,571.67,575.21,,,,
2013-08-26,576.83,579.48,575.28,575.97,,,,
2013-08-27,573.37,573.37,565.61,566.28,,,,
2013-08-28,565.62,571.01,564.12,568.72,,,,
2013-08-29,567.31,574.35,566.42,570.51,,,,
2013-08-30,570.68,570.95,566.86,568.8,,,,
2013-09-03,572.34,575.82,569.6,572.18,,,,
2013-09-04,572.15,579.23,571.82,578.59,,,,
2013-09-05,578.71,580.07,577.45,579.53,,,,
2013-09-06,580.22,583.09,572.83,579.55,,,,
2013-09-09,579.75,583.31,579.1,583.31,,,,
2013-09-10,585,587.54,584.04,586.86,,,,
2013-09-11,587.85,591.22,586.73,591,,,,
2013-09-12,590.77,591.89,589.16,589.57,,,,
2013-09-13,590.14,591.71,588.87,591.02,,,,
2013-09-16,592.77,598.04,592.77,595.91,,,,
2013-09-17,596.09,596.51,594.24,596.4,,,,
2013-09-18,596.33,601.44,592.77,600.56,,,,
2013-09-19,601.2,601.94,597.42,598.53,,,,
2013-09-20,598.53,601.03,597.07,597.29,,,,
2013-09-23,596.21,596.21,591.17,593.11,,,,
2013-09-24,593.03,593.72,589.9,590.19,,,,
2013-09-25,590.39,590.46,585.39,585.39,,,,
2013-09-26,586.45,589.33,585.48,587.3,,,,
2013-09-27,585.5,588.45,583.8,587.57,,,,
2013-09-30,585.26,587.76,582.99,586.02,,,,
2013-10-01,587.64,593.55,587.21,593.5,,,,
2013-10-02,591.73,592.15,588.12,592.15,,,,
2013-10-03,591.09,591.09,584.39,586.46,,,,
2013-10-04,586.79,593.55,586.43,593.1,,,,
2013-10-07,590.73,590.73,586.7,586.7,,,,
2013-10-08,586.6,586.85,577.75,577.88,,,,
2013-10-09,578.6,579.71,574.15,576.96,,,,
2013-10-10,580.39,590.37,580.39,590.37,,,,
2013-10-11,590.21,593.57,589.66,592.98,,,,
2013-10-14,591.21,596.96,588.56,596.9,,,,
2013-10-15,596.44,598.26,593.28,593.73,,,,
2013-10-16,595.37,605.73,595.37,605.73,,,,
2013-10-17,605.17,611.4,603.1,611.07,,,,
2013-10-18,610.47,610.47,605.48,608.88,,,,
2013-10-21,609.14,609.14,603.83,605.52,,,,
2013-10-22,606.14,612.25,606.14,611.01,,,,
2013-10-23,610.4,611.27,607.12,610.1,,,,
2013-10-24,610.41,613.19,609.51,610.03,,,,
2013-10-25,610.47,610.89,607.71,610.88,,,,
2013-10-28,609.96,614.03,609.91,612.61,,,,
2013-10-29,613.01,616.68,612.92,616.64,,,,
2013-10-30,617.88,618.65,611.68,613.35,,,,
2013-10-31,613.57,615.74,610.35,610.66,,,,
2013-11-01,611.68,615.57,610.73,614.78,,,,
2013-11-04,615.47,617.03,613.57,615.4,,,,
2013-11-05,614.89,614.98,610.78,613.55,,,,
2013-11-06,614.18,616.37,610.95,611.5,,,,
2013-11-07,613.05,615.58,605.93,606.07,,,,
2013-11-08,607.16,615.52,606.52,615.28,,,,
2013-11-11,615.35,617.59,615.21,616.51,,,,
2013-11-12,615.39,616.61,613.18,616.13,,,,
2013-11-13,614.29,619.42,612.91,619.41,,,,
2013-11-14,620.37,625.21,620.37,624.58,,,,
2013-11-15,624.92,628.18,623.81,628.15,,,,
2013-11-18,629.04,630.28,624.21,625.49,,,,
2013-11-19,625.21,627.05,622.03,626.12,,,,
2013-11-20,626.3,630.89,625.44,627.7,,,,
2013-11-21,628.33,632.41,628.33,630.64,,,,
2013-11-22,634.02,638.33,633.51,638.29,,,,
2013-11-25,639.86,643.61,639.86,640.91,,,,
2013-11-26,641.16,642.32,638.64,638.64,,,,
2013-11-27,639.63,640.44,637.68,638.84,,,,
2013-11-29,639.43,640.7,637.19,638.06,,,,
2013-12-02,637.9,640.14,636.71,638.72,,,,
2013-12-03,637.48,637.48,631.83,633.43,,,,
2013-12-04,632,634.91,625.87,630.78,,,,
2013-12-05,630.7,632.87,628.15,629.06,,,,
2013-12-06,631.12,637.91,631.12,637.77,,,,
2013-12-09,639.57,640.86,638.37,638.95,,,,
2013-12-10,638.71,638.71,633.81,636.17,,,,
2013-12-11,636.29,636.29,624.8,625.86,,,,
2013-12-12,625.3,625.45,620.47,620.8,,,,
2013-12-13,622.28,623.52,618.52,621.05,,,,
2013-12-16,622.66,627.59,621.13,622.42,,,,
2013-12-17,622.58,622.58,616.43,619.7,,,,
2013-12-18,621.25,634.79,618.32,634.55,,,,
2013-12-19,632.81,633.53,629.88,633.15,,,,
2013-12-20,633.63,638.29,633.63,635.94,,,,
2013-12-23,637.71,639.27,637.08,638.59,,,,
2013-12-24,638.43,638.95,636.96,638.05,,,,
2013-12-26,638.79,642.32,638.77,642.32,,,,
2013-12-27,642.83,644,640.74,641.5,,,,
2013-12-30,641.78,642.71,638.56,642.71,,,,
2013-12-31,642.95,643.49,639.88,642.3,,,,
2014-01-02,641.59,641.8,637.23,638.75,,,,
2014-01-03,639.4,642.84,639.4,640.07,,,,
2014-01-06,641.02,643.9,636.75,637.7,,,,
2014-01-07,638.65,646.14,638.65,644.13,,,,
2014-01-08,644.63,650.65,643.78,649.79,,,,
2014-01-09,651.04,655.07,649.49,654.52,,,,
2014-01-10,655.12,657.28,651.22,657.26,,,,
2014-01-13,657.24,660.77,650.36,651.99,,,,
2014-01-14,652.83,660.75,652.09,660.32,,,,
2014-01-15,660.23,661.16,657.72,659.4,,,,
2014-01-16,659.3,662.02,658.33,660.94,,,,
2014-01-17,661.08,662.66,658.5,660.56,,,,
2014-01-21,662.54,664.72,659.1,664,,,,
2014-01-22,665.75,665.75,662.45,664.45,,,,
2014-01-23,663.14,663.14,655.78,659.63,,,,
2014-01-24,657.57,657.57,644.26,644.26,,,,
2014-01-27,644.91,645.15,637.16,639.16,,,,
2014-01-28,640.97,650.04,640.97,647.43,,,,
2014-01-29,644.44,648.01,639.59,641.68,,,,
2014-01-30,644.82,654.64,644.82,653.19,,,,
2014-01-31,650.18,651.47,644.69,647.9,,,,
2014-02-03,648.61,651.08,634,634.74,,,,
2014-02-04,637.91,641.74,636.77,641.24,,,,
2014-02-05,640.72,641.56,632.41,637.16,,,,
2014-02-06,637.39,641.44,637.39,640.35,,,,
2014-02-07,641.65,651.88,640.36,651.7,,,,
2014-02-10,652.08,657.46,650.65,657.46,,,,
2014-02-11,657.35,666.52,656.15,666.08,,,,
2014-02-12,666.63,669.55,664.05,665.52,,,,
2014-02-13,662.33,671.01,661.65,670.7,,,,
2014-02-14,670.84,674.06,668.87,673.04,,,,
2014-02-18,673.49,680.67,673.49,679.01,,,,
2014-02-20,675.42,682.19,673.84,681.08,,,,
2014-02-21,681.07,684.16,678.93,679.4,,,,
2014-02-24,680.49,688.25,680.48,684.48,,,,
2014-02-25,684.66,686.29,681.05,682.88,,,,
2014-02-26,682.63,687.03,681.3,682.77,,,,
2014-02-27,683.06,686.69,681.11,686.29,,,,
2014-02-28,686.78,693.38,681.17,686.45,,,,
2014-03-03,683.71,684.33,677.24,681.7,,,,
2014-03-04,684.01,695.49,684.01,694.53,,,,
2014-03-05,695,695.18,691.86,693.18,,,,
2014-03-06,694.79,698.66,687.12,688.52,,,,
2014-03-07,690.93,691.98,682.45,687.1,,,,
2014-03-10,686.7,689.91,683.47,689.78,,,,
2014-03-11,690.25,693.09,686.81,687.97,,,,
2014-03-12,686.59,688.58,683.1,687.9,,,,
2014-03-13,688.85,689.84,676.9,678.32,,,,
2014-03-14,677.28,679.62,674.07,674.81,,,,
2014-03-17,676.87,683.91,676.87,680.98,,,,
2014-03-18,681.8,689.7,681.8,688.96,,,,
2014-03-19,689.56,692.71,682.06,686.44,,,,
2014-03-20,685.58,686.96,682.78,686.29,,,,
2014-03-21,688.14,691.52,672.73,675.59,,,,
2014-03-24,676.75,676.75,661.59,666.18,,,,
2014-03-25,667.86,676.53,665.52,671.69,,,,
2014-03-26,672.93,680.51,672.04,672.05,,,,
2014-03-27,671.65,674.46,665.42,671.2,,,,
2014-03-28,671.76,679.18,666.42,668.53,,,,
2014-03-31,670.62,677.67,670.62,677.01,,,,
2014-04-01,679.98,684.73,677.04,681.72,,,,
2014-04-02,682.88,684.81,680.95,684.15,,,,
2014-04-03,685.11,686.01,678.45,682.29,,,,
2014-04-04,684.38,688.53,671.4,671.79,,,,
2014-04-07,668.77,675.43,661.85,664.68,,,,
2014-04-08,664.45,664.45,655.75,659.34,,,,
2014-04-09,659.97,673.45,659.97,673.27,,,,
2014-04-10,672.58,673.52,649.82,651.72,,,,
2014-04-11,648.53,655.82,644.55,644.74,,,,
2014-04-14,647.76,651.8,641.06,648.05,,,,
2014-04-15,649.2,656.38,641.41,655.02,,,,
2014-04-16,657.13,661.05,654.35,658.6,,,,
2014-04-17,658.81,661.45,655.28,658.58,,,,
2014-04-21,659.97,666.48,658.89,666.48,,,,
2014-04-22,668.15,676.89,668.15,673.39,,,,
2014-04-23,673.92,674.29,667.93,670.12,,,,
2014-04-24,671.16,671.67,662.96,668.8,,,,
2014-04-25,668.46,668.88,662.58,663.88,,,,
2014-04-28,665.17,672.43,659.5,667.86,,,,
2014-04-29,669.21,672.47,667.6,671.98,,,,
2014-04-30,669.51,673.58,668.86,672.95,,,,
2014-05-01,673.35,677.85,668.86,674.01,,,,
2014-05-02,674.73,674.73,667.03,668.84,,,,
2014-05-05,666.87,672.83,662.25,672.57,,,,
2014-05-06,671.78,671.98,666.44,666.48,,,,
2014-05-07,667.01,668.26,659.54,668.01,,,,
2014-05-08,667.33,671.9,662.71,664.48,,,,
2014-05-09,664.26,669.09,660.48,668.35,,,,
2014-05-12,669.41,675.68,669.41,675.29,,,,
2014-05-13,675.65,678.51,675.47,676.34,,,,
2014-05-14,675.94,678.62,674.1,676.57,,,,
2014-05-15,675.88,675.88,666.79,669.6,,,,
2014-05-16,669.89,672.64,666.98,671.93,,,,
2014-05-19,670.95,676.62,670.55,676.25,,,,
2014-05-20,676.23,676.33,670.07,672.04,,,,
2014-05-21,672.79,678.19,672.79,677.37,,,,
2014-05-22,677.46,683.3,675.36,680.78,,,,
2014-05-23,680.74,682.5,679.11,681.33,,,,
2014-05-27,683.05,685.42,681.46,685.17,,,,
2014-05-28,685.35,686.36,683.21,683.26,,,,
2014-05-29,683.84,688.45,683.84,688.45,,,,
2014-05-30,688.32,690.61,687.11,690.24,,,,
2014-06-02,690.58,691.61,686.23,691.4,,,,
2014-06-03,690.47,692.97,689.39,692.71,,,,
2014-06-04,692.02,694.43,690.25,694.3,,,,
2014-06-05,694.46,697.43,690.52,695.4,,,,
2014-06-06,696.56,696.77,693.35,694.7,,,,
2014-06-09,694.04,694.04,689.66,691.34,,,,
2014-06-10,690.54,692.84,686.77,692.83,,,,
2014-06-11,692.05,693.58,690.46,692.47,,,,
2014-06-12,691.74,691.84,687.06,688.58,,,,
2014-06-13,689.23,689.42,686.23,688.44,,,,
2014-06-16,688.08,694.57,687.12,689.35,,,,
2014-06-17,688.93,690.56,687.09,688.85,,,,
2014-06-18,688.78,694.55,687.6,694.51,,,,
2014-06-19,695.3,696.79,693.91,696.78,,,,
2014-06-20,697.35,702.96,697.23,702.66,,,,
2014-06-23,702.59,703.74,699.6,700.41,,,,
2014-06-24,700.36,705.96,699.35,700.55,,,,
2014-06-25,700.89,708.55,700.69,708.15,,,,
2014-06-26,708,708.82,703.34,708.54,,,,
2014-06-27,708.27,708.98,704.81,707.06,,,,
2014-06-30,706.99,709.21,703.73,704.52,,,,
2014-07-01,705.72,714.37,705.72,713.38,,,,
2014-07-02,713.65,718.44,711.96,718.43,,,,
2014-07-03,719.16,721.61,717,721.38,,,,
2014-07-07,720.68,721.52,715.51,715.94,,,,
2014-07-08,714.92,715.11,706.9,709.36,,,,
2014-07-09,709.85,712.88,707.59,712.05,,,,
2014-07-10,709.3,713.19,704.04,711.88,,,,
2014-07-11,712.22,713.57,708.69,712.9,,,,
2014-07-14,714.81,716.21,713.86,715.48,,,,
2014-07-15,715.65,716.4,707.76,709.03,,,,
2014-07-16,710.18,710.6,703.73,706.97,,,,
2014-07-17,704.93,709.93,698.39,699.26,,,,
2014-07-18,699.98,711.8,699.86,710.68,,,,
2014-07-21,709.64,709.64,705.53,707.91,,,,
2014-07-22,709.61,715.86,709.61,713.75,,,,
2014-07-23,718.5,720.7,717.09,719.54,,,,
2014-07-24,719.95,721.84,717.59,718.33,,,,
2014-07-25,717.52,717.52,712.07,715.7,,,,
2014-07-28,715.73,717.79,712.43,716.44,,,,
2014-07-29,717.47,719.34,715.39,716.38,,,,
2014-07-30,720.24,722.37,715.59,718.94,,,,
2014-07-31,716.72,716.73,704.37,704.37,,,,
2014-08-01,703.14,708.46,699.81,704.19,,,,
2014-08-04,705.93,709.22,701.62,707.59,,,,
2014-08-05,705.64,707.2,698.89,701.26,,,,
2014-08-06,699.91,703.47,695.82,700.41,,,,
2014-08-07,701.51,701.92,690.69,692.1,,,,
2014-08-08,692.33,700.31,690.51,699.99,,,,
2014-08-11,701.84,704.33,699.3,700.04,,,,
2014-08-12,699.21,700.52,697.16,699.06,,,,
2014-08-13,700.36,707.75,700.36,707.08,,,,
2014-08-14,707.3,715.42,707.3,715.42,,,,
2014-08-15,717.17,719.71,709.74,716.21,,,,
2014-08-18,718.75,722.67,718.75,721.69,,,,
2014-08-19,722.7,726.88,720.46,726.42,,,,
2014-08-20,725.07,727.47,723.31,726.51,,,,
2014-08-21,727.05,729.51,726.76,727.32,,,,
2014-08-22,727.96,729.45,725.98,727.35,,,,
2014-08-25,729.57,734.5,729.57,732.6,,,,
2014-08-26,733.72,736.12,732.75,735.62,,,,
2014-08-27,736.86,737.38,734.25,735.63,,,,
2014-08-28,734.52,736.46,733.31,734.64,,,,
2014-08-29,736.11,738.17,734.24,737.6,,,,
2014-09-02,739.15,739.59,735.21,737.75,,,,
2014-09-03,739.05,741.61,738.94,740.75,,,,
2014-09-04,741.54,743.92,735.45,737.02,,,,
2014-09-05,736.55,741.24,729.8,741.23,,,,
2014-09-08,740.6,742.48,738.35,741.59,,,,
2014-09-09,741.51,742.24,737.38,739.32,,,,
2014-09-10,739.33,745.08,738.7,744.25,,,,
2014-09-11,742.06,742.78,738.17,741.83,,,,
2014-09-12,741.26,741.65,734.33,736.69,,,,
2014-09-15,735.59,735.79,732.04,734.33,,,,
2014-09-16,733.23,744.84,732.41,744.2,,,,
2014-09-17,744.37,747.82,740.37,744.89,,,,
2014-09-18,746.04,750.95,746.04,750.75,,,,
2014-09-19,752.21,755.04,750.49,751.48,,,,
2014-09-22,750.74,750.74,744.71,747.27,,,,
2014-09-23,744.14,746.12,740.67,742.96,,,,
2014-09-24,744.38,755.62,744.38,755.42,,,,
2014-09-25,754.69,755.11,743.47,743.47,,,,
2014-09-26,745.14,746.7,739.48,745.73,,,,
2014-09-29,743.56,746.39,739.2,744.38,,,,
2014-09-30,744.89,746.23,739.61,739.96,,,,
2014-10-01,740.3,740.49,729.75,732.34,,,,
2014-10-02,732.27,733.61,724.29,730.71,,,,
2014-10-03,733.31,746.23,733.09,745.09,,,,
2014-10-06,746.68,751.02,739.33,742.18,,,,
2014-10-07,740.72,740.72,730.37,730.43,,,,
2014-10-08,730.29,749.33,729.97,748.81,,,,
2014-10-09,747.57,748.2,733.15,733.93,,,,
2014-10-10,734.29,740.79,728.62,728.62,,,,
2014-10-13,728.27,728.27,710.98,711.21,,,,
2014-10-14,713.83,717.74,701.34,705.81,,,,
2014-10-15,701.54,703.03,685.3,700.15,,,,
2014-10-16,696.4,704.57,688.06,696.64,,,,
2014-10-17,699.75,711.9,699.75,707.88,,,,
2014-10-20,708.63,716.7,708.36,716.35,,,,
2014-10-21,719.01,735.49,719.01,735.36,,,,
2014-10-22,733.9,735.86,729.51,731.34,,,,
2014-10-23,733.82,747.96,733.82,744.13,,,,
2014-10-24,744.61,754.58,744.44,754.42,,,,
2014-10-27,753.32,756.02,752.12,755.35,,,,
2014-10-28,757.04,760.92,754.27,760.91,,,,
2014-10-29,759.24,763.23,756.33,761.13,,,,
2014-10-30,760.58,775.47,760.34,774.91,,,,
2014-10-31,779.24,784.06,775.97,778.85,,,,
2014-11-03,779.46,780.45,773.79,779.04,,,,
2014-11-04,778.02,781.26,774.64,779.72,,,,
2014-11-05,781.24,784.66,776.28,778.22,,,,
2014-11-06,779.56,784.39,779.56,782.64,,,,
2014-11-07,783.32,783.36,772.77,775.27,,,,
2014-11-10,776.94,783.02,773.9,783,,,,
2014-11-11,783.12,788.5,782.82,785.77,,,,
2014-11-12,784.18,785.7,781.52,784.56,,,,
2014-11-13,784.67,788.26,780.36,783.78,,,,
2014-11-14,783.3,783.3,774.35,777.26,,,,
2014-11-17,776.91,783.18,776.42,781.08,,,,
2014-11-18,781.95,794.16,781.28,793.4,,,,
2014-11-19,791.77,791.77,787.43,789.19,,,,
2014-11-20,787.1,788.95,783.41,786.07,,,,
2014-11-21,788.83,791.88,786.9,789.16,,,,
2014-11-24,790.18,793.18,790.16,792.85,,,,
2014-11-25,793.03,795.38,791.07,793.4,,,,
2014-11-26,793.95,799.17,793.95,798.98,,,,
2014-11-28,800.72,808.3,800.72,803.65,,,,
2014-12-01,802.65,807.7,800.02,802.07,,,,
2014-12-02,805.19,811.98,805.19,810.91,,,,
2014-12-03,811.46,812.76,808.95,812.13,,,,
2014-12-04,811.42,815.21,807.95,811.12,,,,
2014-12-05,811.87,818.02,810.93,817.34,,,,
2014-12-08,817.26,824.66,817.26,820.02,,,,
2014-12-09,816.79,817.38,806.22,816.93,,,,
2014-12-10,815.81,816.18,803.66,803.98,,,,
2014-12-11,805.62,815.42,804.37,806.11,,,,
2014-12-12,802.71,806.2,792.98,792.98,,,,
2014-12-15,794.94,798.12,783.86,786.89,,,,
2014-12-16,784.33,796.12,776.88,776.88,,,,
2014-12-17,777.52,793.59,776.99,791.66,,,,
2014-12-18,795.47,813.6,795.47,813.6,,,,
2014-12-19,813.63,821.46,811.11,816.95,,,,
2014-12-22,809.08,812.05,803.85,807.53,,,,
2014-12-23,808.45,808.9,785.24,789.74,,,,
2014-12-24,789.94,799.47,789.94,794.98,,,,
2014-12-26,797.9,802.83,797.9,801.01,,,,
2014-12-29,801.3,804.49,799.44,803.07,,,,
2014-12-30,802.55,803.68,799.01,799.8,,,,
2014-12-31,802.38,806.34,791.66,791.97,,,,
2015-01-02,792.13,802.81,791.55,795.07,,,,
2015-01-05,794,797.12,789.13,790.22,,,,
2015-01-06,790.27,799.56,783.05,788.11,,,,
2015-01-07,788.95,806.19,788.95,806,,,,
2015-01-08,806.28,820.85,806.28,819.86,,,,
2015-01-09,820.19,820.73,810.2,813.23,,,,
2015-01-12,813.56,821.12,811.17,812.68,,,,
2015-01-13,812.92,824.77,802.84,808.73,,,,
2015-01-14,808.41,809.74,800.3,807.94,,,,
2015-01-15,807.94,812.33,798.83,799.29,,,,
2015-01-16,799.25,815.49,798.13,814.62,,,,
2015-01-20,814.81,817.3,804.72,814.01,,,,
2015-01-21,813.56,818.78,809.68,814.9,,,,
2015-01-22,815.01,825.45,808.16,825.25,,,,
2015-01-23,824.87,824.88,820.36,821.35,,,,
2015-01-26,821.32,825.23,816.53,825.01,,,,
2015-01-27,823.61,824.71,815.71,818.8,,,,
2015-01-28,818.92,823.19,806.12,806.85,,,,
2015-01-29,806.9,814.68,800.93,813.74,,,,
2015-01-30,813.4,816.06,800.3,801.26,,,,
2015-02-02,801.84,806.22,792.14,806.22,,,,
2015-02-03,806.61,811.67,799.23,811.48,,,,
2015-02-04,810.72,810.72,796.36,800.54,,,,
2015-02-05,801.02,814.63,801.02,813.68,,,,
2015-02-06,813.57,817.19,804.66,806.81,,,,
2015-02-09,805.76,805.76,795.46,797.59,,,,
2015-02-10,798.32,810.91,798.32,810.03,,,,
2015-02-11,809.9,815.24,806.46,810.94,,,,
2015-02-12,811.61,814.95,807.14,813.66,,,,
2015-02-13,813.95,817.79,810.8,817.78,,,,
2015-02-17,817.66,823.2,817.47,822.99,,,,
2015-02-18,822.93,824.35,818.94,824.35,,,,
2015-02-19,824.29,826.56,822.35,825.1,,,,
2015-02-20,825.29,833.6,822.17,833.59,,,,
2015-02-23,833.56,839.66,833.32,836.48,,,,
2015-02-24,836.5,837.19,833.17,835.99,,,,
2015-02-25,836,838.2,832.5,836.1,,,,
2015-02-26,836.14,838.42,832.09,838.21,,,,
2015-02-27,838.19,838.65,833.94,834.36,,,,
2015-03-02,834.69,841.64,834.69,841.43,,,,
2015-03-03,841.23,841.23,830.02,834.25,,,,
2015-03-04,834.25,839.08,827.04,837.54,,,,
2015-03-05,837.54,844.7,837.23,840.83,,,,
2015-03-06,840.83,840.83,823.44,824.75,,,,
2015-03-09,824.91,830.12,822.18,829.15,,,,
2015-03-10,828.26,828.26,819.69,819.69,,,,
2015-03-11,819.98,825.05,819,819.35,,,,
2015-03-12,819.92,829.87,819.92,829.81,,,,
2015-03-13,829.31,833.7,822.98,828.5,,,,
2015-03-16,829.6,846.71,829.6,846.63,,,,
2015-03-17,846.24,846.24,839.07,844.29,,,,
2015-03-18,844.16,858.39,839.07,855.17,,,,
2015-03-19,855.13,860.96,853.7,859.73,,,,
2015-03-20,860.37,869.12,860.37,866.47,,,,
2015-03-23,866.31,868.43,860.77,864.02,,,,
2015-03-24,863.86,867.08,856.42,856.55,,,,
2015-03-25,856.11,862.99,840.82,840.82,,,,
2015-03-26,840.05,845.42,833.01,838.53,,,,
2015-03-27,838.78,847.73,838.78,844.74,,,,
2015-03-30,845.22,854.06,845.22,853.08,,,,
2015-03-31,852.95,852.95,840.73,840.73,,,,
2015-04-01,840.47,840.47,824.65,830.28,,,,
2015-04-02,830.38,835.79,828.66,832.19,,,,
2015-04-06,832.15,837.84,827.15,833.3,,,,
2015-04-07,833.55,841.46,833.55,835.43,,,,
2015-04-08,835.66,846.03,835.66,842.54,,,,
2015-04-09,842.94,850.12,841.66,849.07,,,,
2015-04-10,849.27,857.35,846.66,856.25,,,,
2015-04-13,856.44,860.25,850.94,850.94,,,,
2015-04-14,850.83,853.33,845.9,852.47,,,,
2015-04-15,852.83,858.95,852.83,854.78,,,,
2015-04-16,854.76,857.63,853.1,854.26,,,,
2015-04-17,852.54,852.54,841.59,847.41,,,,
2015-04-20,847.73,854.4,847.73,852,,,,
2015-04-21,853.49,860.37,853.49,857.76,,,,
2015-04-22,858.1,860.93,855.19,859.12,,,,
2015-04-23,858.84,864.76,854.27,862.42,,,,
2015-04-24,862.38,863.64,856.34,859.67,,,,
2015-04-27,859.81,862.1,843.35,844.51,,,,
2015-04-28,844.29,849.76,834.68,847.79,,,,
2015-04-29,847.49,848.37,835.16,841.03,,,,
2015-04-30,839.83,841.1,824.64,828.85,,,,
2015-05-01,829.58,840.35,829.58,839.98,,,,
2015-05-04,840.55,848.67,840.55,844.94,,,,
2015-05-05,844.84,844.84,834.15,835.04,,,,
2015-05-06,835.3,836.72,825.11,831.07,,,,
2015-05-07,831.06,837.6,829.79,834.99,,,,
2015-05-08,835.28,850.75,835.28,848.52,,,,
2015-05-11,848.54,852.72,848.1,848.25,,,,
2015-05-12,847.56,847.56,839.75,844.01,,,,
2015-05-13,844.58,850.44,842.76,843.82,,,,
2015-05-14,844.98,855.97,844.98,855.74,,,,
2015-05-15,856.48,858.47,854.99,857.5,,,,
2015-05-18,857.26,863.6,856.69,862.21,,,,
2015-05-19,862.43,868.73,861.57,866.3,,,,
2015-05-20,866.25,871.5,864.67,867.54,,,,
2015-05-21,867.49,868.21,864.57,867.16,,,,
2015-05-22,866.89,869.46,864.74,864.91,,,,
2015-05-26,864.55,864.55,854.83,856.54,,,,
2015-05-27,857.14,867.12,857.14,866.25,,,,
2015-05-28,866.24,868.92,862.93,866.83,,,,
2015-05-29,866.74,872.43,862.12,864.75,,,,
2015-06-01,865.17,871.17,862.46,867.74,,,,
2015-06-02,867.57,867.57,859.35,862.71,,,,
2015-06-03,862.95,865.68,861.69,863.49,,,,
2015-06-04,862.96,864.22,855.21,857.81,,,,
2015-06-05,857.56,858.17,850.98,857.4,,,,
2015-06-08,857.36,859.42,853.49,853.59,,,,
2015-06-09,853.36,854.87,849.88,853.88,,,,
2015-06-10,854.16,864.57,853.53,863.72,,,,
2015-06-11,864.31,870.36,864.31,868.15,,,,
2015-06-12,867.71,867.71,857,858.26,,,,
2015-06-15,857.71,860.73,848.55,858.55,,,,
2015-06-16,858.56,863.54,857.38,862.85,,,,
2015-06-17,862.99,866.23,859.4,863.84,,,,
2015-06-18,864.22,879.14,864.22,876.63,,,,
2015-06-19,876.3,879.08,875.33,875.53,,,,
2015-06-22,876.3,886.59,876.3,882.21,,,,
2015-06-23,882.37,886.48,881.19,883.96,,,,
2015-06-24,883.81,883.81,875.37,875.37,,,,
2015-06-25,875.75,883.98,875.75,879.52,,,,
2015-06-26,879.62,884.45,875.76,878.2,,,,
2015-06-29,878.2,878.2,856.89,857.64,,,,
2015-06-30,859.26,865.84,857.57,861.19,,,,
2015-07-01,861.46,869.92,861.46,868.59,,,,
2015-07-02,868.95,871.43,863.74,865.84,,,,
2015-07-06,865.84,870.07,857.96,864.84,,,,
2015-07-07,864.9,868.92,854.39,868.46,,,,
2015-07-08,868.29,868.29,854.13,854.42,,,,
2015-07-09,855.68,865.45,855.68,858.75,,,,
2015-07-10,858.89,871.28,858.89,870.21,,,,
2015-07-13,870.21,879.07,870.21,877.3,,,,
2015-07-14,877.33,887.19,876.05,885.92,,,,
2015-07-15,886.01,892.88,884.86,886.65,,,,
2015-07-16,886.91,892.41,886.91,891.16,,,,
2015-07-17,891.16,891.16,886.04,889.61,,,,
2015-07-20,889.68,894.36,889.68,892.26,,,,
2015-07-21,892.25,894.2,884.76,888.86,,,,
2015-07-22,888.79,891.34,885.41,890.37,,,,
2015-07-23,890.3,892.78,885.81,887.4,,,,
2015-07-24,887.25,887.25,863.85,865.1,,,,
2015-07-27,864.83,865.42,860.13,863.82,,,,
2015-07-28,864.06,879.97,864.06,879.77,,,,
2015-07-29,879.77,885.41,878.12,881.83,,,,
2015-07-30,881.85,882.34,873.63,880.28,,,,
2015-07-31,880.28,889.31,880.28,884.71,,,,
2015-08-03,885.02,888.9,878.79,884.77,,,,
2015-08-04,885,889.5,881.56,884.21,,,,
2015-08-05,884.74,892.4,884.74,890.53,,,,
2015-08-06,890.48,892.28,870.85,871.9,,,,
2015-08-07,871.85,871.85,861.22,869.83,,,,
2015-08-10,870.02,880.87,870.02,876.86,,,,
2015-08-11,876.19,876.19,865.45,869.81,,,,
2015-08-12,869.26,870.92,853.91,870.05,,,,
2015-08-13,870.12,873.93,866.17,868.01,,,,
2015-08-14,867.8,870.93,864.01,870.23,,,,
2015-08-17,870.17,879.41,864.68,879.19,,,,
2015-08-18,879.39,882.74,876.82,877.95,,,,
2015-08-19,877.62,880.2,868.49,874.18,,,,
2015-08-20,874.01,874.01,854.14,854.14,,,,
2015-08-21,852.32,852.32,827.16,827.16,,,,
2015-08-24,826.88,826.88,768.95,794.35,,,,
2015-08-25,796.89,818.34,782.86,783.11,,,,
2015-08-26,783.37,817.27,783.37,816.63,,,,
2015-08-27,817.72,833.98,815.72,832.29,,,,
2015-08-28,831.64,833.01,821.72,828.83,,,,
2015-08-31,828.19,831.45,811.29,813.51,,,,
2015-09-01,812.99,812.99,788.17,792.09,,,,
2015-09-02,793.18,807.78,793.18,807.74,,,,
2015-09-03,808.05,816.81,800.32,802.61,,,,
2015-09-04,802.57,802.57,786.33,792.09,,,,
2015-09-08,793.27,815.15,793.27,814.78,,,,
2015-09-09,815.04,822.99,799.54,801.36,,,,
2015-09-10,801.1,815.02,800.61,808.71,,,,
2015-09-11,807.93,814.29,803.02,814.29,,,,
2015-09-14,814.28,814.94,807.51,811.38,,,,
2015-09-15,811.57,824.63,811.57,822.46,,,,
2015-09-16,822.4,826.42,817.16,825.31,,,,
2015-09-17,825.43,843.88,825.43,832.47,,,,
2015-09-18,832.02,832.02,818.88,820.31,,,,
2015-09-21,820.9,827.27,803.84,809.03,,,,
2015-09-22,808.6,808.6,795.13,804,,,,
2015-09-23,804.06,810.52,799.25,802.94,,,,
2015-09-24,802.56,802.56,786.06,794.47,,,,
2015-09-25,794.92,800.88,767.1,773,,,,
2015-09-28,771.95,771.95,736.87,743.33,,,,
2015-09-29,743.25,762.14,740.82,750.02,,,,
2015-09-30,750.99,767.27,750.99,766.06,,,,
2015-10-01,766.04,773.48,760.24,772.86,,,,
2015-10-02,770.89,789,760.16,789,,,,
2015-10-05,789.15,797.38,783.72,791.58,,,,
2015-10-06,791.17,791.17,761.88,773.13,,,,
2015-10-07,773.6,788.7,769.19,784.49,,,,
2015-10-08,783.95,789.61,773.12,787.48,,,,
2015-10-09,787.61,794.02,785.65,790.98,,,,
2015-10-12,790.95,795.44,786.64,792.84,,,,
2015-10-13,792.41,799.1,781.98,783.04,,,,
2015-10-14,783.12,793.02,779.29,781.08,,,,
2015-10-15,780.81,798.43,776.46,798.12,,,,
2015-10-16,798.32,806.77,797.78,806.08,,,,
2015-10-19,806.03,810.7,799.16,808.29,,,,
2015-10-20,808.22,808.27,793.04,796.02,,,,
2015-10-21,796.25,802.86,776.3,789.17,,,,
2015-10-22,789.18,791.27,775,784.93,,,,
2015-10-23,785.53,805.1,785.53,800.52,,,,
2015-10-26,800.7,809.61,796.86,804.55,,,,
2015-10-27,804.55,818.74,804.2,818.49,,,,
2015-10-28,818.51,826.41,810.97,826.41,,,,
2015-10-29,826.05,836.86,826.05,829.6,,,,
2015-10-30,829.76,833.98,824.98,824.99,,,,
2015-11-02,825.4,842.4,825.4,841.48,,,,
2015-11-03,841.33,841.33,833.26,838.74,,,,
2015-11-04,838.83,840.72,829.83,834.96,,,,
2015-11-05,834.77,834.77,824.4,831.88,,,,
2015-11-06,831.33,831.33,819.2,829.02,,,,
2015-11-09,828.53,828.53,817.85,822.32,,,,
2015-11-10,822.37,829.22,821.08,827.3,,,,
2015-11-11,827.73,830.31,819.58,819.72,,,,
2015-11-12,819.56,819.56,805.15,805.15,,,,
2015-11-13,805,811.1,802.2,802.9,,,,
2015-11-16,803.09,813.01,802.68,812.96,,,,
2015-11-17,813.21,821.83,811.09,816.26,,,,
2015-11-18,816.34,833.39,816.34,832.59,,,,
2015-11-19,832.36,832.36,818.15,818.98,,,,
2015-11-20,819.37,829.11,819.37,825.02,,,,
2015-11-23,825.13,827.98,820.85,823.41,,,,
2015-11-24,823.07,826.33,817.57,825.24,,,,
2015-11-25,825.42,831.08,825.42,829.72,,,,
2015-11-27,829.8,832.8,829.56,831.16,,,,
2015-11-30,831.27,832.42,820.04,820.04,,,,
2015-12-01,820.84,834.61,820.84,834.21,,,,
2015-12-02,834,837.11,825.7,826.6,,,,
2015-12-03,826.71,827.63,805.29,808.34,,,,
2015-12-04,808.59,828.91,808.59,827.98,,,,
2015-12-07,828.29,829.63,819.13,823.22,,,,
2015-12-08,822.9,827.31,817.28,824.76,,,,
2015-12-09,824.28,829.06,813.82,816.68,,,,
2015-12-10,816.73,828.34,816.21,823.03,,,,
2015-12-11,822.37,822.37,809.24,810.22,,,,
2015-12-14,810.84,815.35,802.86,815.12,,,,
2015-12-15,816.29,829.84,816.29,825.84,,,,
2015-12-16,827.05,837.97,823.09,836.58,,,,
2015-12-17,836.57,837.69,827.18,827.29,,,,
2015-12-18,827.18,827.18,815.62,815.67,,,,
2015-12-21,816.3,822.75,816.3,822.68,,,,
2015-12-22,822.9,829.45,821.22,828.54,,,,
2015-12-23,829.82,839.1,829.82,837.44,,,,
2015-12-24,837.06,840.82,836.34,838.3,,,,
2015-12-28,837.94,837.94,832.13,834.46,,,,
2015-12-29,834.62,846.26,834.62,844.63,,,,
2015-12-30,844.58,845.16,840.05,840.78,,,,
2015-12-31,839.71,841.15,833.12,833.23,,,,
2016-01-04,832.94,832.94,809.76,817.31,,,,
2016-01-05,817.93,825.18,817.93,821.87,,,,
2016-01-06,820.46,820.66,809.59,815.03,,,,
2016-01-07,813.59,813.59,796.61,798.32,,,,
2016-01-08,798.66,805,785.25,786.82,,,,
2016-01-11,787.17,790.02,766.36,777.48,,,,
2016-01-12,778.21,791.48,774.36,786.72,,,,
2016-01-13,786.81,791.7,762.76,763.65,,,,
2016-01-14,764.15,788.73,761.06,784.07,,,,
2016-01-15,782.09,782.09,762.16,773.21,,,,
2016-01-19,774.36,784.07,764.66,772.49,,,,
2016-01-20,771.86,781.58,749.92,774.11,,,,
2016-01-21,774.09,779.81,765.21,772.05,,,,
2016-01-22,772.36,786.16,772.36,784.03,,,,
2016-01-25,784.05,786.96,776.04,776.63,,,,
2016-01-26,777.05,784.3,771.78,782.73,,,,
2016-01-27,782.66,789.59,768.87,774.11,,,,
2016-01-28,774.34,775.83,752.06,756.28,,,,
2016-01-29,756.66,769.48,754.09,769.48,,,,
2016-02-01,769.23,773.12,759.17,769.83,,,,
2016-02-02,768.47,768.47,756.18,758.65,,,,
2016-02-03,758.67,763.27,746.2,762.38,,,,
2016-02-04,761.58,767.04,752.07,758.87,,,,
2016-02-05,758.51,758.51,740.06,744.01,,,,
2016-02-08,743.73,743.73,725.11,733.61,,,,
2016-02-09,732.28,746.01,726.93,738.89,,,,
2016-02-10,740.2,756.68,740.2,745.69,,,,
2016-02-11,744.69,744.69,727.84,732.99,,,,
2016-02-12,734.19,743.42,731.33,743.42,,,,
2016-02-16,743.61,757.19,743.61,757.04,,,,
2016-02-17,757.14,767.47,757.14,767.04,,,,
2016-02-18,767.08,770.58,760.2,761.76,,,,
2016-02-19,761.68,762.55,755.98,760.93,,,,
2016-02-22,761.69,771.3,761.69,771.26,,,,
2016-02-23,770.84,773.28,764.9,765.34,,,,
2016-02-24,764.65,768.93,753.22,768.01,,,,
2016-02-25,768.06,777.97,767.89,777.9,,,,
2016-02-26,778.3,783.94,775.51,776.28,,,,
2016-02-29,776.19,776.19,763.86,764.03,,,,
2016-03-01,764.34,780.42,763.27,780.42,,,,
2016-03-02,780.42,781.57,776.83,781.56,,,,
2016-03-03,781.2,781.2,772.3,778.83,,,,
2016-03-04,778.78,782.24,774.05,777.67,,,,
2016-03-07,777.23,786.3,772.53,783.9,,,,
2016-03-08,782.94,782.94,773.03,773.81,,,,
2016-03-09,774.07,777.77,770.13,775.12,,,,
2016-03-10,775.69,784.08,769.89,775.55,,,,
2016-03-11,776.73,790.58,776.73,790.58,,,,
2016-03-14,790.4,790.4,784.94,787.32,,,,
2016-03-15,786.73,786.73,772.6,774.61,,,,
2016-03-16,774.58,777.4,767.06,772.43,,,,
2016-03-17,772.19,772.19,756.78,764.33,,,,
2016-03-18,764.5,775.58,764.12,774.47,,,,
2016-03-21,774.28,779.05,773.56,777.93,,,,
2016-03-22,777.76,787.39,775.71,784.87,,,,
2016-03-23,783.75,785.92,778.98,779.97,,,,
2016-03-24,779.69,781.95,773.77,779.28,,,,
2016-03-28,779.34,782.02,776.03,777.07,,,,
2016-03-29,777.03,786.53,773.11,786.14,,,,
2016-03-30,786.89,791.76,784.49,785.57,,,,
2016-03-31,785.47,789.21,783.31,783.85,,,,
2016-04-01,783.28,795.19,778.69,793.79,,,,
2016-04-04,794,804.67,793.98,801.89,,,,
2016-04-05,801.55,801.55,789.94,792.05,,,,
2016-04-06,792.07,813.27,792.07,813,,,,
2016-04-07,812.75,812.75,800.2,804.35,,,,
2016-04-08,805.26,808.99,797.35,800.89,,,,
2016-04-11,800.9,803.87,794.29,795.51,,,,
2016-04-12,795.6,803.94,795.6,802.1,,,,
2016-04-13,802.96,809.88,801.57,809.1,,,,
2016-04-14,809.33,812.56,807.34,810.05,,,,
2016-04-15,810.08,810.89,804.35,809.71,,,,
2016-04-18,809.61,817.72,807.56,816.98,,,,
2016-04-19,817.37,824.24,815.64,819.39,,,,
2016-04-20,819.55,828.17,819.55,824.33,,,,
2016-04-21,824.2,830.83,823.68,828.9,,,,
2016-04-22,829.06,833.44,826.03,830.88,,,,
2016-04-25,830.68,830.68,825.01,827.8,,,,
2016-04-26,828.06,828.71,822.15,824.19,,,,
2016-04-27,824.26,826.91,820.11,823.21,,,,
2016-04-28,822.9,827.28,814.7,818.34,,,,
2016-04-29,817.48,817.48,801.85,806.34,,,,
2016-05-02,806.35,811.37,804.62,811.02,,,,
2016-05-03,810.92,813.43,805.52,808.62,,,,
2016-05-04,808.07,808.07,798.78,800.86,,,,
2016-05-05,801.35,805.3,799.45,804.42,,,,
2016-05-06,804.1,804.1,793.04,799.45,,,,
2016-05-09,799.62,811.02,799.62,808.5,,,,
2016-05-10,808.83,815.33,808.83,815.16,,,,
2016-05-11,815.18,815.24,804.85,804.88,,,,
2016-05-12,805.03,807.41,795.73,800.22,,,,
2016-05-13,799.82,803.81,797.52,798.63,,,,
2016-05-16,798.59,810.5,798.39,809.47,,,,
2016-05-17,809.51,809.51,797.69,800.88,,,,
2016-05-18,800.34,807.54,798.47,803.63,,,,
2016-05-19,803.48,803.48,791.85,797.16,,,,
2016-05-20,797.36,806.24,797.36,803.65,,,,
2016-05-23,803.71,803.71,799.71,799.96,,,,
2016-05-24,800.96,813.1,800.96,811.76,,,,
2016-05-25,812.18,818.58,812.18,816.98,,,,
2016-05-26,816.64,818.75,814.65,817.04,,,,
2016-05-27,817.19,822.55,817.19,821.2,,,,
2016-05-31,821.52,824.64,819.34,822.36,,,,
2016-06-01,822.22,827.46,819.61,825.49,,,,
2016-06-02,825.49,836.28,825.49,836.28,,,,
2016-06-03,835.78,836.45,827.14,833.58,,,,
2016-06-06,833.61,839.42,831.81,838.21,,,,
2016-06-07,836.35,836.35,830.87,832.57,,,,
2016-06-08,832.52,837.11,830.95,836.56,,,,
2016-06-09,835.83,839.63,831.99,834.58,,,,
2016-06-10,833.04,833.04,823.85,827.01,,,,
2016-06-13,826.73,830.14,820.87,820.92,,,,
2016-06-14,820.18,821.79,815.06,821.68,,,,
2016-06-15,822.32,825.11,815.21,815.98,,,,
2016-06-16,815.53,819.96,809.53,818.8,,,,
2016-06-17,818.94,818.94,807.23,809.83,,,,
2016-06-20,810.78,820.93,810.78,814.77,,,,
2016-06-21,815.21,818.62,810.75,812.47,,,,
2016-06-22,812.41,823.85,812.37,815.16,,,,
2016-06-23,816.63,825.41,816.63,825.41,,,,
2016-06-24,824.04,824.04,800.89,802.2,,,,
2016-06-27,801.13,801.13,787.71,790.95,,,,
2016-06-28,792.3,806.58,792.3,806.54,,,,
2016-06-29,807.23,823.39,807.23,821.59,,,,
2016-06-30,821.69,829.47,819.02,829.45,,,,
2016-07-01,829.48,836.21,828.29,834.22,,,,
2016-07-05,833.5,836.68,831.06,833.83,,,,
2016-07-06,833.62,844.46,831.36,843.52,,,,
2016-07-07,843.38,845.21,837.97,841.71,,,,
2016-07-08,842.05,852.15,841.52,850.85,,,,
2016-07-11,850.82,854.24,849.16,849.42,,,,
2016-07-12,849.76,855.07,849.76,853.41,,,,
2016-07-13,853.96,857.09,852.35,853.42,,,,
2016-07-14,853.71,858.25,853.71,856.73,,,,
2016-07-15,856.93,862.32,855.1,856.25,,,,
2016-07-18,856.55,857.96,853.41,856.24,,,,
2016-07-19,856.05,859.28,852.22,854.83,,,,
2016-07-20,855.44,863.74,855.44,862.06,,,,
2016-07-21,861.88,866.64,861.62,865.12,,,,
2016-07-22,865.72,867.71,862.51,866.91,,,,
2016-07-25,867.06,867.23,860.47,865.66,,,,
2016-07-26,865.98,865.98,860.9,864.22,,,,
2016-07-27,864.19,869.6,860.95,867.78,,,,
2016-07-28,867.9,869.87,863.3,867.43,,,,
2016-07-29,866.6,870.75,865.4,869.78,,,,
2016-08-01,870.84,878.52,870.84,874.9,,,,
2016-08-02,874.8,875.47,866.46,871.33,,,,
2016-08-03,871.35,871.35,866.85,869.24,,,,
2016-08-04,869.69,870.55,866.13,867.29,,,,
2016-08-05,867.69,869.5,862.66,869.5,,,,
2016-08-08,868.99,868.99,859.11,862.15,,,,
2016-08-09,862.39,866.93,862.39,864.25,,,,
2016-08-10,864.13,864.14,858.86,860.93,,,,
2016-08-11,861.54,866.78,861.54,865.74,,,,
2016-08-12,865.62,865.62,860.62,864.03,,,,
2016-08-15,864.41,866.99,864.21,865.11,,,,
2016-08-16,863.3,863.73,857.33,857.35,,,,
2016-08-17,858.41,859.64,853.79,859.33,,,,
2016-08-18,858.88,860.95,856.71,859.35,,,,
2016-08-19,858.51,858.54,854.18,858.23,,,,
2016-08-22,858.61,862.82,857.5,859.4,,,,
2016-08-23,861.51,865.16,859.97,860.37,,,,
2016-08-24,860.25,861.45,844.87,846.54,,,,
2016-08-25,845.94,847.66,836.21,839.82,,,,
2016-08-26,841.03,847.05,838.19,842.77,,,,
2016-08-29,843.88,846.92,841.45,845.04,,,,
2016-08-30,844.41,845.47,840.05,841.44,,,,
2016-08-31,841.19,841.54,836.32,839.28,,,,
2016-09-01,839.61,840.25,833.71,837.59,,,,
2016-09-02,839.85,840.18,835.9,837.98,,,,
2016-09-06,838.77,842.91,838.4,841.27,,,,
2016-09-07,840.9,843.92,838.54,840.6,,,,
2016-09-08,839.43,842.07,837.59,841.6,,,,
2016-09-09,837.02,837.02,824.4,824.4,,,,
2016-09-12,821.81,839.05,821.26,837.39,,,,
2016-09-13,833.31,833.31,821.08,824.93,,,,
2016-09-14,825.87,830.3,821.85,824.28,,,,
2016-09-15,823.99,835.97,821.84,833.49,,,,
2016-09-16,833.45,835.37,831.11,834.4,,,,
2016-09-19,835.64,837.8,830.36,830.96,,,,
2016-09-20,834.64,836.61,833.53,834.16,,,,
2016-09-21,835.38,843.65,831.7,842.52,,,,
2016-09-22,845.21,849.98,845.21,848.9,,,,
2016-09-23,847.83,849.08,845.73,845.97,,,,
2016-09-26,842.92,842.92,834.06,835.6,,,,
2016-09-27,834.84,841.84,833.04,841.81,,,,
2016-09-28,841.98,842.3,836.22,840.74,,,,
2016-09-29,839.7,840.45,823.32,825.3,,,,
2016-09-30,826.79,836.44,826.79,833.79,,,,
2016-10-03,831.66,833.17,827.03,832.52,,,,
2016-10-04,833.11,835.89,827.64,831.42,,,,
2016-10-05,832.43,836.48,832.43,834.02,,,,
2016-10-06,832.1,832.65,826.87,830.8,,,,
2016-10-07,832.72,834.8,826.31,831.56,,,,
2016-10-10,833.86,837.51,832.51,834.9,,,,
2016-10-11,831.74,832.02,810.63,813.94,,,,
2016-10-12,814.71,816.92,809.06,809.42,,,,
2016-10-13,806.11,812.94,804.3,809.91,,,,
2016-10-14,811.87,813.3,804.38,804.38,,,,
2016-10-17,804.1,804.89,800.41,802.75,,,,
2016-10-18,805.08,813.14,805.08,811.33,,,,
2016-10-19,812.07,813.33,808.37,808.54,,,,
2016-10-20,808.89,814.66,808.55,812.61,,,,
2016-10-21,810.65,810.65,803.59,805.46,,,,
2016-10-24,807.87,809.67,804.18,804.35,,,,
2016-10-25,803.62,805.43,800.82,801.86,,,,
2016-10-26,801.71,801.71,793.71,796.31,,,,
2016-10-27,799.94,806.13,798.69,800.51,,,,
2016-10-28,796.91,796.91,780.16,783.1,,,,
2016-10-31,784.13,784.13,778.44,778.77,,,,
2016-11-01,779.22,781,768.47,775.01,,,,
2016-11-02,774.32,778.62,770.88,771.25,,,,
2016-11-03,772.86,775.75,762.63,763.33,,,,
2016-11-04,763.2,774.5,763.2,769.12,,,,
2016-11-07,773.02,790.11,773.02,787.81,,,,
2016-11-08,785.82,794.75,781.42,789.45,,,,
2016-11-09,794.04,824.01,794.04,816.53,,,,
2016-11-10,821.09,829.54,820.49,826.26,,,,
2016-11-11,823.95,824.44,810.64,813.91,,,,
2016-11-14,815.22,815.88,809.59,811.25,,,,
2016-11-15,811.98,813.81,806.07,813.51,,,,
2016-11-16,813.27,814.99,809.01,809.63,,,,
2016-11-17,810.04,813.31,808.35,813.19,,,,
2016-11-18,812.67,813.34,803.48,803.93,,,,
2016-11-21,804.65,807.57,804.65,806.32,,,,
2016-11-22,806.63,807.94,789.71,795.04,,,,
2016-11-23,790.28,798.08,783.11,798.08,,,,
2016-11-25,799.34,801.86,798.17,801.37,,,,
2016-11-28,800.5,800.5,794.02,794.52,,,,
2016-11-29,796.15,802.53,796.13,799.72,,,,
2016-11-30,799.96,800.02,792.12,792.13,,,,
2016-12-01,792.91,793.95,784.42,786.12,,,,
2016-12-02,787.06,791.46,785.49,788.57,,,,
2016-12-05,790.76,791.75,784.72,787.3,,,,
2016-12-06,788.52,789.47,784.91,789.21,,,,
2016-12-07,783.67,783.67,771.94,782.72,,,,
2016-12-08,780.71,784.76,775.58,784.03,,,,
2016-12-09,787.69,795.05,787.48,793.7,,,,
2016-12-12,792.53,798.4,792.53,797.75,,,,
2016-12-13,799.98,804.57,799.98,803.09,,,,
2016-12-14,803.64,807.49,796.72,799.69,,,,
2016-12-15,800.82,805.18,799.6,804.4,,,,
2016-12-16,806.41,808.46,802.79,805.54,,,,
2016-12-19,805.16,809.05,800.72,801.4,,,,
2016-12-20,802.56,803.68,799.35,801.03,,,,
2016-12-21,800.81,801.76,795.15,796.22,,,,
2016-12-22,795.98,797.66,792.25,797.53,,,,
2016-12-23,798.12,803.86,797.91,803.78,,,,
2016-12-27,805.44,809.62,804.39,804.86,,,,
2016-12-28,804.73,805.23,798.86,799.04,,,,
2016-12-29,799.25,802.49,798.86,799.84,,,,
2016-12-30,800.37,801.01,794.85,796.91,,,,
2017-01-03,801.06,808.04,800.49,808.04,,,,
2017-01-04,809.46,816.02,809.14,813.66,,,,
2017-01-05,814.59,818.22,812.67,817.59,,,,
2017-01-06,819,822.69,815.52,820.25,,,,
2017-01-09,820.09,825.27,819.06,823.9,,,,
2017-01-10,825.42,831.49,823.53,826.66,,,,
2017-01-11,827.58,830.3,810.85,818.04,,,,
2017-01-12,815.95,819.15,812.28,818.62,,,,
2017-01-13,819.31,822.32,817.85,819.5,,,,
2017-01-17,816.07,816.89,809.03,815.82,,,,
2017-01-18,817.73,818.7,812.83,814.8,,,,
2017-01-19,813.65,813.99,807.9,809.7,,,,
2017-01-20,810.09,812.95,806.5,807.33,,,,
2017-01-23,806.05,808.22,800.99,803.72,,,,
2017-01-24,803.14,803.19,794.52,798.49,,,,
2017-01-25,800.38,805.86,798.35,805.39,,,,
2017-01-26,803.99,805.22,799.49,799.68,,,,
2017-01-27,802.09,806.55,801.08,806.11,,,,
2017-01-30,804.65,805.55,798.84,802.77,,,,
2017-01-31,800.82,814.25,800.03,814.06,,,,
2017-02-01,813.83,820.18,813,819.85,,,,
2017-02-02,818.57,821.73,815.07,820.89,,,,
2017-02-03,824,825.74,820.2,825.74,,,,
2017-02-06,823.52,825.54,821.92,825.35,,,,
2017-02-07,826.97,829.67,823.96,826.09,,,,
2017-02-08,821.79,826.09,820.21,824.93,,,,
2017-02-09,824.5,830.67,824.41,828.53,,,,
2017-02-10,828.86,831.69,827.61,829.52,,,,
2017-02-13,830.76,835.01,830.76,834.87,,,,
2017-02-14,834.05,840.98,833.07,840.97,,,,
2017-02-15,839.32,852,839.15,850.8,,,,
2017-02-16,850.54,851.21,843.63,849.58,,,,
2017-02-17,847.5,850.82,846.29,850.54,,,,
2017-02-21,850.95,856.74,850.95,854.53,,,,
2017-02-22,853.83,855.97,852.51,853.32,,,,
2017-02-23,854.89,860.66,853.03,859.65,,,,
2017-02-24,859.01,863.34,857.96,863.34,,,,
2017-02-27,862.86,867.33,861.97,866.68,,,,
2017-02-28,865.08,867.84,862.66,864.61,,,,
2017-03-01,869.12,875.9,867.89,873.61,,,,
2017-03-02,873.19,875.39,871.04,871.6,,,,
2017-03-03,870.91,875.16,869.62,875.04,,,,
2017-03-06,871.7,873.84,868.18,871.16,,,,
2017-03-07,864.33,869.34,862.44,865.34,,,,
2017-03-08,865.35,871.13,865.19,868.01,,,,
2017-03-09,868.71,874.12,867.96,873.21,,,,
2017-03-10,874.69,877.54,873.21,876.38,,,,
2017-03-13,876.14,876.14,871.87,875.03,,,,
2017-03-14,873.33,875.42,870.95,872.18,,,,
2017-03-15,873.13,884.52,873.13,882.5,,,,
2017-03-16,880.29,880.29,870.97,874.58,,,,
2017-03-17,871.72,873.73,869.35,869.94,,,,
2017-03-20,870.77,870.99,866.6,868.11,,,,
2017-03-21,870.48,871.95,859.69,861.29,,,,
2017-03-22,862.38,863.53,857.19,861.95,,,,
2017-03-23,861.13,864.67,857.4,858.81,,,,
2017-03-24,859.47,863.06,855.86,858.59,,,,
2017-03-27,855.44,863,854.22,861.71,,,,
2017-03-28,860.82,863.26,857.37,862.17,,,,
2017-03-29,862.41,864.39,860.53,862.1,,,,
2017-03-30,862.18,864.1,859.34,862.06,,,,
2017-03-31,860.57,862.23,859.1,859.75,,,,
2017-04-03,860.24,864.85,857.41,860.53,,,,
2017-04-04,860.05,861.21,857.77,860.1,,,,
2017-04-05,860.84,866.01,856.63,857.22,,,,
2017-04-06,857.44,860.16,855.05,858.35,,,,
2017-04-07,858.66,862.28,856.96,859.9,,,,
2017-04-10,860.16,862.78,857.87,858.52,,,,
2017-04-11,857.43,858.55,852.37,856.99,,,,
2017-04-12,856.44,857.68,853.44,857.23,,,,
2017-04-13,855.98,858.7,854.9,854.9,,,,
2017-04-17,853.72,858.08,853.05,857.55,,,,
2017-04-18,854.44,854.44,845.41,848.88,,,,
2017-04-19,850.98,853.46,849.55,851.13,,,,
2017-04-20,852.43,857.88,848.98,855.83,,,,
2017-04-21,855.19,855.58,849.42,851.57,,,,
2017-04-24,857.53,861.68,857.53,859.64,,,,
2017-04-25,860.8,865.84,860.8,863.61,,,,
2017-04-26,865.51,871.53,865.51,867.95,,,,
2017-04-27,867.63,873.9,867.6,870.21,,,,
2017-04-28,870.36,872.61,869.25,872.26,,,,
2017-05-01,872.86,875.85,872.43,873.55,,,,
2017-05-02,874.44,876.83,869.99,876.26,,,,
2017-05-03,874.74,874.77,870.48,872.94,,,,
2017-05-04,874.28,878.13,874.13,878.11,,,,
2017-05-05,878.79,879.55,874.24,877.59,,,,
2017-05-08,877.55,877.59,871.14,872.57,,,,
2017-05-09,873.75,875.1,871.8,873.25,,,,
2017-05-10,871.32,871.57,866.8,870.32,,,,
2017-05-11,869.38,870.81,866.12,870.79,,,,
2017-05-12,870.35,871.45,868.54,869.16,,,,
2017-05-15,869.14,874.86,868.84,874.29,,,,
2017-05-16,873.83,874.24,868.77,870.89,,,,
2017-05-17,864.97,866.38,859.61,859.85,,,,
2017-05-18,859.93,868.38,859.93,863.41,,,,
2017-05-19,864.29,868.64,864.28,865.83,,,,
2017-05-22,865.38,869.08,864.45,867.87,,,,
2017-05-23,868.44,872.9,868.44,870.89,,,,
2017-05-24,871.92,873.82,869.33,872.96,,,,
2017-05-25,874.12,878.37,872.5,876.9,,,,
2017-05-26,876.59,878.17,874.28,875.05,,,,
2017-05-30,874.06,876.23,872.61,873.78,,,,
2017-05-31,875.85,879.25,874.93,877.55,,,,
2017-06-01,878.62,887.94,878.59,887.94,,,,
2017-06-02,889.56,894.03,889.28,893.13,,,,
2017-06-05,893.24,893.24,888.31,890.51,,,,
2017-06-06,889.33,891.24,887.42,887.92,,,,
2017-06-07,889.06,891.36,887.68,890.36,,,,
2017-06-08,890.66,892.09,885.57,888.52,,,,
2017-06-09,888.87,896.68,888.14,894.13,,,,
2017-06-12,893.77,896.44,888.59,892.94,,,,
2017-06-13,892.52,895.51,891.46,894.09,,,,
2017-06-14,895.81,900.86,895.38,898.22,,,,
2017-06-15,895.14,897.78,892.23,897.33,,,,
2017-06-16,897.67,900.61,894.17,898.6,,,,
2017-06-19,900.25,908.93,900.03,908.29,,,,
2017-06-20,908.33,916.14,907.76,911.31,,,,
2017-06-21,912.24,923.09,912.21,922.48,,,,
2017-06-22,923.45,937.91,923.45,932.2,,,,
2017-06-23,932.22,932.55,927.52,931.36,,,,
2017-06-26,932.16,933.04,928.67,929.87,,,,
2017-06-27,930.11,931.02,921.28,921.32,,,,
2017-06-28,925.2,928.45,924.03,926.16,,,,
2017-06-29,926.16,926.16,912.39,917.95,,,,
2017-06-30,920.42,920.87,916.72,916.93,,,,
2017-07-03,919.01,922.34,918.18,918.32,,,,
2017-07-05,918.63,924.36,915.87,923.3,,,,
2017-07-06,920.77,921.07,910.08,911.36,,,,
2017-07-07,912.95,916.86,912.22,916.54,,,,
2017-07-10,916.18,916.53,911.92,913.91,,,,
2017-07-11,914.35,915.54,908.6,913.21,,,,
2017-07-12,916.23,921.94,916.23,919.15,,,,
2017-07-13,919.57,922.53,913.66,919.95,,,,
2017-07-14,920.76,928,919.74,925.82,,,,
2017-07-17,926.23,927.71,922.45,923.01,,,,
2017-07-18,922.73,923.89,917.3,923.46,,,,
2017-07-19,927,930.88,927,930.88,,,,
2017-07-20,931.46,938.65,931.46,936.63,,,,
2017-07-21,935.91,937.45,934.55,936.04,,,,
2017-07-24,935.87,936.68,931.83,935.15,,,,
2017-07-25,937.67,938.5,927.7,928.84,,,,
2017-07-26,926.72,927.9,924.11,925.96,,,,
2017-07-27,926.24,926.59,916.02,919.64,,,,
2017-07-28,920.01,925.26,916.1,924.28,,,,
2017-07-31,925.55,927.32,923.11,923.11,,,,
2017-08-01,924.63,924.76,920.08,921.07,,,,
2017-08-02,920.58,920.58,915.38,919.03,,,,
2017-08-03,917.38,921.83,916.26,920.6,,,,
2017-08-04,922.11,922.55,916.98,918.6,,,,
2017-08-07,917.93,920.12,916.58,920.08,,,,
2017-08-08,918.79,920.45,913.98,915.62,,,,
2017-08-09,913.43,917.68,912.02,917.05,,,,
2017-08-10,914.74,914.77,905.29,905.32,,,,
2017-08-11,906.87,912.27,906.08,908,,,,
2017-08-14,912.4,915.34,911.9,913.91,,,,
2017-08-15,915.2,916.52,913.57,913.71,,,,
2017-08-16,914.86,917.99,914.26,916.03,,,,
2017-08-17,915.16,917.28,904.41,904.46,,,,
2017-08-18,903.23,906.59,900.26,900.71,,,,
2017-08-21,900.73,905.69,899.91,904.83,,,,
2017-08-22,904.81,916.55,904.56,915.4,,,,
2017-08-23,913.36,913.36,908.35,908.88,,,,
2017-08-24,909.95,912.63,908.15,911.46,,,,
2017-08-25,913.12,915.96,910.37,910.4,,,,
2017-08-28,912.93,917.3,912.93,915.9,,,,
2017-08-29,912.96,918.48,911.25,917.43,,,,
2017-08-30,916.89,924.65,916.65,922.64,,,,
2017-08-31,925.1,939.03,924.99,938.28,,,,
2017-09-01,939.02,941.46,933.77,937.49,,,,
2017-09-05,935.35,938.77,929.12,933.39,,,,
2017-09-06,935.71,938.71,932.57,937.62,,,,
2017-09-07,937.91,949.94,937.35,947.85,,,,
2017-09-08,947.03,953.89,945.22,951.83,,,,
2017-09-11,955.59,959.8,954.49,959.66,,,,
2017-09-12,960.29,961.78,958.07,961.72,,,,
2017-09-13,960.61,962.38,956.42,958.27,,,,
2017-09-14,956.79,960.32,953.81,958.71,,,,
2017-09-15,959.73,960.96,954.91,955.98,,,,
2017-09-18,957.06,959.34,954.14,955.53,,,,
2017-09-19,956.16,957.24,947.22,948.03,,,,
2017-09-20,947.72,950.12,942.44,949.46,,,,
2017-09-21,948.73,949.58,944,944.16,,,,
2017-09-22,943.43,945.63,939.5,944.95,,,,
2017-09-25,944.85,947.35,940.27,941.79,,,,
2017-09-26,943.47,946.81,939.82,940.15,,,,
2017-09-27,940.94,942.24,935.74,939.56,,,,
2017-09-28,938.84,943.51,937.58,940.86,,,,
2017-09-29,941.2,946.38,938.45,946.31,,,,
2017-10-02,947.69,955.46,947.49,955.32,,,,
2017-10-03,956.23,958.2,951.61,955.5,,,,
2017-10-04,956.59,960.18,955.78,959.8,,,,
2017-10-05,959.3,960.6,956.05,960.25,,,,
2017-10-06,960.17,962.89,957.74,959.6,,,,
2017-10-09,959.92,959.92,951.83,953.15,,,,
2017-10-10,954.17,955.43,950.41,955.28,,,,
2017-10-11,955.57,958.26,954.67,957.54,,,,
2017-10-12,957.43,958.01,954.71,955.91,,,,
2017-10-13,955.82,955.82,951.18,953.06,,,,
2017-10-16,952.6,956.34,947.71,949.42,,,,
2017-10-17,951.21,964.36,951.21,961.89,,,,
2017-10-18,963.46,968.44,962.4,963.46,,,,
2017-10-19,963.47,969.65,962.78,969.29,,,,
2017-10-20,967.61,971.18,967,970.4,,,,
2017-10-23,971.66,975.33,967.54,967.86,,,,
2017-10-24,968.01,968.01,956.33,961.36,,,,
2017-10-25,960.5,962.67,956.48,960.24,,,,
2017-10-26,952.1,955.76,944.72,950.36,,,,
2017-10-27,948.46,951.21,946.84,950.09,,,,
2017-10-30,947.52,947.53,937.93,939.87,,,,
2017-10-31,940.26,942.07,936.61,938.35,,,,
2017-11-01,939.64,944.4,938.69,940.2,,,,
2017-11-02,941.32,941.89,933.98,936.3,,,,
2017-11-03,934.8,944.57,934.8,943.75,,,,
2017-11-06,943.34,943.57,940.49,940.57,,,,
2017-11-07,941.63,944.35,939.84,943.1,,,,
2017-11-08,942.8,946.37,941.74,945.21,,,,
2017-11-09,943.66,945.67,939.18,944.9,,,,
2017-11-10,942.87,942.89,933,938.63,,,,
2017-11-13,936.81,941.37,932.98,939.64,,,,
2017-11-14,938.12,938.12,931.71,935.63,,,,
2017-11-15,934.24,935.89,930.06,933.04,,,,
2017-11-16,934.08,943.51,934.08,942.53,,,,
2017-11-17,940.55,941.56,937.36,938.86,,,,
2017-11-20,938.02,938.66,933.44,934.9,,,,
2017-11-21,936.89,945.1,936.89,943.07,,,,
2017-11-22,942.97,945.36,941.22,942.71,,,,
2017-11-24,943.01,945.33,941.92,944.77,,,,
2017-11-27,944.54,946.61,943.37,944.92,,,,
2017-11-28,947.13,952.7,944.84,951.67,,,,
2017-11-29,953.07,959.95,953.07,956.49,,,,
2017-11-30,958.61,966.18,956.5,963.64,,,,
2017-12-01,963.33,965.36,948.75,961.86,,,,
2017-12-04,965.14,967.08,949.69,949.95,,,,
2017-12-05,950.58,954.73,947.26,948.16,,,,
2017-12-06,948.35,948.35,943.22,947.1,,,,
2017-12-07,947.43,949.05,943.93,947.37,,,,
2017-12-08,950.12,957.98,950,957.88,,,,
2017-12-11,959.28,962.62,957.57,961.9,,,,
2017-12-12,964.62,967.4,962.74,965.75,,,,
2017-12-13,966.01,971.92,965.91,968.69,,,,
2017-12-14,970.09,970.85,957.88,958.49,,,,
2017-12-15,962.94,969.67,961.15,969.66,,,,
2017-12-18,972.22,974.78,969.18,969.55,,,,
2017-12-19,970.59,972.28,968.38,968.48,,,,
2017-12-20,969.76,972,965.51,965.74,,,,
2017-12-21,965.87,969.2,962.8,963.27,,,,
2017-12-22,961.79,963.13,958.16,960.14,,,,
2017-12-26,959.96,961.75,959.96,960.68,,,,
2017-12-27,961.41,964.68,961.33,962.49,,,,
2017-12-28,963.39,964.51,960.28,963.33,,,,
2017-12-29,964.89,965.98,956.31,956.32,,,,
2018-01-02,960.97,968.56,959.92,968.1,,,,
2018-01-03,968.96,978.08,965.46,977.53,,,,
2018-01-04,980.39,980.92,976.15,978.47,,,,
2018-01-05,980.78,987.64,979.98,987.31,,,,
2018-01-08,986.7,986.7,978.27,983.52,,,,
2018-01-09,985.14,996.87,985.14,994.31,,,,
2018-01-10,992.98,993.28,985.54,993.05,,,,
2018-01-11,994.11,996.95,991.37,996.94,,,,
2018-01-12,999.21,1005.53,998.05,1004.45,,,,
2018-01-16,1010.63,1017.5,1007.85,1009.03,,,,
2018-01-17,1012.03,1021.16,1011.46,1018.96,,,,
2018-01-18,1018.78,1020.21,1013.3,1019.13,,,,
2018-01-19,1020.81,1023.44,1018.01,1023.13,,,,
2018-01-22,1022.66,1029.89,1021.14,1029.83,,,,
2018-01-23,1029.37,1031.56,1023.89,1024.5,,,,
2018-01-24,1029.75,1031.57,1024.36,1027.74,,,,
2018-01-25,1032.37,1037.81,1029.32,1036.84,,,,
2018-01-26,1041.34,1059.33,1041.34,1059.33,,,,
2018-01-29,1058.29,1061.82,1056.02,1056.49,,,,
2018-01-30,1041.97,1042.21,1032.57,1034.03,,,,
2018-01-31,1037.05,1042.34,1015.99,1019.08,,,,
2018-02-01,1015.42,1023.66,1012.44,1019.42,,,,
2018-02-02,1014.53,1019.51,1004.99,1005.72,,,,
2018-02-05,1001.66,1005.77,952.8,959.93,,,,
2018-02-06,949.8,974.91,942.31,970.79,,,,
2018-02-07,967.16,983.19,965.89,970.03,,,,
2018-02-08,969.53,972.4,935.46,935.46,,,,
2018-02-09,941.61,957.15,920.28,949.09,,,,
2018-02-12,953.07,965.63,947.37,958.25,,,,
2018-02-13,954.72,961.02,947.29,958.75,,,,
2018-02-14,954,970.94,952.98,969.16,,,,
2018-02-15,973.68,980.53,966.55,980.37,,,,
2018-02-16,979.88,994.12,979.7,987.19,,,,
2018-02-20,984.32,985.74,974,976.63,,,,
2018-02-21,976.93,989.21,972.27,972.27,,,,
2018-02-22,974.67,982.24,968.81,970.81,,,,
2018-02-23,974.64,986.37,972.51,986.16,,,,
2018-02-26,988.75,999.26,988.33,998.11,,,,
2018-02-27,998.45,1001.37,987.86,988.06,,,,
2018-02-28,988.88,991.88,971.87,971.88,,,,
2018-03-01,970.71,974.95,949.24,956.83,,,,
2018-03-02,952.57,968.23,951.45,966.5,,,,
2018-03-05,962.94,977.74,959.71,974.75,,,,
2018-03-06,976.22,977.17,968.88,973.54,,,,
2018-03-07,967.94,979.6,966.03,978.37,,,,
2018-03-08,981.14,985.71,979.57,984.97,,,,
2018-03-09,989.63,999.44,987.52,999.36,,,,
2018-03-12,1000.67,1001.04,993.86,994.91,,,,
2018-03-13,996.2,1003.03,994.13,996.43,,,,
2018-03-14,997.84,1001.58,987.89,990.6,,,,
2018-03-15,991.97,997.03,987.86,989.21,,,,
2018-03-16,989.29,993.91,989.29,989.91,,,,
2018-03-19,988.4,988.4,965.42,973.13,,,,
2018-03-20,975.44,977.69,969.16,974.24,,,,
2018-03-21,974.57,980.92,969.85,970.28,,,,
2018-03-22,962.06,962.06,940.85,942.26,,,,
2018-03-23,943.65,945.05,922.11,922.73,,,,
2018-03-26,930.06,942.96,922.58,941.74,,,,
2018-03-27,944.49,947.82,925.45,930.93,,,,
2018-03-28,933.06,944.3,932.33,935.52,,,,
2018-03-29,938.82,949.19,934.22,940.73,,,,
2018-04-02,939.23,943.51,912.01,921.22,,,,
2018-04-03,923.85,936.68,920.6,935.19,,,,
2018-04-04,928.71,951.02,924.08,948.25,,,,
2018-04-05,950.4,952.46,944.02,947.65,,,,
2018-04-06,942.13,944.2,916.63,924.95,,,,
2018-04-09,930.81,946.8,927.15,933.59,,,,
2018-04-10,941,953.2,940.2,949.79,,,,
2018-04-11,944.46,948.14,940.66,941.6,,,,
2018-04-12,945,952.11,945,947.64,,,,
2018-04-13,950.61,952.55,942.21,946.91,,,,
2018-04-16,952.99,958.11,951.77,954.53,,,,
2018-04-17,957.97,963.82,956.99,962.38,,,,
2018-04-18,963.96,966.09,958.29,962.8,,,,
2018-04-19,961.42,961.83,951.42,955.01,,,,
2018-04-20,955.11,956.95,946.58,949.72,,,,
2018-04-23,951.49,956.28,949.77,953.6,,,,
2018-04-24,955.66,957.02,939.29,946.08,,,,
2018-04-25,947.25,950.77,938.43,950.37,,,,
2018-04-26,954.25,966.09,953.89,962.14,,,,
2018-04-27,962.04,967.92,960.46,966.38,,,,
2018-04-30,968.12,968.81,951.27,951.27,,,,
2018-05-01,950.98,954.05,943.28,951.54,,,,
2018-05-02,946.5,946.74,936.2,938.13,,,,
2018-05-03,934.03,934.03,917.81,929.95,,,,
2018-05-04,927.57,940.11,923.61,936.97,,,,
2018-05-07,938.42,943.83,933.43,935.96,,,,
2018-05-08,934.75,934.88,923.14,928.65,,,,
2018-05-09,929.75,937.84,925.33,934.33,,,,
2018-05-10,937.19,949.89,937.19,946.27,,,,
2018-05-11,946.78,961.79,945.25,960.18,,,,
2018-05-14,960.8,970.34,960.8,966.41,,,,
2018-05-15,961.38,961.38,950.88,953.9,,,,
2018-05-16,954.53,962.06,953.24,958.98,,,,
2018-05-17,958.45,960.64,953.55,959.17,,,,
2018-05-18,960.21,963.43,956.98,961.78,,,,
2018-05-21,963.78,967.77,961.11,962.87,,,,
2018-05-22,963.83,965.68,959.08,960.21,,,,
2018-05-23,957.52,963.97,956.87,963.43,,,,
2018-05-24,963.55,964.89,955.73,960.21,,,,
2018-05-25,959.04,963.67,956.19,958.6,,,,
2018-05-29,952.81,953.12,942.04,948.39,,,,
2018-05-30,953.34,964.41,953.34,961.44,,,,
2018-05-31,961.35,961.35,951.38,951.45,,,,
2018-06-01,956.17,962.77,955.56,962.68,,,,
2018-06-04,964.7,967.47,960.69,966.33,,,,
2018-06-05,966.31,968.54,959.66,964.88,,,,
2018-06-06,966.31,976.2,963.79,976.2,,,,
2018-06-07,976.87,978.88,971.56,975.49,,,,
2018-06-08,975.8,982.5,975.64,982.32,,,,
2018-06-11,982.84,988.46,979.83,983.31,,,,
2018-06-12,983.86,984.52,978.78,983.02,,,,
2018-06-13,984.48,989.67,982.33,982.76,,,,
2018-06-14,984.22,988.41,982.17,987.36,,,,
2018-06-15,987.03,989.97,982.03,989.86,,,,
2018-06-18,985.5,985.5,976.17,980.1,,,,
2018-06-19,975.25,982.8,973.89,982.47,,,,
2018-06-20,983.61,986.95,982.15,984.48,,,,
2018-06-21,984.73,984.73,976.79,979.24,,,,
2018-06-22,982.02,987.22,980.32,983.37,,,,
2018-06-25,981.66,983.11,967.1,974.48,,,,
2018-06-26,974.58,975.83,970.17,971.72,,,,
2018-06-27,971.82,976.2,962.74,962.74,,,,
2018-06-28,959.91,966.74,952.86,964.33,,,,
2018-06-29,966.34,974.76,965.78,965.78,,,,
2018-07-02,963.04,969.74,957.78,969.31,,,,
2018-07-03,970.72,976.1,969.52,971.33,,,,
2018-07-05,974.47,982.21,973.65,981.5,,,,
2018-07-06,986.56,997.04,986.56,995.69,,,,
2018-07-09,996.71,1004.57,996.71,1002.19,,,,
2018-07-10,1002.29,1006.91,1002.29,1006.33,,,,
2018-07-11,1003.96,1003.96,997.94,998.35,,,,
2018-07-12,1000.17,1009.62,1000.17,1009.29,,,,
2018-07-13,1009.17,1013.14,1006.72,1011.6,,,,
2018-07-16,1011.41,1011.41,1003.46,1004.65,,,,
2018-07-17,1007.51,1011.87,1004.63,1010.06,,,,
2018-07-18,1009.51,1011.61,1008.09,1010.88,,,,
2018-07-19,1010.32,1010.95,1001.25,1005.3,,,,
2018-07-20,1003.22,1005.05,1001.42,1003.27,,,,
2018-07-23,1003.12,1006.79,1002.03,1005.68,,,,
2018-07-24,1009.12,1016.33,1009.12,1014.79,,,,
2018-07-25,1014.8,1027.67,1014.07,1026.43,,,,
2018-07-26,1025.66,1028.17,1022.63,1024.41,,,,
2018-07-27,1024.41,1024.58,1013.58,1017.08,,,,
2018-07-30,1016.9,1019.66,1015.15,1018.07,,,,
2018-07-31,1018.39,1029.92,1018.39,1028.39,,,,
2018-08-01,1028.61,1032.54,1027.8,1028.91,,,,
2018-08-02,1027.27,1034.14,1023.97,1031.9,,,,
2018-08-03,1032.04,1038.89,1031.55,1038.48,,,,
2018-08-06,1037.52,1042.24,1034.26,1039.95,,,,
2018-08-07,1040.02,1043.54,1038.92,1039.83,,,,
2018-08-08,1040.36,1043.21,1038.19,1041.49,,,,
2018-08-09,1041.76,1044.8,1039.51,1040.43,,,,
2018-08-10,1038.71,1042.16,1032.71,1036.36,,,,
2018-08-13,1036.84,1041.36,1033.88,1036.45,,,,
2018-08-14,1036.37,1042.92,1036.37,1041.11,,,,
2018-08-15,1040.01,1040.57,1033.01,1039.47,,,,
2018-08-16,1041.09,1050.7,1041.02,1048.99,,,,
2018-08-17,1049.27,1055.82,1046.17,1052.91,,,,
2018-08-20,1054.15,1058.13,1054.15,1056.22,,,,
2018-08-21,1056.55,1058.84,1053.86,1056.06,,,,
2018-08-22,1055.78,1059.2,1052.78,1057.21,,,,
2018-08-23,1057.08,1059.13,1054.27,1056.17,,,,
2018-08-24,1057.07,1061.55,1057.07,1060.95,,,,
2018-08-27,1062.06,1065.22,1060.56,1064.54,,,,
2018-08-28,1064.55,1066.86,1063.21,1065.54,,,,
2018-08-29,1065.51,1073.57,1064.82,1072.53,,,,
2018-08-30,1071.83,1075.24,1069.45,1071.37,,,,
2018-08-31,1070.79,1072.28,1067.1,1071.38,,,,
2018-09-04,1071.45,1071.45,1060.23,1063.58,,,,
2018-09-05,1062.99,1066.91,1060,1066.46,,,,
2018-09-06,1066.28,1068.79,1060.33,1066.42,,,,
2018-09-07,1065.7,1069.23,1062.37,1068.04,,,,
2018-09-10,1069.66,1072.94,1064.54,1064.73,,,,
2018-09-11,1064.29,1066.65,1060.2,1064.47,,,,
2018-09-12,1064.31,1071.89,1064.31,1070.31,,,,
2018-09-13,1071.73,1082.76,1071.73,1082.49,,,,
2018-09-14,1082.87,1083,1077.37,1078.92,,,,
2018-09-17,1079.25,1079.25,1073.86,1075.33,,,,
2018-09-18,1075.57,1084.16,1073.5,1081.03,,,,
2018-09-19,1081.47,1082.92,1078.7,1079.83,,,,
2018-09-20,1081.63,1091.12,1081.63,1089.86,,,,
2018-09-21,1089.99,1094.08,1089.6,1091.93,,,,
2018-09-24,1092.52,1096.09,1089.78,1093.68,,,,
2018-09-25,1093.84,1096.98,1089.69,1090.61,,,,
2018-09-26,1091.46,1101.64,1091.46,1092.83,,,,
2018-09-27,1093.14,1101.44,1093.14,1097.69,,,,
2018-09-28,1097.17,1102.42,1095.71,1101.36,,,,
2018-10-01,1102.64,1112.21,1102.64,1107.28,,,,
2018-10-02,1108.05,1108.05,1103.9,1106.23,,,,
2018-10-03,1107.13,1111.54,1102.34,1103.66,,,,
2018-10-04,1103.73,1103.73,1087.26,1093.25,,,,
2018-10-05,1093.3,1099.29,1084.77,1092.32,,,,
2018-10-08,1091.78,1094.09,1082.18,1090.49,,,,
2018-10-09,1089.55,1096.73,1085.12,1093.08,,,,
2018-10-10,1092.17,1093.86,1066.89,1067.15,,,,
2018-10-11,1065.53,1066.47,1031.4,1038.71,,,,
2018-10-12,1042.45,1057.69,1041.86,1054.06,,,,
2018-10-15,1051.98,1056.38,1045.66,1045.93,,,,
2018-10-16,1050.95,1076.92,1050.95,1076.25,,,,
2018-10-17,1074.89,1083.43,1069.34,1081.37,,,,
2018-10-18,1080.54,1080.54,1060.36,1069,,,,
2018-10-19,1069.2,1074.03,1057.54,1058.82,,,,
2018-10-22,1058.29,1060.85,1045.56,1050.2,,,,
2018-10-23,1041.87,1049.27,1028.58,1044.6,,,,
2018-10-24,1044.66,1049.82,1008.63,1010.21,,,,
2018-10-25,1008.19,1029.79,998.29,1022.71,,,,
2018-10-26,1014.57,1020.58,998.99,1011.7,,,,
2018-10-29,1018.93,1030.46,999.99,1013.51,,,,
2018-10-30,1015.68,1026.12,1008.8,1024.73,,,,
2018-10-31,1029.59,1036.94,1025.41,1026.7,,,,
2018-11-01,1028.81,1040.69,1028.81,1040.12,,,,
2018-11-02,1046.46,1050.84,1026.05,1033.3,,,,
2018-11-05,1035.76,1046.26,1035.76,1041.93,,,,
2018-11-06,1042,1048.18,1040.76,1047.35,,,,
2018-11-07,1055.4,1078.78,1055.4,1078.14,,,,
2018-11-08,1075.3,1081.7,1074,1078.32,,,,
2018-11-09,1077.7,1077.97,1069.64,1074.78,,,,
2018-11-12,1073.95,1074.02,1057.69,1059.87,,,,
2018-11-13,1063.18,1067.78,1049.78,1052.66,,,,
2018-11-14,1056.71,1059.04,1039.18,1043.64,,,,
2018-11-15,1039.47,1054.26,1026.97,1053.61,,,,
2018-11-16,1051.84,1068.39,1051.67,1063.52,,,,
2018-11-19,1063.92,1065.13,1045.54,1049.99,,,,
2018-11-20,1046.72,1051.21,1038.18,1039.8,,,,
2018-11-21,1041.67,1043.69,1034.22,1034.52,,,,
2018-11-23,1029.48,1042.05,1028.52,1035.74,,,,
2018-11-26,1039.58,1048.1,1039.38,1045.51,,,,
2018-11-27,1041.39,1055.99,1038.36,1055.87,,,,
2018-11-28,1058.53,1081.85,1058.52,1081.82,,,,
2018-11-29,1077.98,1091.41,1077.59,1085.11,,,,
2018-11-30,1085.32,1096.84,1083.19,1096.84,,,,
2018-12-03,1101.11,1104.49,1095.66,1101.62,,,,
2018-12-04,1101.85,1107.39,1075.12,1076.29,,,,
2018-12-06,1065.3,1072.97,1040.96,1072.97,,,,
2018-12-07,1069.78,1071.29,1040.52,1046.01,,,,
2018-12-10,1047.86,1053.21,1023.94,1049.44,,,,
2018-12-11,1055.64,1065.16,1045.35,1052.6,,,,
2018-12-12,1061.75,1075.56,1061.24,1061.65,,,,
2018-12-13,1063.4,1070.35,1055.76,1062.49,,,,
2018-12-14,1054.6,1054.6,1023.25,1026.67,,,,
2018-12-17,1019.01,1024.12,999.03,1005.04,,,,
2018-12-18,1011.41,1014.8,987.75,997.04,,,,
2018-12-19,1000.45,1009.05,975.49,984.34,,,,
2018-12-20,981.37,983.02,963.28,971.78,,,,
2018-12-21,968.86,987,956.21,958.02,,,,
2018-12-24,953.85,954.83,934.18,934.18,,,,
2018-12-26,936.35,976.62,934.37,976.62,,,,
2018-12-27,966.11,987.07,951.24,987.07,,,,
2018-12-28,989.96,1001.15,983.57,987.48,,,,
2018-12-31,991.79,1002.84,991.79,1001.18,,,,
2019-01-02,991.19,994.13,976.46,987.65,,,,
2019-01-03,989.49,990.14,964.33,965.75,,,,
2019-01-04,972.42,1000.76,972.42,994.77,,,,
2019-01-07,995.4,1008.67,993.11,998.85,,,,
2019-01-08,1002.28,1010.2,996.16,1008.3,,,,
2019-01-09,1011.45,1017.5,1008.97,1011.51,,,,
2019-01-10,1008.65,1014.26,1002.23,1013.96,,,,
2019-01-11,1009.91,1017.28,1007.39,1017.28,,,,
2019-01-14,1011.99,1011.99,1005.11,1005.45,,,,
2019-01-15,1006.66,1023.12,1006.36,1022.98,,,,
2019-01-16,1024.3,1029.03,1020.89,1021.42,,,,
2019-01-17,1020.52,1034.58,1018.91,1030.62,,,,
2019-01-18,1034.03,1044.59,1030.54,1042.81,,,,
2019-01-22,1036.8,1037.28,1028.42,1035.35,,,,
2019-01-23,1037.12,1042.09,1025.65,1036.65,,,,
2019-01-24,1034.97,1034.97,1023.08,1027.7,,,,
2019-01-25,1030.75,1032.67,1026.19,1029.15,,,,
2019-01-28,1024.43,1024.43,1012.67,1017.44,,,,
2019-01-29,1017.55,1023.11,1014.6,1022.21,,,,
2019-01-30,1022.81,1039.24,1022.81,1036.15,,,,
2019-01-31,1036.1,1051.09,1034.72,1047.87,,,,
2019-02-01,1047.58,1052.05,1042.81,1050.21,,,,
2019-02-04,1049.5,1049.54,1037.94,1046.61,,,,
2019-02-05,1048.1,1054.23,1045.38,1045.77,,,,
2019-02-06,1044.31,1050.38,1042.19,1049.57,,,,
2019-02-07,1046.06,1046.06,1032.87,1038.49,,,,
2019-02-08,1034.66,1040.45,1032.86,1040.39,,,,
2019-02-11,1041.78,1043.1,1036.24,1039.02,,,,
2019-02-12,1040.58,1053.88,1040.58,1052.99,,,,
2019-02-13,1054.05,1058.66,1050.82,1055.58,,,,
2019-02-14,1053.99,1062.15,1051.1,1058.05,,,,
2019-02-15,1062.77,1074.06,1062.77,1073.62,,,,
2019-02-19,1072.96,1074.98,1070.68,1070.95,,,,
2019-02-20,1067.61,1070.91,1064.5,1069.57,,,,
2019-02-21,1066.9,1066.9,1055.78,1060.16,,,,
2019-02-22,1061.15,1070.96,1061.13,1070.06,,,,
2019-02-25,1073.89,1077.14,1070.21,1070.57,,,,
2019-02-26,1069.99,1070.98,1065.86,1067.19,,,,
2019-02-27,1063.41,1066.97,1058.57,1061.97,,,,
2019-02-28,1060.09,1065.72,1057.74,1058.77,,,,
2019-03-01,1062.61,1075.32,1062.61,1073.74,,,,
2019-03-04,1077.94,1078.62,1051.96,1059.39,,,,
2019-03-05,1060.17,1062.46,1053.6,1058.64,,,,
2019-03-06,1059.69,1059.73,1040.34,1043.04,,,,
2019-03-07,1042.47,1043.55,1031.45,1034.76,,,,
2019-03-08,1031.3,1033.03,1023.64,1032.22,,,,
2019-03-11,1033.6,1045.08,1032.49,1044.33,,,,
2019-03-12,1047.12,1054.32,1045.77,1051.32,,,,
2019-03-13,1054.37,1066.08,1054.27,1062.93,,,,
2019-03-14,1062.47,1063.39,1057.02,1060.23,,,,
2019-03-15,1061.17,1067.14,1058.97,1065.44,,,,
2019-03-18,1066.28,1067.01,1060.04,1063.83,,,,
2019-03-19,1065.83,1075.34,1064.75,1072.17,,,,
2019-03-20,1071.72,1072.31,1060.92,1064.97,,,,
2019-03-21,1061.85,1070.5,1056.55,1068.66,,,,
2019-03-22,1065.69,1067.97,1049.15,1049.44,,,,
2019-03-25,1049.5,1052.11,1041.44,1048.7,,,,
2019-03-26,1053.11,1062.65,1052.1,1055.88,,,,
2019-03-27,1055.11,1057.07,1040.08,1047.3,,,,
2019-03-28,1049.58,1052.66,1044.57,1050.07,,,,
2019-03-29,1055.06,1063.3,1053.83,1062.47,,,,
2019-04-01,1066.35,1070.64,1061.81,1064.24,,,,
2019-04-02,1065.11,1065.11,1059.77,1061.7,,,,
2019-04-03,1064.22,1066.75,1057.17,1060.41,,,,
2019-04-04,1060.3,1062.2,1051.79,1057.84,,,,
2019-04-05,1060.34,1067.04,1059.64,1065.28,,,,
2019-04-08,1065.05,1065.39,1057.47,1065.1,,,,
2019-04-09,1062.93,1064.38,1058.54,1060.94,,,,
2019-04-10,1062.24,1065.26,1060.71,1062.35,,,,
2019-04-11,1064.06,1064.3,1044.86,1049.49,,,,
2019-04-12,1052.22,1052.36,1037.89,1039.31,,,,
2019-04-15,1041.84,1043.88,1038.4,1042.89,,,,
2019-04-16,1048.26,1052.32,1020.16,1021.77,,,,
2019-04-17,1024.33,1024.73,987.21,992.27,,,,
2019-04-18,994.62,999.88,979.42,993.64,,,,
2019-04-22,991.34,999.62,989.05,994.29,,,,
2019-04-23,994.37,1015.26,992.41,1010.15,,,,
2019-04-24,1010.58,1012.53,1004.69,1008.77,,,,
2019-04-25,1007.25,1022.26,1003.07,1020.19,,,,
2019-04-26,1021.65,1030.02,1018.71,1030.02,,,,
2019-04-29,1029.5,1031.46,1023.4,1027.85,,,,
2019-04-30,1030.31,1034.42,1023.78,1033.35,,,,
2019-05-01,1032.8,1037.65,1024.86,1030.29,,,,
2019-05-02,1029.28,1035.54,1023.78,1035.18,,,,
2019-05-03,1038.32,1043.16,1036.19,1043.06,,,,
2019-05-06,1037.47,1050.69,1028.44,1049.13,,,,
2019-05-07,1044.22,1044.79,1022,1028.7,,,,
2019-05-08,1028.52,1034.86,1022,1029.92,,,,
2019-05-09,1024.62,1030.55,1015.58,1027.78,,,,
2019-05-10,1026.64,1030.22,1005.98,1027.08,,,,
2019-05-13,1018.16,1018.16,1004.5,1009.16,,,,
2019-05-14,1011.22,1020.3,1011.22,1013.28,,,,
2019-05-15,1008.21,1019.71,1004.1,1016.01,,,,
2019-05-16,1018.02,1032.6,1017.93,1023.65,,,,
2019-05-17,1019.7,1029.61,1016.55,1021.94,,,,
2019-05-20,1018.89,1024.39,1013.99,1021.56,,,,
2019-05-21,1025.68,1035.07,1025.68,1029.96,,,,
2019-05-22,1029.32,1038.97,1027.26,1036.5,,,,
2019-05-23,1033.23,1033.43,1024.71,1032.68,,,,
2019-05-24,1034.12,1040.14,1031.65,1033.95,,,,
2019-05-28,1034.23,1041.06,1019.2,1019.38,,,,
2019-05-29,1014.6,1014.6,1002.37,1009.65,,,,
2019-05-30,1010.52,1016.52,1010.25,1014.93,,,,
2019-05-31,1008.99,1012.1,1001.67,1007,,,,
2019-06-03,1008.61,1018.58,1008.13,1010.07,,,,
2019-06-04,1016.37,1028.36,1016.37,1027.09,,,,
2019-06-05,1032.26,1036.77,1029.79,1034.02,,,,
2019-06-06,1035.3,1043.84,1033.79,1037.29,,,,
2019-06-07,1041.86,1052.99,1041.86,1050.52,,,,
2019-06-10,1051.41,1057.04,1050.06,1053.78,,,,
2019-06-11,1057.61,1061.51,1049.43,1051.17,,,,
2019-06-12,1051.71,1056.95,1051.54,1056.56,,,,
2019-06-13,1057.37,1057.83,1051.46,1055.35,,,,
2019-06-14,1055.82,1058.06,1051.49,1052.28,,,,
2019-06-17,1052.89,1057.66,1052.02,1057.19,,,,
2019-06-18,1062.11,1069.72,1060.53,1065.9,,,,
2019-06-19,1066.02,1078.08,1065.88,1076.1,,,,
2019-06-20,1081.77,1087.69,1074.35,1080.43,,,,
2019-06-21,1079.95,1087.56,1073.57,1085.15,,,,
2019-06-24,1083.2,1085.08,1077.93,1079.75,,,,
2019-06-25,1080.52,1085.42,1074.66,1075.31,,,,
2019-06-26,1076.93,1076.93,1059.87,1061.9,,,,
2019-06-27,1064.39,1071.24,1064.39,1068.53,,,,
2019-06-28,1069.7,1073.61,1063.77,1072.47,,,,
2019-07-01,1079.47,1081.46,1073.82,1078.6,,,,
2019-07-02,1079.48,1083.22,1073.06,1083.21,,,,
2019-07-03,1085.99,1093.06,1085.99,1093.05,,,,
2019-07-05,1089.19,1090.59,1083,1085.09,,,,
2019-07-08,1081.68,1081.91,1072.26,1077,,,,
2019-07-09,1074.63,1079.25,1073.71,1078.19,,,,
2019-07-10,1080.59,1084.76,1077.53,1082.1,,,,
2019-07-11,1087.73,1089.35,1074.88,1082.31,,,,
2019-07-12,1079,1079,1062.1,1069.57,,,,
2019-07-15,1071.35,1074.12,1066.64,1071.79,,,,
2019-07-16,1070.79,1072.14,1065.88,1066.4,,,,
2019-07-17,1068.89,1071.88,1066.59,1066.6,,,,
2019-07-18,1066.62,1074.26,1061.7,1072.41,,,,
2019-07-19,1074.22,1074.55,1060.89,1061.01,,,,
2019-07-22,1062.87,1063.29,1058.53,1059.39,,,,
2019-07-23,1060.24,1067.39,1056.68,1065.93,,,,
2019-07-24,1065.69,1066.29,1054.61,1066.28,,,,
2019-07-25,1063.41,1067.47,1058.81,1060.39,,,,
2019-07-26,1062.8,1066.79,1060.99,1064.81,,,,
2019-07-29,1064.47,1070.02,1064.22,1069.15,,,,
2019-07-30,1062.46,1065.16,1057.62,1064.57,,,,
2019-07-31,1064.03,1067.91,1048.16,1054.04,,,,
2019-08-01,1054.7,1066.17,1048.81,1055.1,,,,
2019-08-02,1054.34,1056.57,1045.73,1052.76,,,,
2019-08-05,1046.37,1046.37,1019.54,1028.13,,,,
2019-08-06,1031.77,1041.21,1027.32,1041.18,,,,
2019-08-07,1036.98,1044.13,1019.87,1040.86,,,,
2019-08-08,1042.42,1056.21,1042.42,1055.21,,,,
2019-08-09,1054.45,1063.21,1047.71,1057.12,,,,
2019-08-12,1054.55,1056.31,1042.29,1046.29,,,,
2019-08-13,1044.88,1065.13,1044.88,1059.98,,,,
2019-08-14,1053.08,1053.08,1029.52,1029.94,,,,
2019-08-15,1032.54,1037.3,1026.93,1033.52,,,,
2019-08-16,1037.53,1048.67,1037.53,1045.86,,,,
2019-08-19,1052.31,1058.82,1052.28,1056.18,,,,
2019-08-20,1056.54,1058.62,1046.68,1047.12,,,,
2019-08-21,1051.89,1057.54,1051.89,1054.96,,,,
2019-08-22,1056.57,1059.17,1045.9,1049.81,,,,
2019-08-23,1047.48,1051.71,1020.64,1025.47,,,,
2019-08-26,1030.04,1036.23,1028.84,1035.41,,,,
2019-08-27,1039.77,1045.26,1028.91,1029.73,,,,
2019-08-28,1027.35,1038.99,1024.94,1037.01,,,,
2019-08-29,1042.51,1047.29,1038.54,1045,,,,
2019-08-30,1048.73,1051.34,1041.59,1046.74,,,,
2019-09-03,1041.9,1044.85,1036.4,1040.16,,,,
2019-09-04,1045.16,1047.41,1035.87,1040.31,,,,
2019-09-05,1047,1052.97,1043.9,1050.46,,,,
2019-09-06,1052.62,1056.6,1051.69,1053.74,,,,
2019-09-09,1053.82,1054.61,1040.19,1044.07,,,,
2019-09-10,1041.97,1047.12,1027.66,1047.12,,,,
2019-09-11,1047.94,1057.71,1046.37,1057.71,,,,
2019-09-12,1061.99,1066.1,1056.27,1056.44,,,,
2019-09-13,1057.95,1063.42,1053.28,1055.71,,,,
2019-09-16,1052.49,1055.69,1048.67,1053.26,,,,
2019-09-17,1052.59,1057.54,1051.57,1054.78,,,,
2019-09-18,1054.15,1055.91,1047.13,1054.84,,,,
2019-09-19,1055.15,1064.12,1054.9,1059.81,,,,
2019-09-20,1060.45,1070.37,1060.45,1066.2,,,,
2019-09-23,1063.23,1064.52,1059.5,1059.7,,,,
2019-09-24,1063.35,1064.26,1046.64,1050.1,,,,
2019-09-25,1049.23,1050.25,1043.71,1045.04,,,,
2019-09-26,1047.48,1047.98,1031.19,1038.47,,,,
2019-09-27,1041.34,1043.59,1030.4,1034.11,,,,
2019-09-30,1034.86,1049.74,1034.86,1043.37,,,,
2019-10-01,1045.5,1048.3,1031.21,1033.33,,,,
2019-10-02,1029.79,1031.81,1013.79,1017.63,,,,
2019-10-03,1016.55,1027.32,1009.42,1027.12,,,,
2019-10-04,1029.42,1043.85,1029.42,1043.45,,,,
2019-10-07,1040.54,1046.35,1037.57,1038.97,,,,
2019-10-08,1032.53,1032.83,1019.86,1019.95,,,,
2019-10-09,1025.71,1030.26,1022.8,1026.94,,,,
2019-10-10,1024.16,1035.85,1023.72,1032.22,,,,
2019-10-11,1040.13,1052.47,1040.12,1040.49,,,,
2019-10-14,1040.76,1044.86,1038.6,1040.14,,,,
2019-10-15,1043.58,1062.4,1043.58,1058.45,,,,
2019-10-16,1055.72,1062.83,1055.72,1057.2,,,,
2019-10-17,1060.22,1068.34,1060.22,1065.21,,,,
2019-10-18,1064.36,1066.93,1057.11,1061.63,,,,
2019-10-21,1063.53,1066.39,1058.22,1060.84,,,,
2019-10-22,1063.71,1075.2,1062.32,1062.67,,,,
2019-10-23,1063.1,1072.03,1062.28,1069.33,,,,
2019-10-24,1070.86,1071.79,1059.93,1062.95,,,,
2019-10-25,1059.76,1067.61,1058.05,1065.01,,,,
2019-10-28,1065.72,1077.96,1065.72,1076.07,,,,
2019-10-29,1076.66,1092.57,1075.93,1088.55,,,,
2019-10-30,1092.47,1097.43,1087.63,1097.02,,,,
2019-10-31,1095.03,1096.97,1089.1,1095.58,,,,
2019-11-01,1099.07,1106.73,1097.31,1097.41,,,,
2019-11-04,1100.79,1102.44,1093.58,1093.62,,,,
2019-11-05,1095.2,1095.64,1083.83,1083.84,,,,
2019-11-06,1085.13,1092.02,1084.15,1089.91,,,,
2019-11-07,1093.51,1095.16,1088.65,1091.46,,,,
2019-11-08,1090.98,1100.19,1089.97,1100.18,,,,
2019-11-11,1095.35,1097.91,1092.45,1095.63,,,,
2019-11-12,1095.81,1105.66,1095.75,1101.98,,,,
2019-11-13,1099.37,1105.76,1097.46,1103.19,,,,
2019-11-14,1102.87,1104.19,1096.36,1102.38,,,,
2019-11-15,1104.4,1128.18,1104.4,1126.75,,,,
2019-11-18,1126.59,1131.43,1121.22,1122.5,,,,
2019-11-19,1125.7,1131.57,1123.99,1129.84,,,,
2019-11-20,1128.76,1132.28,1122.02,1128.87,,,,
2019-11-21,1129.48,1132.39,1121.86,1131.35,,,,
2019-11-22,1134.06,1137.12,1131.15,1135.88,,,,
2019-11-25,1137.76,1148.25,1137.76,1147.99,,,,
2019-11-26,1147.21,1149.79,1143.48,1147.21,,,,
2019-11-27,1148.99,1154.65,1147.83,1152.73,,,,
2019-11-29,1150.38,1152.61,1146.83,1148.69,,,,
2019-12-02,1149.91,1151.47,1140.35,1143.63,,,,
2019-12-03,1136.81,1142.18,1132.39,1141.25,,,,
2019-12-04,1145.33,1153.33,1144.76,1151.67,,,,
2019-12-05,1152.58,1153.43,1142.27,1152.01,,,,
2019-12-06,1156.61,1163.21,1156.61,1159.11,,,,
2019-12-09,1158.21,1159.42,1151.18,1151.2,,,,
2019-12-10,1151.45,1154.58,1146.56,1152.89,,,,
2019-12-11,1153.47,1157.44,1152.31,1154.8,,,,
2019-12-12,1155.73,1168.64,1154.97,1165,,,,
2019-12-13,1164.14,1170.5,1159.36,1163.7,,,,
2019-12-16,1168.44,1180.73,1168.44,1176.3,,,,
2019-12-17,1178.68,1178.68,1173.66,1175.27,,,,
2019-12-18,1175.5,1179.23,1174.53,1176.7,,,,
2019-12-19,1179.4,1182.77,1177.47,1181.27,,,,
2019-12-20,1191.9,1194.57,1186.83,1190.45,,,,
2019-12-23,1191.94,1195.85,1189.82,1194.33,,,,
2019-12-24,1193.98,1194.49,1190.6,1193.14,,,,
2019-12-26,1193.69,1195.25,1188.21,1191.73,,,,
2019-12-27,1193.51,1194.31,1189.92,1192.49,,,,
2019-12-30,1192.63,1194.8,1183.44,1184.66,,,,
2019-12-31,1183.78,1188.56,1180.51,1188.2,,,,
2020-01-02,1190.89,1191.18,1181.81,1190.45,,,,
2020-01-03,1178.35,1186.62,1173.23,1180.33,,,,
2020-01-06,1176.88,1187.54,1175.34,1187.27,,,,
2020-01-07,1184.56,1185.9,1178.59,1184.41,,,,
2020-01-08,1185.38,1197.8,1184.71,1192.03,,,,
2020-01-09,1194.14,1200.93,1193.97,1197.64,,,,
2020-01-10,1201.4,1204.15,1196.19,1198.13,,,,
2020-01-13,1198.14,1198.72,1189.82,1193.9,,,,
2020-01-14,1189.92,1200.59,1187.92,1200.43,,,,
2020-01-15,1201.23,1213.83,1201.23,1210.62,,,,
2020-01-16,1214.87,1217.77,1211.06,1216.96,,,,
2020-01-17,1218.04,1218.98,1214.59,1217.69,,,,
2020-01-21,1215.49,1220.99,1214.1,1218.2,,,,
2020-01-22,1219.24,1223.74,1218.1,1219.64,,,,
2020-01-23,1217.65,1218.28,1205.42,1213.6,,,,
2020-01-24,1214.67,1214.97,1190.33,1193.25,,,,
2020-01-27,1184.04,1188.65,1179.11,1184.21,,,,
2020-01-28,1186.08,1194.69,1184.35,1189.86,,,,
2020-01-29,1192.02,1195.07,1186.44,1186.54,,,,
2020-01-30,1179.38,1179.38,1167.34,1177.34,,,,
2020-01-31,1172.33,1173.2,1150.37,1153.96,,,,
2020-02-03,1161.11,1172.63,1161.11,1164.64,,,,
2020-02-04,1173.52,1189.56,1173.52,1184.41,,,,
2020-02-05,1191,1211.81,1189.71,1207.71,,,,
2020-02-06,1213.31,1213.98,1203.71,1209.05,,,,
2020-02-07,1208.75,1210.04,1197.61,1199.27,,,,
2020-02-10,1194.57,1205.45,1193.97,1205.41,,,,
2020-02-11,1208.68,1213.92,1207.73,1212.83,,,,
2020-02-12,1215.6,1219.87,1209.69,1214.51,,,,
2020-02-13,1209.57,1213.16,1205.74,1207.93,,,,
2020-02-14,1209.08,1209.54,1203.35,1209.53,,,,
2020-02-18,1208.37,1210.65,1201.03,1205.08,,,,
2020-02-19,1207.81,1212.18,1207.06,1210.55,,,,
2020-02-20,1208.03,1208.69,1192.16,1203.03,,,,
2020-02-21,1200.16,1204.4,1194.05,1203.41,,,,
2020-02-24,1190.9,1190.9,1159.05,1164.14,,,,
2020-02-25,1167.11,1169.88,1125.32,1129.79,,,,
2020-02-26,1134.65,1148.58,1126.78,1128.63,,,,
2020-02-27,1120.15,1131.2,1090.74,1091.03,,,,
2020-02-28,1071.03,1076.21,1046.39,1075.66,,,,
2020-03-02,1079.05,1127.62,1073.26,1127.57,,,,
2020-03-03,1129.71,1148.88,1084.37,1098.88,,,,
2020-03-04,1125.19,1163.99,1125.19,1162.75,,,,
2020-03-05,1147.52,1152.39,1122.56,1134.9,,,,
2020-03-06,1117.35,1133.04,1099.87,1129.02,,,,
2020-03-09,1112.7,1112.7,1059.92,1070.44,,,,
2020-03-10,1088.8,1108.68,1057.01,1107.57,,,,
2020-03-11,1089.53,1089.53,1051.2,1064.27,,,,
2020-03-12,1032.24,1040.74,983,985.4,,,,
2020-03-13,1008.22,1054.25,976.77,1053.92,,,,
2020-03-16,998.1,1009.73,946.02,948.61,,,,
2020-03-17,957.64,1015.43,955.62,1007.95,,,,
2020-03-18,975.93,989.18,927.01,973.71,,,,
2020-03-19,972.32,977.11,945.31,955.54,,,,
2020-03-20,959.3,972.95,913.28,916.59,,,,
2020-03-23,910.67,910.67,858,870.99,,,,
2020-03-24,906.88,938.93,904.89,937.08,,,,
2020-03-25,932.73,980.18,922,948.94,,,,
2020-03-26,957.61,1017.92,956.09,1015.18,,,,
2020-03-27,995.14,1016.6,983.05,990.69,,,,
2020-03-30,1007.29,1038.81,1007.29,1036.98,,,,
2020-03-31,1033.82,1043.52,1022.32,1032.9,,,,
2020-04-01,1002.69,1007.31,984.01,993.02,,,,
2020-04-02,988.14,1022.95,978.9,1020.68,,,,
2020-04-03,1014.3,1025.71,1000.11,1010.87,,,,
2020-04-06,1037.88,1070.4,1037.88,1065.43,,,,
2020-04-07,1085.42,1093.29,1055,1055.49,,,,
2020-04-08,1061.43,1105.4,1051.62,1099.88,,,,
2020-04-09,1100.14,1111.56,1095.56,1106.01,,,,
2020-04-13,1105.03,1105.03,1080.29,1095.15,,,,
2020-04-14,1111.73,1135.12,1111.73,1131.35,,,,
2020-04-15,1121.34,1131.75,1110.27,1125.42,,,,
2020-04-16,1133.15,1152.86,1130.59,1150.15,,,,
2020-04-17,1170.26,1175.8,1157.87,1173.93,,,,
2020-04-20,1167.64,1181.29,1160.96,1164.79,,,,
2020-04-21,1150.26,1150.72,1126.93,1128.23,,,,
2020-04-22,1143.09,1151.7,1138.48,1146.31,,,,
2020-04-23,1151.8,1170.34,1151.09,1151.83,,,,
2020-04-24,1158.91,1170.04,1152.1,1168.43,,,,
2020-04-27,1173.44,1188.11,1173.44,1183.79,,,,
2020-04-28,1187.96,1189.93,1157.76,1158.58,,,,
2020-04-29,1168.07,1175.63,1159.97,1167.15,,,,
2020-04-30,1164.3,1169.13,1155.8,1162.03,,,,
2020-05-01,1152.53,1152.53,1129.42,1137.89,,,,
2020-05-04,1137.8,1141.18,1128.83,1138.72,,,,
2020-05-05,1148.02,1171.79,1146.61,1163.21,,,,
2020-05-06,1166.5,1169.4,1151.78,1151.78,,,,
2020-05-07,1158.87,1162.12,1150,1151.26,,,,
2020-05-08,1159.49,1163.13,1153.66,1157.47,,,,
2020-05-11,1155.61,1179.33,1153.39,1177.17,,,,
2020-05-12,1181.12,1184.83,1159.42,1159.62,,,,
2020-05-13,1158.24,1166.32,1137.47,1146.87,,,,
2020-05-14,1139.46,1159.19,1135.58,1159.19,,,,
2020-05-15,1156.04,1169.35,1152.9,1167.63,,,,
2020-05-18,1184.38,1195.68,1177.61,1178.58,,,,
2020-05-19,1176.4,1180.29,1163.99,1164.35,,,,
2020-05-20,1170.98,1176.99,1162.86,1165.78,,,,
2020-05-21,1164.38,1164.38,1150.31,1156.32,,,,
2020-05-22,1155.46,1159.05,1150.04,1158.51,,,,
2020-05-26,1168.3,1176.24,1154.55,1156.27,,,,
2020-05-27,1156.87,1168.41,1140.49,1168.41,,,,
2020-05-28,1177.02,1195.31,1177.02,1183.11,,,,
2020-05-29,1186.81,1199.83,1172.86,1198.14,,,,
2020-06-01,1189.26,1191.59,1178.53,1186.09,,,,
2020-06-02,1186.4,1193.38,1179.68,1193.3,,,,
2020-06-03,1195.63,1197.45,1185.72,1190.92,,,,
2020-06-04,1188.23,1191.09,1173.63,1181.32,,,,
2020-06-05,1184.12,1209.37,1183.26,1200.89,,,,
2020-06-08,1198.65,1208.68,1192.38,1208.56,,,,
2020-06-09,1207.67,1211.56,1194.48,1195.49,,,,
2020-06-10,1199.67,1203.36,1188.7,1193.84,,,,
2020-06-11,1188.93,1188.93,1123.82,1126.67,,,,
2020-06-12,1141.43,1153.78,1114.88,1134.51,,,,
2020-06-15,1123.56,1142.93,1109,1136.59,,,,
2020-06-16,1152,1171.69,1146.58,1164.27,,,,
2020-06-17,1168.05,1172.26,1160.18,1163.36,,,,
2020-06-18,1157.66,1161.88,1152.51,1159.85,,,,
2020-06-19,1164.37,1176.95,1158.59,1169.95,,,,
2020-06-22,1167.49,1167.49,1154.09,1165.74,,,,
2020-06-23,1169.03,1180.76,1168.73,1170.82,,,,
2020-06-24,1164.93,1164.93,1132.21,1139.72,,,,
2020-06-25,1139.73,1152.22,1129.83,1151.43,,,,
2020-06-26,1150.53,1151.83,1131.86,1137.37,,,,
2020-06-29,1142.62,1149.17,1137.27,1147.04,,,,
2020-06-30,1147.26,1172.72,1144.78,1167.8,,,,
2020-07-01,1172.84,1180.64,1165.62,1176.09,,,,
2020-07-02,1181.32,1190.99,1181.32,1184.43,,,,
2020-07-06,1191.49,1203.18,1191.01,1196.34,,,,
2020-07-07,1190.01,1200.34,1184.51,1186.07,,,,
2020-07-08,1188.3,1193.69,1178.59,1186.27,,,,
2020-07-09,1185.96,1189.29,1162.44,1176.56,,,,
2020-07-10,1177.5,1179.07,1165.48,1173.97,,,,
2020-07-13,1177.23,1202.37,1177.23,1180.18,,,,
2020-07-14,1177.7,1205.19,1174.68,1203.28,,,,
2020-07-15,1211.63,1222.22,1210.16,1219.14,,,,
2020-07-16,1216.9,1217.59,1208.61,1217.06,,,,
2020-07-17,1221.95,1237.75,1221.74,1233.67,,,,
2020-07-20,1236.35,1240.75,1229.72,1233.55,,,,
2020-07-21,1234.82,1242.32,1230.18,1232.87,,,,
2020-07-22,1238.07,1245.5,1231.73,1243.35,,,,
2020-07-23,1246.21,1252.38,1233.98,1238.28,,,,
2020-07-24,1238.63,1238.63,1216.56,1224.52,,,,
2020-07-27,1221.28,1236.43,1219.67,1233.39,,,,
2020-07-28,1234.65,1239.86,1230.22,1231.63,,,,
2020-07-29,1234.75,1250.08,1234.65,1244.95,,,,
2020-07-30,1236.68,1237.97,1223.14,1235.39,,,,
2020-07-31,1233.59,1234.93,1212.97,1228.58,,,,
2020-08-03,1234.02,1245.38,1234.02,1241.39,,,,
2020-08-04,1239.5,1241.4,1228.45,1235.79,,,,
2020-08-05,1239.18,1243.82,1238.69,1241.86,,,,
2020-08-06,1242.66,1245.44,1226.12,1234.73,,,,
2020-08-07,1234.87,1239.21,1230.35,1239.1,,,,
2020-08-10,1239.24,1240.24,1231.6,1234.88,,,,
2020-08-11,1238.33,1242.23,1224.28,1226.88,,,,
2020-08-12,1231.19,1251.51,1231.19,1247.96,,,,
2020-08-13,1243.54,1246.96,1237.87,1245.9,,,,
2020-08-14,1243.5,1248.52,1238.44,1243.21,,,,
2020-08-17,1245.77,1255.18,1245.77,1250.47,,,,
2020-08-18,1252.16,1255.39,1243.86,1250.04,,,,
2020-08-19,1250.3,1254.78,1243.49,1245.63,,,,
2020-08-20,1241.54,1244.2,1238.85,1242.04,,,,
2020-08-21,1242.62,1244.87,1233.88,1243.13,,,,
2020-08-24,1245.23,1248,1229.33,1236.45,,,,
2020-08-25,1239.47,1245.57,1238.56,1245.11,,,,
2020-08-26,1242.32,1244.91,1230.42,1243.59,,,,
2020-08-27,1245.12,1259.13,1237.16,1253.32,,,,
2020-08-28,1254.85,1256.33,1247.11,1255.85,,,,
2020-08-31,1255.12,1265.1,1253.15,1259.88,,,,
2020-09-01,1258.94,1259.44,1240.65,1247.56,,,,
2020-09-02,1248.2,1276.15,1243.87,1273.61,,,,
2020-09-03,1275.71,1276.28,1229.72,1238.68,,,,
2020-09-04,1240.06,1244.25,1214.63,1229.65,,,,
2020-09-08,1226.67,1226.67,1205.91,1209.04,,,,
2020-09-09,1214.1,1240.44,1214.1,1230.48,,,,
2020-09-10,1231.02,1233.73,1208.6,1211.4,,,,
2020-09-11,1214.73,1221.45,1206.93,1216.07,,,,
2020-09-14,1219.84,1239.16,1219.84,1232.48,,,,
2020-09-15,1237.15,1244.04,1231.3,1234.48,,,,
2020-09-16,1238.04,1243.38,1230.81,1231.71,,,,
2020-09-17,1225.07,1232.05,1217.57,1227.91,,,,
2020-09-18,1227.3,1233.94,1215.2,1226.34,,,,
2020-09-21,1222.03,1222.03,1187.04,1203.72,,,,
2020-09-22,1201.48,1205.01,1190.48,1201.45,,,,
2020-09-23,1202.76,1206.38,1187.59,1188.52,,,,
2020-09-24,1187,1188.35,1175.51,1182.29,,,,
2020-09-25,1177.46,1204.73,1176.69,1201.81,,,,
2020-09-28,1209.27,1221.48,1209.27,1211.66,,,,
2020-09-29,1214.62,1220.42,1206.12,1210.72,,,,
2020-09-30,1212.6,1239.94,1212.6,1231.02,,,,
2020-10-01,1235.33,1240.56,1220.51,1225.24,,,,
2020-10-02,1218.56,1226.52,1209.19,1214.11,,,,
2020-10-05,1220.77,1240.52,1220.77,1239.5,,,,
2020-10-06,1241.42,1243.41,1222.03,1223.27,,,,
2020-10-07,1228.04,1249.65,1228.04,1246.4,,,,
2020-10-08,1248.97,1256.28,1248.97,1252.28,,,,
2020-10-09,1257.65,1266.97,1255.96,1263.33,,,,
2020-10-12,1266.82,1276.94,1265.41,1271.84,,,,
2020-10-13,1270.28,1271.09,1259.33,1262.7,,,,
2020-10-14,1262.72,1266.04,1250.34,1253.94,,,,
2020-10-15,1242.52,1247.12,1236.23,1244.88,,,,
2020-10-16,1247.6,1266.46,1247.6,1257.6,,,,
2020-10-19,1259.39,1264.46,1233.32,1236.95,,,,
2020-10-20,1238.56,1249.36,1237.57,1238.56,,,,
2020-10-21,1237.81,1242.38,1229.93,1232.76,,,,
2020-10-22,1234.93,1253.44,1234.55,1251.08,,,,
2020-10-23,1256.41,1265.22,1249.08,1255.97,,,,
2020-10-26,1249,1249,1230.45,1242.03,,,,
2020-10-27,1240.06,1243.54,1233.02,1233.48,,,,
2020-10-28,1220.18,1220.23,1192.97,1193.7,,,,
2020-10-29,1192.41,1198.56,1178.22,1185.17,,,,
2020-10-30,1182.32,1190.17,1168.75,1184.32,,,,
2020-11-02,1196.54,1208.4,1193.19,1205.91,,,,
2020-11-03,1213.5,1236.28,1213.5,1223.3,,,,
2020-11-04,1239.46,1297.75,1239.46,1277.71,,,,
2020-11-05,1284.6,1295.28,1277.61,1280.07,,,,
2020-11-06,1281.68,1288.33,1273.17,1282.04,,,,
2020-11-09,1301.26,1329.58,1290.81,1291.38,,,,
2020-11-10,1297.05,1300.7,1281.98,1295.95,,,,
2020-11-11,1301.19,1305.32,1287.91,1293.81,,,,
2020-11-12,1290.66,1296.4,1280.67,1288.6,,,,
2020-11-13,1294.18,1309.99,1293.33,1305.4,,,,
2020-11-16,1309.99,1314.03,1296.74,1302.87,,,,
2020-11-17,1298.76,1298.88,1288.53,1293.3,,,,
2020-11-18,1296.54,1296.82,1270.4,1270.51,,,,
2020-11-19,1270.52,1271.17,1260.15,1268.74,,,,
2020-11-20,1268.08,1272.24,1262.45,1266.25,,,,
2020-11-23,1268.81,1272.34,1254.54,1262.42,,,,
2020-11-24,1264.05,1274.57,1262.18,1266.01,,,,
2020-11-25,1266.19,1267.77,1256.24,1260.66,,,,
2020-11-27,1263.8,1274.02,1262.42,1272.68,,,,
2020-11-30,1274.21,1277.71,1267.47,1276.31,,,,
2020-12-01,1283.54,1301.3,1283.54,1286.61,,,,
2020-12-02,1288,1299.08,1288,1296.94,,,,
2020-12-03,1296.72,1300.32,1290.02,1294.77,,,,
2020-12-04,1294.46,1308.89,1293.4,1308.88,,,,
2020-12-07,1308.51,1308.61,1296.23,1300.77,,,,
2020-12-08,1300.4,1311.57,1298.92,1310.26,,,,
2020-12-09,1311.95,1316.01,1300.26,1306.48,,,,
2020-12-10,1305.89,1310.88,1301.24,1303.91,,,,
2020-12-11,1301.75,1301.75,1290.26,1298.49,,,,
2020-12-14,1304.48,1314.42,1288.11,1288.29,,,,
2020-12-15,1291.57,1304.74,1290.19,1302.04,,,,
2020-12-16,1302.09,1305.53,1293.11,1297.69,,,,
2020-12-17,1300.16,1313.02,1300.16,1312.28,,,,
2020-12-18,1312.57,1316,1299.53,1312.65,,,,
2020-12-21,1307.94,1307.94,1276.94,1299.99,,,,
2020-12-22,1298.88,1300.49,1289.12,1295.75,,,,
2020-12-23,1299.16,1306.57,1296.71,1296.78,,,,
2020-12-24,1297.32,1302.87,1295.97,1299.88,,,,
2020-12-28,1304,1309.83,1300.45,1303.37,,,,
2020-12-29,1308.34,1315.64,1305.71,1309.07,,,,
2020-12-30,1311.18,1316.91,1308.5,1309.08,,,,
2020-12-31,1309.31,1325.21,1305.53,1324.01,,,,
2021-01-04,1324.57,1328.66,1296.42,1316.89,,,,
2021-01-05,1315.91,1331.38,1310.1,1325.67,,,,
2021-01-06,1319.76,1348.44,1312.47,1344.35,,,,
2021-01-07,1345.99,1364.67,1345.67,1362.09,,,,
2021-01-08,1363.71,1375.07,1356.58,1368.54,,,,
2021-01-11,1372.98,1377.95,1368.21,1375.46,,,,
2021-01-12,1375.63,1375.63,1354.93,1360.72,,,,
2021-01-13,1360.3,1369.12,1355.34,1364.15,,,,
2021-01-14,1364.62,1370.86,1357.74,1358.91,,,,
2021-01-15,1358.17,1366.56,1350.56,1363.26,,,,
2021-01-19,1367.33,1378.19,1366.89,1373.74,,,,
2021-01-20,1374.19,1383.55,1368.44,1381.65,,,,
2021-01-21,1380.43,1380.44,1370.42,1374.72,,,,
2021-01-22,1374.74,1378.13,1369.01,1370.9,,,,
2021-01-25,1370.66,1380.19,1368.96,1379.86,,,,
2021-01-26,1380.39,1386.94,1373.82,1374.4,,,,
2021-01-27,1371.94,1371.94,1329.51,1332.42,,,,
2021-01-28,1334.09,1368.24,1334.09,1352.11,,,,
2021-01-29,1353.08,1359.05,1329.53,1340.92,,,,
2021-02-01,1343.56,1355.72,1343.33,1345.17,,,,
2021-02-02,1347.07,1362.35,1347.07,1348.92,,,,
2021-02-03,1349.58,1349.77,1335.44,1339.46,,,,
2021-02-04,1337.66,1350.66,1337.31,1344.26,,,,
2021-02-05,1345.45,1355.82,1344.39,1347.65,,,,
2021-02-08,1348.43,1354.43,1345.32,1349.6,,,,
2021-02-09,1349.85,1352.21,1347.68,1351.29,,,,
2021-02-10,1355.19,1359.77,1348.88,1353.55,,,,
2021-02-11,1354.72,1358.92,1349.57,1355.74,,,,
2021-02-12,1355.79,1367.17,1351.41,1365.94,,,,
2021-02-16,1366.52,1368.59,1348.03,1351.99,,,,
2021-02-17,1350.16,1357.57,1346.01,1356.79,,,,
2021-02-18,1355.36,1355.36,1343.3,1347.97,,,,
2021-02-19,1348.5,1349.78,1331.46,1332.52,,,,
2021-02-22,1330.39,1332.33,1316.76,1328.53,,,,
2021-02-23,1328.32,1335.13,1320.01,1326.48,,,,
2021-02-24,1327.03,1342.65,1323.4,1335.2,,,,
2021-02-25,1335.05,1338.22,1315.42,1321.95,,,,
2021-02-26,1321.94,1325.97,1307.67,1311.27,,,,
2021-03-01,1315.3,1333.73,1315.3,1327.31,,,,
2021-03-02,1327.64,1333.75,1322.67,1324.03,,,,
2021-03-03,1323.19,1323.19,1304.23,1306.45,,,,
2021-03-04,1306.97,1312.43,1279.42,1289.06,,,,
2021-03-05,1290.72,1319.22,1286.97,1315.13,,,,
2021-03-08,1314.85,1332.65,1310.79,1311.39,,,,
2021-03-09,1313.38,1340.12,1313.38,1319.47,,,,
2021-03-10,1320.68,1335.56,1320.68,1322.33,,,,
2021-03-11,1323.62,1337.69,1323.62,1330.59,,,,
2021-03-12,1329.05,1333.95,1324.65,1332.42,,,,
2021-03-15,1329.5,1341.62,1328.52,1341.12,,,,
2021-03-16,1341.28,1345.17,1335.72,1340.61,,,,
2021-03-17,1339.92,1341.37,1327.71,1335.15,,,,
2021-03-18,1334.08,1343.81,1328.67,1332.61,,,,
2021-03-19,1333.13,1345.39,1327.6,1337.41,,,,
2021-03-22,1337.39,1350.06,1329.54,1349.51,,,,
2021-03-23,1348.23,1349.65,1332.31,1335.59,,,,
2021-03-24,1335.8,1344.34,1334.59,1334.81,,,,
2021-03-25,1335.24,1342.02,1322.16,1338.97,,,,
2021-03-26,1340.57,1366.5,1339.76,1365.45,,,,
2021-03-29,1364.97,1375.81,1358.99,1370.87,,,,
2021-03-30,1370.36,1370.36,1355.7,1358.45,,,,
2021-03-31,1359.16,1369.38,1359.16,1360.34,,,,
2021-04-01,1362.87,1364.55,1352.81,1357.4,,,,
2021-04-05,1358.38,1370.74,1358.38,1366.35,,,,
2021-04-06,1368.17,1371.99,1359.22,1361.46,,,,
2021-04-07,1361.14,1364.96,1354.56,1358.17,,,,
2021-04-08,1359.49,1366.11,1358.54,1359.72,,,,
2021-04-09,1360.35,1375.82,1360.35,1375.56,,,,
2021-04-12,1375.18,1379.29,1372.19,1376.24,,,,
2021-04-13,1371.7,1385.77,1371.7,1382.34,,,,
2021-04-14,1382.6,1386.69,1378.84,1380.68,,,,
2021-04-15,1382.68,1408.95,1382.68,1404.75,,,,
2021-04-16,1406.2,1416.92,1406.2,1415.24,,,,
2021-04-19,1415.03,1416.05,1408.96,1415.09,,,,
2021-04-20,1414.73,1424.64,1409.13,1421.13,,,,
2021-04-21,1422.33,1438.69,1422.33,1437.3,,,,
2021-04-22,1435.84,1440.1,1426.31,1431.16,,,,
2021-04-23,1430.78,1444.21,1427.96,1440.34,,,,
2021-04-26,1440.84,1440.84,1433.57,1435.26,,,,
2021-04-27,1433.39,1433.39,1425.72,1427.98,,,,
2021-04-28,1425.28,1427,1421.56,1423,,,,
2021-04-29,1422.98,1424.96,1410.24,1417.49,,,,
2021-04-30,1416.88,1420.23,1411.05,1412.92,,,,
2021-05-03,1414.36,1431.11,1414.36,1429.43,,,,
2021-05-04,1429.6,1431.74,1421.49,1429.98,,,,
2021-05-05,1431,1437.97,1426.43,1433.22,,,,
2021-05-06,1429.62,1434.77,1417.62,1434.29,,,,
2021-05-07,1434.81,1452.18,1434.81,1444.6,,,,
2021-05-10,1446.18,1457.86,1445.94,1446.02,,,,
2021-05-11,1444.58,1444.94,1428.05,1431.91,,,,
2021-05-12,1431.06,1431.06,1416.19,1417.53,,,,
2021-05-13,1417.07,1436.52,1417.07,1430.99,,,,
2021-05-14,1432.55,1441.78,1432.55,1436.47,,,,
2021-05-17,1436.4,1441.93,1433.67,1434.08,,,,
2021-05-18,1435.11,1443.14,1429.37,1434.77,,,,
2021-05-19,1432.72,1433.23,1415.84,1432.71,,,,
2021-05-20,1432.93,1453.3,1432.93,1447.62,,,,
2021-05-21,1448.22,1462.53,1446.65,1447.14,,,,
2021-05-24,1448.82,1457.09,1447.66,1447.97,,,,
2021-05-25,1448.23,1450.03,1442.34,1443.59,,,,
2021-05-26,1443.93,1443.93,1429.34,1435.48,,,,
2021-05-27,1435.88,1439.86,1431.69,1433.16,,,,
2021-05-28,1434.16,1449.84,1434.16,1437.44,,,,
2021-06-01,1438.33,1443.81,1413.3,1413.81,,,,
2021-06-02,1414.18,1419.15,1408.46,1410.72,,,,
2021-06-03,1406.69,1419.56,1403.68,1416.33,,,,
2021-06-04,1419.14,1427.29,1419.14,1420.85,,,,
2021-06-07,1421.32,1437.78,1421.32,1425.6,,,,
2021-06-08,1425.98,1429.3,1410.03,1420.48,,,,
2021-06-09,1421.88,1436.8,1421.88,1434.66,,,,
2021-06-10,1436.33,1460.55,1436.33,1458.85,,,,
2021-06-11,1457.24,1458.46,1441.46,1448.24,,,,
2021-06-14,1447.43,1449.62,1439.16,1449.39,,,,
2021-06-15,1450.06,1452.8,1443.74,1449.02,,,,
2021-06-16,1448.86,1458.3,1440.23,1443.45,,,,
2021-06-17,1442.18,1458.81,1440.94,1454.88,,,,
2021-06-18,1447.22,1447.22,1436.65,1437.17,,,,
2021-06-21,1437.19,1457.86,1437.19,1455.73,,,,
2021-06-22,1455.67,1460.4,1451.49,1458.77,,,,
2021-06-23,1458.38,1458.38,1451.95,1452.04,,,,
2021-06-24,1456.96,1469.42,1456.96,1459.44,,,,
2021-06-25,1459.45,1470.42,1458.67,1466.12,,,,
2021-06-28,1466.91,1470.27,1462.99,1468.58,,,,
2021-06-29,1468.72,1474.37,1466.74,1469.58,,,,
2021-06-30,1469.85,1471.88,1463.61,1468.94,,,,
2021-07-01,1469.24,1482.6,1469.24,1482.54,,,,
2021-07-02,1483.04,1497.26,1481.11,1495.32,,,,
2021-07-06,1494.58,1494.58,1484.22,1494.01,,,,
2021-07-07,1494.63,1503.57,1489.38,1503.2,,,,
2021-07-08,1498.45,1498.45,1482.22,1496.08,,,,
2021-07-09,1497.94,1505.62,1497.94,1501.46,,,,
2021-07-12,1501.07,1511.26,1500.63,1504.15,,,,
2021-07-13,1503.73,1507.62,1499.04,1502.55,,,,
2021-07-14,1502.5,1505.43,1497.44,1499.48,,,,
2021-07-15,1498.62,1498.62,1485.58,1495.65,,,,
2021-07-16,1496.25,1504.28,1494.13,1498.96,,,,
2021-07-19,1497.41,1497.41,1471.23,1482.87,,,,
2021-07-20,1483.45,1509.3,1483.45,1500.69,,,,
2021-07-21,1501.78,1507.25,1487.76,1503.77,,,,
2021-07-22,1503.46,1514.07,1501.24,1513.77,,,,
2021-07-23,1515.49,1533.59,1515.49,1531.58,,,,
2021-07-26,1530.96,1531.95,1517.27,1522.03,,,,
2021-07-27,1521.33,1529.1,1516.29,1528.7,,,,
2021-07-28,1529.37,1539.2,1523.3,1534.57,,,,
2021-07-29,1535.01,1540.36,1533.6,1537.42,,,,
2021-07-30,1537.43,1544.82,1533.54,1538.58,,,,
2021-08-02,1541.01,1547.37,1537.2,1541.2,,,,
2021-08-03,1540.9,1563.18,1540.9,1562.97,,,,
2021-08-04,1560.76,1566.48,1555,1556.43,,,,
2021-08-05,1554.09,1554.65,1538.4,1550.57,,,,
2021-08-06,1550.73,1550.73,1538.97,1548.95,,,,
2021-08-09,1549.48,1557.63,1549.48,1554.79,,,,
2021-08-10,1555.04,1558.47,1545.04,1551.06,,,,
2021-08-11,1549.95,1555.49,1534.53,1536.02,,,,
2021-08-12,1537.5,1548.67,1535.59,1547.82,,,,
2021-08-13,1549.44,1557.28,1549.44,1557.13,,,,
2021-08-16,1556.85,1574.89,1551.54,1574.69,,,,
2021-08-17,1571.71,1592.56,1570.29,1592.32,,,,
2021-08-18,1592.06,1592.76,1568.16,1569.02,,,,
2021-08-19,1564.71,1584.14,1558.11,1576.66,,,,
2021-08-20,1577.21,1589.67,1573.62,1584.73,,,,
2021-08-23,1588,1594.07,1584.23,1584.42,,,,
2021-08-24,1583.81,1584.15,1575.09,1578.96,,,,
2021-08-25,1578.44,1578.44,1568.78,1574.93,,,,
2021-08-26,1574.77,1578.98,1565.93,1568.63,,,,
2021-08-27,1569.72,1576.48,1564.64,1566.06,,,,
2021-08-30,1563.96,1581.26,1563.96,1575.6,,,,
2021-08-31,1575.94,1583.45,1568.22,1573.61,,,,
2021-09-01,1573.93,1574.41,1559.64,1573.95,,,,
2021-09-02,1577.38,1590.92,1577.38,1590.92,,,,
2021-09-03,1590.67,1594.93,1582.15,1592.61,,,,
2021-09-07,1590.87,1590.87,1573.32,1583.58,,,,
2021-09-08,1583.04,1585.01,1576.77,1582.35,,,,
2021-09-09,1582.63,1583.78,1563.39,1563.83,,,,
2021-09-10,1565.77,1570.65,1549.05,1549.18,,,,
2021-09-13,1550.27,1557.49,1532.21,1539.73,,,,
2021-09-14,1541.66,1549.57,1536.06,1537.91,,,,
2021-09-15,1536.98,1555.78,1534.78,1548.43,,,,
2021-09-16,1549.11,1553.64,1534.62,1544.6,,,,
2021-09-17,1544.34,1547.46,1536.94,1545.73,,,,
2021-09-20,1542.73,1543.39,1517.21,1530.65,,,,
2021-09-21,1533.69,1547.91,1532.85,1532.87,,,,
2021-09-22,1534.12,1542.83,1528.13,1534.22,,,,
2021-09-23,1534.79,1554.98,1534.79,1546.09,,,,
2021-09-24,1545.15,1548.89,1536.54,1539.56,,,,
2021-09-27,1537.23,1537.23,1514.8,1517.58,,,,
2021-09-28,1514.41,1514.41,1486.9,1491.77,,,,
2021-09-29,1493.6,1510.13,1493.6,1503.25,,,,
2021-09-30,1506.16,1517.05,1483.74,1483.99,,,,
2021-10-01,1481.17,1491.72,1461.47,1485,,,,
2021-10-04,1481.91,1486.43,1455.31,1462.89,,,,
2021-10-05,1465.4,1485.88,1465.4,1471.37,,,,
2021-10-06,1468.53,1469.43,1452.11,1469.07,,,,
2021-10-07,1470.03,1497.43,1470.03,1487.16,,,,
2021-10-08,1488.55,1492.04,1477.78,1480.1,,,,
2021-10-11,1478.43,1486.65,1468.36,1468.99,,,,
2021-10-12,1470.69,1474.92,1458.13,1462.02,,,,
2021-10-13,1463,1469.79,1455.46,1463.28,,,,
2021-10-14,1465.96,1489.69,1465.96,1484.19,,,,
2021-10-15,1486.08,1497.95,1486.08,1491.56,,,,
2021-10-18,1490.66,1490.66,1475.06,1480.83,,,,
2021-10-19,1484.57,1504.32,1484.57,1500.23,,,,
2021-10-20,1503.26,1524.49,1503.26,1521.99,,,,
2021-10-21,1522.48,1528.97,1514.29,1528.68,,,,
2021-10-22,1528.02,1534.9,1524.59,1534.41,,,,
2021-10-25,1534.76,1537.78,1523.37,1535.83,,,,
2021-10-26,1538.66,1548.2,1531.16,1544,,,,
2021-10-27,1544.8,1547.8,1531.4,1531.46,,,,
2021-10-28,1530.62,1549.86,1530.62,1544.66,,,,
2021-10-29,1542.82,1560.92,1536.81,1559.32,,,,
2021-11-01,1559.58,1567.38,1551.76,1557.2,,,,
2021-11-02,1561.01,1575.03,1551.16,1566.99,,,,
2021-11-03,1565.88,1577.07,1558.87,1576.9,,,,
2021-11-04,1571.54,1573.15,1554.44,1564.98,,,,
2021-11-05,1563.85,1563.85,1536.7,1548.87,,,,
2021-11-08,1548.84,1558.64,1545.15,1557.1,,,,
2021-11-09,1557.8,1558.79,1548.11,1551.27,,,,
2021-11-10,1550.28,1561.55,1550.28,1555.36,,,,
2021-11-11,1555.64,1556.25,1547.5,1551.77,,,,
2021-11-12,1552.92,1562.66,1550.2,1558.37,,,,
2021-11-15,1558.72,1560.67,1547.11,1548.39,,,,
2021-11-16,1547.82,1563.38,1545.53,1554.34,,,,
2021-11-17,1554.78,1563.25,1550.76,1556.87,,,,
2021-11-18,1558.22,1562.01,1552.62,1557.78,,,,
2021-11-19,1560.38,1567.69,1547.26,1547.73,,,,
2021-11-22,1547.15,1554.83,1539.16,1540.5,,,,
2021-11-23,1537.06,1543.52,1529.54,1541.86,,,,
2021-11-24,1541.44,1543.88,1534.16,1541.25,,,,
2021-11-26,1545.69,1555.6,1530.89,1534.35,,,,
2021-11-29,1537.44,1550.3,1537.44,1540.15,,,,
2021-11-30,1537.15,1538.24,1507.63,1510.45,,,,
2021-12-01,1509.15,1537.18,1507.44,1507.59,,,,
2021-12-02,1505.49,1520.16,1500.28,1513.59,,,,
2021-12-03,1516.06,1529.48,1504.53,1517.43,,,,
2021-12-06,1515.79,1531.57,1515.79,1525.25,,,,
2021-12-07,1527.78,1548.54,1527.78,1544.33,,,,
2021-12-08,1550.35,1557.49,1541.85,1555.8,,,,
2021-12-09,1555.6,1565.07,1553.92,1559.61,,,,
2021-12-10,1554.69,1568.48,1554.69,1565.37,,,,
2021-12-13,1564.71,1584.66,1564.71,1579.84,,,,
2021-12-14,1572.19,1581.04,1565.27,1572.25,,,,
2021-12-15,1571.51,1606.22,1571.51,1605.36,,,,
2021-12-16,1605.51,1623.15,1603.46,1614.64,,,,
2021-12-17,1615.4,1616.77,1597.84,1603.75,,,,
2021-12-20,1605.29,1605.29,1580.43,1593.56,,,,
2021-12-21,1594.54,1601.11,1583.91,1600.27,,,,
2021-12-22,1601.8,1620.04,1597.16,1618.99,,,,
2021-12-23,1619.65,1630.84,1618.63,1625.57,,,,
2021-12-27,1625.88,1642.79,1625.88,1642.59,,,,
2021-12-28,1642.72,1647.22,1634.49,1637.97,,,,
2021-12-29,1638.48,1651.11,1636.35,1647.76,,,,
2021-12-30,1650.36,1656.89,1649.35,1650.43,,,,
2021-12-31,1649.98,1655.44,1643.85,1643.92,,,,
2022-01-03,1641.69,1641.69,1613.7,1627.82,,,,
2022-01-04,1625.53,1625.53,1598.86,1605.31,,,,
2022-01-05,1604.89,1618.3,1593.75,1593.93,,,,
2022-01-06,1592.85,1593.57,1573.01,1574.66,,,,
2022-01-07,1573.76,1574.63,1564.43,1567.5,,,,
2022-01-10,1565.77,1584.22,1557.19,1583.79,,,,
2022-01-11,1583.36,1596.23,1575.37,1595.84,,,,
2022-01-12,1593.92,1594,1584.84,1591.68,,,,
2022-01-13,1590.26,1590.62,1563.06,1565.71,,,,
2022-01-14,1564.4,1564.67,1547.12,1563.07,,,,
2022-01-18,1561.18,1561.18,1537.44,1541.38,,,,
2022-01-19,1543.07,1556.05,1533.68,1534.57,,,,
2022-01-20,1536.07,1552.42,1523.95,1525.63,,,,
2022-01-21,1525.88,1533.6,1506.99,1509.42,,,,
2022-01-24,1506.65,1506.65,1456.58,1503.89,,,,
2022-01-25,1491.07,1507.08,1472.26,1493.93,,,,
2022-01-26,1493.98,1510.13,1475.49,1487.29,,,,
2022-01-27,1492.86,1512.68,1485.34,1489.36,,,,
2022-01-28,1488.82,1520.34,1478.44,1520.3,,,,
2022-01-31,1520.14,1531.89,1515.64,1530.46,,,,
2022-02-01,1530.88,1536.22,1521.33,1534.81,,,,
2022-02-02,1532.83,1557.49,1529.14,1554.03,,,,
2022-02-03,1553.01,1553.01,1544.65,1546.99,,,,
2022-02-04,1544.16,1552.27,1530.67,1540.71,,,,
2022-02-07,1541.74,1547.44,1534.71,1538.72,,,,
2022-02-08,1539.02,1554.09,1527.29,1550.88,,,,
2022-02-09,1551.68,1566.82,1551.68,1563.53,,,,
2022-02-10,1560.23,1560.23,1533.47,1538.92,,,,
2022-02-11,1536.6,1548.26,1516.12,1518.33,,,,
2022-02-14,1515.82,1516.31,1490.48,1501.79,,,,
2022-02-15,1508.7,1524.18,1508.7,1518.93,,,,
2022-02-16,1515.05,1524.96,1506.56,1520.93,,,,
2022-02-17,1515.55,1515.55,1494.39,1496.67,,,,
2022-02-18,1494.82,1501.99,1479.51,1484.43,,,,
2022-02-22,1481,1492.3,1471.18,1480.66,,,,
2022-02-23,1481.35,1493.15,1471.71,1473.1,,,,
2022-02-24,1470.26,1481.81,1447.04,1479.85,,,,
2022-02-25,1482.33,1527.76,1482.33,1524.66,,,,
2022-02-28,1519.87,1519.87,1495.49,1513.2,,,,
2022-03-01,1512.63,1517.47,1493.08,1504.38,,,,
2022-03-02,1509.35,1535.06,1509.1,1527.56,,,,
2022-03-03,1533.13,1543.64,1522.06,1535.01,,,,
2022-03-04,1532.45,1543.48,1515.22,1542.57,,,,
2022-03-07,1539.82,1539.82,1509.16,1516.15,,,,
2022-03-08,1506.53,1516.68,1483.77,1484.12,,,,
2022-03-09,1488.06,1519.84,1488.06,1512.29,,,,
2022-03-10,1507.32,1515.06,1492.87,1511.86,,,,
2022-03-11,1513.8,1524.03,1498.98,1499.91,,,,
2022-03-14,1504.9,1531.43,1504.9,1510.15,,,,
2022-03-15,1521.5,1541.51,1519.87,1539.28,,,,
2022-03-16,1540.42,1558.27,1532.39,1558.13,,,,
2022-03-17,1556.56,1583.2,1552.75,1583.16,,,,
2022-03-18,1583.61,1594.64,1578.18,1593.48,,,,
2022-03-21,1593.48,1605.83,1584.64,1591.59,,,,
2022-03-22,1591.59,1595.61,1586.59,1591.84,,,,
2022-03-23,1591.84,1591.84,1563.39,1563.68,,,,
2022-03-24,1563.68,1581.85,1563.68,1581.62,,,,
2022-03-25,1581.87,1591.88,1577.66,1589.78,,,,
2022-03-28,1589.78,1601.48,1586.76,1601.48,,,,
2022-03-29,1601.48,1619.38,1601.25,1610.34,,,,
2022-03-30,1610.34,1619.59,1605.64,1613.9,,,,
2022-03-31,1613.9,1618.35,1594.79,1594.81,,,,
2022-04-01,1594.81,1610.17,1591.5,1609.25,,,,
2022-04-04,1609.25,1609.25,1593.3,1597.22,,,,
2022-04-05,1597.22,1618.86,1593.39,1600.09,,,,
2022-04-06,1600.09,1627.94,1594.64,1624.87,,,,
2022-04-07,1624.87,1659.63,1620.96,1655.01,,,,
2022-04-08,1655.01,1672.39,1653.72,1664.58,,,,
2022-04-11,1664.58,1667.87,1630.01,1631.84,,,,
2022-04-12,1631.84,1636.85,1609.64,1616.38,,,,
2022-04-13,1616.38,1624.89,1607.39,1623.31,,,,
2022-04-14,1623.31,1633.12,1614.64,1615.79,,,,
2022-04-18,1615.79,1616.98,1591.22,1597.73,,,,
2022-04-19,1597.73,1618.46,1597.73,1612.58,,,,
2022-04-20,1612.58,1640.96,1612.58,1634.24,,,,
2022-04-21,1634.24,1640.44,1613.04,1616.16,,,,
2022-04-22,1616.16,1616.16,1555.95,1557.49,,,,
2022-04-25,1557.49,1570.88,1535.75,1567.84,,,,
2022-04-26,1567.84,1567.84,1538.04,1538.04,,,,
2022-04-27,1538.04,1552.19,1529.62,1536.24,,,,
2022-04-28,1536.24,1563.25,1533.55,1557,,,,
2022-04-29,1557,1557,1515.99,1518.45,,,,
2022-05-02,1518.45,1524.79,1484.24,1508.12,,,,
2022-05-03,1508.12,1527.64,1508.1,1513.2,,,,
2022-05-04,1513.2,1551.5,1498.58,1546.46,,,,
2022-05-05,1546.46,1546.46,1501.62,1516.14,,,,
2022-05-06,1516.14,1516.14,1494.76,1511.65,,,,
2022-05-09,1511.65,1511.65,1467.22,1472.8,,,,
2022-05-10,1472.8,1492.71,1465.03,1477.69,,,,
2022-05-11,1477.69,1503.55,1466.53,1468.22,,,,
2022-05-12,1468.22,1482.33,1459.12,1481.8,,,,
2022-05-13,1481.8,1501.61,1481.8,1497.4,,,,
2022-05-16,1497.4,1518.01,1495.7,1507.75,,,,
2022-05-17,1507.75,1529.47,1507.75,1528.58,,,,
2022-05-18,1528.58,1528.58,1484.87,1488.88,,,,
2022-05-19,1488.88,1501.32,1472.07,1492.11,,,,
2022-05-20,1492.11,1513.73,1482.15,1510.91,,,,
2022-05-23,1510.91,1528.63,1510.91,1523.06,,,,
2022-05-24,1523.06,1529.66,1508.81,1526.94,,,,
2022-05-25,1526.94,1536.86,1513.24,1526.67,,,,
2022-05-26,1526.67,1538.98,1526.26,1533.01,,,,
2022-05-27,1533.01,1559.34,1529.57,1559.34,,,,
2022-05-31,1559.34,1559.34,1525.96,1537.92,,,,
2022-06-01,1537.92,1543.84,1504.24,1516.03,,,,
2022-06-02,1516.03,1528.34,1491.14,1527.83,,,,
2022-06-03,1527.83,1527.83,1508.7,1510.43,,,,
2022-06-06,1510.43,1524.06,1506.53,1510.38,,,,
2022-06-07,1510.38,1531.42,1505.03,1530.06,,,,
2022-06-08,1530.06,1531.17,1513.84,1518.1,,,,
2022-06-09,1518.1,1518.1,1483.17,1483.32,,,,
2022-06-10,1483.32,1483.32,1454.1,1459.09,,,,
2022-06-13,1459.09,1459.09,1409.66,1415.21,,,,
2022-06-14,1415.21,1415.21,1390.86,1400.14,,,,
2022-06-15,1400.14,1429.49,1393.97,1414.45,,,,
2022-06-16,1414.45,1414.45,1379.59,1392.94,,,,
2022-06-17,1392.94,1413.84,1392.69,1393.22,,,,
2022-06-21,1393.22,1436.72,1393.22,1430.06,,,,
2022-06-22,1430.06,1466,1421.76,1450.41,,,,
2022-06-23,1450.41,1483.48,1450.41,1482.55,,,,
2022-06-24,1482.55,1507.48,1482.55,1506.72,,,,
2022-06-27,1506.72,1518.8,1503.05,1512.6,,,,
2022-06-28,1512.6,1522.81,1483.67,1486.34,,,,
2022-06-29,1486.34,1506.53,1485.99,1499.32,,,,
2022-06-30,1499.32,1503.57,1480.28,1494.31,,,,
2022-07-01,1494.31,1513.93,1479.6,1512.47,,,,
2022-07-05,1512.47,1512.47,1471.3,1503.56,,,,
2022-07-06,1503.56,1521.31,1502.68,1513.46,,,,
2022-07-07,1513.46,1521.7,1511.44,1520.49,,,,
2022-07-08,1520.49,1539.62,1514.58,1524.54,,,,
2022-07-11,1524.54,1529.3,1514.93,1521.01,,,,
2022-07-12,1521.01,1525.5,1494.83,1500.82,,,,
2022-07-13,1500.82,1500.82,1483.33,1486.75,,,,
2022-07-14,1486.75,1486.75,1459.55,1481.27,,,,
2022-07-15,1481.27,1517.78,1481.27,1517.51,,,,
2022-07-18,1517.51,1519.71,1480.75,1484.89,,,,
2022-07-19,1484.89,1512.73,1484.89,1511.68,,,,
2022-07-20,1511.68,1511.68,1489.45,1495.67,,,,
2022-07-21,1495.67,1518.33,1495.67,1518.19,,,,
2022-07-22,1518.19,1524.91,1503.64,1512.34,,,,
2022-07-25,1512.34,1523.38,1512.34,1520.65,,,,
2022-07-26,1520.65,1537.6,1520.65,1529.01,,,,
2022-07-27,1529.01,1544.81,1520.58,1538.91,,,,
2022-07-28,1538.91,1558.41,1513.57,1547.32,,,,
2022-07-29,1547.32,1547.32,1531.4,1541.88,,,,
2022-08-01,1541.88,1541.88,1527.27,1530.65,,,,
2022-08-02,1530.65,1546.46,1524.49,1524.99,,,,
2022-08-03,1524.99,1545.02,1524.99,1539.08,,,,
2022-08-04,1539.08,1543.28,1529.48,1531.48,,,,
2022-08-05,1531.48,1531.48,1518.69,1531.03,,,,
2022-08-08,1531.03,1544.27,1527.03,1534.48,,,,
2022-08-09,1534.48,1543.99,1526.41,1529.96,,,,
2022-08-10,1529.96,1547.64,1529.96,1547.08,,,,
2022-08-11,1547.08,1556.82,1533.42,1536.03,,,,
2022-08-12,1536.03,1556.63,1536.03,1556.18,,,,
2022-08-15,1556.18,1565.76,1550.41,1563.79,,,,
2022-08-16,1563.79,1564.66,1553.61,1559.64,,,,
2022-08-17,1559.64,1559.64,1547.97,1549.82,,,,
2022-08-18,1549.82,1552.89,1535.23,1543.1,,,,
2022-08-19,1543.1,1554.79,1543.1,1547.34,,,,
2022-08-22,1547.34,1547.34,1521.15,1525.95,,,,
2022-08-23,1525.95,1525.95,1500.79,1504.74,,,,
2022-08-24,1504.74,1512.47,1501.29,1506.51,,,,
2022-08-25,1506.51,1523.7,1502.89,1523.11,,,,
2022-08-26,1523.11,1523.5,1479.73,1480.51,,,,
2022-08-29,1480.51,1480.51,1463.14,1470.07,,,,
2022-08-30,1470.07,1472.37,1457.38,1460.37,,,,
2022-08-31,1460.37,1474.18,1451.15,1451.16,,,,
2022-09-01,1451.16,1475.67,1447.58,1475.12,,,,
2022-09-02,1475.12,1484.93,1447.85,1453.94,,,,
2022-09-06,1453.94,1473.51,1451.4,1454.24,,,,
2022-09-07,1454.24,1481.17,1450.45,1478.5,,,,
2022-09-08,1478.5,1504.81,1472,1504.72,,,,
2022-09-09,1504.72,1521.52,1504.72,1517.2,,,,
2022-09-12,1517.2,1535.32,1517.2,1526.98,,,,
2022-09-13,1526.98,1526.98,1473.39,1477,,,,
2022-09-14,1477,1489.59,1467.44,1477.1,,,,
2022-09-15,1477.1,1499.27,1477.1,1485.16,,,,
2022-09-16,1485.16,1485.16,1469.81,1481.14,,,,
2022-09-19,1481.14,1481.14,1452.33,1473.11,,,,
2022-09-20,1472.85,1472.85,1447.02,1456.05,,,,
2022-09-21,1456.05,1470.94,1431.32,1431.5,,,,
2022-09-22,1431.5,1448.51,1423.01,1438.87,,,,
2022-09-23,1438.87,1438.87,1413.73,1431.15,,,,
2022-09-26,1431.15,1431.15,1411.79,1416.72,,,,
2022-09-27,1416.72,1436.85,1408.17,1413.68,,,,
2022-09-28,1413.68,1451.53,1413.68,1444.73,,,,
2022-09-29,1444.73,1444.73,1422.77,1431.45,,,,
2022-09-30,1431.45,1441.98,1410.82,1411.36,,,,
2022-10-03,1411.36,1447.01,1411.36,1441.49,,,,
2022-10-04,1441.49,1475.45,1441.49,1475.06,,,,
2022-10-05,1475.06,1487.28,1460.39,1479.94,,,,
2022-10-06,1479.94,1479.94,1456.98,1460.69,,,,
2022-10-07,1460.69,1460.69,1421.74,1429.72,,,,
2022-10-10,1429.72,1434.45,1415.47,1420.46,,,,
2022-10-11,1420.46,1443.29,1414.77,1428.76,,,,
2022-10-12,1428.76,1441.01,1421.1,1421.19,,,,
2022-10-13,1421.19,1460.23,1398.81,1453.26,,,,
2022-10-14,1453.26,1472.36,1439.41,1441.15,,,,
2022-10-17,1441.15,1469.73,1441.15,1466.18,,,,
2022-10-18,1466.18,1487.44,1466.18,1474.48,,,,
2022-10-19,1474.48,1474.48,1441.92,1454.08,,,,
2022-10-20,1454.08,1462.05,1439.97,1442.25,,,,
2022-10-21,1442.25,1478.02,1433.62,1474.11,,,,
2022-10-24,1474.11,1507.14,1474.11,1502.28,,,,
2022-10-25,1502.28,1515.83,1497.81,1514.03,,,,
2022-10-26,1514.03,1545.06,1514.03,1530.99,,,,
2022-10-27,1530.99,1533.93,1520.82,1522.18,,,,
2022-10-28,1522.18,1549.23,1520.64,1547.85,,,,
2022-10-31,1547.85,1552.65,1537.17,1546.64,,,,
2022-11-01,1546.64,1555.58,1531.26,1547.57,,,,
2022-11-02,1547.57,1561.33,1520.8,1521.37,,,,
2022-11-03,1521.37,1522.53,1498.98,1514.72,,,,
2022-11-04,1514.72,1528.84,1502.29,1523.29,,,,
2022-11-07,1523.29,1543.78,1520.57,1539.41,,,,
2022-11-08,1539.41,1559.54,1529.79,1547.15,,,,
2022-11-09,1547.15,1555.25,1529.28,1530.84,,,,
2022-11-10,1530.84,1572.81,1530.84,1570.5,,,,
2022-11-11,1570.5,1570.5,1530.42,1550.4,,,,
2022-11-14,1550.4,1570.07,1550.4,1550.93,,,,
2022-11-15,1550.93,1567.36,1537.13,1549.85,,,,
2022-11-16,1549.85,1563.06,1546.04,1547.86,,,,
2022-11-17,1547.86,1553.92,1535.14,1547.21,,,,
2022-11-18,1547.21,1569.2,1547.21,1565.77,,,,
2022-11-21,1565.77,1573.1,1560.78,1566.48,,,,
2022-11-22,1566.48,1581.14,1566.48,1580.32,,,,
2022-11-23,1580.32,1588.49,1576.73,1585.76,,,,
2022-11-25,1585.76,1597.22,1585.76,1595.63,,,,
2022-11-28,1595.63,1600.03,1580.85,1583.67,,,,
2022-11-29,1583.67,1583.67,1571.69,1579.99,,,,
2022-11-30,1579.99,1618.69,1574.14,1618.68,,,,
2022-12-01,1618.68,1630.55,1613.83,1622.56,,,,
2022-12-02,1622.56,1627.96,1607.83,1626.18,,,,
2022-12-05,1626.18,1626.18,1605.45,1610.11,,,,
2022-12-06,1610.11,1611.94,1590.27,1598.13,,,,
2022-12-07,1598.13,1615.4,1598.13,1611.67,,,,
2022-12-08,1611.67,1627.44,1610.92,1626.07,,,,
2022-12-09,1626.07,1628.17,1604.67,1605.2,,,,
2022-12-12,1605.2,1621.98,1605.2,1621.85,,,,
2022-12-13,1621.85,1646.35,1621.85,1626.3,,,,
2022-12-14,1626.3,1642.21,1615.7,1628.65,,,,
2022-12-15,1628.65,1628.65,1593.21,1598.35,,,,
2022-12-16,1598.35,1598.35,1566.81,1575.84,,,,
2022-12-19,1575.84,1577.64,1562.6,1570.16,,,,
2022-12-20,1570.16,1574.79,1560.72,1569.24,,,,
2022-12-21,1569.24,1594.24,1569.24,1589.73,,,,
2022-12-22,1589.51,1589.51,1567.07,1587.22,,,,
2022-12-23,1587.22,1589.43,1576.76,1588.53,,,,
2022-12-27,1588.53,1592.45,1578.5,1584.31,,,,
2022-12-28,1584.31,1596.7,1573.58,1574.23,,,,
2022-12-29,1574.23,1598.88,1574.23,1590.7,,,,
2022-12-30,1590.7,1590.7,1569.49,1585.54,,,,
2023-01-03,1585.54,1590.4,1568.73,1580.97,,,,
2023-01-04,1580.97,1593.22,1574.85,1584.91,,,,
2023-01-05,1584.91,1584.91,1562.17,1568.57,,,,
2023-01-06,1568.57,1585.66,1558.81,1582.51,,,,
2023-01-09,1582.51,1584.44,1554.34,1556.25,,,,
2023-01-10,1556.25,1571.43,1553.85,1569.24,,,,
2023-01-11,1569.24,1578.5,1563.01,1578.26,,,,
2023-01-12,1578.26,1578.52,1556.71,1572.1,,,,
2023-01-13,1572.1,1583.7,1564.8,1579.53,,,,
2023-01-17,1579.53,1580.95,1569.59,1571.65,,,,
2023-01-18,1571.65,1575.25,1548.17,1549.37,,,,
2023-01-19,1549.37,1559,1546.33,1552.99,,,,
2023-01-20,1552.99,1561.82,1544.77,1561.79,,,,
2023-01-23,1561.79,1574.66,1558.63,1566.24,,,,
2023-01-24,1566.24,1567.48,1546.05,1556.12,,,,
2023-01-25,1556.12,1556.33,1541.26,1556.28,,,,
2023-01-26,1556.28,1559.36,1546.55,1558.72,,,,
2023-01-27,1558.72,1558.72,1546.12,1547.92,,,,
2023-01-30,1547.92,1554.41,1531.55,1533.57,,,,
2023-01-31,1533.57,1553.52,1533.57,1553.43,,,,
2023-02-01,1553.43,1570.4,1542.69,1560.94,,,,
2023-02-02,1560.94,1560.94,1539.46,1550.33,,,,
2023-02-03,1550.33,1556.71,1540.9,1546.32,,,,
2023-02-06,1546.32,1546.88,1535.25,1537.1,,,,
2023-02-07,1537.1,1551.44,1526.55,1547,,,,
2023-02-08,1547,1551.27,1540.65,1542.24,,,,
2023-02-09,1542.24,1551.92,1526.72,1528.98,,,,
2023-02-10,1528.98,1544.98,1528.98,1543.29,,,,
2023-02-13,1543.29,1556.26,1543.29,1556.1,,,,
2023-02-14,1556.1,1560.38,1539.08,1546.71,,,,
2023-02-15,1546.02,1546.02,1533.62,1538.77,,,,
2023-02-16,1538.53,1538.53,1520.5,1523.11,,,,
2023-02-17,1523.11,1538.78,1514.75,1536.74,,,,
2023-02-21,1536.74,1536.74,1514.04,1515.77,,,,
2023-02-22,1515.77,1521.39,1508.15,1510.83,,,,
2023-02-23,1510.83,1522.61,1504.2,1514.86,,,,
2023-02-24,1514.86,1514.86,1491.28,1495.64,,,,
2023-02-27,1495.64,1507.62,1487.73,1491.02,,,,
2023-02-28,1491.02,1491.02,1478.55,1480.18,,,,
2023-03-01,1480.18,1480.55,1471,1477.49,,,,
2023-03-02,1477.49,1490.62,1471.26,1486.04,,,,
2023-03-03,1486.04,1503.59,1486.04,1503.32,,,,
2023-03-06,1503.32,1509.23,1499.05,1502.39,,,,
2023-03-07,1502.39,1505.57,1475.63,1478.1,,,,
2023-03-08,1478.1,1479.34,1464.36,1469.81,,,,
2023-03-09,1469.81,1477.16,1449.39,1454.63,,,,
2023-03-10,1454.63,1463.88,1438.33,1443.91,,,,
2023-03-13,1443.91,1476.32,1439.3,1457.14,,,,
2023-03-14,1457.14,1473.9,1455.06,1470.01,,,,
2023-03-15,1470.01,1470.01,1451.55,1467.49,,,,
2023-03-16,1467.49,1482.23,1453.47,1481.54,,,,
2023-03-17,1481.54,1482.41,1458.28,1462.81,,,,
2023-03-20,1462.81,1483.18,1462.81,1481.55,,,,
2023-03-21,1481.55,1491.97,1478.13,1490.34,,,,
2023-03-22,1490.34,1496.65,1467.64,1468.05,,,,
2023-03-23,1468.05,1482.48,1456.74,1465.45,,,,
2023-03-24,1465.45,1486.39,1458.32,1484.65,,,,
2023-03-27,1484.65,1502.58,1484.65,1490.71,,,,
2023-03-28,1490.71,1494.84,1478.51,1482.26,,,,
2023-03-29,1482.26,1489.11,1479.86,1485.81,,,,
2023-03-30,1485.81,1494.57,1484.66,1493.96,,,,
2023-03-31,1493.96,1511,1493.96,1510.73,,,,
2023-04-03,1510.73,1528.58,1507.61,1527.04,,,,
2023-04-04,1527.04,1535.98,1524.63,1527.4,,,,
2023-04-05,1527.4,1556.22,1527.4,1553.83,,,,
2023-04-06,1553.83,1563.71,1552.08,1557.33,,,,
2023-04-10,1557.33,1557.33,1544.98,1556.75,,,,
2023-04-11,1556.75,1566.84,1556.75,1561.36,,,,
2023-04-12,1561.36,1573.04,1559.15,1561.6,,,,
2023-04-13,1561.6,1582.54,1561.6,1580.81,,,,
2023-04-14,1580.81,1580.81,1562.55,1568.38,,,,
2023-04-17,1568.38,1570.23,1558.92,1566.76,,,,
2023-04-18,1566.76,1569.53,1554.16,1556.5,,,,
2023-04-19,1556.5,1563.45,1552.17,1560.92,,,,
2023-04-20,1560.92,1560.92,1547.17,1554.15,,,,
2023-04-21,1554.15,1570.11,1554.15,1564.68,,,,
2023-04-24,1564.68,1573.86,1562.81,1573.41,,,,
2023-04-25,1573.41,1575.89,1554.8,1556.86,,,,
2023-04-26,1556.86,1556.86,1525.4,1534.96,,,,
2023-04-27,1534.96,1544.65,1522.08,1542.8,,,,
2023-04-28,1542.8,1560.14,1539.15,1555.39,,,,
2023-05-01,1555.39,1570.1,1555.05,1564.51,,,,
2023-05-02,1564.51,1571.05,1546.24,1556.88,,,,
2023-05-03,1556.88,1570.71,1553.04,1555.15,,,,
2023-05-04,1555.15,1555.15,1536.58,1542.58,,,,
2023-05-05,1542.58,1561.81,1542.58,1556.81,,,,
2023-05-08,1556.81,1556.81,1546.66,1553.41,,,,
2023-05-09,1553.41,1554.46,1542.35,1542.68,,,,
2023-05-10,1542.68,1550.86,1538.49,1546.86,,,,
2023-05-11,1546.86,1546.86,1532.24,1541.67,,,,
2023-05-12,1541.67,1546.77,1532.37,1538.82,,,,
2023-05-15,1538.82,1540.51,1529.99,1536.3,,,,
2023-05-16,1536.3,1536.3,1523.31,1523.76,,,,
2023-05-17,1523.76,1526.68,1508.43,1525.24,,,,
2023-05-18,1525.24,1525.24,1509.8,1521.53,,,,
2023-05-19,1521.53,1538.7,1521.53,1528.47,,,,
2023-05-22,1528.47,1539.08,1525.94,1529.13,,,,
2023-05-23,1529.13,1529.13,1509.25,1511.87,,,,
2023-05-24,1511.87,1511.87,1498.51,1501.91,,,,
2023-05-25,1501.91,1501.91,1476.45,1486.3,,,,
2023-05-26,1486.3,1498.86,1480.76,1483.73,,,,
2023-05-30,1483.73,1487.26,1470.88,1473.78,,,,
2023-05-31,1473.78,1489.43,1466.49,1486.28,,,,
2023-06-01,1486.28,1499.59,1477.42,1496.25,,,,
2023-06-02,1496.25,1518.5,1496.25,1516.22,,,,
2023-06-05,1516.22,1527.95,1516.22,1522.04,,,,
2023-06-06,1522.04,1527.53,1502.42,1508.67,,,,
2023-06-07,1508.67,1509.21,1500.48,1502.41,,,,
2023-06-08,1502.41,1514.07,1498.29,1512.14,,,,
2023-06-09,1512.14,1522.26,1506.39,1515.05,,,,
2023-06-12,1515.05,1522.57,1510.34,1522,,,,
2023-06-13,1522,1532.23,1518.94,1530.05,,,,
2023-06-14,1530.05,1530.05,1507.72,1512.91,,,,
2023-06-15,1512.91,1538.34,1512.91,1536.36,,,,
2023-06-16,1536.36,1548.07,1534.73,1536.25,,,,
2023-06-20,1536.25,1541.25,1521.27,1533.99,,,,
2023-06-21,1533.99,1539.84,1523.97,1534.94,,,,
2023-06-22,1534.94,1547.11,1534.76,1544.88,,,,
2023-06-23,1544.88,1545.71,1536.41,1539.92,,,,
2023-06-26,1539.92,1539.92,1516.67,1530.7,,,,
2023-06-27,1530.7,1532.71,1517.05,1527.64,,,,
2023-06-28,1527.64,1527.64,1517.92,1522.26,,,,
2023-06-29,1522.26,1533.27,1516.94,1532.09,,,,
2023-06-30,1532.09,1551.57,1532.09,1548.62,,,,
2023-07-03,1548.62,1548.62,1528.93,1535.95,,,,
2023-07-05,1535.95,1537.77,1529.04,1535.16,,,,
2023-07-06,1535.16,1535.16,1518.3,1521.86,,,,
2023-07-07,1521.86,1521.86,1503.61,1504.14,,,,
2023-07-10,1504.14,1517.89,1504.14,1516.29,,,,
2023-07-11,1516.29,1521.3,1509.87,1516.35,,,,
2023-07-12,1516.35,1521.14,1510.1,1512.18,,,,
2023-07-13,1512.18,1519.08,1510.41,1511.97,,,,
2023-07-14,1511.97,1539.45,1511.97,1534.69,,,,
2023-07-17,1534.69,1534.69,1522.46,1528.05,,,,
2023-07-18,1528.05,1544.71,1526.47,1538.75,,,,
2023-07-19,1538.75,1556.1,1538.75,1546.36,,,,
2023-07-20,1546.36,1577.75,1546.36,1571.85,,,,
2023-07-21,1571.85,1592.37,1570.75,1587.77,,,,
2023-07-24,1587.77,1594.44,1582.76,1584.08,,,,
2023-07-25,1584.08,1589.76,1573.37,1583.09,,,,
2023-07-26,1583.09,1587.24,1571.51,1581.84,,,,
2023-07-27,1581.84,1589.22,1569.49,1569.73,,,,
2023-07-28,1569.73,1577.22,1565.74,1574.35,,,,
2023-07-31,1574.35,1574.35,1556.61,1561.85,,,,
2023-08-01,1561.85,1564.4,1550.24,1553.85,,,,
2023-08-02,1553.85,1564.94,1551.29,1554.75,,,,
2023-08-03,1554.75,1554.75,1544.44,1547.02,,,,
2023-08-04,1547.02,1557.41,1538.41,1541.39,,,,
2023-08-07,1541.39,1561.19,1541.39,1559.63,,,,
2023-08-08,1559.63,1573.56,1559.63,1571.85,,,,
2023-08-09,1571.85,1579.83,1569.56,1571,,,,
2023-08-10,1571,1589.97,1568.94,1570.32,,,,
2023-08-11,1570.32,1581.79,1566.85,1579.26,,,,
2023-08-14,1579.26,1589.49,1578.58,1584.46,,,,
2023-08-15,1584.46,1584.94,1577.12,1578.77,,,,
2023-08-16,1578.77,1581.14,1566.45,1566.51,,,,
2023-08-17,1566.51,1566.51,1553.21,1554.53,,,,
2023-08-18,1554.53,1558.26,1550.05,1554.39,,,,
2023-08-21,1554.39,1557.88,1549.04,1555.86,,,,
2023-08-22,1555.86,1557.31,1549.98,1550.13,,,,
2023-08-23,1550.13,1563.11,1550.13,1554.7,,,,
2023-08-24,1554.7,1564.23,1542.26,1542.82,,,,
2023-08-25,1542.82,1557.21,1540.43,1552.14,,,,
2023-08-28,1552.14,1562.07,1549.85,1555.76,,,,
2023-08-29,1555.76,1569.16,1555.68,1568.67,,,,
2023-08-30,1568.67,1577.99,1566.97,1568.21,,,,
2023-08-31,1568.21,1568.93,1549.26,1549.31,,,,
2023-09-01,1549.31,1561.62,1549.31,1552.95,,,,
2023-09-05,1552.95,1554.24,1538.15,1538.28,,,,
2023-09-06,1538.28,1538.28,1522.12,1528.93,,,,
2023-09-07,1528.93,1542.46,1528.93,1536.18,,,,
2023-09-08,1536.18,1539.8,1531.88,1535.49,,,,
2023-09-11,1535.49,1548.82,1534.55,1545.94,,,,
2023-09-12,1545.94,1547.88,1533.06,1543.35,,,,
2023-09-13,1543.35,1550.3,1540.61,1543.72,,,,
2023-09-14,1543.72,1552.66,1543.44,1547.62,,,,
2023-09-15,1547.62,1551.45,1534.95,1536.19,,,,
2023-09-18,1536.19,1538.89,1527.95,1533.43,,,,
2023-09-19,1533.43,1537.89,1525.01,1534.89,,,,
2023-09-20,1534.89,1545.79,1534.89,1535.17,,,,
2023-09-21,1535.17,1535.17,1520.73,1521.02,,,,
2023-09-22,1521.02,1527.07,1516.51,1518.09,,,,
2023-09-25,1518.09,1526.61,1512.11,1526.27,,,,
2023-09-26,1526.27,1526.27,1512.62,1513.1,,,,
2023-09-27,1513.1,1517.28,1494.54,1505.61,,,,
2023-09-28,1505.61,1517.03,1505.61,1512.8,,,,
2023-09-29,1512.8,1515.65,1499.46,1501.22,,,,
2023-10-02,1501.22,1501.22,1481.87,1499.6,,,,
2023-10-03,1499.6,1499.6,1479.8,1485.96,,,,
2023-10-04,1485.96,1494.2,1480.38,1492.7,,,,
2023-10-05,1492.7,1502.72,1486.82,1500.08,,,,
2023-10-06,1500.08,1520.47,1495.71,1515.28,,,,
2023-10-09,1515.28,1522.27,1505.5,1520.7,,,,
2023-10-10,1520.7,1535.14,1515.7,1528.2,,,,
2023-10-11,1528.2,1532.16,1514.82,1521.7,,,,
2023-10-12,1521.7,1524.45,1506.11,1507.53,,,,
2023-10-13,1507.53,1525.32,1507.53,1516.76,,,,
2023-10-16,1516.76,1536.9,1516.76,1528.16,,,,
2023-10-17,1528.16,1534.4,1519.91,1526.17,,,,
2023-10-18,1526.17,1532.39,1510.39,1512.5,,,,
2023-10-19,1512.5,1512.5,1488.38,1497.94,,,,
2023-10-20,1497.94,1502.54,1491.7,1492.01,,,,
2023-10-23,1492.01,1495.21,1481.22,1482.61,,,,
2023-10-24,1482.61,1491.35,1478.73,1486.89,,,,
2023-10-25,1486.89,1486.89,1462.47,1473.55,,,,
2023-10-26,1473.6,1473.6,1458.39,1459.16,,,,
2023-10-27,1455.81,1456.47,1428.19,1434.27,,,,
2023-10-30,1439.89,1446.04,1431.63,1442.11,,,,
2023-10-31,1446.09,1452.34,1439.28,1451.16,,,,
2023-11-01,1449.45,1460.47,1446.1,1453.86,,,,
2023-11-02,1453.12,1477.92,1453.12,1476.63,,,,
2023-11-03,1485.1,1493.1,1482.09,1484.19,,,,
2023-11-06,1487.51,1496.33,1484.65,1494.01,,,,
2023-11-07,1494.06,1498.6,1489.58,1494.7,,,,
2023-11-08,1499.81,1500.65,1484.08,1492.6,,,,
2023-11-09,1492.62,1492.62,1460.08,1461.25,,,,
2023-11-10,1465.55,1472,1450.59,1469.99,,,,
2023-11-13,1472.01,1481.34,1463.1,1478.3,,,,
2023-11-14,1484.8,1497.88,1483.4,1488.62,,,,
2023-11-15,1488.96,1495.34,1485.88,1489.59,,,,
2023-11-16,1491.91,1497.29,1488.11,1495.29,,,,
2023-11-17,1499.88,1500.79,1488.09,1492.44,,,,
2023-11-20,1487.38,1503.97,1485.74,1500.21,,,,
2023-11-21,1503.8,1512.75,1503.65,1509.34,,,,
2023-11-22,1515.77,1520.47,1512.84,1517.49,,,,
2023-11-24,1521.46,1525.53,1520.12,1525.24,,,,
2023-11-27,1523.39,1526.47,1513.15,1515.55,,,,
2023-11-28,1513.93,1516.24,1506.75,1507.92,,,,
2023-11-29,1506.16,1516.15,1505.2,1508.21,,,,
2023-11-30,1509.6,1527.8,1504.29,1527.1,,,,
2023-12-01,1524.61,1534.04,1523.83,1532.57,,,,
2023-12-04,1528.76,1538.47,1528.38,1535.76,,,,
2023-12-05,1532.15,1535.76,1524.09,1533.18,,,,
2023-12-06,1535.68,1539.6,1532.38,1534.12,,,,
2023-12-07,1536.77,1537.32,1525.74,1532.92,,,,
2023-12-08,1533.92,1538.7,1526.18,1535.68,,,,
2023-12-11,1541,1547.82,1536.15,1545.1,,,,
2023-12-12,1548.08,1554.11,1540.3,1552.29,,,,
2023-12-13,1548.52,1581.01,1543.94,1580.62,,,,
2023-12-14,1583.11,1586.26,1566.02,1571.96,,,,
2023-12-15,1564.89,1565.5,1552.92,1558.59,,,,
2023-12-18,1562.7,1565.99,1557.4,1561.53,,,,
2023-12-19,1562.79,1572.13,1560.4,1571.98,,,,
2023-12-20,1570.94,1571.15,1548.83,1549.01,,,,
2023-12-21,1556.32,1568.6,1555.65,1567.63,,,,
2023-12-22,1571.38,1580,1569.29,1575.27,,,,
2023-12-26,1573.52,1582.83,1572.35,1578.69,,,,
2023-12-27,1577.81,1586.35,1577.05,1586.03,,,,
2023-12-28,1587.01,1594.66,1587.01,1589.86,,,,
2023-12-29,1589.45,1593.7,1584.79,1590.36,,,,
2024-01-02,1587.92,1621.51,1586.81,1618.4,,,,
2024-01-03,1621.84,1625.59,1614.64,1616.21,,,,
2024-01-04,1616.72,1632.93,1616.72,1623.72,,,,
2024-01-05,1620.38,1629.4,1615.94,1623.32,,,,
2024-01-08,1623.86,1637.31,1616.55,1636.96,,,,
2024-01-09,1635.59,1651.17,1632.44,1637.63,,,,
2024-01-10,1638.6,1646.16,1631.74,1644.44,,,,
2024-01-11,1643.76,1644.56,1632.93,1642.58,,,,
2024-01-12,1638.9,1645.05,1632.56,1637.75,,,,
2024-01-16,1634.88,1636.06,1625.77,1628.69,,,,
2024-01-17,1626.39,1633.1,1620.47,1624.75,,,,
2024-01-18,1615.37,1626.14,1603.49,1624.94,,,,
2024-01-19,1625.3,1629.24,1616.86,1625.99,,,,
2024-01-22,1626.71,1636.71,1623.05,1632.17,,,,
2024-01-23,1630.42,1632.12,1619.7,1631.3,,,,
2024-01-24,1634.72,1639.37,1616.01,1616.48,,,,
2024-01-25,1608.68,1613.13,1598.18,1612.81,,,,
2024-01-26,1620.91,1625.37,1618.18,1622.26,,,,
2024-01-29,1622.71,1633.83,1622.17,1633.36,,,,
2024-01-30,1634.4,1639.83,1628.78,1637.4,,,,
2024-01-31,1644.25,1650.48,1635.2,1635.58,,,,
2024-02-01,1637.91,1656.45,1630.02,1656.3,,,,
2024-02-02,1654.92,1661.58,1646.2,1654.34,,,,
2024-02-05,1653.64,1669.91,1653.24,1659.46,,,,
2024-02-06,1672.26,1678.49,1664.26,1677.47,,,,
2024-02-07,1680.94,1689.56,1678.89,1681.82,,,,
2024-02-08,1679.7,1680.25,1671.31,1678.92,,,,
2024-02-09,1677.67,1680.9,1672.44,1678,,,,
2024-02-12,1676.19,1680.17,1667.65,1679.64,,,,
2024-02-13,1673.33,1682.07,1656.08,1665.05,,,,
2024-02-14,1667.27,1678.95,1666.64,1678.5,,,,
2024-02-15,1680.5,1693.74,1677.39,1690.3,,,,
2024-02-16,1688.99,1706.27,1686.29,1695.12,,,,
2024-02-20,1695.48,1701.32,1684.99,1688.33,,,,
2024-02-21,1683.86,1693.28,1678.78,1692.77,,,,
2024-02-22,1694.06,1715.95,1692.01,1713.18,,,,
2024-02-23,1716.96,1725.67,1715.32,1720.8,,,,
2024-02-26,1719.69,1723.61,1710.66,1712.11,,,,
2024-02-27,1706.9,1712.76,1699.74,1707.44,,,,
2024-02-28,1706.63,1706.63,1691.46,1698.75,,,,
2024-02-29,1700.54,1701.02,1685.63,1686.41,,,,
2024-03-01,1687.23,1704.23,1681.95,1702.79,,,,
2024-03-04,1701.88,1706.28,1696.56,1700.53,,,,
2024-03-05,1702.25,1703.4,1682.34,1687.01,,,,
2024-03-06,1691.72,1705.41,1691.72,1698.98,,,,
2024-03-07,1703.95,1711.15,1700.96,1707.3,,,,
2024-03-08,1706.25,1712.69,1701.28,1703.26,,,,
2024-03-11,1699.05,1704.52,1690.31,1702.36,,,,
2024-03-12,1701.4,1714.28,1698.3,1710.55,,,,
2024-03-13,1713.88,1717.82,1697.54,1703.6,,,,
2024-03-14,1704.66,1705.34,1687.33,1696.29,,,,
2024-03-15,1688.59,1693.47,1684.04,1690.34,,,,
2024-03-18,1693.54,1698.46,1688.62,1689.96,,,,
2024-03-19,1691.52,1701.92,1686.25,1701.26,,,,
2024-03-20,1698.01,1698.01,1687.97,1697.3,,,,
2024-03-21,1699.24,1705.09,1695.93,1699.25,,,,
2024-03-22,1701.62,1705.5,1694.61,1696.81,,,,
2024-03-25,1698.19,1701.33,1691.67,1694.13,,,,
2024-03-26,1697.55,1702.23,1693.28,1699.89,,,,
2024-03-27,1713.82,1722.57,1711.02,1722.04,,,,
2024-03-28,1724.54,1728.67,1723.66,1723.97,,,,
2024-04-01,1722.51,1722.51,1702.29,1708.85,,,,
2024-04-02,1691.25,1691.25,1673,1681.16,,,,
2024-04-03,1682.31,1692.13,1676.02,1679.47,,,,
2024-04-04,1688.36,1690.55,1654.48,1655.96,,,,
2024-04-05,1654.5,1675.28,1650.69,1671.01,,,,
2024-04-08,1669.65,1669.65,1662.53,1664.63,,,,
2024-04-09,1667.05,1671.38,1659.19,1671.07,,,,
2024-04-10,1661.23,1661.23,1645.71,1651.9,,,,
2024-04-11,1654.58,1656.3,1639.78,1643.79,,,,
2024-04-12,1638.41,1638.41,1613.55,1618.87,,,,
2024-04-15,1630.57,1638.78,1612.99,1615.76,,,,
2024-04-16,1628.58,1628.58,1615.32,1616.11,,,,
2024-04-17,1618.85,1626.62,1610.79,1613.26,,,,
2024-04-18,1615.13,1622.19,1610.67,1613.65,,,,
2024-04-19,1619.58,1622.34,1612.91,1618.78,,,,
2024-04-22,1623.71,1637.6,1618.44,1625.11,,,,
2024-04-23,1637.3,1649.24,1633.35,1645.35,,,,
2024-04-24,1644.76,1645.42,1633.67,1641.21,,,,
2024-04-25,1639.23,1641.28,1621.72,1630.97,,,,
2024-04-26,1624.41,1634.72,1622.61,1630.84,,,,
2024-04-29,1632.13,1640.45,1628.21,1636.26,,,,
2024-04-30,1641.26,1645.06,1633.85,1634.44,,,,
2024-05-01,1626.91,1652.34,1625.48,1638.59,,,,
2024-05-02,1643.43,1646.25,1628.21,1636.72,,,,
2024-05-03,1645.7,1645.7,1632.56,1640.42,,,,
2024-05-06,1644.39,1647.74,1638.53,1647.64,,,,
2024-05-07,1652,1662.37,1651,1661.01,,,,
2024-05-08,1661.47,1663.36,1653.47,1655.45,,,,
2024-05-09,1656.28,1669.61,1656.28,1668.56,,,,
2024-05-10,1670.61,1677.96,1669.04,1672.26,,,,
2024-05-13,1674.47,1677.05,1667.44,1670.66,,,,
2024-05-14,1672.26,1678.64,1666.73,1677.93,,,,
2024-05-15,1683.6,1704.05,1683.18,1702.06,,,,
2024-05-16,1700.6,1704.54,1695.51,1700.29,,,,
2024-05-17,1701.26,1703.32,1693.62,1703,,,,
2024-05-20,1701.15,1702.81,1694.83,1697.97,,,,
2024-05-21,1697.4,1708.62,1697.31,1700.98,,,,
2024-05-22,1698.44,1709.79,1696.05,1704.44,,,,
2024-05-23,1701.53,1701.53,1684.82,1686.03,,,,
2024-05-24,1687.3,1690.49,1679.42,1680.72,,,,
2024-05-28,1677.06,1677.06,1653.4,1659.75,,,,
2024-05-29,1649.63,1649.63,1639.55,1646.5,,,,
2024-05-30,1644.82,1653.48,1636.64,1647.7,,,,
2024-05-31,1649.9,1672.5,1649.9,1670.88,,,,
2024-06-03,1670.55,1688.67,1668.73,1683.21,,,,
2024-06-04,1683.09,1692.89,1675.78,1688.81,,,,
2024-06-05,1691.13,1697.85,1681.16,1696.09,,,,
2024-06-06,1693.63,1705.27,1689.24,1701.64,,,,
2024-06-07,1700.41,1711.91,1698.45,1703.44,,,,
2024-06-10,1699.96,1709.96,1694.72,1708.54,,,,
2024-06-11,1704.07,1707.31,1695.61,1702.63,,,,
2024-06-12,1707.81,1708.78,1694.82,1699.17,,,,
2024-06-13,1693.75,1700.28,1681.99,1698.45,,,,
2024-06-14,1694.11,1696.79,1686.82,1696.64,,,,
2024-06-17,1690.04,1695.93,1685.52,1693.22,,,,
2024-06-18,1694.33,1701.11,1691.97,1695.18,,,,
2024-06-20,1693.97,1703.51,1688.37,1701.38,,,,
2024-06-21,1705.12,1709.36,1699.53,1706.48,,,,
2024-06-24,1711.15,1721.96,1708.45,1715.86,,,,
2024-06-25,1716.99,1720.31,1706.63,1710.61,,,,
2024-06-26,1706.75,1710.49,1701.37,1704.52,,,,
2024-06-27,1702.75,1706.53,1691.87,1701.63,,,,
2024-06-28,1704.41,1714.31,1692.86,1700.33,,,,
2024-07-01,1702.55,1719.57,1687.28,1690.81,,,,
2024-07-02,1687.13,1687.13,1674.88,1684.13,,,,
2024-07-03,1685.42,1687.49,1665.62,1671.87,,,,
2024-07-05,1674,1684.93,1666.28,1684.01,,,,
2024-07-08,1684.34,1690.36,1677.56,1682.4,,,,
2024-07-09,1686.56,1690.82,1675.67,1689.61,,,,
2024-07-10,1691.47,1706.51,1688.66,1706.13,,,,
2024-07-11,1707.16,1722.7,1706.92,1718.44,,,,
2024-07-12,1724.57,1735.97,1722.88,1728.54,,,,
2024-07-15,1732.22,1736.3,1719.22,1721.13,,,,
2024-07-16,1731.48,1746.63,1728.53,1746.01,,,,
2024-07-17,1734.21,1763.62,1734.21,1754.45,,,,
2024-07-18,1746.59,1754.57,1711.61,1714.22,,,,
2024-07-19,1724.58,1730.94,1716.44,1722.79,,,,
2024-07-22,1727.22,1736.42,1723.21,1732.57,,,,
2024-07-23,1741.35,1741.35,1730.01,1731.98,,,,
2024-07-24,1731.76,1748.24,1727.18,1746.09,,,,
2024-07-25,1744.86,1765.27,1735.81,1736.11,,,,
2024-07-26,1735.06,1758.01,1735.06,1745.98,,,,
2024-07-29,1745.26,1753.62,1739.17,1747.59,,,,
2024-07-30,1750.32,1760.15,1736.55,1749.47,,,,
2024-07-31,1748.16,1754.76,1736.68,1742.67,,,,
2024-08-01,1742.83,1762.45,1741.17,1761.08,,,,
2024-08-02,1762.43,1765.45,1731.04,1757.39,,,,
2024-08-05,1738.43,1738.43,1702.98,1710.04,,,,
2024-08-06,1710.9,1739.95,1710.1,1718.33,,,,
2024-08-07,1720.26,1724.69,1695.29,1699.95,,,,
2024-08-08,1728.67,1739.44,1719.36,1738.44,,,,
2024-08-09,1741.66,1751.06,1738.06,1746.41,,,,
2024-08-12,1746.94,1748.91,1735.8,1739.59,,,,
2024-08-13,1746.51,1762.73,1745.41,1760.97,,,,
2024-08-14,1759.29,1770.03,1755.7,1768.85,,,,
2024-08-15,1778.02,1780.61,1767.46,1779.41,,,,
2024-08-16,1778.58,1782.77,1772.53,1779.98,,,,
2024-08-19,1779.98,1792.29,1778.75,1791.11,,,,
2024-08-20,1791.58,1807.01,1791.58,1797.72,,,,
2024-08-21,1801.35,1805.71,1794.88,1801.78,,,,
2024-08-22,1806.48,1808.81,1792.85,1801.37,,,,
2024-08-23,1806.48,1811.04,1800.88,1810.72,,,,
2024-08-26,1810.73,1817.27,1807.13,1808.63,,,,
2024-08-27,1811.58,1815.7,1804.34,1810.49,,,,
2024-08-28,1811.74,1820.55,1804.36,1812.64,,,,
2024-08-29,1820.01,1824.88,1809.32,1816.49,,,,
2024-08-30,1818.05,1830.27,1810.48,1829.71,,,,
2024-09-03,1826.24,1836.44,1820.84,1825.78,,,,
2024-09-04,1824.3,1830.33,1813.86,1823.2,,,,
2024-09-05,1821.05,1821.81,1789,1797.86,,,,
2024-09-06,1799.81,1810.66,1787.72,1790.65,,,,
2024-09-09,1792.37,1809.29,1788.15,1803.85,,,,
2024-09-10,1804.65,1813.15,1799.74,1811.9,,,,
2024-09-11,1804.2,1808.73,1779.04,1807.39,,,,
2024-09-12,1804.34,1814.52,1789.7,1813.01,,,,
2024-09-13,1812.22,1821.91,1811.84,1816.48,,,,
2024-09-16,1824.36,1831.21,1821.51,1827.23,,,,
2024-09-17,1823.71,1824.01,1802.82,1808.7,,,,
2024-09-18,1807.04,1823.11,1799.28,1805.81,,,,
2024-09-19,1816.87,1820.17,1808.02,1812.06,,,,
2024-09-20,1808.27,1813.23,1801.6,1805.9,,,,
2024-09-23,1809.21,1810.49,1798.32,1801.38,,,,
2024-09-24,1799.55,1801.14,1789.93,1797.38,,,,
2024-09-25,1801.51,1804.9,1779.58,1780.54,,,,
2024-09-26,1782.76,1788.12,1776,1786.28,,,,
2024-09-27,1788.46,1798.53,1785.21,1785.58,,,,
2024-09-30,1786.39,1797.27,1780.48,1796.48,,,,
2024-10-01,1799.59,1800.24,1780.75,1787.4,,,,
2024-10-02,1778.54,1788.91,1772.34,1783.75,,,,
2024-10-03,1779.41,1779.6,1764.39,1767.64,,,,
2024-10-04,1769.57,1772.39,1759.78,1769.05,,,,
2024-10-07,1766.15,1774.38,1757.31,1760.44,,,,
2024-10-08,1766.48,1772.52,1763.87,1769.99,,,,
2024-10-09,1770.49,1789.37,1767.75,1788.1,,,,
2024-10-10,1788.9,1788.9,1777.32,1781.8,,,,
2024-10-11,1787,1796.67,1784.68,1794.87,,,,
2024-10-14,1796.14,1807.49,1790.69,1804.05,,,,
2024-10-15,1796.48,1801.18,1779.19,1781.62,,,,
2024-10-16,1777.92,1790.13,1774.81,1786.58,,,,
2024-10-17,1779.09,1783.67,1774.93,1776.14,,,,
2024-10-18,1779.03,1788.72,1772.31,1784.7,,,,
2024-10-21,1780.88,1784.3,1761.79,1763.47,,,,
2024-10-22,1753.73,1763.96,1753.07,1760.7,,,,
2024-10-23,1755.76,1759.04,1743.3,1752.58,,,,
2024-10-24,1753.29,1759.21,1740.6,1740.74,,,,
2024-10-25,1747.08,1747.69,1729.44,1731.52,,,,
2024-10-28,1737.63,1741.44,1731.65,1733.74,,,,
2024-10-29,1731.71,1739.55,1728.38,1728.75,,,,
2024-10-30,1700.26,1726.43,1696.32,1725.5,,,,
2024-10-31,1716.32,1723.32,1711.42,1711.5,,,,
2024-11-01,1715.61,1729.71,1715.61,1721.67,,,,
2024-11-04,1718.87,1725.1,1707.13,1709.91,,,,
2024-11-05,1706.59,1723.04,1700.81,1722.74,,,,
2024-11-06,1740.46,1756.48,1716.92,1725.37,,,,
2024-11-07,1731.21,1739.48,1727.13,1736.45,,,,
2024-11-08,1740.42,1758.02,1737.34,1748.63,,,,
2024-11-11,1741.74,1753.93,1736.52,1738.27,,,,
2024-11-12,1735.84,1739.21,1714.23,1714.97,,,,
2024-11-13,1715.1,1718.74,1708.24,1709.79,,,,
2024-11-14,1707.44,1707.83,1681.53,1683.5,,,,
2024-11-15,1677.58,1677.58,1648.19,1651.81,,,,
2024-11-18,1649.37,1653.81,1644.96,1651.83,,,,
2024-11-19,1639.53,1648.48,1632.74,1643.93,,,,
2024-11-20,1646.28,1665.27,1645.25,1663.36,,,,
2024-11-21,1664.94,1678.93,1655.92,1677.19,,,,
2024-11-22,1681.66,1687.65,1675.56,1678.61,,,,
2024-11-25,1684.73,1697.46,1684.73,1693.65,,,,
2024-11-26,1696.37,1702.39,1683.29,1701.24,,,,
2024-11-27,1703.34,1719.14,1703.34,1709.26,,,,
2024-11-29,1707.43,1719.4,1706.97,1713.71,,,,
2024-12-02,1713.92,1714.25,1703.62,1711.47,,,,
2024-12-03,1711.35,1715.2,1707.49,1708.3,,,,
2024-12-04,1708.73,1716.74,1702.98,1707.05,,,,
2024-12-05,1701.52,1701.52,1684.62,1687.81,,,,
2024-12-06,1689.78,1691.69,1676.39,1678.63,,,,
2024-12-09,1679.49,1686.81,1673.58,1682.36,,,,
2024-12-10,1683.62,1686.61,1669.85,1674.61,,,,
2024-12-11,1670.18,1670.18,1652.28,1652.78,,,,
2024-12-12,1653.87,1656.75,1638.27,1639.13,,,,
2024-12-13,1635.56,1644.15,1628.72,1639.18,,,,
2024-12-16,1638.63,1645.66,1617.27,1618.71,,,,
2024-12-17,1615.22,1627.84,1610.79,1617.84,,,,
2024-12-18,1617.35,1626.96,1595,1595.57,,,,
2024-12-19,1589.6,1600.43,1579.18,1583.85,,,,
2024-12-20,1583.23,1617.98,1583.23,1603.1,,,,
2024-12-23,1600.94,1621.57,1598.95,1619.76,,,,
2024-12-24,1615.13,1626.36,1611.28,1626.36,,,,
2024-12-26,1619.95,1630.51,1619.59,1628.97,,,,
2024-12-27,1619.14,1630.99,1614.37,1620.64,,,,
2024-12-30,1612.96,1612.96,1595.47,1600.96,,,,
2024-12-31,1603.02,1611.24,1596.08,1604.75,,,,
2025-01-02,1613.99,1618.99,1600.03,1604.98,,,,
2025-01-03,1608.22,1625.09,1606.52,1620.82,,,,
2025-01-06,1619.13,1633.35,1616.56,1620.52,,,,
2025-01-07,1625.31,1643.55,1625.31,1629.97,,,,
2025-01-08,1630.99,1640.28,1618.24,1638.64,,,,
2025-01-10,1632.33,1643.58,1625.72,1629.21,,,,
2025-01-13,1631.32,1654.32,1629.77,1649.95,,,,
2025-01-14,1646.72,1647.37,1619.86,1634.37,,,,
2025-01-15,1642.25,1646.11,1628.91,1638.33,,,,
2025-01-16,1636.97,1647.17,1626.97,1645.23,,,,
2025-01-17,1646.16,1648.13,1634.14,1634.14,,,,
2025-01-21,1643.2,1661.11,1643.2,1661.11,,,,
2025-01-22,1652.83,1662.64,1645.74,1656.91,,,,
2025-01-23,1660.23,1679.24,1653.25,1679.24,,,,
2025-01-24,1671.79,1684.61,1671.5,1681.5,,,,
2025-01-27,1686.59,1718.93,1686.59,1718.34,,,,
2025-01-28,1718.09,1721.83,1706.55,1706.92,,,,
2025-01-29,1705.26,1707.42,1692.5,1697.18,,,,
2025-01-30,1705.78,1721.2,1703.87,1716.81,,,,
2025-01-31,1715.75,1731.04,1710.21,1710.76,,,,
2025-02-03,1704.61,1726.11,1701.34,1717.57,,,,
2025-02-04,1701.46,1714.91,1696.67,1712.96,,,,
2025-02-05,1719.74,1732.47,1713.93,1730.44,,,,
2025-02-06,1727.12,1728.87,1711.64,1714.21,,,,
2025-02-07,1717.41,1723.48,1704.48,1705.45,,,,
2025-02-10,1708.08,1708.08,1694.42,1704.49,,,,
2025-02-11,1698.52,1703.56,1694.22,1700.75,,,,
2025-02-12,1696.19,1707.59,1693.53,1698.84,,,,
2025-02-13,1704.43,1708.81,1692.26,1705.58,,,,
2025-02-14,1706.13,1708,1686.03,1686.57,,,,
2025-02-18,1677.89,1686.01,1674.26,1682.2,,,,
2025-02-19,1681.96,1703.92,1681.96,1703.36,,,,
2025-02-20,1701.31,1713.57,1700.71,1712.79,,,,
2025-02-21,1690.77,1712.02,1690.77,1704.69,,,,
2025-02-24,1705.76,1724.31,1701.66,1717.54,,,,
2025-02-25,1722.3,1734.61,1715.41,1732.23,,,,
2025-02-26,1726.37,1733.17,1715.09,1720.36,,,,
2025-02-27,1718.13,1732.47,1712.32,1713.3,,,,
2025-02-28,1714.82,1735.66,1704.85,1734.28,,,,
2025-03-03,1735.27,1749.1,1733.52,1740.43,,,,
2025-03-04,1741.96,1745.07,1721.9,1724.32,,,,
2025-03-05,1716.52,1744.05,1715.72,1741.65,,,,
2025-03-06,1735.18,1739.23,1721.36,1736.85,,,,
2025-03-07,1729.78,1748.6,1727.08,1737.3,,,,
2025-03-10,1722.69,1743.06,1713.48,1718.26,,,,
2025-03-11,1719.25,1719.25,1689.71,1698.93,,,,
2025-03-12,1692.33,1697.38,1676.35,1681.65,,,,
2025-03-13,1680.89,1687.11,1668.57,1673.12,,,,
2025-03-14,1671.5,1687.41,1668.53,1685.82,,,,
2025-03-17,1684.38,1709.58,1684.23,1704.96,,,,
2025-03-18,1707.24,1708.79,1698.01,1706.98,,,,
2025-03-19,1706.6,1711.82,1696.06,1707.24,,,,
2025-03-20,1705.49,1715.91,1702.79,1709.16,,,,
2025-03-21,1704.46,1706.85,1694.27,1703.97,,,,
2025-03-24,1707.03,1719.44,1705.15,1716.99,,,,
2025-03-25,1721.56,1721.74,1684.57,1694.79,,,,
2025-03-26,1695.06,1702.93,1684.61,1688.6,,,,
2025-03-27,1687.22,1696.5,1685.91,1691.74,,,,
2025-03-28,1692.19,1693.48,1685.28,1687.06,,,,
2025-03-31,1679.37,1709.92,1673.56,1702.26,,,,
2025-04-01,1696.3,1696.3,1666.85,1672.54,,,,
2025-04-02,1665.3,1684.14,1659.2,1683.05,,,,
2025-04-03,1680.88,1692.27,1668.85,1669.68,,,,
2025-04-04,1649.14,1651.25,1576.99,1577.84,,,,
2025-04-07,1542.86,1600.16,1511.6,1568.43,,,,
2025-04-08,1601.5,1619.89,1530.93,1551.83,,,,
2025-04-09,1524.41,1623.22,1512.28,1619.12,,,,
2025-04-10,1605.39,1606.58,1532.18,1574.1,,,,
2025-04-11,1577.38,1605.5,1559.27,1596.96,,,,
2025-04-14,1610.74,1621.12,1597.24,1615.8,,,,
2025-04-15,1618.45,1618.7,1599.62,1604.63,,,,
2025-04-16,1610.02,1614.94,1580.55,1588.56,,,,
2025-04-17,1579.72,1591.12,1574.22,1578.44,,,,
2025-04-21,1575.82,1577.05,1533.1,1544.83,,,,
2025-04-22,1554.44,1575.46,1551.39,1572.65,,,,
2025-04-23,1585.49,1605.65,1574.41,1581.07,,,,
2025-04-24,1585.21,1602.07,1574.25,1600.62,,,,
2025-04-25,1603.87,1609.92,1583.26,1608.72,,,,
2025-04-28,1609.9,1618.62,1600.83,1614.73,,,,
2025-04-29,1612.06,1630.67,1605.22,1622.58,,,,
2025-04-30,1628.34,1640.02,1611.42,1637.04,,,,
2025-05-01,1619.03,1619.03,1590.2,1591.35,,,,
2025-05-02,1616.35,1619.1,1602.15,1613.9,,,,
2025-05-05,1612.1,1615.47,1603,1608.29,,,,
2025-05-06,1598.88,1598.88,1560.93,1563.98,,,,
2025-05-07,1568.94,1581.26,1565.76,1576.66,,,,
2025-05-08,1568.56,1576.14,1557.31,1562.24,,,,
2025-05-09,1563.85,1568.84,1543.97,1545.09,,,,
2025-05-12,1546.18,1584.83,1544.75,1582.6,,,,
2025-05-13,1559.58,1560,1535.22,1535.61,,,,
2025-05-14,1540.36,1542.96,1498.25,1500.21,,,,
2025-05-15,1494.67,1519.6,1482.51,1519.35,,,,
2025-05-16,1524.43,1549.16,1517.51,1549.08,,,,
2025-05-19,1547.56,1564.19,1543.9,1563.92,,,,
2025-05-20,1563.79,1571.69,1561.46,1568.17,,,,
2025-05-21,1555.56,1560.64,1530.52,1530.97,,,,
2025-05-22,1522.57,1526.92,1512.71,1519.35,,,,
2025-05-23,1511.74,1519.33,1507.6,1515.99,,,,
2025-05-27,1527.89,1539.28,1526.03,1537.08,,,,
2025-05-28,1535.22,1541.57,1525.22,1528.28,,,,
2025-05-29,1530.59,1543.74,1527.04,1539.53,,,,
2025-05-30,1536.24,1550.33,1522.63,1543.45,,,,
2025-06-02,1538.22,1543.73,1524.74,1543.55,,,,
2025-06-03,1539.15,1552.38,1531.79,1546.43,,,,
2025-06-04,1550.95,1561.7,1549.76,1549.76,,,,
2025-06-05,1552.84,1556.91,1541.88,1548.48,,,,
2025-06-06,1555.55,1567.62,1555.35,1562.81,,,,
2025-06-09,1561.23,1567.36,1551.24,1560.38,,,,
2025-06-10,1561.67,1582.23,1561.67,1577.38,,,,
2025-06-11,1577.47,1587.75,1573.74,1577.98,,,,
2025-06-12,1579.27,1590.84,1575.36,1590.84,,,,
2025-06-13,1580.09,1596.1,1578.61,1582.28,,,,
2025-06-16,1584.45,1588.93,1569.19,1575.9,,,,
2025-06-17,1569.06,1571.79,1548.17,1550.11,,,,
2025-06-18,1549.22,1557.07,1539.03,1547.29,,,,
2025-06-20,1552.37,1553.11,1537.79,1540.18,,,,
2025-06-23,1540.49,1548.48,1528.48,1541.87,,,,
2025-06-24,1545.14,1564.24,1540.11,1560.28,,,,
2025-06-25,1556.33,1566.91,1550.09,1561.67,,,,
2025-06-26,1565.9,1576.54,1560.46,1565.37,,,,
2025-06-27,1565.86,1576.3,1559.85,1562.71,,,,
2025-06-30,1562.92,1574.06,1561.7,1572.52,,,,
2025-07-01,1569.73,1606.42,1569.45,1594.43,,,,
2025-07-02,1585.18,1589.83,1577.59,1578.97,,,,
2025-07-03,1581.71,1583.51,1576.61,1580.76,,,,
2025-07-07,1579.39,1579.39,1558.76,1566.97,,,,
2025-07-08,1564.46,1588.23,1562.85,1573.72,,,,
2025-07-09,1576.09,1584.42,1567.78,1580.46,,,,
2025-07-10,1579.85,1604.83,1576.19,1590.36,,,,
2025-07-11,1582.18,1582.73,1567,1576.44,,,,
2025-07-14,1569.95,1578.13,1568.3,1574.93,,,,
2025-07-15,1576.24,1578.44,1543.76,1545.28,,,,
2025-07-16,1552.06,1566.03,1550.53,1564.14,,,,
2025-07-17,1553.53,1556.68,1541.59,1545.61,,,,
2025-07-18,1549.89,1551.88,1534.09,1536.28,,,,
2025-07-21,1536.44,1541.49,1526.55,1526.87,,,,
2025-07-22,1530.44,1558.31,1530.44,1555.84,,,,
2025-07-23,1572.46,1587.82,1570.44,1587.49,,,,
2025-07-24,1585.33,1595.13,1579.21,1580.82,,,,
2025-07-25,1586.48,1591.56,1580.62,1588.68,,,,
2025-07-28,1586.71,1588.16,1571.56,1575.51,,,,
2025-07-29,1567.71,1573.13,1549.83,1564.65,,,,
2025-07-30,1568.11,1573.76,1556.23,1562.05,,,,
2025-07-31,1551.7,1557.83,1513.58,1518.42,,,,
2025-08-01,1521.26,1529.47,1512.12,1527.29,,,,
2025-08-04,1531.08,1549.14,1529.31,1548.81,,,,
2025-08-05,1544.11,1547.84,1537.64,1542.8,,,,
2025-08-06,1536.48,1537.26,1517.8,1519.36,,,,
2025-08-07,1509.78,1515.2,1490,1501.74,,,,
2025-08-08,1507.81,1518.46,1506.16,1515.32,,,,
2025-08-11,1517.26,1528.13,1515.22,1516.35,,,,
2025-08-12,1518.43,1527.97,1516.21,1527.57,,,,
2025-08-13,1534.96,1552.59,1533.47,1551.78,,,,
2025-08-14,1547.98,1561.34,1542.34,1559.54,,,,
2025-08-18,1586.73,1596.75,1581.03,1581.76,,,,
2025-08-19,1582.11,1596.9,1581.03,1591.51,,,,
2025-08-20,1594.62,1608.33,1594.08,1601.03,,,,
2025-08-21,1597.51,1611.67,1594.18,1595.16,,,,
2025-08-22,1604.26,1617.28,1604.26,1608.18,,,,
2025-08-25,1606.9,1608.44,1583.97,1585.05,,,,
2025-08-26,1588.7,1595.23,1585.65,1593.78,,,,
2025-08-27,1593.13,1601.51,1590.48,1593.23,,,,
2025-08-28,1590.48,1590.48,1579.09,1586.54,,,,
2025-08-29,1586.78,1598.39,1586.2,1598.13,,,,
2025-09-02,1593.71,1600.87,1587.07,1599.22,,,,
2025-09-03,1596.14,1601.92,1584.51,1592.71,,,,
2025-09-04,1590.67,1598.5,1582.54,1598.5,,,,
2025-09-05,1596.44,1608.68,1594.91,1603.65,,,,
2025-09-08,1599.53,1603.02,1586,1601.81,,,,
2025-09-09,1603.75,1615.7,1601.58,1611.38,,,,
2025-09-10,1607.49,1607.49,1590.72,1596.74,,,,
2025-09-11,1605.01,1627.71,1604.1,1624.34,,,,
2025-09-12,1618.79,1625.44,1605.96,1606,,,,
2025-09-15,1605.38,1608.48,1587.33,1589.8,,,,
2025-09-16,1588.52,1595.59,1585.86,1590.25,,,,
2025-09-17,1592.22,1605.73,1589.55,1594.01,,,,
2025-09-18,1593.73,1602.02,1590.97,1596.86,,,,
2025-09-19,1600.17,1601.68,1593.51,1594.45,,,,
2025-09-22,1590.41,1601.47,1586.14,1593.8,,,,
2025-09-23,1589.26,1602.39,1588.43,1597.63,,,,
2025-09-24,1595.16,1598.77,1588.66,1591.87,,,,
2025-09-25,1589.4,1589.4,1560.48,1565.23,,,,
2025-09-26,1574.25,1581.9,1570.34,1580.59,,,,
2025-09-29,1581.99,1585.88,1571.64,1585.1,,,,
2025-09-30,1585.02,1626.85,1583.68,1623.95,,,,
2025-10-01,1630.27,1676.31,1630.27,1672.81,,,,
2025-10-02,1661.09,1674.24,1659.13,1669.62,,,,
2025-10-03,1673.37,1704,1673.37,1688.46,,,,
2025-10-06,1686.82,1691.27,1678.99,1680.36,,,,
2025-10-07,1677.83,1686.73,1670.63,1681.65,,,,
2025-10-08,1684.13,1690.47,1679.62,1684.64,,,,
2025-10-09,1689,1693.68,1678.98,1681.98,,,,
2025-10-10,1686.55,1686.79,1655.28,1657,,,,
2025-10-13,1655.26,1666.74,1652.45,1655.57,,,,
2025-10-14,1648.8,1665.67,1645.25,1660.01,,,,
2025-10-15,1658.21,1669.2,1647.4,1660.5,,,,
2025-10-16,1664.9,1674,1654.55,1658.65,,,,
2025-10-17,1648.16,1670.96,1647.01,1669.18,,,,
2025-10-20,1673.86,1689.56,1673.86,1687.03,,,,
2025-10-21,1687.79,1697.01,1682.12,1690.56,,,,
2025-10-22,1701.24,1709.54,1695.93,1700.94,,,,
2025-10-23,1696.35,1706.63,1693.99,1701.47,,,,
2025-10-24,1704.21,1709.87,1699.79,1701.05,,,,
2025-10-27,1701.28,1706.38,1692.1,1705.79,,,,
2025-10-28,1705.81,1706.85,1691.75,1694.15,,,,
2025-10-29,1692.4,1694.61,1672.91,1677.75,,,,
2025-10-30,1680.19,1694.4,1675.42,1681.51,,,,
2025-10-31,1669.84,1683.42,1663.19,1680.03,,,,
2025-11-03,1679.97,1684.44,1664.33,1682.15,,,,
2025-11-04,1676.48,1695,1670.93,1688.85,,,,
2025-11-05,1685.8,1703.77,1683.41,1696.33,,,,
2025-11-06,1692.66,1702.28,1688.61,1699.55,,,,
2025-11-07,1697.66,1701.83,1685.51,1701.64,,,,
2025-11-10,1698.12,1716.65,1698.12,1715.19,,,,
2025-11-11,1721.17,1756.22,1721.17,1755.1,,,,
2025-11-12,1755.39,1783.6,1755.39,1779,,,,
2025-11-13,1771.55,1799.13,1769.31,1778.64,,,,
2025-11-14,1770.6,1780.32,1760.55,1767.49,,,,
2025-11-17,1760.16,1785.07,1759.35,1766.48,,,,
2025-11-18,1764.13,1782.76,1761.04,1776.08,,,,
2025-11-19,1774.79,1780.5,1764.92,1773.54,,,,
2025-11-20,1774.44,1784.54,1759.87,1762.52,,,,
2025-11-21,1765.87,1812.4,1765.29,1799.75,,,,
2025-11-24,1806.48,1817.54,1798.26,1808.19,,,,
2025-11-25,1813.13,1848.37,1813,1847.27,,,,
2025-11-26,1842.52,1848.76,1841.14,1842.64,,,,
2025-11-28,1840.19,1840.68,1828.16,1833.52,,,,
2025-12-01,1829.29,1835.71,1805.47,1806.19,,,,
2025-12-02,1805.59,1808.27,1793.15,1795.68,,,,
2025-12-03,1800.98,1811.76,1799.67,1803.97,,,,
2025-12-04,1802.5,1803.11,1784.44,1790.77,,,,
2025-12-05,1796.06,1798.41,1779.27,1783.4,,,,
2025-12-08,1780.31,1780.31,1757.84,1760.82,,,,
2025-12-09,1766.07,1774.72,1742.38,1743.54,,,,
2025-12-10,1747.99,1769.38,1742.61,1768.76,,,,
2025-12-11,1776.82,1793.88,1770.6,1785.58,,,,
2025-12-12,1785.87,1797.05,1783.51,1791,,,,
2025-12-15,1795.38,1816.2,1795.38,1813.82,,,,
2025-12-16,1812.59,1812.59,1779.04,1790.64,,,,
2025-12-17,1791.02,1798.37,1785.8,1786.77,,,,
2025-12-18,1786.66,1802.89,1785.72,1788.27,,,,
2025-12-19,1788.41,1810.31,1788.41,1800.86,,,,
2025-12-22,1796.2,1813.13,1795.64,1812.8,,,,
2025-12-23,1805.25,1816.82,1805.2,1809.27,,,,
2025-12-24,1810.63,1819.71,1810.63,1817.89,,,,
2025-12-26,1817.16,1821.41,1812.81,1820.3,,,,
2025-12-29,1820.36,1824.98,1816.55,1817.63,,,,
2025-12-30,1815.8,1819.74,1810.82,1816.11,,,,
2025-12-31,1815.3,1817.62,1805.67,1805.89,,,,
2026-01-02,1806.01,1814.37,1791.43,1813.78,,,,
2026-01-05,1805.25,1812.18,1784.6,1808.14,,,,
2026-01-06,1811.96,1846.56,1811.96,1843.51,,,,
2026-01-07,1850.85,1872.62,1850.85,1862.19,,,,
2026-01-08,1857.48,1871.64,1838.47,1845.18,,,,
2026-01-09,1847.84,1853.72,1834.36,1834.54,,,,
2026-01-12,1834.39,1837.05,1820.03,1835.79,,,,
2026-01-13,1836.69,1837.79,1816.69,1828.46,,,,
2026-01-14,1827.5,1842.6,1825.37,1841.3,,,,
2026-01-15,1836.72,1836.74,1812.3,1830.58,,,,
2026-01-16,1826.07,1827.81,1814.96,1815.12,,,,
2026-01-20,1798.11,1817.19,1786.12,1811.4,,,,
2026-01-21,1812.98,1847.32,1809.8,1844.05,,,,
2026-01-22,1837.63,1855.68,1837.1,1844.67,,,,
2026-01-23,1841.46,1845.27,1825.15,1834.27,,,,
2026-01-26,1832.04,1844.18,1828.85,1841.83,,,,
2026-01-27,1818.6,1830.12,1807.12,1811.28,,,,
2026-01-28,1802.72,1806.97,1787.81,1797.28,,,,
2026-01-29,1795.02,1801.23,1788.08,1792.36,,,,
2026-01-30,1794.52,1804.48,1785.78,1802.62,,,,
2026-02-02,1800.05,1817.28,1800.05,1813.61,,,,
2026-02-03,1804.55,1829.66,1792.22,1795.38,,,,
2026-02-04,1815.24,1826.18,1796.85,1817.37,,,,
2026-02-05,1820.41,1828.13,1801.88,1804.66,,,,
2026-02-06,1815.74,1837.96,1814.98,1837,,,,
2026-02-09,1838.5,1842.63,1817.81,1821.17,,,,
2026-02-10,1827.4,1830.34,1808.51,1809.78,,,,
2026-02-11,1806.88,1821.56,1799.15,1820.63,,,,
2026-02-12,1820.92,1833.48,1811.27,1817.59,,,,
2026-02-13,1823.54,1848.54,1823.54,1835.92,,,,
2026-02-17,1838.29,1849.76,1829.47,1832.36,,,,
2026-02-18,1832.11,1837.15,1822.68,1836.16,,,,
2026-02-19,1830.68,1835.26,1818.5,1831.07,,,,
2026-02-20,1827.72,1829.98,1815.35,1825.23,,,,
2026-02-23,1832.08,1847.51,1830.88,1846.25,,,,
2026-02-24,1844.72,1844.72,1830.97,1836.4,,,,
2026-02-25,1837.76,1852.24,1834.18,1836.02,,,,
2026-02-26,1838.69,1838.69,1816.28,1831.84,,,,
2026-02-27,1827.38,1864.54,1826.61,1864.3,,,,
2026-03-02,1852.97,1859.85,1838.55,1845.5,,,,
2026-03-03,1827.93,1831.17,1804.29,1824.49,,,,
2026-03-04,1825,1833.47,1811.73,1827.98,,,,
2026-03-05,1809.56,1809.56,1777.24,1791.8,,,,
2026-03-06,1781.89,1781.89,1756.92,1777.87,,,,
2026-03-09,1769.52,1797.31,1758.02,1794.67,,,,
2026-03-10,1795.18,1797.05,1779.32,1781.59,,,,
2026-03-11,1776.82,1780.78,1767.07,1778.1,,,,
2026-03-12,1770.89,1773.25,1744.75,1746.82,,,,
2026-03-13,1754.89,1770.37,1740.21,1741.92,,,,
2026-03-16,1752.85,1763.24,1748.09,1754.96,,,,
2026-03-17,1760.32,1764.77,1738.15,1738.73,,,,
2026-03-18,1727.65,1727.68,1708.8,1710.71,,,,
2026-03-19,1709.69,1720.36,1700.49,1703.99,,,,
2026-03-20,1699.98,1708.7,1681.44,1688.86,,,,
2026-03-23,1703.45,1711.6,1687.69,1689.4,,,,
2026-03-24,1679.68,1695.58,1673.45,1690.03,,,,
2026-03-25,1701.03,1711.44,1696.43,1706.58,,,,
2026-03-26,1701.31,1714.56,1699.69,1700.83,,,,
2026-03-27,1700.79,1700.79,1669.21,1671.8,,,,
2026-03-30,1683.66,1686.9,1673.67,1677.82,,,,
2026-03-31,1689.45,1711.82,1687.02,1710.39,,,,
2026-04-01,1719.49,1735.43,1714.54,1724.03,,,,
2026-04-02,1712.78,1730.29,1706.33,1712.34,,,,
2026-04-06,1705.94,1715.95,1700.15,1705.9,,,,
2026-04-07,1713.25,1713.25,1689.83,1709.8,,,,
2026-04-08,1725.15,1745.77,1720.94,1745.01,,,,
2026-04-09,1735.42,1751.94,1730.26,1741.7,,,,
2026-04-10,1746.45,1746.45,1716,1718.55,,,,
2026-04-13,1713.03,1726.61,1705.73,1726.49,,,,
2026-04-14,1722.44,1744.7,1718.97,1735.07,,,,
2026-04-15,1736.4,1738.67,1712.11,1722.53,,,,
2026-04-16,1721.13,1726.84,1704.97,1709.22,,,,
2026-04-17,1715.92,1737.77,1715.92,1734.09,,,,
2026-04-20,1731.77,1733.05,1714.9,1717.96,,,,
2026-04-21,1726,1727.46,1700.22,1700.53,,,,
2026-04-22,1709.36,1720.14,1701.74,1705.67,,,,
2026-04-23,1704.65,1710.06,1691.47,1703.91,,,,
2026-04-24,1698.75,1698.75,1674.35,1680.49,,,,
2026-04-27,1672.13,1691.66,1671.36,1671.41,,,,
2026-04-28,1682.24,1687.02,1669.88,1675.47,,,,
2026-04-29,1663,1669.34,1654.86,1663.87,,,,
2026-04-30,1678.83,1704.45,1674.6,1700.55,,,,
2026-05-01,1705.64,1708.04,1691.65,1691.65,,,,
2026-05-04,1683.34,1692.1,1681.9,1686.76,,,,
2026-05-05,1691.95,1697.08,1683.38,1693.23,,,,
2026-05-06,1696.34,1702.85,1688.56,1694.65,,,,
2026-05-07,1692.43,1698.92,1681.31,1686.55,,,,
2026-05-08,1684.45,1689.27,1667.75,1672.11,,,,
2026-05-11,1675.19,1688.96,1661.6,1665.74,,,,
2026-05-12,1674.9,1707.72,1667.98,1697.95,,,,
2026-05-13,1695.64,1711.66,1691.36,1708.65,,,,
2026-05-14,1711.53,1716.56,1699.87,1707.33,,,,
2026-05-15,1707.61,1712.14,1686.71,1688.81,,,,
2026-05-18,1685.59,1696.91,1678.22,1695.9,,,,
2026-05-19,1696.87,1723.51,1686.27,1714.33,,,,
2026-05-20,1718.9,1722.52,1703.05,1713.18,,,,
2026-05-21,1706.79,1726.1,1698.95,1724.16,,,,
2026-05-22,1730.79,1749.77,1730.79,1744.71,,,,
2026-05-26,1744.22,1747.38,1726.89,1726.89,,,,
2026-05-27,1729.98,1746.9,1725.18,1730.7,,,,
2026-05-28,1736.53,1760.56,1735.4,1755.12,,,,
2026-05-29,1755.91,1757.87,1734.66,1739.78,,,,
2026-06-01,1727.47,1730.14,1713.16,1719.39,,,,
2026-06-02,1706.6,1712.84,1690.9,1702.42,,,,
2026-06-03,1701.22,1722.21,1699.94,1714.22,,,,
2026-06-04,1738.09,1774.38,1738.09,1768.33,,,,
2026-06-05,1778.44,1799.35,1778.44,1779.88,,,,
2026-06-08,1783.49,1796.81,1773.07,1775.89,,,,
2026-06-09,1782.64,1802.62,1782.21,1798.4,,,,
2026-06-10,1800.82,1801.24,1777.49,1777.78,,,,
2026-06-11,1785.06,1804.49,1779.02,1792.03,,,,
2026-06-12,1800.27,1801.76,1783.88,1789.23,,,,
2026-06-15,1787.05,1787.05,1763.05,1776.63,,,,
2026-06-16,1784.83,1784.86,1763.09,1776.3,,,,
2026-06-17,1767.6,1772.62,1742.86,1751.33,,,,
