Date,Open,High,Low,Close,Volume,TradingValue,UpLimit,LowLimit
2012-10-02,371.18,371.81,367.85,369.33,,,,
2012-10-03,370.23,373.33,369.55,372.33,,,,
2012-10-04,373.2,376.33,373.2,375.55,,,,
2012-10-05,376.93,379.42,375.64,376.79,,,,
2012-10-08,375.46,376.88,374.87,375.74,,,,
2012-10-09,375.35,375.35,369.81,369.97,,,,
2012-10-10,370.55,371.05,367.01,367.47,,,,
2012-10-11,368.89,370.14,365.09,365.75,,,,
2012-10-12,365.72,367.94,365.1,365.78,,,,
2012-10-15,366.1,369.99,365.27,369.64,,,,
2012-10-16,370.58,373.22,370.58,372.76,,,,
2012-10-17,373.17,376.03,373.06,375,,,,
2012-10-18,374.78,377.17,373.48,375.06,,,,
2012-10-19,374.18,374.18,367.14,368.73,,,,
2012-10-22,368.06,368.7,364.82,367.21,,,,
2012-10-23,365.14,365.36,361.33,364.22,,,,
2012-10-24,364.76,365.45,362.29,362.71,,,,
2012-10-25,364.15,366.28,360.55,361.98,,,,
2012-10-26,362.81,363.89,359.41,363.05,,,,
2012-10-31,363.88,365.56,361.64,364.23,,,,
2012-11-01,365.39,369.14,365.22,368.82,,,,
2012-11-02,372.19,373.69,368.13,368.13,,,,
2012-11-05,367.67,369.77,366.41,369.24,,,,
2012-11-06,369.42,371.98,369.14,371.37,,,,
2012-11-07,369.34,369.81,364.16,366.8,,,,
2012-11-08,366.25,367.82,360.91,360.92,,,,
2012-11-09,359.89,362.29,357.62,359.5,,,,
2012-11-12,360.04,361.21,358.76,359.55,,,,
2012-11-13,358.59,363.59,358.31,360.41,,,,
2012-11-14,360.91,362.18,354.2,354.97,,,,
2012-11-15,355.1,356.95,353.36,354.7,,,,
2012-11-16,355.07,357.69,353.17,357.16,,,,
2012-11-19,359.7,364.8,359.7,364.8,,,,
2012-11-20,364.55,367.18,364.26,366.19,,,,
2012-11-21,366.81,368.42,366.09,367.93,,,,
2012-11-23,369.11,372.73,369.11,372.73,,,,
2012-11-26,372.03,372.03,369.22,371.03,,,,
2012-11-27,370.77,372.2,369.19,369.41,,,,
2012-11-28,368.67,374.25,366.82,374.12,,,,
2012-11-29,374.45,375.99,373.03,375.02,,,,
2012-11-30,374.88,375.83,372.85,375.15,,,,
2012-12-03,376.01,377.41,372.94,373.16,,,,
2012-12-04,373.03,373.1,369.82,371.76,,,,
2012-12-05,372.16,372.74,367.78,370.52,,,,
2012-12-06,370.05,372.83,369.56,372.66,,,,
2012-12-07,373.16,374.7,371.96,373.73,,,,
2012-12-10,373.47,373.84,371.39,371.67,,,,
2012-12-11,372.58,374.23,371.57,372.68,,,,
2012-12-12,373.25,375.45,372.48,373.03,,,,
2012-12-13,372.96,375.04,369.79,370.69,,,,
2012-12-14,370.33,370.72,368.64,369.13,,,,
2012-12-17,369.69,375.96,369.69,375.94,,,,
2012-12-18,376.32,381.12,376.19,380.13,,,,
2012-12-19,380.4,380.57,377.28,377.29,,,,
2012-12-20,377.38,378.38,375.53,378.36,,,,
2012-12-21,376.14,376.14,372.32,374.54,,,,
2012-12-24,374.14,375.55,374,375.26,,,,
2012-12-26,375.06,375.06,370.11,371.57,,,,
2012-12-27,371.67,372.94,366.68,371.96,,,,
2012-12-28,370.63,371.93,368.34,368.67,,,,
2012-12-31,367.91,376.15,367.42,376.06,,,,
2013-01-02,379.43,384.23,379.43,384.23,,,,
2013-01-03,384.43,387.17,383.97,385.02,,,,
2013-01-04,385.26,386.72,384.61,386.34,,,,
2013-01-07,385.98,385.98,383.45,385.28,,,,
2013-01-08,384.69,384.93,381.63,384.29,,,,
2013-01-09,384.81,386.79,384.39,384.96,,,,
2013-01-10,386.06,387.13,384.64,387.07,,,,
2013-01-11,387.2,387.98,386.19,387.63,,,,
2013-01-14,387.6,389.41,386.88,388.48,,,,
2013-01-15,387.55,391.48,387,391.15,,,,
2013-01-16,390.09,390.9,389.28,390.33,,,,
2013-01-17,391.07,395.45,391.07,394.52,,,,
2013-01-18,394.8,395.36,392.72,395.22,,,,
2013-01-22,395.29,396.18,393.87,396.08,,,,
2013-01-23,396.04,396.66,394.16,396.41,,,,
2013-01-24,397.08,401.39,397.08,399.27,,,,
2013-01-25,399.7,403.54,399.7,403.37,,,,
2013-01-28,403.3,403.73,400.94,401.53,,,,
2013-01-29,400.69,400.69,397.77,400.05,,,,
2013-01-30,401.47,401.47,398.72,399.35,,,,
2013-01-31,398.42,399.46,396.48,397.27,,,,
2013-02-01,398.77,401.1,398.77,399.62,,,,
2013-02-04,398.38,398.66,394.57,394.8,,,,
2013-02-05,395.5,400.25,395.5,399.09,,,,
2013-02-06,398.03,400.85,397.97,399.84,,,,
2013-02-07,399.49,400.16,394.99,398.74,,,,
2013-02-08,399.51,402.13,399.51,401.87,,,,
2013-02-11,401.78,401.78,399.87,400.66,,,,
2013-02-12,400.91,402.81,400.8,402.16,,,,
2013-02-13,404.88,405.48,401.83,403.02,,,,
2013-02-14,402.26,403.85,401.57,403.05,,,,
2013-02-15,402.9,405.31,401.47,403.53,,,,
2013-02-19,404.15,405.38,403.2,405.31,,,,
2013-02-20,405.42,405.76,398.84,398.97,,,,
2013-02-21,398.18,398.21,394.14,395.55,,,,
2013-02-22,396.24,397.84,394.69,397.84,,,,
2013-02-25,399.11,400.2,391.33,391.33,,,,
2013-02-26,392.24,396.06,391.94,395.16,,,,
2013-02-27,395.9,402.32,395.66,401.12,,,,
2013-02-28,400.86,404.08,400.53,401.16,,,,
2013-03-01,400.34,403.57,398.43,403.55,,,,
2013-03-04,402.82,407.4,402.37,407.38,,,,
2013-03-05,408.69,412.16,408.69,411.49,,,,
2013-03-06,412.21,413.76,410.7,411.16,,,,
2013-03-07,411.18,412.11,410.69,411.78,,,,
2013-03-08,412.72,416.79,412.55,416.31,,,,
2013-03-11,415.85,417.5,415.4,417.38,,,,
2013-03-12,417.09,417.44,414.58,415.94,,,,
2013-03-13,416.31,418.22,415.37,418.05,,,,
2013-03-14,417.93,418.95,417.04,418.68,,,,
2013-03-15,418.8,418.8,416.24,416.93,,,,
2013-03-18,414.83,415.48,412.06,413.91,,,,
2013-03-19,414.3,414.62,408.04,410.87,,,,
2013-03-20,412.84,416.43,412.84,415.6,,,,
2013-03-21,414.4,414.58,410.87,412.19,,,,
2013-03-22,413.14,417.15,413.14,417,,,,
2013-03-25,418.04,419.78,414.5,416.26,,,,
2013-03-26,417.41,418.53,416.46,418.51,,,,
2013-03-27,417.01,419.06,415.25,418.73,,,,
2013-03-28,418.86,420.51,418.44,420.27,,,,
2013-04-01,420.09,421.11,416.41,417.03,,,,
2013-04-02,418.17,421.25,418.17,420.59,,,,
2013-04-03,420.72,421.37,415.13,416.31,,,,
2013-04-04,416.32,418.86,416.19,418.71,,,,
2013-04-05,415.47,417.36,411.82,417.01,,,,
2013-04-08,417.15,421.5,416.95,421.5,,,,
2013-04-09,421.74,421.91,418.59,420.47,,,,
2013-04-10,421,425.8,421,425.28,,,,
2013-04-11,426.07,430.68,426.07,428.95,,,,
2013-04-12,428.32,431.16,427.72,431.03,,,,
2013-04-15,429.47,429.91,419.97,419.97,,,,
2013-04-16,421.19,425.9,421.19,425.83,,,,
2013-04-17,424.26,424.26,419.43,421.73,,,,
2013-04-18,422.14,422.18,415.4,416.76,,,,
2013-04-19,416.69,422.18,416.64,421.95,,,,
2013-04-22,422.19,424.38,418.99,423.78,,,,
2013-04-23,425.23,428.53,423.89,428.08,,,,
2013-04-24,429.11,431.12,427.15,428.19,,,,
2013-04-25,429.22,433.24,429.11,431.92,,,,
2013-04-26,431.29,431.8,428.88,430.13,,,,
2013-04-29,430.76,433.19,430.2,431.67,,,,
2013-04-30,431.75,432.86,430.83,432.6,,,,
2013-05-01,433.18,433.62,429.96,430.45,,,,
2013-05-02,430.79,434.67,430.72,434.56,,,,
2013-05-03,436.15,441.22,436.15,440.1,,,,
2013-05-06,439.96,442.19,439.31,441.31,,,,
2013-05-07,442.1,444.83,440.65,444.73,,,,
2013-05-08,444.51,445.59,443.28,445.55,,,,
2013-05-09,446.26,448.17,444.72,446.1,,,,
2013-05-10,446.53,449.74,446.53,449.74,,,,
2013-05-13,449.05,449.96,447.49,449.7,,,,
2013-05-14,449.97,454.65,449.97,454.22,,,,
2013-05-15,453.91,456.95,453.9,456.78,,,,
2013-05-16,455.89,456.83,450.84,451.53,,,,
2013-05-17,452.41,456.13,452.41,456.07,,,,
2013-05-20,455.62,456.27,453.57,454.3,,,,
2013-05-21,454.59,458.21,454.47,456.36,,,,
2013-05-22,455.59,459.89,450.15,452.15,,,,
2013-05-23,450.9,451.79,446.62,450.71,,,,
2013-05-24,448.9,450,445.91,449.86,,,,
2013-05-28,451.97,457.17,451.97,453.96,,,,
2013-05-29,452.11,452.11,447.6,449.47,,,,
2013-05-30,450.01,452.7,448.76,448.85,,,,
2013-05-31,447.85,451.7,443.96,443.96,,,,
2013-06-03,444.03,446.35,440.2,446.35,,,,
2013-06-04,446.14,448.85,441.21,444.17,,,,
2013-06-05,443.39,443.44,436.05,436.92,,,,
2013-06-06,436.74,441.33,434.41,441.33,,,,
2013-06-07,442.67,449.52,442.67,449.3,,,,
2013-06-10,449.61,451.01,447.36,447.9,,,,
2013-06-11,445.65,447.56,442.35,443.63,,,,
2013-06-12,445.24,446.39,438.05,438.78,,,,
2013-06-13,438.49,447.46,438.04,446.55,,,,
2013-06-14,445.51,448.07,444.17,445.4,,,,
2013-06-17,447.45,450.56,445.32,447.71,,,,
2013-06-18,448.14,453.08,448.14,452.3,,,,
2013-06-19,452.43,453.47,447.24,447.31,,,,
2013-06-20,444.7,444.75,434.35,435.39,,,,
2013-06-21,436.38,438.92,432.04,436.55,,,,
2013-06-24,434.49,435.46,427.91,432.29,,,,
2013-06-25,433.62,437.78,433.62,436.18,,,,
2013-06-26,438.15,442.67,438.15,441.74,,,,
2013-06-27,443.49,447.32,443.49,445.74,,,,
2013-06-28,444.97,449.69,444.57,447.29,,,,
2013-07-01,448.54,453.05,448.54,450.23,,,,
2013-07-02,449.79,453.9,449.25,451.11,,,,
2013-07-03,449.76,454.32,448.31,453.34,,,,
2013-07-05,455.44,458.18,453.11,458.02,,,,
2013-07-08,459.46,462.91,459.46,462.09,,,,
2013-07-09,463.67,465.21,462.62,464.09,,,,
2013-07-10,463.77,465.04,461.66,464.42,,,,
2013-07-11,466.33,471.37,466.33,471.1,,,,
2013-07-12,470.83,473.71,470.42,473.71,,,,
2013-07-15,473.63,474.67,471.99,472.14,,,,
2013-07-16,472.45,472.99,467.94,469.57,,,,
2013-07-17,470.56,470.82,469.18,470.1,,,,
2013-07-18,470.6,474,470.53,472.56,,,,
2013-07-19,472.29,473.17,471,472.23,,,,
2013-07-22,473.8,473.88,470.08,471.96,,,,
2013-07-23,472.06,473.36,470.59,471.14,,,,
2013-07-24,472.73,473.79,468.64,469.77,,,,
2013-07-25,469.81,470.22,467.36,470.12,,,,
2013-07-26,468.44,471.96,467.45,471.85,,,,
2013-07-29,471.31,472.01,468.54,469.27,,,,
2013-07-30,470.28,471.33,467.63,468.03,,,,
2013-07-31,469.78,473.8,469.78,470.27,,,,
2013-08-01,472.24,478.52,472.24,477.95,,,,
2013-08-02,477.79,481.34,477.36,481.3,,,,
2013-08-05,480.65,480.89,479.16,480.27,,,,
2013-08-06,479.9,479.97,475.44,477.94,,,,
2013-08-07,477.8,477.8,472.72,473.95,,,,
2013-08-08,475.66,478.37,474.01,477.27,,,,
2013-08-09,477.45,478.9,474.65,475.95,,,,
2013-08-12,474.01,476.92,473.51,475.54,,,,
2013-08-13,475.81,476.08,471.81,475.35,,,,
2013-08-14,474.69,474.69,470.06,470.28,,,,
2013-08-15,467.86,467.86,460.43,461.98,,,,
2013-08-16,461.64,463.94,460.28,460.29,,,,
2013-08-19,460.1,462.23,458.43,458.46,,,,
2013-08-20,459.53,464.12,459.53,462.61,,,,
2013-08-21,461.12,462.68,457.47,458.71,,,,
2013-08-22,459.74,464.07,459.61,463.58,,,,
2013-08-23,464.24,464.81,461.45,463.67,,,,
2013-08-26,464,466.53,462.39,462.64,,,,
2013-08-27,460.78,460.78,454.77,455.2,,,,
2013-08-28,454.91,458.64,453.84,457.15,,,,
2013-08-29,456.07,461.6,455.7,459.15,,,,
2013-08-30,459.7,459.7,454.91,456.18,,,,
2013-09-03,459.27,463.36,457.8,459.58,,,,
2013-09-04,459.65,464.98,459.29,464.22,,,,
2013-09-05,464.26,466.72,464.02,464.65,,,,
2013-09-06,465.89,467.15,459.34,463.66,,,,
2013-09-09,464.39,468.57,464.39,467.93,,,,
2013-09-10,469.13,472.47,469.13,472.45,,,,
2013-09-11,473.18,475.7,472.58,475.7,,,,
2013-09-12,475.32,476.56,472.77,474.64,,,,
2013-09-13,475.31,476.25,473.09,476.14,,,,
2013-09-16,478.54,481.38,477.43,478,,,,
2013-09-17,478.63,481.3,478.63,480.77,,,,
2013-09-18,480.74,487.99,478.62,486.47,,,,
2013-09-19,487.2,487.99,485.46,486.51,,,,
2013-09-20,486.82,487.67,482.99,483.29,,,,
2013-09-23,482.69,482.94,477.62,479.76,,,,
2013-09-24,480.47,483.48,478.86,480.43,,,,
2013-09-25,480.49,481.28,477.29,477.94,,,,
2013-09-26,478.88,482.57,478.88,482.25,,,,
2013-09-27,481,483.13,480.68,482.49,,,,
2013-09-30,479.69,481.69,477.5,480.3,,,,
2013-10-01,480.52,484.73,480.45,484.54,,,,
2013-10-02,482.46,484.32,480.08,484.22,,,,
2013-10-03,483.29,484.67,476.95,479.3,,,,
2013-10-04,479.34,484.07,478.81,483.51,,,,
2013-10-07,481.25,481.25,476.76,476.76,,,,
2013-10-08,476.82,476.82,468.71,468.89,,,,
2013-10-09,469.14,469.45,463.41,467.16,,,,
2013-10-10,469.83,478.09,469.83,477.78,,,,
2013-10-11,477.28,481.66,476.71,481.53,,,,
2013-10-14,480,483.86,478.65,483.34,,,,
2013-10-15,482.78,482.91,478.55,479.42,,,,
2013-10-16,481.52,485.45,481.21,485.21,,,,
2013-10-17,484.17,489.08,483.57,488.81,,,,
2013-10-18,490.25,492.58,488.92,491.81,,,,
2013-10-21,492.23,492.83,490.69,492.83,,,,
2013-10-22,494.59,497.92,493.48,496.34,,,,
2013-10-23,495.12,496.15,491.61,493.39,,,,
2013-10-24,494.5,498.42,494.18,498.1,,,,
2013-10-25,501.19,502.31,499.16,501.55,,,,
2013-10-28,501.13,501.71,498.98,500.39,,,,
2013-10-29,501.21,503.63,500.34,503.61,,,,
2013-10-30,504.51,505.51,498.52,501.26,,,,
2013-10-31,501.18,505.59,500.28,502.39,,,,
2013-11-01,503.66,504.98,500.94,503.63,,,,
2013-11-04,504.7,505.71,502.96,505.42,,,,
2013-11-05,504.35,506.42,500.96,505.46,,,,
2013-11-06,506.42,508.75,503.34,504.24,,,,
2013-11-07,505.1,505.38,493.4,493.81,,,,
2013-11-08,494.91,501.62,494.05,501.6,,,,
2013-11-11,501.45,503.42,500.42,502.41,,,,
2013-11-12,501.83,502.61,499.1,501.3,,,,
2013-11-13,499.87,509.27,499.46,509.27,,,,
2013-11-14,509.61,513.38,509.54,512.79,,,,
2013-11-15,513.36,514.32,512.07,514.32,,,,
2013-11-18,514.66,515.52,509.33,510.62,,,,
2013-11-19,510.18,512.19,507.73,508.52,,,,
2013-11-20,509.87,510.72,504.41,505.87,,,,
2013-11-21,506.74,511.37,506.62,510.47,,,,
2013-11-22,510.72,513.82,509.8,513.59,,,,
2013-11-25,514.48,515.8,513.4,513.95,,,,
2013-11-26,514.35,518.33,514.35,516.7,,,,
2013-11-27,517.33,518.71,516.27,518.38,,,,
2013-11-29,519.21,521.23,518.43,519.14,,,,
2013-12-02,519.64,520.27,515.79,516.54,,,,
2013-12-03,515.43,515.43,509.74,512.08,,,,
2013-12-04,510.6,513.5,506.82,510.85,,,,
2013-12-05,510.65,512.27,509.68,510.79,,,,
2013-12-06,513.46,515.87,511.98,515.27,,,,
2013-12-09,515.85,517.3,514.17,514.62,,,,
2013-12-10,514.09,516.3,513.79,515.13,,,,
2013-12-11,515.18,516.1,509.43,510.01,,,,
2013-12-12,509.88,510.16,507.5,507.98,,,,
2013-12-13,509.4,511.3,508.97,509.36,,,,
2013-12-16,510.31,514.34,510.31,512.98,,,,
2013-12-17,513.12,513.17,509.65,511.3,,,,
2013-12-18,511.11,519.32,507.14,519.3,,,,
2013-12-19,518.6,519.3,516.48,518.45,,,,
2013-12-20,519.29,522.22,518.94,520.45,,,,
2013-12-23,521.74,523.13,520.78,523.05,,,,
2013-12-24,522.97,524.56,522.97,524.46,,,,
2013-12-26,525.46,528.16,525.46,527.84,,,,
2013-12-27,528.35,529,525.48,526,,,,
2013-12-30,526.34,528.17,525.86,527.97,,,,
2013-12-31,528.61,530.18,527.86,530.1,,,,
2014-01-02,529.42,530.09,525.76,527.44,,,,
2014-01-03,527.51,529.23,526.04,526.13,,,,
2014-01-06,527.02,527.84,521.82,523,,,,
2014-01-07,524.06,527.18,524.06,525.93,,,,
2014-01-08,526.14,526.17,523.4,525.03,,,,
2014-01-09,525.02,526.12,521.56,524.4,,,,
2014-01-10,525.09,526.5,523.04,526.38,,,,
2014-01-13,525.31,525.59,514.97,516.14,,,,
2014-01-14,517.1,520.28,515.64,520.09,,,,
2014-01-15,520.63,522.64,520.4,521.32,,,,
2014-01-16,520.83,520.83,517.54,518.92,,,,
2014-01-17,518.41,518.94,515.31,516.43,,,,
2014-01-21,517.95,519.06,512.56,515.49,,,,
2014-01-22,516.04,517.33,514.71,516.86,,,,
2014-01-23,516.23,516.23,511.03,513.29,,,,
2014-01-24,511.36,511.36,503.43,503.43,,,,
2014-01-27,504.07,505.55,497.48,501.45,,,,
2014-01-28,503.11,506.51,503.11,505.2,,,,
2014-01-29,502.97,502.97,496.11,496.67,,,,
2014-01-30,498.99,506.61,498.99,504.9,,,,
2014-01-31,498.93,501.86,495.63,498.48,,,,
2014-02-03,498.57,498.74,483.94,485.19,,,,
2014-02-04,486.56,491.59,486.56,490.85,,,,
2014-02-05,489.51,492.55,484.64,491.62,,,,
2014-02-06,492.26,502.1,492.26,501.79,,,,
2014-02-07,504.13,508.63,503.07,508.11,,,,
2014-02-10,507.97,508.64,505.52,507.9,,,,
2014-02-11,508.17,512.96,508.04,511.56,,,,
2014-02-12,512.06,513.79,510.52,511.82,,,,
2014-02-13,509.49,514.59,508.86,514.03,,,,
2014-02-14,513.57,518.34,512.78,516.93,,,,
2014-02-18,517.31,518.21,515.1,517.36,,,,
2014-02-20,513.31,516.31,512.53,515.62,,,,
2014-02-21,516.89,518.26,516.04,516.5,,,,
2014-02-24,517.57,522.11,517.57,519.34,,,,
2014-02-25,519.73,523,518.92,522.04,,,,
2014-02-26,522.84,528.28,522.84,525.11,,,,
2014-02-27,524.58,527.41,523.23,527.06,,,,
2014-02-28,527.21,531.02,525.2,528.83,,,,
2014-03-03,526.68,526.68,520.42,524.17,,,,
2014-03-04,526.73,531.5,526.73,530.83,,,,
2014-03-05,531.3,532.84,531.12,532.46,,,,
2014-03-06,533.16,535.32,532.23,534.16,,,,
2014-03-07,535.69,536.41,532.33,533.56,,,,
2014-03-10,533.31,533.34,529.25,531.62,,,,
2014-03-11,532.24,533.25,527.28,528.62,,,,
2014-03-12,527.43,528.21,523.39,528.11,,,,
2014-03-13,529.48,530.26,519.03,520.51,,,,
2014-03-14,520.51,523.67,519.91,520.66,,,,
2014-03-17,522.74,525.64,522.69,524.34,,,,
2014-03-18,524.98,527.33,524.6,526.66,,,,
2014-03-19,526.58,527.01,520.2,523.29,,,,
2014-03-20,522.27,525.32,520.26,524.53,,,,
2014-03-21,525.76,527.29,520.61,521.08,,,,
2014-03-24,521.73,522.47,513.45,515.79,,,,
2014-03-25,516.96,518.5,510.13,512.49,,,,
2014-03-26,513.58,515.42,508.44,508.44,,,,
2014-03-27,507.63,508.92,504.05,506.1,,,,
2014-03-28,506.86,512.9,506.86,510.21,,,,
2014-03-31,512.39,514.77,512.39,513.36,,,,
2014-04-01,514.71,520.74,514.71,520.53,,,,
2014-04-02,521.66,524.66,520.88,524.02,,,,
2014-04-03,524.5,524.92,518.86,521.35,,,,
2014-04-04,522.71,523.52,511.91,512.46,,,,
2014-04-07,511.33,511.4,499.66,502.68,,,,
2014-04-08,502.74,508.14,501.42,507.59,,,,
2014-04-09,508.29,513.26,507.11,513.06,,,,
2014-04-10,512.75,513.13,500.13,500.43,,,,
2014-04-11,498.59,500.14,492.64,493.55,,,,
2014-04-14,496.1,499.52,493.49,497.53,,,,
2014-04-15,498.01,500.6,490.48,498.14,,,,
2014-04-16,500.36,504.96,500.33,504.95,,,,
2014-04-17,504.45,507.34,503.94,505.68,,,,
2014-04-21,506.08,507.43,504.17,507.02,,,,
2014-04-22,508.25,513.39,508.25,511.3,,,,
2014-04-23,511.93,512.58,508.45,509.01,,,,
2014-04-24,510.79,512.17,507.54,511.63,,,,
2014-04-25,508.14,508.14,502.48,503.08,,,,
2014-04-28,504.56,506.14,495.55,501.85,,,,
2014-04-29,503.05,504.51,499.79,503.88,,,,
2014-04-30,503.3,506.62,501.7,506.1,,,,
2014-05-01,506.99,510.08,506.39,507.91,,,,
2014-05-02,508.65,512.14,508.24,509.42,,,,
2014-05-05,507.72,510.12,505,509.72,,,,
2014-05-06,508.66,508.74,502.59,502.75,,,,
2014-05-07,503.29,504.74,498.16,501.82,,,,
2014-05-08,501.22,507.91,500.57,503.05,,,,
2014-05-09,503.25,506.29,500.32,506.01,,,,
2014-05-12,507.63,512.43,507.63,512.36,,,,
2014-05-13,512.72,513.42,509.9,510.59,,,,
2014-05-14,510.07,510.13,504.25,505.16,,,,
2014-05-15,504.51,504.51,496.4,501.63,,,,
2014-05-16,501.7,505.47,500,505.11,,,,
2014-05-19,503.86,507.71,502.6,507.29,,,,
2014-05-20,506.42,506.58,501.4,502.93,,,,
2014-05-21,503.46,509.12,503.46,508.79,,,,
2014-05-22,509.11,512.26,508.79,511.23,,,,
2014-05-23,511.85,515.82,511.32,515.53,,,,
2014-05-27,516.86,518.78,516.85,518.09,,,,
2014-05-28,517.82,518.77,515.22,517.47,,,,
2014-05-29,518.33,519.48,516.94,519.47,,,,
2014-05-30,519.3,520.03,517.79,519.94,,,,
2014-06-02,520.35,522,518.72,521.58,,,,
2014-06-03,520.41,521.43,519.58,520.6,,,,
2014-06-04,519.44,523.54,518.23,522.89,,,,
2014-06-05,523.1,527.04,521.4,526.43,,,,
2014-06-06,527.45,529.37,527.25,529.27,,,,
2014-06-09,529.35,531.97,528.78,529.71,,,,
2014-06-10,529.14,529.32,527.74,528.39,,,,
2014-06-11,527.48,527.83,525.41,526.64,,,,
2014-06-12,525.86,525.92,518.88,519.95,,,,
2014-06-13,520.32,520.63,517.18,520.02,,,,
2014-06-16,519.23,521.91,518.77,521.81,,,,
2014-06-17,521.5,523.98,520.65,523.36,,,,
2014-06-18,523.61,527.75,522.25,527.25,,,,
2014-06-19,527.83,529.01,524.73,526.3,,,,
2014-06-20,526.61,527.1,523.58,524.33,,,,
2014-06-23,524.1,525.19,522.73,524.86,,,,
2014-06-24,524.32,528.04,522.94,523.62,,,,
2014-06-25,522.81,528.55,522.48,527.93,,,,
2014-06-26,527.51,528.38,524.25,528.37,,,,
2014-06-27,527.8,530.16,527.76,529.75,,,,
2014-06-30,529.61,530.39,528.4,529.43,,,,
2014-07-01,530.45,536.06,530.44,535.01,,,,
2014-07-02,534.9,536.77,534.81,535.84,,,,
2014-07-03,536.88,540.21,536.68,539.97,,,,
2014-07-07,539.27,539.27,536,536.62,,,,
2014-07-08,536,536,530.12,531.28,,,,
2014-07-09,532.13,538.02,532.13,537.77,,,,
2014-07-10,534.9,534.9,530,532.78,,,,
2014-07-11,533.65,534.71,532.54,534.54,,,,
2014-07-14,535.9,537.53,535.37,535.97,,,,
2014-07-15,535.72,536.21,531.61,534.08,,,,
2014-07-16,535.69,539.41,534.9,535.41,,,,
2014-07-17,533.27,536.44,529.6,530.54,,,,
2014-07-18,531.35,535.37,531.24,535.27,,,,
2014-07-21,534.25,534.3,531.36,532.61,,,,
2014-07-22,533.85,536.01,533.35,535.06,,,,
2014-07-23,534.33,535.12,533.03,534.52,,,,
2014-07-24,535.41,537.37,535.32,536.04,,,,
2014-07-25,531.29,531.71,529.01,529.75,,,,
2014-07-28,530.44,531.36,527.63,530.71,,,,
2014-07-29,531.73,534.37,529.25,529.25,,,,
2014-07-30,530.79,532.52,529.01,532.18,,,,
2014-07-31,530.31,530.31,522.16,522.18,,,,
2014-08-01,521.96,524.06,518.19,520.33,,,,
2014-08-04,521.05,527.03,521.05,525.59,,,,
2014-08-05,524.45,525.58,520.12,521.91,,,,
2014-08-06,521.26,523.85,518.33,520.56,,,,
2014-08-07,523.24,523.97,516.6,518.01,,,,
2014-08-08,518.6,526.28,518.6,526.11,,,,
2014-08-11,526.65,529.76,526.65,528.45,,,,
2014-08-12,528.09,529.76,525.72,526.87,,,,
2014-08-13,528.65,530.17,527.39,528.73,,,,
2014-08-14,529.66,532.83,528.92,532.78,,,,
2014-08-15,534,534.41,528.43,532.02,,,,
2014-08-18,533.43,537.54,533.43,536.6,,,,
2014-08-19,537.13,541.51,537.13,540.69,,,,
2014-08-20,540.2,544.11,539.21,543.43,,,,
2014-08-21,543.81,544.28,542.55,542.94,,,,
2014-08-22,543.24,544.63,541.82,543.6,,,,
2014-08-25,545.57,546.59,544.59,545.09,,,,
2014-08-26,545.51,546.84,544.73,545.39,,,,
2014-08-27,545.56,546.62,544.92,545.92,,,,
2014-08-28,544.66,545.49,542.21,544.78,,,,
2014-08-29,545.59,545.59,543.07,544.81,,,,
2014-09-02,545.32,547.25,543.12,545.77,,,,
2014-09-03,546.86,547.25,543.72,544.03,,,,
2014-09-04,545.18,548.47,545.16,546.16,,,,
2014-09-05,545.58,548.24,543.11,548.24,,,,
2014-09-08,546.99,547.06,543.25,545.45,,,,
2014-09-09,544.98,544.98,539.67,540.07,,,,
2014-09-10,540.64,542.1,538.45,541.88,,,,
2014-09-11,540.42,542.41,539.96,542.17,,,,
2014-09-12,541.99,542.07,538.57,540.47,,,,
2014-09-15,540.22,540.84,537.12,538.3,,,,
2014-09-16,537.21,542.29,535.99,540.73,,,,
2014-09-17,541.1,543.26,539.11,540.9,,,,
2014-09-18,541.92,543.76,541.49,543.09,,,,
2014-09-19,543.96,546.46,542.18,543.57,,,,
2014-09-22,542.28,542.28,534.42,535.68,,,,
2014-09-23,534.62,535.66,531.42,531.42,,,,
2014-09-24,531.83,537.26,530.32,536.94,,,,
2014-09-25,535.99,536.39,529.07,529.23,,,,
2014-09-26,529.54,535.82,529.54,534.92,,,,
2014-09-29,532.69,534.09,530.02,531.77,,,,
2014-09-30,531.61,532.39,528.2,528.9,,,,
2014-10-01,528.3,528.37,521.06,522.21,,,,
2014-10-02,522.37,524.96,515.89,524.21,,,,
2014-10-03,525.55,532.54,525.55,531.08,,,,
2014-10-06,532.08,532.84,527.1,528.11,,,,
2014-10-07,526.17,526.57,520.36,520.4,,,,
2014-10-08,520.29,529.22,517.69,528.53,,,,
2014-10-09,527.65,527.87,516.52,516.55,,,,
2014-10-10,516.66,519.68,512.01,512.05,,,,
2014-10-13,511.1,512.72,501.18,501.51,,,,
2014-10-14,502.63,508.86,502.63,504.85,,,,
2014-10-15,501.86,503.1,490.29,500.86,,,,
2014-10-16,496.32,504.71,492.96,501.64,,,,
2014-10-17,503.92,511.23,503.92,507.04,,,,
2014-10-20,506.95,514.4,506.95,514.11,,,,
2014-10-21,515.82,524.44,515.82,523.8,,,,
2014-10-22,524.63,526.68,519.1,519.37,,,,
2014-10-23,521.96,530.01,521.96,526.73,,,,
2014-10-24,523.7,526.46,522.49,526.19,,,,
2014-10-27,525.56,528.23,523.94,527.15,,,,
2014-10-28,528.15,532.93,527.77,532.93,,,,
2014-10-29,533.35,534.45,528.46,531.19,,,,
2014-10-30,529.92,536.08,529.2,534.7,,,,
2014-10-31,537.7,541.37,537.7,539.95,,,,
2014-11-03,540.53,541.19,538.91,540.05,,,,
2014-11-04,537.62,537.62,530.66,533.28,,,,
2014-11-05,534.63,537.2,532.57,535.5,,,,
2014-11-06,536.05,540.23,535.59,540.19,,,,
2014-11-07,540.04,540.04,536.94,539.15,,,,
2014-11-10,539.36,539.99,535.45,538.76,,,,
2014-11-11,538.9,540.99,537.8,540.85,,,,
2014-11-12,539.97,544.34,539.67,543.62,,,,
2014-11-13,544.42,548.27,544.42,546.93,,,,
2014-11-14,546.87,549.26,546.43,548.99,,,,
2014-11-17,548.46,550.03,547.15,548.4,,,,
2014-11-18,548.11,550.71,547.04,549.17,,,,
2014-11-19,549.11,551.85,548.76,551.62,,,,
2014-11-20,550.43,555.35,549.81,553.94,,,,
2014-11-21,556.54,558.78,554.08,555.21,,,,
2014-11-24,556.41,560.67,556.41,560.44,,,,
2014-11-25,561.29,563.74,560.12,561.75,,,,
2014-11-26,561.81,562.02,560.81,561.91,,,,
2014-11-28,564.09,569.61,564.08,568.46,,,,
2014-12-01,567.31,567.31,561.6,562.29,,,,
2014-12-02,562.6,565.36,562.33,564.3,,,,
2014-12-03,564.02,565.62,562.75,565.37,,,,
2014-12-04,564.55,565.93,562.23,564.72,,,,
2014-12-05,565.3,566.9,565,566.16,,,,
2014-12-08,565.38,565.92,559.58,561.38,,,,
2014-12-09,559.57,560.73,553.68,560.56,,,,
2014-12-10,559.22,560.13,552.34,552.6,,,,
2014-12-11,554.09,561.63,554.04,556.48,,,,
2014-12-12,554.26,558.86,552.84,553.03,,,,
2014-12-15,554.49,557.42,547.22,549.81,,,,
2014-12-16,548.98,551.93,541.02,541.12,,,,
2014-12-17,541.94,552.64,541.93,551.53,,,,
2014-12-18,553.81,560.29,553.81,560.29,,,,
2014-12-19,560.8,563.92,559.11,562.31,,,,
2014-12-22,563.64,567.78,563.64,567.62,,,,
2014-12-23,568.68,572.69,568.68,570.96,,,,
2014-12-24,571.77,572.11,569.91,569.91,,,,
2014-12-26,571.21,574.26,571.21,573.11,,,,
2014-12-29,572.39,578.45,571.74,576.97,,,,
2014-12-30,575.6,577.07,573.82,574.79,,,,
2014-12-31,576.68,578.97,572.39,572.75,,,,
2015-01-02,573.36,576.42,564.79,568.61,,,,
2015-01-05,567.61,567.61,556.16,557.31,,,,
2015-01-06,557.62,559.11,548.29,552.05,,,,
2015-01-07,553.36,560.74,553.36,560.5,,,,
2015-01-08,561.5,569.62,561.5,568.83,,,,
2015-01-09,568.68,568.83,561.84,562.34,,,,
2015-01-12,562.45,563.92,557.17,559.68,,,,
2015-01-13,560.49,568.62,555.14,559.02,,,,
2015-01-14,557.18,557.18,546.33,552.58,,,,
2015-01-15,553.16,555.79,545.29,545.68,,,,
2015-01-16,545.55,553.06,543.37,552.84,,,,
2015-01-20,553.43,554.14,544.61,549.29,,,,
2015-01-21,548.74,554.57,547.7,552.69,,,,
2015-01-22,553.4,564.26,553.14,563.19,,,,
2015-01-23,563.25,565.21,561.23,562.29,,,,
2015-01-26,561.82,565.8,560.68,565.52,,,,
2015-01-27,564.05,564.58,557.45,561.07,,,,
2015-01-28,561.77,563.99,553.13,553.54,,,,
2015-01-29,554.13,562.07,552.33,560.84,,,,
2015-01-30,559.73,562.78,554.33,554.79,,,,
2015-02-02,554.98,560.29,547.8,559.73,,,,
2015-02-03,560.62,571.82,560.62,571.77,,,,
2015-02-04,571.5,578.51,570.01,575.59,,,,
2015-02-05,575.99,579.52,575.09,579.05,,,,
2015-02-06,578.7,581.17,576.64,578.25,,,,
2015-02-09,577.62,578.3,574.62,576.21,,,,
2015-02-10,577.02,584.21,577.02,583.3,,,,
2015-02-11,583.12,584.76,580.82,583.45,,,,
2015-02-12,584.62,590.34,584.33,590.13,,,,
2015-02-13,590.38,593.58,590,593.49,,,,
2015-02-17,593.32,593.32,589.89,592.46,,,,
2015-02-18,592,592.61,590.04,591.78,,,,
2015-02-19,593.12,595.01,592.84,593.57,,,,
2015-02-20,593.62,598.06,590.31,598.06,,,,
2015-02-23,597.9,599.22,595.66,597.7,,,,
2015-02-24,597.46,600.81,597.46,600.04,,,,
2015-02-25,599.69,606.32,599.69,604.78,,,,
2015-02-26,604.7,604.8,601.17,602.46,,,,
2015-02-27,603.03,603.69,601.29,601.7,,,,
2015-03-02,601.86,609.13,601.86,608.91,,,,
2015-03-03,608.38,608.38,603.29,607.43,,,,
2015-03-04,607.25,607.25,601.69,603.7,,,,
2015-03-05,604.17,605.87,603.37,604.46,,,,
2015-03-06,604.4,604.4,596,596.97,,,,
2015-03-09,597.05,601.04,597.05,600.15,,,,
2015-03-10,598.99,598.99,590.22,590.22,,,,
2015-03-11,590.25,592.13,587.23,587.41,,,,
2015-03-12,588.21,599.63,588.21,599.25,,,,
2015-03-13,598.71,599.18,591.58,594.92,,,,
2015-03-16,595.47,601.77,595.47,601.42,,,,
2015-03-17,600.71,600.71,596.41,598.3,,,,
2015-03-18,597.89,605.29,592.74,603.56,,,,
2015-03-19,603.13,604.4,600.56,602.5,,,,
2015-03-20,602.79,610.55,602.79,608.95,,,,
2015-03-23,609.11,612.25,608.22,608.22,,,,
2015-03-24,607.63,609.16,605.13,605.15,,,,
2015-03-25,604.98,605.12,595.39,595.39,,,,
2015-03-26,594.02,594.72,589.33,591.61,,,,
2015-03-27,591.4,595.78,591.24,594.66,,,,
2015-03-30,595.1,602.18,595.1,600.59,,,,
2015-03-31,600.56,604.16,597.86,597.86,,,,
2015-04-01,598.02,598.02,591.55,595.17,,,,
2015-04-02,595.38,601.46,594,600.52,,,,
2015-04-06,599.86,605.77,597.07,603.35,,,,
2015-04-07,603.21,604.4,600.12,600.2,,,,
2015-04-08,600.63,605.73,600.63,605.73,,,,
2015-04-09,605.74,607.9,602.09,606.28,,,,
2015-04-10,606.59,608.86,606.23,608.22,,,,
2015-04-13,608.27,609.44,604.94,605.01,,,,
2015-04-14,604.7,606.33,601.1,604.56,,,,
2015-04-15,604.99,607.98,604.39,604.58,,,,
2015-04-16,605.38,607.14,604.92,605.86,,,,
2015-04-17,604.98,604.98,595.08,596.96,,,,
2015-04-20,597.7,604.36,597.7,603.32,,,,
2015-04-21,603.76,606.17,602.13,603.76,,,,
2015-04-22,604,605.63,601.27,604.63,,,,
2015-04-23,604.43,610.78,604.39,607.44,,,,
2015-04-24,607.82,616.37,607.82,615.58,,,,
2015-04-27,615.84,617.6,609.9,610.37,,,,
2015-04-28,610,610.01,604.13,608.27,,,,
2015-04-29,607.01,607.71,601.65,604.24,,,,
2015-04-30,603.99,604.87,594.76,597.3,,,,
2015-05-01,598.17,605.71,598.17,605.66,,,,
2015-05-04,606.9,610.08,606.02,606.8,,,,
2015-05-05,606.36,607.58,600.33,600.56,,,,
2015-05-06,600.99,602.73,595.13,598.05,,,,
2015-05-07,597.94,602.07,596.62,600.9,,,,
2015-05-08,602.87,609.95,602.87,607.47,,,,
2015-05-11,607.47,610.06,604.87,604.9,,,,
2015-05-12,603.88,605.79,599.08,603.69,,,,
2015-05-13,603.85,605.77,599.36,599.99,,,,
2015-05-14,601.2,602.68,598.94,602.57,,,,
2015-05-15,603.12,607.07,602.68,607.07,,,,
2015-05-18,607.03,610.59,607.02,609.59,,,,
2015-05-19,609.52,612.41,608.89,609.45,,,,
2015-05-20,609.4,611.16,606.55,608.55,,,,
2015-05-21,608.28,612.33,608.28,610.74,,,,
2015-05-22,610.88,612.15,609.08,609.74,,,,
2015-05-26,609.57,611.13,604.67,605.92,,,,
2015-05-27,606.62,610.69,605.64,610,,,,
2015-05-28,609.5,609.96,607.24,608.59,,,,
2015-05-29,608.46,609.21,603.68,604.41,,,,
2015-06-01,604.62,608.34,603.34,606.3,,,,
2015-06-02,605.86,610.27,604.05,607.26,,,,
2015-06-03,607.48,612.75,607.42,611.62,,,,
2015-06-04,610.57,611.86,606.64,607.45,,,,
2015-06-05,606.87,607.25,603.22,605.76,,,,
2015-06-08,605.48,605.48,601.38,601.48,,,,
2015-06-09,601.2,602.49,597.22,600.9,,,,
2015-06-10,601.38,608.22,601.38,607.03,,,,
2015-06-11,607.65,610.85,607.65,608.58,,,,
2015-06-12,607.79,607.79,605.07,606.02,,,,
2015-06-15,605.61,605.61,600.17,603.22,,,,
2015-06-16,603.17,606.92,602.34,606.54,,,,
2015-06-17,606.69,610.96,605.34,609.37,,,,
2015-06-18,609.8,618.63,609.8,617,,,,
2015-06-19,616.84,618.61,615.41,615.52,,,,
2015-06-22,615.94,620.45,615.94,618.5,,,,
2015-06-23,618.56,621.14,618.56,620.82,,,,
2015-06-24,620.76,621.57,616.22,616.23,,,,
2015-06-25,615.97,619.41,615.63,615.93,,,,
2015-06-26,616.45,620.21,616.42,618.39,,,,
2015-06-29,618.23,618.23,603.94,604.2,,,,
2015-06-30,606.48,610.17,604.51,607.21,,,,
2015-07-01,608.22,613.6,608.22,613.5,,,,
2015-07-02,613.87,617.21,610.62,612.72,,,,
2015-07-06,612.59,615.13,608.54,611.24,,,,
2015-07-07,611.39,616.46,604.49,616.17,,,,
2015-07-08,615.67,615.67,604.12,604.69,,,,
2015-07-09,606.65,613.19,606.65,607.21,,,,
2015-07-10,608.45,617.25,608.45,615.98,,,,
2015-07-13,616.13,625.3,616.13,625.02,,,,
2015-07-14,625.09,626.79,624.51,625.85,,,,
2015-07-15,625.79,626.66,623.73,625.07,,,,
2015-07-16,625.5,629.33,625.5,629.13,,,,
2015-07-17,629.1,629.17,625.88,627.93,,,,
2015-07-20,627.77,629.68,627.12,628.12,,,,
2015-07-21,627.88,628.26,624.39,626.25,,,,
2015-07-22,626.83,630.14,626.49,628.91,,,,
2015-07-23,629.26,631.19,624,625.19,,,,
2015-07-24,625.23,636.73,624.31,625.05,,,,
2015-07-27,624.69,625.67,619.15,620.57,,,,
2015-07-28,621.58,626.68,619.69,625.73,,,,
2015-07-29,625.87,632.72,625.87,631.94,,,,
2015-07-30,631.7,634.75,628.06,634.04,,,,
2015-07-31,634.66,638.53,634.11,635.81,,,,
2015-08-03,636.12,637.51,630.6,634.22,,,,
2015-08-04,633.72,637.95,633.72,636.24,,,,
2015-08-05,636.81,636.81,628.65,629.36,,,,
2015-08-06,628.81,629.43,614.38,620.95,,,,
2015-08-07,620.82,622.01,616.39,620.48,,,,
2015-08-10,621.24,627.41,621.24,625.79,,,,
2015-08-11,624.85,624.85,617.11,619.48,,,,
2015-08-12,617.54,618.19,607.27,616.9,,,,
2015-08-13,616.9,624.56,616.8,620.45,,,,
2015-08-14,620.38,621.98,619.06,621.18,,,,
2015-08-17,620.95,627.38,618.4,627.19,,,,
2015-08-18,627.09,630.02,626.51,627.8,,,,
2015-08-19,627.4,630.9,623.48,626.33,,,,
2015-08-20,624.8,624.8,608.78,608.8,,,,
2015-08-21,607.51,607.51,588.77,588.77,,,,
2015-08-24,587.03,587.03,552.15,565.13,,,,
2015-08-25,566.88,584.23,562.89,562.89,,,,
2015-08-26,564.91,585.34,564.91,584.57,,,,
2015-08-27,585.78,599.89,585.78,598.32,,,,
2015-08-28,597.92,601.67,594.86,598.46,,,,
2015-08-31,597.88,598.96,592.08,594.07,,,,
2015-09-01,590.67,590.67,575.38,578.55,,,,
2015-09-02,580.53,590.74,580.53,590.69,,,,
2015-09-03,591.13,598.22,588.94,591.04,,,,
2015-09-04,590.07,590.07,580.73,584.43,,,,
2015-09-08,587.21,598.42,587.21,598,,,,
2015-09-09,599.23,603.99,590.17,591.33,,,,
2015-09-10,591.02,596.55,589.09,592.94,,,,
2015-09-11,592.37,597.33,590.05,597.33,,,,
2015-09-14,597.3,597.34,591.95,593.95,,,,
2015-09-15,595.04,601.85,591.46,600.37,,,,
2015-09-16,600.43,607.95,599.74,607.23,,,,
2015-09-17,607.46,617.72,606.95,608.75,,,,
2015-09-18,608.34,608.34,598.21,599.47,,,,
2015-09-21,600.6,607.02,599.33,603.95,,,,
2015-09-22,602.37,602.37,592.02,596.33,,,,
2015-09-23,596.34,597.53,592.69,594.72,,,,
2015-09-24,594.1,594.1,584.94,592.86,,,,
2015-09-25,593.06,600.08,590.21,592.92,,,,
2015-09-28,591.99,591.99,574.55,575.76,,,,
2015-09-29,576.03,580.07,570.4,574.08,,,,
2015-09-30,576.4,590,576.4,589.37,,,,
2015-10-01,589.57,593.85,584.9,593.66,,,,
2015-10-02,593.06,602.13,583.94,602.12,,,,
2015-10-05,603.6,611.98,603.6,610.82,,,,
2015-10-06,610.76,613.05,603.66,606.54,,,,
2015-10-07,607.2,609.87,602.76,608.62,,,,
2015-10-08,607.81,616.83,606.82,615.75,,,,
2015-10-09,615.81,617.16,613.28,616.79,,,,
2015-10-12,617.13,621.3,617.11,619.71,,,,
2015-10-13,619.13,621.73,615.64,616.31,,,,
2015-10-14,616.31,618.27,608.75,610.03,,,,
2015-10-15,610.99,617.99,608.84,617.72,,,,
2015-10-16,617.97,621.45,617.54,621.4,,,,
2015-10-19,620.85,624.4,619.6,624.21,,,,
2015-10-20,623.97,626.04,621.43,622.79,,,,
2015-10-21,623.78,626.21,619.76,620.4,,,,
2015-10-22,621.59,629.82,621.59,629.04,,,,
2015-10-23,629.76,636.84,628.53,631.66,,,,
2015-10-26,631.98,637.35,631.81,636.52,,,,
2015-10-27,635.99,635.99,630.7,633.15,,,,
2015-10-28,633.65,639.15,631,639.14,,,,
2015-10-29,638.97,642.06,636.16,640.88,,,,
2015-10-30,641,646.53,640.55,642.34,,,,
2015-11-02,642.9,646.15,640.65,645.16,,,,
2015-11-03,644.76,649.3,644.27,647.78,,,,
2015-11-04,647.96,649.46,640.38,643.58,,,,
2015-11-05,644.14,647.6,641.23,645.99,,,,
2015-11-06,644.87,647.36,641.82,645.84,,,,
2015-11-09,643.73,643.73,632.54,637.19,,,,
2015-11-10,636.38,642.65,635.97,642.42,,,,
2015-11-11,642.88,644.05,637.83,639.24,,,,
2015-11-12,638.55,639.1,632.68,632.99,,,,
2015-11-13,632.28,632.28,615.83,616.2,,,,
2015-11-16,615.84,623.77,612.66,623.77,,,,
2015-11-17,624.26,630.37,623,625.1,,,,
2015-11-18,626.04,636.33,625.32,635.75,,,,
2015-11-19,635.63,638.74,634.93,636.18,,,,
2015-11-20,637.17,644.06,637.17,644.03,,,,
2015-11-23,644.26,648.94,643.94,646.26,,,,
2015-11-24,645.43,646.97,638.45,644.91,,,,
2015-11-25,645.04,649.18,645.04,648.09,,,,
2015-11-27,647.95,648.61,643.06,645.46,,,,
2015-11-30,645.57,646.49,639.58,640.02,,,,
2015-12-01,641.06,646.63,641.06,646.5,,,,
2015-12-02,646.52,646.76,639.72,640.68,,,,
2015-12-03,640.83,642.58,628.4,630.96,,,,
2015-12-04,631.76,643.97,631.76,643.44,,,,
2015-12-07,643.19,643.19,636.21,640.48,,,,
2015-12-08,638.3,641.58,633.54,638.42,,,,
2015-12-09,637.02,641.8,627.52,630.62,,,,
2015-12-10,630.98,635.98,629.67,632.16,,,,
2015-12-11,630.06,630.06,616.43,617.47,,,,
2015-12-14,618.29,621.63,611.27,620.3,,,,
2015-12-15,621.78,630,621.78,623.89,,,,
2015-12-16,625.61,635.59,624.32,634.44,,,,
2015-12-17,634.81,636.03,624.11,624.12,,,,
2015-12-18,623.58,623.58,614.75,615.07,,,,
2015-12-21,616.38,620.31,613.2,617.35,,,,
2015-12-22,618.24,622.91,616.99,621.5,,,,
2015-12-23,622.39,625.48,622.36,625.03,,,,
2015-12-24,624.82,625.14,622.82,623.39,,,,
2015-12-28,622.78,625.23,620.12,625.03,,,,
2015-12-29,626.17,632.99,626.17,632.07,,,,
2015-12-30,631.83,631.83,627.05,627.12,,,,
2015-12-31,626.33,627.36,620.96,621.02,,,,
2016-01-04,618.96,618.96,603.36,609.89,,,,
2016-01-05,610.26,612.1,604.87,608.84,,,,
2016-01-06,606.67,606.67,598.85,602.79,,,,
2016-01-07,600.92,600.99,589.49,590.66,,,,
2016-01-08,592.11,597.95,583.15,584.27,,,,
2016-01-11,584.8,591.28,580.53,589.41,,,,
2016-01-12,591.48,598.76,588.74,595.47,,,,
2016-01-13,595.73,596.8,574.28,575.37,,,,
2016-01-14,575.67,584.43,565.68,579.62,,,,
2016-01-15,576.29,576.29,561.03,567.5,,,,
2016-01-19,569.93,576.23,563.93,569.69,,,,
2016-01-20,568.92,569.32,547.22,564.3,,,,
2016-01-21,564.67,578.52,563.64,572.04,,,,
2016-01-22,572.5,583.77,572.5,581.79,,,,
2016-01-25,582.01,583.04,574.63,574.94,,,,
2016-01-26,575.32,584.64,574.65,583.4,,,,
2016-01-27,582.74,586.24,571.84,574.59,,,,
2016-01-28,575.84,583.14,571.43,581.62,,,,
2016-01-29,576.36,588.78,576.36,588.78,,,,
2016-02-01,588.07,593.95,582.21,591.68,,,,
2016-02-02,590.45,590.45,578.14,580.39,,,,
2016-02-03,581.8,583.75,567.55,578.43,,,,
2016-02-04,578.1,578.51,570.17,575.15,,,,
2016-02-05,573.81,573.81,555.1,556.82,,,,
2016-02-08,554.44,554.44,536.34,545.85,,,,
2016-02-09,544.65,550.93,538.6,544.41,,,,
2016-02-10,545.76,553.16,543.67,543.99,,,,
2016-02-11,542.54,546.9,536.59,543.54,,,,
2016-02-12,545.26,553.52,544.29,553.27,,,,
2016-02-16,553.98,566.94,553.98,566.94,,,,
2016-02-17,567.01,580.48,567.01,578.91,,,,
2016-02-18,578.96,579.63,573.29,575.03,,,,
2016-02-19,574.69,576.92,568.14,576.92,,,,
2016-02-22,577.98,588.76,577.98,587.94,,,,
2016-02-23,587.31,590.28,583.19,584.69,,,,
2016-02-24,583.26,589,573.49,588.13,,,,
2016-02-25,588.43,594.02,585.37,593.96,,,,
2016-02-26,595.06,596.98,591.85,593.25,,,,
2016-02-29,593.07,597.72,590.11,590.19,,,,
2016-03-01,591.57,605.97,591.57,605.68,,,,
2016-03-02,605.17,605.64,600.82,604.99,,,,
2016-03-03,604.44,608.37,602.25,608.35,,,,
2016-03-04,608.49,610.51,605.35,608.17,,,,
2016-03-07,607.09,608.15,601.59,605.33,,,,
2016-03-08,604.49,605.75,599.63,600.28,,,,
2016-03-09,601.06,602.27,597.31,601.15,,,,
2016-03-10,601.86,606.34,594.8,602.17,,,,
2016-03-11,604.13,611.7,604.13,611.64,,,,
2016-03-14,610.72,615.74,610.41,614.05,,,,
2016-03-15,612.54,614.1,610.91,613.97,,,,
2016-03-16,613.07,620.17,612.42,618.45,,,,
2016-03-17,618.23,621.99,616.77,620.14,,,,
2016-03-18,620.29,623.66,619.6,620.75,,,,
2016-03-21,620.35,621.53,617.04,620.99,,,,
2016-03-22,620.56,621.52,616.25,619.5,,,,
2016-03-23,619.42,619.42,614.92,615.61,,,,
2016-03-24,614.54,616.31,611.57,616.15,,,,
2016-03-28,616.61,621.65,616.61,619.28,,,,
2016-03-29,619.03,625.82,618.5,625.13,,,,
2016-03-30,626.49,630.54,626.49,629.03,,,,
2016-03-31,629.15,630.72,627.64,628.44,,,,
2016-04-01,627.43,632.49,624.22,631.61,,,,
2016-04-04,631.78,632.03,625.4,626.19,,,,
2016-04-05,624.89,624.89,619.43,620.92,,,,
2016-04-06,620.96,627.16,620.12,626.78,,,,
2016-04-07,625.7,626.04,616.95,619.55,,,,
2016-04-08,620.69,624,616.34,618.59,,,,
2016-04-11,618.98,623.28,616.05,616.09,,,,
2016-04-12,616.74,621.89,613.73,621.02,,,,
2016-04-13,622.97,629.8,622.97,629.39,,,,
2016-04-14,629.85,631.47,627.6,629.47,,,,
2016-04-15,629.84,631.77,628.1,631.28,,,,
2016-04-18,631.16,637.09,631.16,637.04,,,,
2016-04-19,636.64,638.94,631.48,634,,,,
2016-04-20,634.36,636.7,631.79,634.24,,,,
2016-04-21,634.35,637.46,632.24,632.67,,,,
2016-04-22,632.69,634.49,627.27,630.87,,,,
2016-04-25,630.08,631.87,627.41,631.84,,,,
2016-04-26,632.29,635.28,630.1,633.27,,,,
2016-04-27,633.11,634.07,629.44,632.62,,,,
2016-04-28,632.45,634.91,624.43,625.58,,,,
2016-04-29,624.71,631.89,624.26,628.76,,,,
2016-05-02,629.43,638.16,629.43,637.53,,,,
2016-05-03,636.51,636.51,630.6,631.94,,,,
2016-05-04,631.04,631.51,626.12,628.95,,,,
2016-05-05,629.22,629.62,624.39,625,,,,
2016-05-06,624.68,629.14,621.66,629.13,,,,
2016-05-09,629.06,632.97,629.06,631.13,,,,
2016-05-10,631.45,639.31,631.45,639.04,,,,
2016-05-11,638.93,638.93,626.12,626.4,,,,
2016-05-12,626.76,629.99,623.17,627.22,,,,
2016-05-13,627.06,627.17,619.84,620.33,,,,
2016-05-16,620.23,625.78,618.46,623.93,,,,
2016-05-17,623.76,624.27,615.03,616.74,,,,
2016-05-18,615.94,617,609.15,613.14,,,,
2016-05-19,612.97,613.36,608.29,612.58,,,,
2016-05-20,612.75,618.61,612.75,616.59,,,,
2016-05-23,616.26,618.34,613.86,614.16,,,,
2016-05-24,614.59,623.52,614.59,622.09,,,,
2016-05-25,622.43,626.49,622.43,625.12,,,,
2016-05-26,625.69,628.81,625.45,626.4,,,,
2016-05-27,626.96,630.1,626.96,629.44,,,,
2016-05-31,629.79,630.05,625.97,628.78,,,,
2016-06-01,628.02,628.25,623.97,627.94,,,,
2016-06-02,628.02,631.06,626.02,631.06,,,,
2016-06-03,630.49,630.49,622.85,627.58,,,,
2016-06-06,627.9,629.65,625.49,628.34,,,,
2016-06-07,628.71,631.98,628.71,629.15,,,,
2016-06-08,629.22,630.79,627.46,629.69,,,,
2016-06-09,629.12,629.12,625.88,628.46,,,,
2016-06-10,625.53,625.53,620.07,621.97,,,,
2016-06-13,621.73,624.88,617.84,618.08,,,,
2016-06-14,617.1,618.92,612.77,616.47,,,,
2016-06-15,617.35,623.37,617.35,618.1,,,,
2016-06-16,617.07,621.04,611.79,620.42,,,,
2016-06-17,620.4,621.43,618.33,619.51,,,,
2016-06-20,620.14,630.58,620.14,624.92,,,,
2016-06-21,625.22,626.19,622.28,623.64,,,,
2016-06-22,623.84,627.34,622.16,622.57,,,,
2016-06-23,624.49,628.46,624.49,628.46,,,,
2016-06-24,625.73,625.73,604,605.69,,,,
2016-06-27,603.15,603.15,589.71,594.49,,,,
2016-06-28,598.37,605.86,598.37,605.84,,,,
2016-06-29,607.26,616.89,607.26,615.77,,,,
2016-06-30,616.37,620.53,613.77,620.41,,,,
2016-07-01,620.99,628.01,620.87,625.95,,,,
2016-07-05,624.98,624.98,617.71,621.38,,,,
2016-07-06,620.59,626.67,617.63,626.63,,,,
2016-07-07,626.7,629.13,625.78,629.11,,,,
2016-07-08,629.8,640.65,629.8,640.15,,,,
2016-07-11,640.92,645.52,640.92,643.73,,,,
2016-07-12,644.86,648.13,644.86,646.68,,,,
2016-07-13,646.65,647.23,641.89,643.6,,,,
2016-07-14,644.3,649.05,644.3,646.22,,,,
2016-07-15,646.32,647.39,642.61,643.3,,,,
2016-07-18,643.76,647.22,642.79,645.36,,,,
2016-07-19,644.86,644.86,641.63,644.18,,,,
2016-07-20,645.53,647.18,643.07,646.72,,,,
2016-07-21,646.77,647.98,643.26,645.08,,,,
2016-07-22,645.27,648.62,644.49,648.13,,,,
2016-07-25,648.43,649.02,646.94,649,,,,
2016-07-26,649.05,651.13,645.77,647.93,,,,
2016-07-27,648.31,649.97,643.57,645.72,,,,
2016-07-28,645.29,647.97,641.95,647.23,,,,
2016-07-29,646.6,648.82,645.25,647.81,,,,
2016-08-01,647.92,650.55,645.53,648.63,,,,
2016-08-02,648.41,648.41,637.96,639.15,,,,
2016-08-03,638.32,640.77,635.58,640.77,,,,
2016-08-04,639.51,641.91,638.35,640.45,,,,
2016-08-05,642.76,648.24,642.76,647.31,,,,
2016-08-08,647.63,648.34,644.63,645.19,,,,
2016-08-09,645.11,646.41,642.1,643.05,,,,
2016-08-10,643.86,646.38,643.25,644.45,,,,
2016-08-11,645.69,651.76,645.69,651.06,,,,
2016-08-12,650.06,652.25,648.91,650.87,,,,
2016-08-15,651.42,653.59,651.42,651.7,,,,
2016-08-16,650.87,650.98,647.76,648.15,,,,
2016-08-17,647.71,647.72,642.78,646.83,,,,
2016-08-18,646.88,647.53,645.14,646.49,,,,
2016-08-19,645.66,647.86,644.26,646.31,,,,
2016-08-22,646.12,646.78,644.04,645.75,,,,
2016-08-23,648.65,649.87,648.04,648.87,,,,
2016-08-24,648.66,649.9,644.76,645.98,,,,
2016-08-25,644.6,645.89,642.74,643.6,,,,
2016-08-26,643.9,647.09,639.26,641.86,,,,
2016-08-29,642.3,644.93,642.3,643.83,,,,
2016-08-30,643.16,643.57,639.1,640.22,,,,
2016-08-31,639.5,640.59,636.1,638.63,,,,
2016-09-01,639.47,640.93,636.2,639.79,,,,
2016-09-02,642.05,643.21,639.46,640.71,,,,
2016-09-06,640.94,641.78,637.71,641.73,,,,
2016-09-07,641.33,642.17,639.37,641.74,,,,
2016-09-08,639.74,639.74,635.75,636.75,,,,
2016-09-09,632.71,632.71,621.11,621.11,,,,
2016-09-12,618.53,631.29,618.28,630.08,,,,
2016-09-13,626.7,626.7,618.78,620.59,,,,
2016-09-14,621.18,624.34,619.06,620.78,,,,
2016-09-15,619.92,625.63,618.08,625.07,,,,
2016-09-16,624.52,624.52,621.28,624.07,,,,
2016-09-19,625.61,627.63,622.08,623.41,,,,
2016-09-20,625.71,626.61,622.45,624.01,,,,
2016-09-21,625.23,630.16,622.99,629.67,,,,
2016-09-22,632.54,635.6,632.54,634.53,,,,
2016-09-23,633.19,635.11,632.71,633.09,,,,
2016-09-26,631.16,631.16,625.34,626.03,,,,
2016-09-27,626.67,632.33,625.98,632.25,,,,
2016-09-28,632.56,634.44,630.51,634.17,,,,
2016-09-29,633.79,637.05,629.24,630.79,,,,
2016-09-30,632.77,637.86,632.55,635.96,,,,
2016-10-03,634.33,636.72,632.95,635.67,,,,
2016-10-04,636.4,638.14,632.1,633.62,,,,
2016-10-05,635.08,638.28,635.08,636.07,,,,
2016-10-06,634.95,637.49,632.57,636.4,,,,
2016-10-07,637.77,638.03,631.93,633.6,,,,
2016-10-10,635.17,637.06,634.1,634.18,,,,
2016-10-11,633.11,633.3,625.6,626.96,,,,
2016-10-12,627.46,631.96,626.9,629.41,,,,
2016-10-13,626.47,629.01,621.16,627.39,,,,
2016-10-14,630.1,631.35,626.39,626.39,,,,
2016-10-17,625.82,626.16,621.28,621.54,,,,
2016-10-18,627.87,628.2,624.63,625.18,,,,
2016-10-19,626.4,628.98,625.05,628.28,,,,
2016-10-20,627.9,628.56,624.66,627.36,,,,
2016-10-21,625.27,632.99,624.65,632.18,,,,
2016-10-24,635.18,636.98,634.51,636.72,,,,
2016-10-25,635.37,635.37,628.79,629.16,,,,
2016-10-26,627.14,628.87,625.46,626.47,,,,
2016-10-27,627.8,628.39,620,621.05,,,,
2016-10-28,617.52,623.79,616.9,619.65,,,,
2016-10-31,620.1,621.52,618.97,620.52,,,,
2016-11-01,621.75,623.75,610.88,615.31,,,,
2016-11-02,614.3,616.7,610.52,611.77,,,,
2016-11-03,613.6,615.91,609.06,610.26,,,,
2016-11-04,609.12,614.41,608.25,608.93,,,,
2016-11-07,616.45,623.21,616.45,622.97,,,,
2016-11-08,623.57,628.33,621.69,625.95,,,,
2016-11-09,615.79,628.07,613.12,627.1,,,,
2016-11-10,629.34,636.25,624.44,629.18,,,,
2016-11-11,627.11,633.76,626.65,633.21,,,,
2016-11-14,634.95,637.63,632.21,632.81,,,,
2016-11-15,633.78,636.09,632.66,634.96,,,,
2016-11-16,633.54,638.6,633.19,638.42,,,,
2016-11-17,638.79,646.2,637.79,646.19,,,,
2016-11-18,646.36,647.04,643.6,644.04,,,,
2016-11-21,645.05,648.21,644.81,648.1,,,,
2016-11-22,650.33,656.75,650.3,656.09,,,,
2016-11-23,655.37,657.3,655.19,656.75,,,,
2016-11-25,658.26,659.09,657.61,658.55,,,,
2016-11-28,656.55,656.81,651.71,653.06,,,,
2016-11-29,653.85,655.34,652.6,654.25,,,,
2016-11-30,654.1,654.38,648.55,648.55,,,,
2016-12-01,648.11,652.39,647.1,649.11,,,,
2016-12-02,648.31,650.85,644.79,645.47,,,,
2016-12-05,648.28,653.48,647.39,651.77,,,,
2016-12-06,652.56,653.97,651.04,653.82,,,,
2016-12-07,654.06,666.87,653.39,665.94,,,,
2016-12-08,665.99,668,664.76,666.35,,,,
2016-12-09,667.1,667.72,664.37,667.72,,,,
2016-12-12,666.22,666.61,660.79,662.38,,,,
2016-12-13,664.18,670.64,664.18,667.86,,,,
2016-12-14,667.57,669.1,662.49,663.51,,,,
2016-12-15,663.53,666.56,661.59,661.83,,,,
2016-12-16,663.13,663.67,657.79,658.82,,,,
2016-12-19,659.06,663.78,658.6,660.19,,,,
2016-12-20,661.41,666.42,661.29,665.37,,,,
2016-12-21,664.91,665.92,663.71,665.04,,,,
2016-12-22,663.62,663.63,657.09,658.33,,,,
2016-12-23,658.28,659.11,655.99,656.73,,,,
2016-12-27,657.43,661.81,657.26,659.03,,,,
2016-12-28,660.22,661.03,654.6,654.89,,,,
2016-12-29,655.11,656.9,652.36,653.91,,,,
2016-12-30,655.13,655.57,646.18,647.82,,,,
2017-01-03,653.13,655.55,648,651.81,,,,
2017-01-04,654.24,661.25,654.1,660.48,,,,
2017-01-05,657.4,660.39,656.7,660.05,,,,
2017-01-06,660.51,665.39,657.59,662.91,,,,
2017-01-09,662.93,664.58,661.71,662.47,,,,
2017-01-10,662.66,667.76,661.82,665.11,,,,
2017-01-11,664.86,666.59,662.62,666.58,,,,
2017-01-12,665.51,666.8,660.74,666.37,,,,
2017-01-13,666.72,669.13,666.61,668.41,,,,
2017-01-17,666.99,671.78,666.64,669.89,,,,
2017-01-18,669.18,669.18,666.07,668.6,,,,
2017-01-19,669.87,671.6,664.73,666.35,,,,
2017-01-20,668.14,669.82,666.11,667.96,,,,
2017-01-23,666.27,668.7,664.48,668.4,,,,
2017-01-24,670.04,674.66,669.51,673.85,,,,
2017-01-25,676.63,678.78,676.3,677.79,,,,
2017-01-26,678.67,681.61,678.67,679.36,,,,
2017-01-27,679.1,679.27,674.69,677.34,,,,
2017-01-30,675.77,676.81,670.18,676.79,,,,
2017-01-31,673.18,674.93,670.42,674.91,,,,
2017-02-01,675.54,677.67,671.57,673.74,,,,
2017-02-02,674.05,676.28,672.3,673.23,,,,
2017-02-03,670.87,673.59,670.03,672.5,,,,
2017-02-06,671.37,672.14,669.38,670.47,,,,
2017-02-07,670.85,671.61,669.1,669.55,,,,
2017-02-08,669.84,674.58,669.84,673.67,,,,
2017-02-09,674.59,679.69,674.28,678.28,,,,
2017-02-10,679.18,682.39,678.91,681.97,,,,
2017-02-13,683.95,684.5,682.08,682.67,,,,
2017-02-14,682.84,686.68,682.63,686.68,,,,
2017-02-15,684.95,690.47,684.69,690.14,,,,
2017-02-16,689.65,690.39,685.6,687.08,,,,
2017-02-17,685.74,689.08,685.32,689.08,,,,
2017-02-21,691.38,694.5,690.58,693.21,,,,
2017-02-22,692.87,693.76,691.59,693.37,,,,
2017-02-23,694.4,694.58,687.76,688.5,,,,
2017-02-24,686.75,691.43,685.5,691.43,,,,
2017-02-27,690.22,692.28,689.03,691.68,,,,
2017-02-28,690.33,690.33,686.21,687.21,,,,
2017-03-01,693.34,695.47,692.07,694.13,,,,
2017-03-02,693.85,695.04,692.19,693.1,,,,
2017-03-03,692.54,693.25,689.19,691.63,,,,
2017-03-06,689.43,690.05,686.84,689.23,,,,
2017-03-07,688.24,689.07,686.1,686.96,,,,
2017-03-08,687.31,690.56,687.28,689.11,,,,
2017-03-09,688.93,690.78,686.79,688.89,,,,
2017-03-10,691.37,692.34,688.37,689.82,,,,
2017-03-13,690.09,691.66,689.17,691.2,,,,
2017-03-14,690.64,692.36,689.01,691.34,,,,
2017-03-15,692.75,696.22,690.44,694.85,,,,
2017-03-16,695.54,696.75,694.13,695.19,,,,
2017-03-17,696.65,696.83,693.67,695.82,,,,
2017-03-20,696.01,696.41,692.83,694.1,,,,
2017-03-21,696.14,696.62,684.86,685.5,,,,
2017-03-22,684.08,686.94,682.09,686.33,,,,
2017-03-23,686.51,691.22,685.64,687.64,,,,
2017-03-24,688.7,691.48,686.45,688.82,,,,
2017-03-27,684.81,690.22,682.62,688.96,,,,
2017-03-28,689.11,695.77,688.92,694.25,,,,
2017-03-29,693.92,698.88,693.72,698.17,,,,
2017-03-30,697.42,700.32,696.72,700.06,,,,
2017-03-31,699.34,702.08,699.34,700.24,,,,
2017-04-03,700.64,700.64,693.49,697.05,,,,
2017-04-04,696.04,697.22,694.79,696.06,,,,
2017-04-05,697.77,702.62,693.76,694.5,,,,
2017-04-06,695.4,698.93,695.1,696.97,,,,
2017-04-07,696.56,697.04,693.75,694.52,,,,
2017-04-10,695.38,699.63,694.7,696.99,,,,
2017-04-11,697.28,698.01,691.8,696.64,,,,
2017-04-12,696.24,696.74,693.23,693.85,,,,
2017-04-13,693.07,695.14,689.3,689.3,,,,
2017-04-17,691.59,696,691.36,695.86,,,,
2017-04-18,694.45,697.02,692.64,696.15,,,,
2017-04-19,698.31,701.06,696.09,696.82,,,,
2017-04-20,698.9,705.29,698.9,703.77,,,,
2017-04-21,703.69,704.04,700.68,702.34,,,,
2017-04-24,708.36,709.27,706.02,706.6,,,,
2017-04-25,709.34,713.41,709.3,712.33,,,,
2017-04-26,713.58,718.74,713.49,715.89,,,,
2017-04-27,718.66,720.55,717.76,719.81,,,,
2017-04-28,722.28,722.28,715.84,716.73,,,,
2017-05-01,718.21,720.37,716.93,717.23,,,,
2017-05-02,717.58,718.55,714.27,718.55,,,,
2017-05-03,719.07,719.07,712.13,714.31,,,,
2017-05-04,714.25,714.25,710.77,713.53,,,,
2017-05-05,715.33,717.51,712.64,717.5,,,,
2017-05-08,719.86,720.31,716.39,719.29,,,,
2017-05-09,720.2,723.46,719.13,722.76,,,,
2017-05-10,719.83,720.76,717.98,720.76,,,,
2017-05-11,718.6,718.8,711.87,716.46,,,,
2017-05-12,716.84,716.89,714.32,715.16,,,,
2017-05-15,715.25,718.16,714.38,715.06,,,,
2017-05-16,714.94,716.21,712.31,712.73,,,,
2017-05-17,708.56,710.05,701.07,701.27,,,,
2017-05-18,701.85,708.35,701.7,705.45,,,,
2017-05-19,705.96,712.18,705.8,709.57,,,,
2017-05-22,711.52,714.32,711.26,713.44,,,,
2017-05-23,713.94,714.13,709.77,710.56,,,,
2017-05-24,710.35,713.43,707.99,713.07,,,,
2017-05-25,716.42,721.74,716.13,719.7,,,,
2017-05-26,720,721.97,719.71,721.91,,,,
2017-05-30,721.4,723.66,721.4,721.98,,,,
2017-05-31,723.3,723.89,718,723.76,,,,
2017-06-01,725.55,730.01,723.22,730,,,,
2017-06-02,730.59,733.67,729.63,732.96,,,,
2017-06-05,733.21,733.21,729.55,730.52,,,,
2017-06-06,728.97,728.97,724.03,724.44,,,,
2017-06-07,725.93,726.47,724.05,725.93,,,,
2017-06-08,726.55,726.55,719.92,721.22,,,,
2017-06-09,721.96,722.69,712.45,718.11,,,,
2017-06-12,715.65,719.14,714.31,717.34,,,,
2017-06-13,719.4,722.66,718.86,721.66,,,,
2017-06-14,723.52,723.57,717.5,721.19,,,,
2017-06-15,716.58,718.82,712.33,717.96,,,,
2017-06-16,718.43,718.43,713.91,717.76,,,,
2017-06-19,721.26,724.59,719.18,723.58,,,,
2017-06-20,721.86,721.86,714.34,714.52,,,,
2017-06-21,715.26,716.61,713.04,715.28,,,,
2017-06-22,715.72,716.45,713.84,713.99,,,,
2017-06-23,713.78,713.78,710.68,713.32,,,,
2017-06-26,715.52,717.63,713.26,715.34,,,,
2017-06-27,714.22,716.74,710.02,710.02,,,,
2017-06-28,712.24,717.77,711.42,717.03,,,,
2017-06-29,715.4,716.02,704.65,710.09,,,,
2017-06-30,713.57,716.59,712.21,714.06,,,,
2017-07-03,716.26,719.03,712.74,712.74,,,,
2017-07-05,713.3,713.3,707.82,711.01,,,,
2017-07-06,706.75,707.06,703.02,703.68,,,,
2017-07-07,705.13,710.28,705.02,709.49,,,,
2017-07-10,709.83,712.41,708.24,711.06,,,,
2017-07-11,710.44,710.92,705.97,709.66,,,,
2017-07-12,713.47,716.28,713.46,714.97,,,,
2017-07-13,715.6,718.07,714.8,715.53,,,,
2017-07-14,716.8,718.46,714.39,717.53,,,,
2017-07-17,718.1,720.52,718.04,719.36,,,,
2017-07-18,719.54,722.7,718.23,722.36,,,,
2017-07-19,723.97,726.89,723.46,726.04,,,,
2017-07-20,727.12,727.28,722.16,724.14,,,,
2017-07-21,722.34,725,721.79,724.96,,,,
2017-07-24,724.69,724.69,721.69,722.24,,,,
2017-07-25,725.44,729.43,723.87,727.59,,,,
2017-07-26,727.99,728.8,726.51,727.46,,,,
2017-07-27,732.13,736.32,726.33,732.53,,,,
2017-07-28,725.62,727.87,724.12,727.11,,,,
2017-07-31,730.22,730.43,724.27,726.65,,,,
2017-08-01,729.16,729.45,725.71,728.23,,,,
2017-08-02,727.13,727.95,721.67,726.31,,,,
2017-08-03,726.21,727.74,723.74,724.15,,,,
2017-08-04,724.67,724.72,721.36,724.33,,,,
2017-08-07,725.22,726.8,724.32,725.68,,,,
2017-08-08,726.04,729.71,723.86,725.37,,,,
2017-08-09,717.37,722.17,716.19,721.96,,,,
2017-08-10,718.87,719.83,710.92,710.99,,,,
2017-08-11,711.4,716.07,711.36,714.66,,,,
2017-08-14,718.49,721.99,718.39,719.57,,,,
2017-08-15,719.43,719.43,712.94,713.1,,,,
2017-08-16,715.73,718.06,713.72,716.31,,,,
2017-08-17,714.74,715.27,705.06,705.1,,,,
2017-08-18,703.49,705.48,700.95,701.68,,,,
2017-08-21,701.45,703.79,698.8,702.98,,,,
2017-08-22,704.73,711.13,704.73,710.33,,,,
2017-08-23,705.39,706.82,703.09,704.37,,,,
2017-08-24,707.45,709.37,701.71,702.58,,,,
2017-08-25,704.7,707.3,703.22,704.38,,,,
2017-08-28,706.31,706.97,703.9,705.05,,,,
2017-08-29,700.31,704.69,699.52,703.71,,,,
2017-08-30,703.93,709.62,703.56,708.61,,,,
2017-08-31,710.7,712.74,710.15,712.13,,,,
2017-09-01,714.05,716.56,714.05,715.39,,,,
2017-09-05,714.71,716.28,708.34,712.46,,,,
2017-09-06,714.04,717.57,711.95,716.39,,,,
2017-09-07,718.49,718.94,708.66,710.29,,,,
2017-09-08,709.75,709.75,706.62,707.77,,,,
2017-09-11,710.83,712.3,709.84,711.56,,,,
2017-09-12,713.46,715.68,712.31,714.66,,,,
2017-09-13,714.92,719.85,714.86,719.79,,,,
2017-09-14,718.69,719.06,715.62,715.87,,,,
2017-09-15,715.39,716.62,713.47,714.22,,,,
2017-09-18,715.31,716.56,709.81,711.19,,,,
2017-09-19,711.77,712.6,708.05,710.84,,,,
2017-09-20,711.6,713.63,709.4,713.34,,,,
2017-09-21,713.2,713.48,710.65,711.62,,,,
2017-09-22,710.42,713.49,710.42,713.19,,,,
2017-09-25,712.36,714.44,709.26,711.75,,,,
2017-09-26,713.72,714.96,710.08,711.33,,,,
2017-09-27,712.76,716.88,710.29,715.15,,,,
2017-09-28,714.03,715.33,713.38,714.83,,,,
2017-09-29,715.36,718.15,714.49,717.47,,,,
2017-10-02,718.63,720.22,717.21,718.76,,,,
2017-10-03,719.52,721.6,719.09,721.37,,,,
2017-10-04,721.3,725.76,721.3,725.17,,,,
2017-10-05,725.9,729.52,725.5,729.24,,,,
2017-10-06,728.07,731.11,727.95,730.37,,,,
2017-10-09,731.45,731.49,727.05,727.8,,,,
2017-10-10,729.23,730.55,725.38,727.01,,,,
2017-10-11,727.44,728.02,725.64,727.53,,,,
2017-10-12,725.33,725.33,721.09,722.7,,,,
2017-10-13,724.7,726.79,723.16,725.85,,,,
2017-10-16,726.84,727.37,724.88,727.18,,,,
2017-10-17,726.57,728.82,725.73,727.45,,,,
2017-10-18,727.95,728.38,725.45,725.6,,,,
2017-10-19,722.99,725.56,720.81,725.53,,,,
2017-10-20,728.12,728.97,726.33,727.03,,,,
2017-10-23,727.68,728.7,721.62,722.01,,,,
2017-10-24,723.19,724.91,722.9,724.01,,,,
2017-10-25,722.24,723.58,717.18,721.24,,,,
2017-10-26,720.87,726.22,720.58,723.6,,,,
2017-10-27,728.8,735.5,725.55,735.17,,,,
2017-10-30,732.17,733.73,730.38,732.3,,,,
2017-10-31,732.36,733.64,731.37,731.97,,,,
2017-11-01,733.68,736.59,732.09,732.48,,,,
2017-11-02,730.58,730.9,724.29,726.86,,,,
2017-11-03,725.83,730.1,724.69,729.51,,,,
2017-11-06,729.46,735.41,729.05,734.88,,,,
2017-11-07,734.2,736.53,729.6,730.82,,,,
2017-11-08,729.94,731.83,728.83,731.24,,,,
2017-11-09,727.02,733.55,726.69,732.45,,,,
2017-11-10,732.67,735.92,732.67,734.96,,,,
2017-11-13,733.43,739.02,733.34,737.31,,,,
2017-11-14,734.73,738.08,733.01,738.04,,,,
2017-11-15,734.4,737.09,730.59,734.76,,,,
2017-11-16,735.99,741.32,735.3,740.68,,,,
2017-11-17,742.89,745.25,742,744.25,,,,
2017-11-20,744.85,746.99,744,745.47,,,,
2017-11-21,747.53,750.47,746.36,749.96,,,,
2017-11-22,750.19,752.08,749.71,750.73,,,,
2017-11-24,751.98,752.78,751.25,752.31,,,,
2017-11-27,754.86,756.02,751.61,752.9,,,,
2017-11-28,754.45,761.31,753.19,761.08,,,,
2017-11-29,762.1,766.22,760.42,764.4,,,,
2017-11-30,764.99,771.05,763.44,767.82,,,,
2017-12-01,766.29,769.95,756.85,767.92,,,,
2017-12-04,774.66,781.51,774.66,776.75,,,,
2017-12-05,777.91,777.91,771.75,772.1,,,,
2017-12-06,772.02,797.28,763.5,766.79,,,,
2017-12-07,766.81,770.14,765.18,768.58,,,,
2017-12-08,771.07,773.48,770,771.92,,,,
2017-12-11,772.59,773.88,770.92,773.85,,,,
2017-12-12,775.43,776.3,773.77,774.04,,,,
2017-12-13,775.37,776.36,773.47,774.48,,,,
2017-12-14,775.37,779.28,774.74,776.6,,,,
2017-12-15,779.39,782.36,778.53,780.76,,,,
2017-12-18,784.91,788.59,784.43,786.97,,,,
2017-12-19,788.68,788.74,785.02,786.3,,,,
2017-12-20,788.73,789.34,784.32,784.76,,,,
2017-12-21,785.82,791.57,785.56,789.68,,,,
2017-12-22,788.07,788.67,786.86,788.32,,,,
2017-12-26,788.24,790.7,787.98,790.11,,,,
2017-12-27,790.68,790.86,787.75,788.59,,,,
2017-12-28,790.29,790.65,788.96,790.56,,,,
2017-12-29,790.98,791.66,785.33,785.33,,,,
2018-01-02,789.58,797.4,789.58,797.21,,,,
2018-01-03,798.77,802.02,798.72,801.46,,,,
2018-01-04,803.4,804.58,799.97,804.02,,,,
2018-01-05,807.35,810.9,805.98,810.9,,,,
2018-01-08,810.83,812.85,809.83,811.59,,,,
2018-01-09,814.25,814.78,810.25,812.55,,,,
2018-01-10,810.15,813.31,808.1,812.42,,,,
2018-01-11,813.85,825.61,813.81,825.61,,,,
2018-01-12,827,836.55,826.52,836.2,,,,
2018-01-16,841.16,844.01,828.33,830.42,,,,
2018-01-17,833.77,835.88,829.01,834,,,,
2018-01-18,834.25,835.28,831.48,833.59,,,,
2018-01-19,838.17,840.86,834.94,840.83,,,,
2018-01-22,841.79,850.03,840.28,850,,,,
2018-01-23,853.87,858.17,852.94,857.29,,,,
2018-01-24,860.94,865.66,853.3,860.76,,,,
2018-01-25,863.61,864.32,855.73,859.57,,,,
2018-01-26,861.8,868,859.28,868,,,,
2018-01-29,866.27,870.21,863.38,865.56,,,,
2018-01-30,859.98,864.13,855.8,860.86,,,,
2018-01-31,864.92,867.86,856.32,857.88,,,,
2018-02-01,853.86,859.29,847.94,848.64,,,,
2018-02-02,855.08,859.33,838.52,841.07,,,,
2018-02-05,834.47,845.21,806.23,812.31,,,,
2018-02-06,798.27,834.32,794.5,832.52,,,,
2018-02-07,832.89,844.78,830.17,830.23,,,,
2018-02-08,831.7,832.11,796.58,796.89,,,,
2018-02-09,803.56,808.91,772.56,802.49,,,,
2018-02-12,809.87,817.6,801.77,813.29,,,,
2018-02-13,810.73,819.26,809.21,817.46,,,,
2018-02-14,814.08,831.91,813.41,830.18,,,,
2018-02-15,834.78,837.67,826.56,837.65,,,,
2018-02-16,835.12,840.33,831.93,833.96,,,,
2018-02-20,831.99,839.98,828.05,831.27,,,,
2018-02-21,835.2,843,830.06,830.2,,,,
2018-02-22,833.56,837.05,828.49,831.05,,,,
2018-02-23,835.11,842.2,831.77,842.13,,,,
2018-02-26,845.82,849.43,843.56,849.41,,,,
2018-02-27,848.57,848.79,831.4,831.4,,,,
2018-02-28,835.59,839.05,827.34,827.35,,,,
2018-03-01,828.43,832.2,810.23,818.88,,,,
2018-03-02,809.17,820.62,805.51,819.61,,,,
2018-03-05,817.1,830.71,814.41,828.88,,,,
2018-03-06,832.48,835.07,827.33,834.82,,,,
2018-03-07,826.01,830.77,822.11,828.68,,,,
2018-03-08,831.58,832.53,828.53,831.15,,,,
2018-03-09,835.8,844.2,834.51,844.2,,,,
2018-03-12,846.82,850.12,844.81,846.67,,,,
2018-03-13,850.77,852.87,839.38,840.79,,,,
2018-03-14,844.72,845.7,837.41,839.14,,,,
2018-03-15,839.94,842.96,837.2,838.59,,,,
2018-03-16,839.21,843.12,838.1,838.17,,,,
2018-03-19,834.1,834.65,821.39,827.25,,,,
2018-03-20,829.16,833.33,828.47,832.34,,,,
2018-03-21,832.37,837.77,829.06,831.6,,,,
2018-03-22,824.72,827.18,813.67,813.95,,,,
2018-03-23,815.89,819.86,797.81,798.05,,,,
2018-03-26,809.84,822.04,803.04,821.28,,,,
2018-03-27,825.19,826.48,800.55,805.55,,,,
2018-03-28,799.83,806.04,790.14,795.59,,,,
2018-03-29,795.06,810.6,790.63,806.97,,,,
2018-04-02,801.77,802.3,776.47,784.11,,,,
2018-04-03,788.69,797.81,782.48,793.72,,,,
2018-04-04,781.36,809.74,780.86,808.11,,,,
2018-04-05,814.58,821.67,810.53,819.16,,,,
2018-04-06,812.53,818.34,796.55,801.62,,,,
2018-04-09,806.87,811.8,798.83,799.63,,,,
2018-04-10,808.82,810.66,802.37,809.31,,,,
2018-04-11,806.97,814.16,805.93,806.71,,,,
2018-04-12,811.27,814.98,807.53,810.32,,,,
2018-04-13,813.69,815.89,802.94,805.73,,,,
2018-04-16,810.86,814.82,807.11,811.76,,,,
2018-04-17,821,828.4,819.73,826.94,,,,
2018-04-18,829.46,834.77,829.41,831.02,,,,
2018-04-19,831.42,832.73,824.1,827.99,,,,
2018-04-20,828.56,829.53,816.26,819.52,,,,
2018-04-23,822.62,826.6,816.48,821.3,,,,
2018-04-24,826.45,826.68,804.21,808.32,,,,
2018-04-25,807.23,813.59,800,811.39,,,,
2018-04-26,817.18,826.46,814.91,824.27,,,,
2018-04-27,836.9,836.9,826.57,828.41,,,,
2018-04-30,832.7,836.6,825.29,825.31,,,,
2018-05-01,822.84,826.78,816.26,826.64,,,,
2018-05-02,825.06,828.18,819.96,820.78,,,,
2018-05-03,817.7,819.16,806.79,817.16,,,,
2018-05-04,814.25,829.77,812.64,827.84,,,,
2018-05-07,831.23,832.38,827.67,830.82,,,,
2018-05-08,828.46,830.3,822.7,827.12,,,,
2018-05-09,829.05,830.38,823.17,830.01,,,,
2018-05-10,829.2,833.59,828.94,832.93,,,,
2018-05-11,833.25,835.64,832.03,834.81,,,,
2018-05-14,835.97,838.83,835.18,836.11,,,,
2018-05-15,831.76,831.76,827.37,831.02,,,,
2018-05-16,832.89,839.73,832.89,837.94,,,,
2018-05-17,837.14,841.15,833.11,835.24,,,,
2018-05-18,835.22,835.78,832.37,834.25,,,,
2018-05-21,837.93,840.95,836.05,838.85,,,,
2018-05-22,841.93,843.74,834.45,834.83,,,,
2018-05-23,831.82,841.19,831.74,841.19,,,,
2018-05-24,839.68,844.27,836.06,842.92,,,,
2018-05-25,842.57,847.3,841.81,844.49,,,,
2018-05-29,839.22,843.66,834.35,837.77,,,,
2018-05-30,840.57,845.83,839.29,844.75,,,,
2018-05-31,845.06,845.27,838.04,840.76,,,,
2018-06-01,843.87,847.47,843.47,846.58,,,,
2018-06-04,849.98,856.36,849.29,856.18,,,,
2018-06-05,856.04,861.95,855.07,861.09,,,,
2018-06-06,863.17,869.77,859.59,869.77,,,,
2018-06-07,871.46,874.61,868.65,871.3,,,,
2018-06-08,869.24,874.2,867.72,873.51,,,,
2018-06-11,873.72,878.64,873.55,876.48,,,,
2018-06-12,878.32,882.5,877.71,880.9,,,,
2018-06-13,881.74,886.9,880.76,882.08,,,,
2018-06-14,885.69,891.51,885.69,891.01,,,,
2018-06-15,889.06,893.29,886.73,893.11,,,,
2018-06-18,886.72,893.41,885.6,891.39,,,,
2018-06-19,884.54,890.22,881.92,890.09,,,,
2018-06-20,895.18,897.11,891.43,894.32,,,,
2018-06-21,895.7,896.44,886.67,888.02,,,,
2018-06-22,892.64,893.14,886.1,886.81,,,,
2018-06-25,881.99,882.23,862.38,867.52,,,,
2018-06-26,870.53,876.24,868.22,873.46,,,,
2018-06-27,876.67,880.26,862.22,862.22,,,,
2018-06-28,863.44,870.85,858.73,868.77,,,,
2018-06-29,874.58,878.65,870.23,870.23,,,,
2018-07-02,863.56,871.67,861.64,871.65,,,,
2018-07-03,874.29,875.28,865.61,866.45,,,,
2018-07-05,870.74,872.54,864.51,871.29,,,,
2018-07-06,871.31,879.1,869.5,878.01,,,,
2018-07-09,882.62,888.34,881.57,888.27,,,,
2018-07-10,888.77,891.14,886.25,890.26,,,,
2018-07-11,886.39,890.03,884.08,888.23,,,,
2018-07-12,890.21,894.77,887.84,894.21,,,,
2018-07-13,894.3,897.54,893.08,896.45,,,,
2018-07-16,898.14,899.79,894.96,898.17,,,,
2018-07-17,888.1,901.19,888.06,899.06,,,,
2018-07-18,899.49,901.83,895.8,898.35,,,,
2018-07-19,896.31,901.79,895.95,896.45,,,,
2018-07-20,896.74,897.96,892.11,892.43,,,,
2018-07-23,891.92,893.26,886.85,891.51,,,,
2018-07-24,897.01,898.28,886.73,889.02,,,,
2018-07-25,887.16,895.35,883.59,895.18,,,,
2018-07-26,894.15,897.3,888.72,890.68,,,,
2018-07-27,901.88,902.52,884.49,888.25,,,,
2018-07-30,888.61,889.71,878.7,881.28,,,,
2018-07-31,882.76,888.9,878.86,885.15,,,,
2018-08-01,884.05,886.92,877.16,881.23,,,,
2018-08-02,878.19,887.46,875.41,886.78,,,,
2018-08-03,888.69,891.23,887.08,889.73,,,,
2018-08-06,890.37,896.88,888.19,895.72,,,,
2018-08-07,896.92,901.34,896.16,899.7,,,,
2018-08-08,899.91,902.32,897.93,900.79,,,,
2018-08-09,899.27,907.41,899.17,904.24,,,,
2018-08-10,899.62,900.83,894.46,896.78,,,,
2018-08-13,897.96,899.97,891.92,892.17,,,,
2018-08-14,896.58,901.97,894.32,900.68,,,,
2018-08-15,895.74,895.74,884.46,889.71,,,,
2018-08-16,895.24,898.35,893.04,893.72,,,,
2018-08-17,893.26,896.33,888.74,894.78,,,,
2018-08-20,896.96,901.64,895.28,900.29,,,,
2018-08-21,903.49,911.33,903.39,908.3,,,,
2018-08-22,908.83,913.66,908.28,909.36,,,,
2018-08-23,909.94,913.13,906.64,907.67,,,,
2018-08-24,908.96,914.7,908.78,913.06,,,,
2018-08-27,918.17,920.92,917.47,919.46,,,,
2018-08-28,921.74,922.5,918.06,921.11,,,,
2018-08-29,923.17,931.9,921.71,931.43,,,,
2018-08-30,929.1,931.34,922.91,925.79,,,,
2018-08-31,925.55,931.03,925.55,929.23,,,,
2018-09-04,929.22,933.1,924.62,931.51,,,,
2018-09-05,930.27,930.27,920.45,921.26,,,,
2018-09-06,923.72,925.92,914.26,918.19,,,,
2018-09-07,914,923.72,913.53,917.89,,,,
2018-09-10,923.28,925.03,919.07,921.12,,,,
2018-09-11,919.48,929.38,917.88,928.69,,,,
2018-09-12,929.6,931.08,922.69,930.72,,,,
2018-09-13,932.7,935.11,930.01,931.39,,,,
2018-09-14,932.75,933.59,924.79,928.72,,,,
2018-09-17,926.64,926.64,916.15,916.92,,,,
2018-09-18,918.08,929.62,917.86,928.58,,,,
2018-09-19,929.97,931.18,925.07,928.87,,,,
2018-09-20,933.08,936.77,931.56,935.01,,,,
2018-09-21,936.99,940.35,930.86,932.39,,,,
2018-09-24,927.9,928.5,920.96,927.08,,,,
2018-09-25,929.46,932.89,927.8,932.54,,,,
2018-09-26,933.32,941.86,931.86,934.36,,,,
2018-09-27,935.61,941.71,934.74,939.41,,,,
2018-09-28,938.3,943.37,937.38,938.23,,,,
2018-10-01,943.72,946.29,936.39,936.39,,,,
2018-10-02,935.68,935.76,922.97,922.97,,,,
2018-10-03,926.33,928.77,918.96,918.97,,,,
2018-10-04,917.86,918.98,900.82,904.26,,,,
2018-10-05,905.72,908.45,889.2,897.19,,,,
2018-10-08,893.83,902.79,887.16,897.55,,,,
2018-10-09,896.46,906.98,894.51,895.51,,,,
2018-10-10,895.14,895.14,861.81,862,,,,
2018-10-11,861.34,868.05,838.63,847.38,,,,
2018-10-12,866.94,870.91,852.87,865.58,,,,
2018-10-15,866.04,869.02,856.6,861.52,,,,
2018-10-16,867.69,881.76,863.16,880.65,,,,
2018-10-17,880.92,880.92,865.52,874.58,,,,
2018-10-18,872.22,873.1,853.83,856.17,,,,
2018-10-19,857.94,862.33,845.3,848.51,,,,
2018-10-22,853.47,857.4,846.91,852.55,,,,
2018-10-23,839.99,854.46,832.49,851.57,,,,
2018-10-24,851.57,855.06,821.89,823.39,,,,
2018-10-25,833.42,856.22,830.82,851.45,,,,
2018-10-26,824.51,834.7,811.5,821.21,,,,
2018-10-29,830.81,835.6,795.27,808.68,,,,
2018-10-30,802.14,819.45,800.67,818.63,,,,
2018-10-31,831.18,841.1,829.03,831.97,,,,
2018-11-01,836.45,851.87,831.41,850.53,,,,
2018-11-02,858.57,864.89,845.36,854.04,,,,
2018-11-05,852.66,854.64,843.32,852.52,,,,
2018-11-06,851.48,859.9,850.6,857.13,,,,
2018-11-07,864.22,884.61,862.56,883.91,,,,
2018-11-08,881.59,889.16,877.29,884.23,,,,
2018-11-09,879.44,880.26,866.75,871.01,,,,
2018-11-12,868.87,871.1,849.42,850.89,,,,
2018-11-13,853.06,860.44,847.02,850.61,,,,
2018-11-14,857.62,864.06,840.52,842.58,,,,
2018-11-15,835.61,844.65,820.37,842.66,,,,
2018-11-16,832.98,841.04,829.35,838.11,,,,
2018-11-19,835.13,837.53,812.76,815.36,,,,
2018-11-20,788.79,809.74,786.69,797.62,,,,
2018-11-21,808.5,813.44,804.96,805.62,,,,
2018-11-23,803.72,807.53,801.99,802.04,,,,
2018-11-26,811.91,823.84,811.62,822.81,,,,
2018-11-27,819.25,826.23,816.82,824.77,,,,
2018-11-28,830.7,851.84,826.15,851.37,,,,
2018-11-29,851.22,853.34,842.28,847.71,,,,
2018-11-30,846.86,854.79,844.75,853.59,,,,
2018-12-03,873.82,876.4,866.85,872.44,,,,
2018-12-04,868.12,872.36,837.36,838.35,,,,
2018-12-06,823.3,843.48,818.66,843.47,,,,
2018-12-07,842.5,849.06,815.98,817.53,,,,
2018-12-10,816.76,822.67,801.14,818.62,,,,
2018-12-11,830.39,833.36,812.59,818.98,,,,
2018-12-12,826.84,838.79,826.61,827.61,,,,
2018-12-13,831.59,834.08,819.17,823.98,,,,
2018-12-14,815.77,822.64,805.31,807.72,,,,
2018-12-17,800,804.6,779.71,784.91,,,,
2018-12-18,791.58,800.65,786.33,793.03,,,,
2018-12-19,793.3,806.84,771.48,775.35,,,,
2018-12-20,770.87,774.95,747.6,757.9,,,,
2018-12-21,761.59,770.16,735.78,738.36,,,,
2018-12-24,731.04,741.27,720.44,723.47,,,,
2018-12-26,729.77,768.93,729.47,768.89,,,,
2018-12-27,761.44,770.91,740.91,770.75,,,,
2018-12-28,774.6,785.22,765.53,773.06,,,,
2018-12-31,780.55,785.14,774.07,781.5,,,,
2019-01-02,768.82,793.26,766.81,788.75,,,,
2019-01-03,783.19,784.78,770.51,771.54,,,,
2019-01-04,781.56,804.07,780.65,798.52,,,,
2019-01-07,804.03,821.91,803.38,817.35,,,,
2019-01-08,828.03,831.21,814.22,826.69,,,,
2019-01-09,827.03,834.08,823.29,830.53,,,,
2019-01-10,821.14,829.38,816.77,828.59,,,,
2019-01-11,825.31,831.02,823.3,828.34,,,,
2019-01-14,820.27,829.28,816.68,822.7,,,,
2019-01-15,823.83,833.04,822.78,832.03,,,,
2019-01-16,833.06,837.82,830.22,830.72,,,,
2019-01-17,827.43,838.68,826.44,836.35,,,,
2019-01-18,843.88,850.99,841.57,847.21,,,,
2019-01-22,842.55,844.14,825.03,832.01,,,,
2019-01-23,836.9,839.03,824.23,833.87,,,,
2019-01-24,834.52,838.88,832.42,838.3,,,,
2019-01-25,847.24,849.97,845.2,847.09,,,,
2019-01-28,839.21,841.03,832.6,841.03,,,,
2019-01-29,839.68,839.84,829.52,834.14,,,,
2019-01-30,840.54,854.8,840.48,852.16,,,,
2019-01-31,853.99,864.92,850.65,861.45,,,,
2019-02-01,848.86,855.64,844.19,846.16,,,,
2019-02-04,845.67,851.55,843.56,851.55,,,,
2019-02-05,854.84,861.18,854.59,859.7,,,,
2019-02-06,861.56,861.69,852.12,855.28,,,,
2019-02-07,848.04,850.57,840.44,847.81,,,,
2019-02-08,842.1,843.52,837.06,843.51,,,,
2019-02-11,846.46,848.84,843.65,845.04,,,,
2019-02-12,849.35,859.72,849.03,859.06,,,,
2019-02-13,862.11,866.37,860.58,864.37,,,,
2019-02-14,858.98,865.52,853.17,860.57,,,,
2019-02-15,864.74,867.41,863.02,865.07,,,,
2019-02-19,863.27,871.86,863.23,869.17,,,,
2019-02-20,869.7,872.61,867.04,870.36,,,,
2019-02-21,869.02,871.29,865.31,868.61,,,,
2019-02-22,870.74,874.09,869.97,873.67,,,,
2019-02-25,878.18,880.05,870.63,870.98,,,,
2019-02-26,868.6,873.51,866.64,872.28,,,,
2019-02-27,871.82,874.15,865.49,871.93,,,,
2019-02-28,867.03,869.78,863.39,867.03,,,,
2019-03-01,874.73,877.42,868.74,874.97,,,,
2019-03-04,878.5,880.91,866.88,873.56,,,,
2019-03-05,876.92,879.32,874.08,875.33,,,,
2019-03-06,876.78,879.46,870.2,870.42,,,,
2019-03-07,868.17,868.38,855.8,858.46,,,,
2019-03-08,851.01,853.13,846.06,852.82,,,,
2019-03-11,855.02,866.61,855.02,865.85,,,,
2019-03-12,866.83,869.72,864.14,867.86,,,,
2019-03-13,870.39,876.15,869.88,871.21,,,,
2019-03-14,871.09,871.09,867.01,868.5,,,,
2019-03-15,872.07,875.65,868.37,874.67,,,,
2019-03-18,875.85,884.63,875.85,883.85,,,,
2019-03-19,887.56,896.14,885.19,888.26,,,,
2019-03-20,889.73,895.33,882.57,891.57,,,,
2019-03-21,890.87,904.26,890.77,903.38,,,,
2019-03-22,898.54,901.35,884.69,884.84,,,,
2019-03-25,882.34,893.62,882.34,889.79,,,,
2019-03-26,895.18,900.11,889.14,893.71,,,,
2019-03-27,894.66,898.43,885.83,891.42,,,,
2019-03-28,894.81,900.24,891.65,896.58,,,,
2019-03-29,900.9,902.9,899.16,901.2,,,,
2019-04-01,907.7,912.08,906.3,911.77,,,,
2019-04-02,911.55,912.64,908.75,911.54,,,,
2019-04-03,916.17,921.18,914.41,917.99,,,,
2019-04-04,919.02,924.69,918.41,924.49,,,,
2019-04-05,926.76,930.95,926.65,930.29,,,,
2019-04-08,928.85,934.05,927.87,933.91,,,,
2019-04-09,930.85,930.9,923.98,925.47,,,,
2019-04-10,927.12,930.15,923.5,929.98,,,,
2019-04-11,930.9,931.42,928.74,931.13,,,,
2019-04-12,934.21,938.18,934.21,936.24,,,,
2019-04-15,936.42,938.62,931.75,938.16,,,,
2019-04-16,940.56,944.11,940.56,942.64,,,,
2019-04-17,945.74,947.96,943.88,944.47,,,,
2019-04-18,945.41,946.56,941.47,943.97,,,,
2019-04-22,940.46,944.78,937.75,941.93,,,,
2019-04-23,944.29,955.4,943.85,953.4,,,,
2019-04-24,954.14,958.01,952.85,953.13,,,,
2019-04-25,953.63,953.63,945.4,948.6,,,,
2019-04-26,953.51,957.39,946.41,957.39,,,,
2019-04-29,957.18,958.2,953.06,954.06,,,,
2019-04-30,951.88,953.32,944.84,952.14,,,,
2019-05-01,953.54,953.98,941.28,941.37,,,,
2019-05-02,942.31,945.63,934.52,941.13,,,,
2019-05-03,950.71,955.88,948.43,954.28,,,,
2019-05-06,939.38,950.07,938.16,948.21,,,,
2019-05-07,942.43,944.86,927.07,934.39,,,,
2019-05-08,932.6,939.54,929.48,933.77,,,,
2019-05-09,926.46,932.89,919.24,929.78,,,,
2019-05-10,928.12,934.62,913.39,930.2,,,,
2019-05-13,913.81,913.81,899.58,902.79,,,,
2019-05-14,906.52,915.65,901.82,910.67,,,,
2019-05-15,905.75,919.8,903.64,917.78,,,,
2019-05-16,921.2,932.57,921.2,926.99,,,,
2019-05-17,921.02,931.62,919.15,919.56,,,,
2019-05-20,913.76,915.92,909.09,913.17,,,,
2019-05-21,915.1,921.01,912.3,918.37,,,,
2019-05-22,912.69,915.66,909.01,910.1,,,,
2019-05-23,903.01,903.01,893.27,897.92,,,,
2019-05-24,902.95,904.58,895.52,899.17,,,,
2019-05-28,902.09,906.99,893.64,894.77,,,,
2019-05-29,889.21,890.08,880.61,886.86,,,,
2019-05-30,889.22,894.56,888.24,891.34,,,,
2019-05-31,879.5,883.17,876.51,878.54,,,,
2019-06-03,876.35,878.52,862.89,868.21,,,,
2019-06-04,874.69,891.32,874.69,891.08,,,,
2019-06-05,896.75,896.75,886.02,894.97,,,,
2019-06-06,894.37,901.77,890.95,899.4,,,,
2019-06-07,903.22,916.15,902.53,913.6,,,,
2019-06-10,919.98,931.73,918.4,923.23,,,,
2019-06-11,930.67,934.95,922.93,926.32,,,,
2019-06-12,925.21,929.68,923.93,925.32,,,,
2019-06-13,928.75,935.51,928.66,933.63,,,,
2019-06-14,932.37,937.73,931.76,935.89,,,,
2019-06-17,937.52,940.3,936.14,936.83,,,,
2019-06-18,942.9,950.4,942.49,943.84,,,,
2019-06-19,945.38,947.91,939.37,946.09,,,,
2019-06-20,952.71,955.22,945.29,952.29,,,,
2019-06-21,951.77,954.08,948.2,948.84,,,,
2019-06-24,948.42,949.87,943.43,943.98,,,,
2019-06-25,945.38,946.15,932.54,933.85,,,,
2019-06-26,937.44,940.77,936.46,937.7,,,,
2019-06-27,939.83,944.48,939.42,943.24,,,,
2019-06-28,944.73,947.44,943.21,945.58,,,,
2019-07-01,955.15,961.26,949.94,953.84,,,,
2019-07-02,953.44,956.89,948.99,956.88,,,,
2019-07-03,957.73,964.02,957.73,964.02,,,,
2019-07-05,959.55,966.22,956.98,965.13,,,,
2019-07-08,962.16,967.69,961.23,966.92,,,,
2019-07-09,963.32,970.91,962.8,970.09,,,,
2019-07-10,973.19,975.58,969.21,973.86,,,,
2019-07-11,977.65,979.63,973.36,975.46,,,,
2019-07-12,978.28,986.17,978.28,985.83,,,,
2019-07-15,988.35,989.49,983.7,989.17,,,,
2019-07-16,986.16,990.11,984.37,987.4,,,,
2019-07-17,986.51,987.24,978.49,978.51,,,,
2019-07-18,974.84,977.96,968.89,976.38,,,,
2019-07-19,979.45,980.76,969.3,969.52,,,,
2019-07-22,971.72,973.04,966.49,971.08,,,,
2019-07-23,975.29,976.89,969.17,976.68,,,,
2019-07-24,971.5,982.05,971.5,981.91,,,,
2019-07-25,979.12,981.56,974.81,975.69,,,,
2019-07-26,974.98,978.8,971.96,977.85,,,,
2019-07-29,975.3,975.3,967.76,972.17,,,,
2019-07-30,965.45,968.46,963.33,965.48,,,,
2019-07-31,965.54,965.82,945.43,954.09,,,,
2019-08-01,955.65,965.33,938.09,941.7,,,,
2019-08-02,937.97,939.13,929.08,933.12,,,,
2019-08-05,917.44,917.44,900.89,907.67,,,,
2019-08-06,913.86,922.21,907.91,920.96,,,,
2019-08-07,913.8,925.54,906.62,923.86,,,,
2019-08-08,930.38,942.49,929.58,942.18,,,,
2019-08-09,940.25,941.85,928.5,933.03,,,,
2019-08-12,926.92,927.77,916.26,919.71,,,,
2019-08-13,918.13,942.91,916,935.46,,,,
2019-08-14,922.24,922.24,905.39,906.1,,,,
2019-08-15,910.63,912.79,897.92,905.42,,,,
2019-08-16,911.34,917.14,909.46,915.32,,,,
2019-08-19,927.83,929.48,924.18,926.72,,,,
2019-08-20,926.76,932.23,924.43,926,,,,
2019-08-21,939.72,943.01,938.82,942.92,,,,
2019-08-22,945.21,947.64,936.48,942.34,,,,
2019-08-23,935.18,939.97,913.46,916.38,,,,
2019-08-26,924.33,925.86,916.93,925.72,,,,
2019-08-27,930.39,930.8,919.81,921.94,,,,
2019-08-28,919.71,932.82,917.89,932.02,,,,
2019-08-29,941.26,947.63,940.35,945.77,,,,
2019-08-30,948.83,949.23,937.21,940.47,,,,
2019-09-03,935.8,942.43,933.19,936.98,,,,
2019-09-04,941.09,946.34,937.82,945.05,,,,
2019-09-05,953.85,964.25,953.85,963.01,,,,
2019-09-06,964.28,967.69,962.14,965.06,,,,
2019-09-09,968.12,970.98,965.17,967.99,,,,
2019-09-10,964.21,964.29,954.71,964.29,,,,
2019-09-11,962.87,968.06,959.56,965.83,,,,
2019-09-12,970.06,976.5,968.62,970.88,,,,
2019-09-13,972.59,974.44,968.14,969.05,,,,
2019-09-16,961.83,962.66,954.93,956.4,,,,
2019-09-17,953.32,962.42,952.84,962.16,,,,
2019-09-18,961.36,962.27,951.96,961.5,,,,
2019-09-19,962.84,964.64,958.79,959.36,,,,
2019-09-20,959.66,963.4,947.92,948.16,,,,
2019-09-23,944.79,953.02,944.11,950.35,,,,
2019-09-24,954.84,957.86,936.86,939.04,,,,
2019-09-25,942.77,949.56,935.24,948.15,,,,
2019-09-26,948.55,949.22,938.88,942.86,,,,
2019-09-27,946.27,946.41,934.34,939.36,,,,
2019-09-30,941.04,948.49,940.31,947.27,,,,
2019-10-01,949.49,953.43,939.76,939.96,,,,
2019-10-02,934.36,934.36,919.17,923.3,,,,
2019-10-03,922.22,928.29,911.12,928.25,,,,
2019-10-04,929.56,937.43,929.23,937.22,,,,
2019-10-07,934.12,938.64,930.24,933.12,,,,
2019-10-08,925.86,932.56,922.49,922.52,,,,
2019-10-09,928.7,933.57,926.52,930.77,,,,
2019-10-10,931.55,939.72,930.86,935.74,,,,
2019-10-11,946.02,954.27,945.53,946.48,,,,
2019-10-14,944.41,948.01,943.32,945.88,,,,
2019-10-15,948.38,957.38,948.31,954.96,,,,
2019-10-16,955.34,960.42,955.34,958.85,,,,
2019-10-17,964.35,966.04,960.42,961.9,,,,
2019-10-18,960.89,962.56,955.16,958.79,,,,
2019-10-21,962.87,966.29,960.48,963.29,,,,
2019-10-22,962.1,962.12,955.86,956.37,,,,
2019-10-23,955.81,955.99,949.27,952.26,,,,
2019-10-24,953.91,955.18,949.76,952.78,,,,
2019-10-25,937.23,953.54,937.21,950.76,,,,
2019-10-28,952.16,955.94,950.88,954.33,,,,
2019-10-29,953.63,954.77,948.25,948.69,,,,
2019-10-30,947.59,954.83,944.84,954.41,,,,
2019-10-31,953.99,956.2,945.91,950.01,,,,
2019-11-01,955.12,956.97,953.11,956.17,,,,
2019-11-04,958.42,960.93,956.05,957.26,,,,
2019-11-05,958.28,960.62,954.83,958.64,,,,
2019-11-06,959.87,959.87,954.94,959.19,,,,
2019-11-07,961.78,962.46,952.61,953.78,,,,
2019-11-08,955.31,955.33,950.08,954.04,,,,
2019-11-11,950.15,951.75,948.4,951.46,,,,
2019-11-12,952.89,955.52,948.99,950.7,,,,
2019-11-13,948.36,949.36,944.48,947.05,,,,
2019-11-14,947.17,952.26,946.33,950.36,,,,
2019-11-15,954.2,954.58,949.71,951.74,,,,
2019-11-18,951.71,955.22,948.43,954.93,,,,
2019-11-19,952.17,952.42,942.94,945.67,,,,
2019-11-20,945.68,949.43,938.38,943,,,,
2019-11-21,943.57,945.26,937.1,938.08,,,,
2019-11-22,941.19,944.28,939.28,944.15,,,,
2019-11-25,947.89,953.06,947.89,952.54,,,,
2019-11-26,952.09,960.35,952.09,960.24,,,,
2019-11-27,962.3,968.7,961.55,968.21,,,,
2019-11-29,967.57,968.91,960.38,960.79,,,,
2019-12-02,962.71,963.01,950.69,953.48,,,,
2019-12-03,944.52,944.53,938.13,943.85,,,,
2019-12-04,946.3,951.86,946.3,947.67,,,,
2019-12-05,950.18,950.24,944.01,945.56,,,,
2019-12-06,952.13,955.14,952.13,953.2,,,,
2019-12-09,952.52,957.38,952.35,953.89,,,,
2019-12-10,954.18,955.8,950.47,951.86,,,,
2019-12-11,953.05,955.02,949.58,954.67,,,,
2019-12-12,956.22,964.91,954.86,963.02,,,,
2019-12-13,963.82,965.28,958.92,963.4,,,,
2019-12-16,967.04,969.55,965.66,967.51,,,,
2019-12-17,969.41,973.5,969.41,972.84,,,,
2019-12-18,974.66,975.94,971.71,972.81,,,,
2019-12-19,972.09,976.78,970.8,976.28,,,,
2019-12-20,979.35,979.7,976.33,977.43,,,,
2019-12-23,978.69,979.27,975.3,976.16,,,,
2019-12-24,976.3,978.67,976.3,977.43,,,,
2019-12-26,979.8,991.52,979.8,991.42,,,,
2019-12-27,994.9,997.74,990.41,991.94,,,,
2019-12-30,992.64,993.59,982.99,984.82,,,,
2019-12-31,983.04,986.88,981.6,986.29,,,,
2020-01-02,993.05,999.01,989.11,999.01,,,,
2020-01-03,986,993.41,985.95,990.5,,,,
2020-01-06,983.76,994.17,983.29,994.12,,,,
2020-01-07,992.75,994.83,988.52,992.87,,,,
2020-01-08,991.48,1000.49,990.95,994.37,,,,
2020-01-09,999.39,1003.75,997.45,999.92,,,,
2020-01-10,1001.63,1001.63,993.26,994.48,,,,
2020-01-13,996.55,999.09,993.64,997.67,,,,
2020-01-14,996.04,999.44,993.8,996.51,,,,
2020-01-15,994.43,997.68,991.42,993.95,,,,
2020-01-16,999.89,1002.9,998.9,1002.85,,,,
2020-01-17,1004.89,1007.17,1003.6,1005.68,,,,
2020-01-21,1001.66,1004.32,997.45,1003.97,,,,
2020-01-22,1007.58,1010.82,1002.19,1002.92,,,,
2020-01-23,999.31,1005.61,993.22,1004.12,,,,
2020-01-24,1006.19,1006.91,985.94,990.75,,,,
2020-01-27,970.69,980.47,967.86,975.64,,,,
2020-01-28,979.4,988.71,976.59,985.22,,,,
2020-01-29,987.49,992.43,984.05,984.65,,,,
2020-01-30,978.37,984.56,975.71,983.92,,,,
2020-01-31,1011.13,1011.46,989.87,992.01,,,,
2020-02-03,997.1,1011.07,997.1,997.96,,,,
2020-02-04,1009.65,1019.85,1009.3,1015.54,,,,
2020-02-05,1022.54,1023.86,1013.72,1020.57,,,,
2020-02-06,1022.71,1022.71,1018.43,1018.97,,,,
2020-02-07,1014.2,1021.27,1011.05,1016,,,,
2020-02-10,1015.81,1028.78,1015.66,1028.76,,,,
2020-02-11,1033.05,1042.22,1030.62,1036.64,,,,
2020-02-12,1042.06,1048.04,1041.33,1046.86,,,,
2020-02-13,1041.36,1049.13,1039.74,1044.33,,,,
2020-02-14,1047.22,1048.18,1039.88,1042.54,,,,
2020-02-18,1039.82,1046.13,1036.9,1043.39,,,,
2020-02-19,1047.34,1052.19,1046.81,1048.28,,,,
2020-02-20,1047.59,1051.11,1035.35,1048.16,,,,
2020-02-21,1043.05,1044.23,1028.13,1031.02,,,,
2020-02-24,1000.76,1004.52,989.59,994.64,,,,
2020-02-25,1000.02,1005.35,966.44,968.73,,,,
2020-02-26,972.93,983.73,959.59,962.01,,,,
2020-02-27,942.72,961.46,922.71,922.88,,,,
2020-02-28,900.17,917.54,889.83,915.77,,,,
2020-03-02,920.95,947.85,906.8,947.78,,,,
2020-03-03,951.33,963.69,916.66,925.78,,,,
2020-03-04,939.14,957.85,930.16,957.38,,,,
2020-03-05,939.69,940.92,915.28,921.33,,,,
2020-03-06,898.57,912.93,888.86,908.3,,,,
2020-03-09,859.98,877.64,845.5,852.13,,,,
2020-03-10,878.73,898.01,852.24,897.98,,,,
2020-03-11,879.89,879.89,841.85,849.84,,,,
2020-03-12,807.13,813.06,765.93,766.6,,,,
2020-03-13,794.27,813.26,763.12,813.24,,,,
2020-03-16,743.82,764.82,713.17,714.98,,,,
2020-03-17,733.74,760.29,692.69,743.78,,,,
2020-03-18,710.14,719.21,663.43,707.13,,,,
2020-03-19,706.04,751.9,684.01,731.19,,,,
2020-03-20,746.16,761.27,708.68,711.34,,,,
2020-03-23,702.26,726.82,689.34,713.84,,,,
2020-03-24,750.79,775.85,749.39,775.51,,,,
2020-03-25,786.13,812.67,768.28,784.01,,,,
2020-03-26,792.23,819.91,789.44,817.74,,,,
2020-03-27,794.15,810.01,782.17,790.18,,,,
2020-03-30,794.37,809.81,783.07,807.52,,,,
2020-03-31,803.3,813.57,791.48,793.11,,,,
2020-04-01,767.6,778.28,755.22,761.66,,,,
2020-04-02,757.42,774.28,749.03,764.32,,,,
2020-04-03,760.55,763.97,744.26,753.09,,,,
2020-04-06,781.36,813.46,778.11,811.31,,,,
2020-04-07,842.82,847.12,819.34,821.32,,,,
2020-04-08,829.16,846.57,824.25,844.68,,,,
2020-04-09,856.57,868.19,848.5,856.78,,,,
2020-04-13,854.12,869.48,845.51,866.22,,,,
2020-04-14,882.93,904.58,879.45,902.48,,,,
2020-04-15,879.02,895.66,876.25,888.32,,,,
2020-04-16,895.18,918.02,889.04,905.55,,,,
2020-04-17,918.35,925.42,908.9,924.09,,,,
2020-04-20,917.75,929.51,911.07,912.37,,,,
2020-04-21,903.17,906.09,879.46,888.09,,,,
2020-04-22,904.25,911.16,899.33,906.14,,,,
2020-04-23,912.64,920.81,905.18,909.04,,,,
2020-04-24,917.87,925.59,909.07,922.03,,,,
2020-04-27,932.77,940.34,929.98,933.05,,,,
2020-04-28,946.46,948.83,927.68,930.6,,,,
2020-04-29,945.29,957.48,941.47,952.07,,,,
2020-04-30,950.13,956.96,941.68,955.81,,,,
2020-05-01,920.55,928.64,904.39,911.72,,,,
2020-05-04,899.85,918.59,896.23,918.01,,,,
2020-05-05,930.07,932.27,918.72,921.2,,,,
2020-05-06,928.58,930.52,920.38,924.1,,,,
2020-05-07,935.01,939.63,931.96,936.51,,,,
2020-05-08,945.41,952.33,941.56,952.09,,,,
2020-05-11,945.32,959.26,944.02,953,,,,
2020-05-12,956.66,958.15,931.57,931.57,,,,
2020-05-13,932.18,938.26,910.66,920.32,,,,
2020-05-14,908.93,932.68,903.56,932.38,,,,
2020-05-15,923.68,942.73,922.91,942.3,,,,
2020-05-18,962,975.88,962,972.49,,,,
2020-05-19,971.22,987.03,968.94,971.57,,,,
2020-05-20,985.9,987.16,978.87,985.3,,,,
2020-05-21,987.75,994.59,974.9,983.74,,,,
2020-05-22,985,985.45,976.66,982.39,,,,
2020-05-26,1005.32,1006.32,991.67,993.3,,,,
2020-05-27,1001.23,1006.12,979.53,1006.07,,,,
2020-05-28,1005.69,1012.32,993.05,995.55,,,,
2020-05-29,994.98,1002.6,988.72,1002.29,,,,
2020-06-01,1003.8,1014.12,1002.63,1011.44,,,,
2020-06-02,1014.38,1017.85,1008.86,1017.85,,,,
2020-06-03,1021.16,1036.51,1021.16,1033.72,,,,
2020-06-04,1032.43,1037.11,1022.7,1028.05,,,,
2020-06-05,1045.23,1054.06,1043.47,1049.92,,,,
2020-06-08,1056.09,1066.42,1056.09,1065.86,,,,
2020-06-09,1057.38,1071.33,1054.58,1065.43,,,,
2020-06-10,1071.4,1072.78,1059.13,1061.21,,,,
2020-06-11,1031.51,1047.18,1008.26,1009.09,,,,
2020-06-12,1034.13,1038.04,996.64,1016.5,,,,
2020-06-15,996.41,1029.24,991.38,1025.39,,,,
2020-06-16,1053.47,1053.47,1027.54,1045.88,,,,
2020-06-17,1052.08,1055.92,1043.78,1046.66,,,,
2020-06-18,1043.42,1048.54,1039.99,1044.5,,,,
2020-06-19,1058.97,1058.97,1036.45,1039.83,,,,
2020-06-22,1039.52,1051.45,1035.15,1051.29,,,,
2020-06-23,1060.12,1068.62,1057.95,1062.23,,,,
2020-06-24,1058.1,1061.98,1030.45,1041.21,,,,
2020-06-25,1037.26,1045.03,1028.56,1044.4,,,,
2020-06-26,1045.27,1047.59,1018.48,1020.03,,,,
2020-06-29,1022.53,1035.25,1009.7,1033.56,,,,
2020-06-30,1033.75,1055.38,1031.27,1051.42,,,,
2020-07-01,1051.54,1074.05,1051.52,1069.88,,,,
2020-07-02,1084.03,1093.21,1071.6,1074.07,,,,
2020-07-06,1089.2,1108.61,1088.7,1108.6,,,,
2020-07-07,1103.08,1108.25,1089.06,1089.49,,,,
2020-07-08,1093.48,1106.45,1088.99,1106.19,,,,
2020-07-09,1111.85,1117.7,1091.82,1114.73,,,,
2020-07-10,1115.54,1127.15,1105.65,1125.92,,,,
2020-07-13,1138.69,1157.8,1103.23,1106.46,,,,
2020-07-14,1101.27,1114.07,1080.12,1113.07,,,,
2020-07-15,1124.38,1127.87,1102.9,1118.24,,,,
2020-07-16,1107.14,1120.05,1100.71,1115.2,,,,
2020-07-17,1119.16,1119.31,1103.87,1107.71,,,,
2020-07-20,1112.18,1144.81,1110.49,1142.47,,,,
2020-07-21,1151.58,1152.54,1132.5,1138.34,,,,
2020-07-22,1134.36,1143.54,1133.04,1142.07,,,,
2020-07-23,1142.6,1142.6,1111.97,1118.87,,,,
2020-07-24,1108.56,1128.31,1101.47,1122.55,,,,
2020-07-27,1129.84,1137.55,1122.41,1132.31,,,,
2020-07-28,1131.91,1133.83,1117.19,1118.41,,,,
2020-07-29,1126.6,1132.21,1123.12,1130.21,,,,
2020-07-30,1121.99,1138.85,1116.86,1131.37,,,,
2020-07-31,1160.3,1160.3,1135.64,1145.81,,,,
2020-08-03,1150.06,1150.12,1137.73,1139.53,,,,
2020-08-04,1138.67,1149.99,1137.84,1148.91,,,,
2020-08-05,1152.08,1166.18,1150.12,1165.04,,,,
2020-08-06,1160.79,1174.92,1157.85,1170.85,,,,
2020-08-07,1172.07,1175.88,1158.48,1167.41,,,,
2020-08-10,1170.54,1177.07,1163.12,1175.4,,,,
2020-08-11,1177.66,1185.49,1165.47,1167.93,,,,
2020-08-12,1178.4,1189.59,1176.54,1187.44,,,,
2020-08-13,1188.59,1196.83,1185.35,1186.76,,,,
2020-08-14,1187.98,1187.99,1180.32,1185.62,,,,
2020-08-17,1193.94,1202.13,1190.87,1199.92,,,,
2020-08-18,1206.89,1219.55,1201.74,1217.44,,,,
2020-08-19,1218.8,1221.89,1207.07,1208.71,,,,
2020-08-20,1201.62,1214.21,1199.71,1210.45,,,,
2020-08-21,1211.25,1215.06,1207.87,1214.27,,,,
2020-08-24,1222.75,1232.87,1219.95,1230.04,,,,
2020-08-25,1230.12,1237.36,1222.64,1236.56,,,,
2020-08-26,1238.18,1256.87,1236.06,1254.67,,,,
2020-08-27,1258.33,1259.22,1240.25,1245.67,,,,
2020-08-28,1251.29,1253.96,1246.19,1251.82,,,,
2020-08-31,1250.36,1262.01,1249.13,1253.91,,,,
2020-09-01,1257.74,1267.81,1254.78,1267.62,,,,
2020-09-02,1277.17,1285.12,1267.27,1283.28,,,,
2020-09-03,1276.25,1276.66,1223.22,1237.57,,,,
2020-09-04,1233.48,1246.18,1181.46,1220.14,,,,
2020-09-08,1190.65,1216,1185.33,1194.69,,,,
2020-09-09,1205.68,1232.45,1201.32,1222.32,,,,
2020-09-10,1231.21,1242.62,1197.64,1200.68,,,,
2020-09-11,1209.87,1212.64,1185.35,1196.89,,,,
2020-09-14,1211.75,1219.98,1201.08,1205.24,,,,
2020-09-15,1215.1,1220.85,1208.88,1217.64,,,,
2020-09-16,1223.9,1224.37,1204.8,1205.26,,,,
2020-09-17,1183.8,1193.11,1175.6,1186.13,,,,
2020-09-18,1188.85,1190.7,1156.64,1169,,,,
2020-09-21,1150.41,1156.27,1133.04,1156.13,,,,
2020-09-22,1170.09,1191.35,1163.48,1190.32,,,,
2020-09-23,1199.07,1199.31,1161.29,1163.66,,,,
2020-09-24,1157.37,1181.81,1149.79,1165.13,,,,
2020-09-25,1168.07,1186.99,1157.26,1183.4,,,,
2020-09-28,1200.21,1211.4,1194.56,1209.21,,,,
2020-09-29,1209.63,1210.38,1199.34,1199.7,,,,
2020-09-30,1202.4,1223.07,1200.73,1207.69,,,,
2020-10-01,1222.32,1227.1,1213.19,1226.01,,,,
2020-10-02,1204.11,1219.47,1203.19,1213.1,,,,
2020-10-05,1220.67,1233.22,1219.59,1232.48,,,,
2020-10-06,1229.32,1234.83,1203.77,1206.24,,,,
2020-10-07,1219.95,1237.65,1219.95,1235.99,,,,
2020-10-08,1243.73,1245.1,1233.59,1241.47,,,,
2020-10-09,1247.86,1262.31,1246.34,1260.08,,,,
2020-10-12,1273.17,1296.42,1271.04,1287.14,,,,
2020-10-13,1288.24,1295.19,1282,1287.57,,,,
2020-10-14,1289.51,1291.56,1263.1,1269.19,,,,
2020-10-15,1249.29,1273.85,1247.51,1270.3,,,,
2020-10-16,1277.04,1284.97,1253.33,1257.8,,,,
2020-10-19,1264.69,1271.03,1234.96,1238,,,,
2020-10-20,1244.4,1262.4,1241.31,1246.19,,,,
2020-10-21,1245.35,1252.73,1233.77,1238.34,,,,
2020-10-22,1239.03,1242.23,1222.53,1238.94,,,,
2020-10-23,1243.55,1250.06,1233.44,1249.95,,,,
2020-10-26,1240.95,1251.42,1213.95,1232,,,,
2020-10-27,1235.75,1242.47,1231.9,1239.06,,,,
2020-10-28,1219.84,1222.61,1197.21,1197.42,,,,
2020-10-29,1203.69,1222.75,1194.77,1208.3,,,,
2020-10-30,1196.24,1198.55,1163.1,1172.03,,,,
2020-11-02,1183.62,1186.73,1160.68,1175.56,,,,
2020-11-03,1185.25,1206.38,1178.76,1199.38,,,,
2020-11-04,1219.3,1247.21,1219.3,1237.02,,,,
2020-11-05,1257.87,1271.87,1255.6,1262.05,,,,
2020-11-06,1258.64,1260.42,1243.24,1258.63,,,,
2020-11-09,1271.03,1278.88,1237.7,1238.56,,,,
2020-11-10,1231.72,1235.24,1214.59,1224.78,,,,
2020-11-11,1233.25,1246.58,1231.08,1243.18,,,,
2020-11-12,1244.03,1246.79,1221.18,1228.51,,,,
2020-11-13,1236.25,1247.3,1231.19,1244.78,,,,
2020-11-16,1248.47,1257.73,1243.73,1257.53,,,,
2020-11-17,1258.5,1260.57,1248.25,1253.7,,,,
2020-11-18,1250.63,1260.16,1243.96,1243.98,,,,
2020-11-19,1243.88,1251.25,1240.25,1249.68,,,,
2020-11-20,1250.85,1251.95,1243.19,1243.31,,,,
2020-11-23,1251.12,1258.19,1243.31,1253.36,,,,
2020-11-24,1262.31,1274.39,1259.39,1269.93,,,,
2020-11-25,1271.4,1279.17,1269.64,1277.27,,,,
2020-11-27,1283.31,1284.75,1277.26,1280.15,,,,
2020-11-30,1279.47,1281.59,1255.01,1271.42,,,,
2020-12-01,1280.77,1290.14,1271.86,1283.97,,,,
2020-12-02,1278.93,1279.19,1268.78,1275.02,,,,
2020-12-03,1275.76,1283.38,1274.08,1276.47,,,,
2020-12-04,1279.27,1279.27,1272.56,1274.78,,,,
2020-12-07,1271.04,1272.98,1266.59,1272.18,,,,
2020-12-08,1267.42,1272.45,1259.16,1271.6,,,,
2020-12-09,1275.05,1278.25,1259.86,1265.07,,,,
2020-12-10,1260.36,1270.81,1254.05,1263.45,,,,
2020-12-11,1259.94,1263.93,1249.46,1259.81,,,,
2020-12-14,1270.31,1281.02,1265.15,1265.54,,,,
2020-12-15,1275.37,1279.1,1266.89,1278.83,,,,
2020-12-16,1282,1295.38,1280.63,1292.53,,,,
2020-12-17,1299.24,1300.82,1293.42,1298.63,,,,
2020-12-18,1300.8,1302.07,1284.01,1289.04,,,,
2020-12-21,1275.65,1285.87,1266.9,1279.1,,,,
2020-12-22,1276.69,1277.63,1263.84,1274.47,,,,
2020-12-23,1274.09,1280.46,1269.07,1275.4,,,,
2020-12-24,1276.45,1279.7,1274.06,1277.28,,,,
2020-12-28,1288.22,1301.84,1282.07,1296.05,,,,
2020-12-29,1301.58,1304.59,1291.47,1298.86,,,,
2020-12-30,1303.95,1306.15,1300.37,1302.76,,,,
2020-12-31,1302,1303.56,1297.22,1302.56,,,,
2021-01-04,1309.64,1311.15,1272.76,1287.85,,,,
2021-01-05,1280.56,1301.78,1280.56,1298.65,,,,
2021-01-06,1293.23,1319.88,1290.85,1305.21,,,,
2021-01-07,1315.94,1335.03,1315.94,1328.67,,,,
2021-01-08,1344.06,1354.32,1333.93,1352.53,,,,
2021-01-11,1334.88,1341.68,1324.23,1327,,,,
2021-01-12,1332.86,1349.96,1331.94,1344.38,,,,
2021-01-13,1346.78,1352.66,1340.89,1347.14,,,,
2021-01-14,1347.8,1355.05,1336,1337.23,,,,
2021-01-15,1335.29,1339.27,1322.52,1327.14,,,,
2021-01-19,1335.59,1340.45,1328.99,1334.81,,,,
2021-01-20,1350.25,1369.09,1346.39,1364.99,,,,
2021-01-21,1371.61,1383.03,1371.61,1372.53,,,,
2021-01-22,1366.33,1370.49,1361.16,1368.13,,,,
2021-01-25,1373.47,1383.73,1346.25,1372.35,,,,
2021-01-26,1376.91,1377.79,1367.67,1373.12,,,,
2021-01-27,1365.15,1365.15,1324.69,1330.2,,,,
2021-01-28,1324.7,1350.33,1321.56,1335.37,,,,
2021-01-29,1330.81,1330.81,1299.75,1307.64,,,,
2021-02-01,1320.69,1346.05,1316.52,1343.85,,,,
2021-02-02,1355.27,1380.95,1355.27,1370.76,,,,
2021-02-03,1378.08,1378.91,1360.13,1360.28,,,,
2021-02-04,1367.66,1373.46,1360.27,1373.38,,,,
2021-02-05,1374.95,1391.58,1374.33,1385.96,,,,
2021-02-08,1392.69,1395.85,1382.91,1391.36,,,,
2021-02-09,1386.51,1390.72,1382.36,1383.37,,,,
2021-02-10,1385.95,1386.26,1359.42,1370.33,,,,
2021-02-11,1372.43,1377.68,1359.86,1366.17,,,,
2021-02-12,1359.76,1368.89,1355.95,1368.53,,,,
2021-02-16,1367.67,1373.84,1358.67,1362.48,,,,
2021-02-17,1354.29,1373.08,1349.42,1371.36,,,,
2021-02-18,1359.17,1377.2,1356.69,1373.25,,,,
2021-02-19,1376.97,1378.12,1359.65,1361.14,,,,
2021-02-22,1348.86,1351.73,1331.62,1331.88,,,,
2021-02-23,1309.14,1331.41,1279.09,1325.41,,,,
2021-02-24,1323,1336.88,1308.22,1335.27,,,,
2021-02-25,1326.77,1334.88,1280.77,1287.06,,,,
2021-02-26,1301.37,1309.21,1275.36,1294.47,,,,
2021-03-01,1307.53,1323.94,1305.71,1322.61,,,,
2021-03-02,1323.4,1327.47,1305.69,1305.77,,,,
2021-03-03,1303.46,1309.05,1274.42,1274.68,,,,
2021-03-04,1274.73,1284.42,1227.41,1248.92,,,,
2021-03-05,1257.89,1261.13,1201.65,1257.91,,,,
2021-03-08,1263.73,1283.81,1255.13,1255.55,,,,
2021-03-09,1282.61,1312.11,1276.34,1303.32,,,,
2021-03-10,1317.5,1326.09,1299.09,1308.34,,,,
2021-03-11,1325.5,1334.09,1318.95,1328.75,,,,
2021-03-12,1313.22,1330.83,1310.45,1330.13,,,,
2021-03-15,1330.56,1345.95,1325.25,1345.76,,,,
2021-03-16,1347.8,1350.47,1328.28,1334.07,,,,
2021-03-17,1327.98,1359.07,1323.88,1352.82,,,,
2021-03-18,1339.86,1344.73,1316.38,1317.66,,,,
2021-03-19,1315.22,1329.77,1304.28,1328.16,,,,
2021-03-22,1333.5,1347.58,1331.62,1336.81,,,,
2021-03-23,1337.96,1345.7,1324.05,1327.23,,,,
2021-03-24,1332.93,1339.48,1307.08,1307.1,,,,
2021-03-25,1297.38,1319.69,1292.68,1314.78,,,,
2021-03-26,1319.04,1325.79,1302.17,1325.34,,,,
2021-03-29,1323.84,1328.64,1310.22,1320.01,,,,
2021-03-30,1315.53,1332.72,1308.48,1329.93,,,,
2021-03-31,1335.16,1348.86,1332.77,1340.91,,,,
2021-04-01,1352.31,1354.88,1348.49,1354.13,,,,
2021-04-05,1372.07,1389.36,1372.07,1385,,,,
2021-04-06,1383.61,1395.41,1383.17,1389.56,,,,
2021-04-07,1388.48,1396.32,1386.76,1388.64,,,,
2021-04-08,1394.56,1399.42,1388.08,1395.27,,,,
2021-04-09,1394.97,1411.45,1392.99,1411.45,,,,
2021-04-12,1410.56,1420.72,1409.33,1419.3,,,,
2021-04-13,1423.67,1437,1421.89,1434,,,,
2021-04-14,1436.38,1441.16,1415.04,1417.17,,,,
2021-04-15,1427.29,1430.16,1421.68,1429,,,,
2021-04-16,1429.62,1441.61,1428.04,1440.19,,,,
2021-04-19,1432.69,1435.18,1420.2,1423.77,,,,
2021-04-20,1420.95,1422.7,1396.47,1406.37,,,,
2021-04-21,1400.79,1424.98,1398.95,1424.56,,,,
2021-04-22,1424.5,1427.39,1403.04,1408.02,,,,
2021-04-23,1411.67,1428.54,1407.9,1422.5,,,,
2021-04-26,1428.37,1433.38,1419.26,1431.35,,,,
2021-04-27,1432.46,1437.02,1426.7,1429.92,,,,
2021-04-28,1427.39,1438.78,1426.28,1429.92,,,,
2021-04-29,1439.01,1442.07,1418.54,1431.56,,,,
2021-04-30,1434.96,1443.38,1430.36,1435.89,,,,
2021-05-03,1441.62,1443.96,1424.33,1426.4,,,,
2021-05-04,1417.56,1417.72,1392.39,1408.74,,,,
2021-05-05,1418.55,1422.06,1401.24,1403.43,,,,
2021-05-06,1405.51,1408.94,1393.19,1407.91,,,,
2021-05-07,1409.46,1423.62,1405.98,1419.11,,,,
2021-05-10,1416.72,1416.76,1391.26,1391.39,,,,
2021-05-11,1369.18,1384.12,1357.19,1378.57,,,,
2021-05-12,1368.65,1369.53,1331.17,1333.34,,,,
2021-05-13,1339.46,1355.16,1328.49,1342.55,,,,
2021-05-14,1353.24,1369.07,1352.55,1366.7,,,,
2021-05-17,1364.19,1369.3,1354.25,1366.27,,,,
2021-05-18,1368.33,1375.93,1355.01,1355.28,,,,
2021-05-19,1342.01,1345.41,1327.73,1345.15,,,,
2021-05-20,1352.2,1360.53,1351.25,1357.97,,,,
2021-05-21,1364.24,1365.34,1348.84,1349.99,,,,
2021-05-24,1354.87,1369.43,1353.1,1363.71,,,,
2021-05-25,1369,1374.78,1358.21,1368.17,,,,
2021-05-26,1374.17,1386.6,1373.02,1380.45,,,,
2021-05-27,1383.2,1387.21,1379.79,1383.22,,,,
2021-05-28,1387.14,1387.85,1378.27,1380.08,,,,
2021-06-01,1388.67,1389.08,1375.44,1377.6,,,,
2021-06-02,1378.03,1378.88,1366.47,1372.09,,,,
2021-06-03,1364.87,1366.83,1353.87,1355.34,,,,
2021-06-04,1363.48,1367.25,1359.8,1366.39,,,,
2021-06-07,1364.64,1366.63,1355.48,1365.69,,,,
2021-06-08,1375.08,1383.03,1369.61,1378.83,,,,
2021-06-09,1381.47,1384.01,1372.28,1372.46,,,,
2021-06-10,1375.06,1382.47,1373.51,1381.89,,,,
2021-06-11,1383.64,1388.62,1381.73,1388.59,,,,
2021-06-14,1388.86,1392.27,1382.38,1390.18,,,,
2021-06-15,1389.95,1389.95,1379.05,1383.59,,,,
2021-06-16,1385.25,1389.42,1373.64,1385.81,,,,
2021-06-17,1383.57,1398.47,1382.14,1394.17,,,,
2021-06-18,1386.09,1393.25,1382.69,1387.66,,,,
2021-06-21,1390.49,1398.83,1385.85,1395.05,,,,
2021-06-22,1395.83,1415.18,1395.83,1409.61,,,,
2021-06-23,1411.94,1421.36,1411.8,1418.42,,,,
2021-06-24,1427.16,1431.79,1416.62,1419.67,,,,
2021-06-25,1433.31,1433.93,1422,1424.04,,,,
2021-06-28,1425.2,1429.06,1419.99,1427.93,,,,
2021-06-29,1428.43,1433.56,1427,1431.18,,,,
2021-06-30,1429.97,1438.87,1429.46,1431.82,,,,
2021-07-01,1433.94,1438.9,1432.52,1438.01,,,,
2021-07-02,1442.26,1453.64,1440.44,1453.51,,,,
2021-07-06,1457.11,1465.57,1448.84,1464.35,,,,
2021-07-07,1470.23,1473.35,1454.97,1464.22,,,,
2021-07-08,1444.59,1468.97,1435.6,1462.9,,,,
2021-07-09,1469.38,1475.53,1467.09,1474.52,,,,
2021-07-12,1477.59,1483.39,1476.13,1483.2,,,,
2021-07-13,1481.87,1485.38,1464.32,1465.77,,,,
2021-07-14,1469.29,1475.1,1461.81,1463.27,,,,
2021-07-15,1461.17,1467.3,1444.84,1453.89,,,,
2021-07-16,1458.83,1459.96,1434.38,1435.67,,,,
2021-07-19,1417.15,1419.79,1403.26,1419.47,,,,
2021-07-20,1421.82,1447.81,1416.61,1443.9,,,,
2021-07-21,1448.85,1455.72,1446.43,1455.63,,,,
2021-07-22,1455.48,1465.24,1453.9,1464.1,,,,
2021-07-23,1468.07,1478.72,1465.77,1476.62,,,,
2021-07-26,1478.58,1488.63,1474.96,1487.96,,,,
2021-07-27,1487.3,1487.3,1455.91,1470.72,,,,
2021-07-28,1469.81,1475.4,1460.96,1467.37,,,,
2021-07-29,1472.94,1483.79,1472.34,1479.77,,,,
2021-07-30,1438.44,1452.56,1435.25,1438.71,,,,
2021-08-02,1449.55,1452.91,1440.98,1442.73,,,,
2021-08-03,1446.81,1454.49,1435.87,1453.86,,,,
2021-08-04,1451.91,1453.92,1441.56,1441.6,,,,
2021-08-05,1444.9,1456,1444.58,1454.77,,,,
2021-08-06,1455.82,1456.59,1442.56,1444.09,,,,
2021-08-09,1444.61,1445.67,1438.73,1442.15,,,,
2021-08-10,1442.62,1450.89,1440.58,1445.76,,,,
2021-08-11,1449.24,1450.79,1441.98,1447.53,,,,
2021-08-12,1447.04,1449.77,1437.42,1448.94,,,,
2021-08-13,1449.17,1450.33,1441.72,1444.7,,,,
2021-08-16,1438.66,1439.95,1421.24,1439.24,,,,
2021-08-17,1425.74,1425.74,1395.18,1406.03,,,,
2021-08-18,1405.59,1422.6,1404.71,1408.08,,,,
2021-08-19,1397.91,1410.35,1391.84,1399.31,,,,
2021-08-20,1403.14,1412.8,1401.11,1412.34,,,,
2021-08-23,1416.54,1435.26,1416.54,1431.48,,,,
2021-08-24,1437.17,1446.32,1435.54,1442.39,,,,
2021-08-25,1443.07,1448.63,1440.36,1446.91,,,,
2021-08-26,1443.94,1443.99,1432.73,1436.34,,,,
2021-08-27,1440,1451.4,1436.67,1449.28,,,,
2021-08-30,1453.42,1467.91,1452.36,1462.61,,,,
2021-08-31,1462.98,1468.53,1457.34,1468.09,,,,
2021-09-01,1473.03,1477.2,1466.66,1467.67,,,,
2021-09-02,1472.06,1476.43,1464.52,1466.6,,,,
2021-09-03,1461.56,1467.26,1456.46,1466.71,,,,
2021-09-07,1467.72,1475.86,1466.97,1472.04,,,,
2021-09-08,1473.38,1478.48,1462.68,1474.34,,,,
2021-09-09,1474.08,1484.23,1470.17,1470.27,,,,
2021-09-10,1478.52,1479.98,1461.61,1461.86,,,,
2021-09-13,1469.23,1469.24,1451.99,1463.93,,,,
2021-09-14,1466.81,1469.56,1453.87,1459.13,,,,
2021-09-15,1457.36,1471.37,1445.28,1468.74,,,,
2021-09-16,1465.58,1478.75,1463.04,1475.27,,,,
2021-09-17,1474.24,1481.34,1466.46,1469.69,,,,
2021-09-20,1453.29,1453.29,1416.19,1434.9,,,,
2021-09-21,1442.07,1447.54,1432.09,1436.09,,,,
2021-09-22,1442.58,1460.82,1440.93,1454.97,,,,
2021-09-23,1460.13,1475.62,1460.13,1469.77,,,,
2021-09-24,1467.03,1475.76,1459.1,1474.29,,,,
2021-09-27,1466.68,1484.24,1465.4,1479.96,,,,
2021-09-28,1476.84,1476.84,1442.99,1450.27,,,,
2021-09-29,1453.97,1465.9,1448.14,1450.93,,,,
2021-09-30,1452.9,1453.39,1429.45,1429.69,,,,
2021-10-01,1433.59,1444.39,1421.07,1438.51,,,,
2021-10-04,1441.84,1443.19,1418.6,1423.17,,,,
2021-10-05,1425.69,1443.27,1425.69,1430.49,,,,
2021-10-06,1424.03,1437.64,1416.31,1436.47,,,,
2021-10-07,1445.37,1463.83,1445.37,1458.03,,,,
2021-10-08,1459.36,1460.56,1450.69,1451.37,,,,
2021-10-11,1453.13,1461.04,1444.23,1444.38,,,,
2021-10-12,1452.28,1460.05,1448.31,1454.24,,,,
2021-10-13,1456.17,1465.66,1451.44,1462.48,,,,
2021-10-14,1467.85,1479.66,1467.85,1476.89,,,,
2021-10-15,1483.5,1503.21,1483.5,1502.87,,,,
2021-10-18,1502.46,1521.77,1498.62,1520.9,,,,
2021-10-19,1523.03,1523.59,1514.9,1516.53,,,,
2021-10-20,1517.51,1521.41,1511.26,1514.23,,,,
2021-10-21,1512,1536.11,1512,1535.2,,,,
2021-10-22,1533.14,1536.51,1519.09,1525.03,,,,
2021-10-25,1536.99,1564.36,1529.43,1557.28,,,,
2021-10-26,1564.99,1591.29,1554.51,1560.96,,,,
2021-10-27,1566.76,1578.87,1564.23,1564.73,,,,
2021-10-28,1576.52,1591.85,1572.65,1586.11,,,,
2021-10-29,1562.04,1586.72,1557.63,1585.72,,,,
2021-11-01,1595.4,1609.04,1585.9,1608.8,,,,
2021-11-02,1594.75,1608.27,1590.52,1598.81,,,,
2021-11-03,1598.51,1629.36,1596.67,1628.22,,,,
2021-11-04,1633.27,1659.51,1633.04,1652.45,,,,
2021-11-05,1661.57,1676.9,1661.02,1664.89,,,,
2021-11-08,1648.76,1664.14,1641.46,1641.88,,,,
2021-11-09,1648.8,1651.38,1612.28,1619.71,,,,
2021-11-10,1609.47,1635.29,1590.5,1608.69,,,,
2021-11-11,1624.94,1625.17,1603.63,1604.62,,,,
2021-11-12,1604.46,1614.33,1594.31,1611.82,,,,
2021-11-15,1613.24,1618.74,1603.11,1611.39,,,,
2021-11-16,1612.32,1638.03,1612.32,1633.55,,,,
2021-11-17,1643.92,1653.48,1639.16,1643.14,,,,
2021-11-18,1652.39,1669.08,1646.49,1667.62,,,,
2021-11-19,1669.41,1681.1,1667.13,1673.27,,,,
2021-11-22,1682.44,1699.45,1658.93,1664.42,,,,
2021-11-23,1664.74,1675.82,1631.43,1653.96,,,,
2021-11-24,1638.42,1661.7,1629.05,1656.62,,,,
2021-11-26,1643.55,1643.55,1610.7,1612.87,,,,
2021-11-29,1630.48,1651.03,1630.48,1639.09,,,,
2021-11-30,1636.32,1644.77,1607.19,1615.83,,,,
2021-12-01,1633.32,1647.03,1585.58,1585.73,,,,
2021-12-02,1593.24,1613.65,1583.93,1604.24,,,,
2021-12-03,1607.67,1616.19,1558.3,1574.74,,,,
2021-12-06,1578.37,1607.5,1558.68,1592.34,,,,
2021-12-07,1617.11,1636.33,1615.07,1629.91,,,,
2021-12-08,1631.68,1636.62,1621.87,1634.45,,,,
2021-12-09,1627.63,1630.69,1606.43,1606.72,,,,
2021-12-10,1614.99,1616.73,1592.8,1614.44,,,,
2021-12-13,1606.22,1607.4,1571.14,1575,,,,
2021-12-14,1557.55,1570.53,1548.14,1565.8,,,,
2021-12-15,1560.89,1589.1,1538.79,1588.05,,,,
2021-12-16,1594.25,1598.17,1550.42,1552.64,,,,
2021-12-17,1541.02,1560.76,1528.65,1545.06,,,,
2021-12-20,1530.34,1530.34,1504.38,1519.53,,,,
2021-12-21,1536.18,1557.82,1522,1557.45,,,,
2021-12-22,1561.35,1585.9,1558.18,1584.4,,,,
2021-12-23,1585.76,1608.23,1583.19,1604.1,,,,
2021-12-27,1607.63,1623.04,1605.65,1617.45,,,,
2021-12-28,1621.28,1627.37,1615.54,1619.34,,,,
2021-12-29,1622.6,1626.28,1611.86,1621.56,,,,
2021-12-30,1617.27,1630.03,1614.34,1615.42,,,,
2021-12-31,1615.77,1622.18,1610.04,1610.76,,,,
2022-01-03,1639.59,1655.29,1630.1,1655.17,,,,
2022-01-04,1656.71,1666.03,1634.85,1644.07,,,,
2022-01-05,1643.02,1645.55,1600.47,1600.61,,,,
2022-01-06,1596.34,1606.44,1572.03,1595.36,,,,
2022-01-07,1597.83,1601.66,1564.41,1569.02,,,,
2022-01-10,1551.4,1560.24,1515.01,1559.68,,,,
2022-01-11,1557.93,1579.96,1546.88,1575.82,,,,
2022-01-12,1586.02,1595.06,1573.22,1585.81,,,,
2022-01-13,1591.81,1597.79,1550.21,1552.86,,,,
2022-01-14,1545.66,1552.73,1524.94,1545.9,,,,
2022-01-18,1526.07,1529.7,1510.32,1516.22,,,,
2022-01-19,1520.84,1527.15,1488.29,1488.84,,,,
2022-01-20,1495.98,1514.57,1457.71,1459.92,,,,
2022-01-21,1454.7,1459.6,1413,1414.67,,,,
2022-01-24,1383.29,1433.65,1349.74,1431.83,,,,
2022-01-25,1414.58,1427.76,1389.04,1405.9,,,,
2022-01-26,1437.31,1448.51,1383.4,1401.35,,,,
2022-01-27,1410.22,1416.5,1367.27,1369.52,,,,
2022-01-28,1370.94,1401.07,1348.94,1401.07,,,,
2022-01-31,1405.87,1454.81,1403.45,1454.45,,,,
2022-02-01,1457.65,1465.62,1434.03,1463.56,,,,
2022-02-02,1472.49,1472.49,1441.65,1455.87,,,,
2022-02-03,1419.33,1437.13,1401.9,1403.89,,,,
2022-02-04,1447.35,1474.55,1424.38,1456.33,,,,
2022-02-07,1461.11,1479.18,1447.84,1453.17,,,,
2022-02-08,1451.81,1477.89,1441.23,1474.98,,,,
2022-02-09,1486.39,1502.06,1485.31,1491.38,,,,
2022-02-10,1478.82,1493.29,1456.31,1464.9,,,,
2022-02-11,1464.7,1470.93,1416.73,1423.52,,,,
2022-02-14,1423.78,1451.08,1416.19,1431.81,,,,
2022-02-15,1451.64,1463.63,1449.43,1461.56,,,,
2022-02-16,1454.59,1469.87,1446.44,1465.45,,,,
2022-02-17,1458.29,1465.49,1426.35,1427.8,,,,
2022-02-18,1430.1,1435.51,1403.95,1417.74,,,,
2022-02-22,1405.34,1408.98,1357.98,1374.62,,,,
2022-02-23,1382.65,1388.26,1325.51,1327.63,,,,
2022-02-24,1280.94,1363.6,1273.22,1361.39,,,,
2022-02-25,1366.14,1387.13,1346.46,1387.08,,,,
2022-02-28,1380.67,1401.65,1371.17,1395.46,,,,
2022-03-01,1393.82,1398.89,1367.13,1376.75,,,,
2022-03-02,1382.46,1408.93,1376.36,1403.51,,,,
2022-03-03,1404.71,1413.25,1364.43,1371.33,,,,
2022-03-04,1367.47,1367.47,1336.38,1350.6,,,,
2022-03-07,1354.91,1356.29,1285.72,1285.79,,,,
2022-03-08,1284.28,1326.41,1273.13,1286.51,,,,
2022-03-09,1314.22,1331.71,1311.33,1324.23,,,,
2022-03-10,1329.99,1344.23,1318.6,1339.59,,,,
2022-03-11,1352.6,1352.97,1314.42,1315.58,,,,
2022-03-14,1314.1,1323.94,1285.33,1292.55,,,,
2022-03-15,1302.36,1340.81,1298.84,1336.34,,,,
2022-03-16,1349.63,1381.25,1338.54,1381.12,,,,
2022-03-17,1374.05,1406.88,1367.61,1406.86,,,,
2022-03-18,1403.67,1438.53,1397.28,1437.52,,,,
2022-03-21,1438.26,1447.09,1413.56,1426.62,,,,
2022-03-22,1433.29,1466.49,1433.29,1461.51,,,,
2022-03-23,1450.62,1468.4,1441.89,1443.52,,,,
2022-03-24,1449.6,1455.41,1432.85,1454.1,,,,
2022-03-25,1454.72,1459.99,1439.27,1452.85,,,,
2022-03-28,1467.95,1491.84,1465.5,1491.67,,,,
2022-03-29,1509.66,1520.73,1496.98,1514.67,,,,
2022-03-30,1508.29,1510.12,1484.45,1491.74,,,,
2022-03-31,1489.55,1490.62,1462.69,1462.69,,,,
2022-04-01,1469.63,1475.65,1457.62,1465.81,,,,
2022-04-04,1465.16,1500.06,1457.27,1499.93,,,,
2022-04-05,1492.97,1499.61,1460.65,1464.66,,,,
2022-04-06,1444.42,1444.42,1414.16,1426.11,,,,
2022-04-07,1423.61,1439.87,1403.06,1431.67,,,,
2022-04-08,1426.96,1435.23,1414.24,1417.79,,,,
2022-04-11,1396.46,1417.39,1389.71,1390.93,,,,
2022-04-12,1407.68,1424.21,1388.37,1393.73,,,,
2022-04-13,1392.08,1431.45,1388.79,1428.73,,,,
2022-04-14,1424,1433.46,1405.8,1406.28,,,,
2022-04-18,1403.27,1418.83,1396.19,1411.01,,,,
2022-04-19,1409.97,1454.51,1409.97,1452.09,,,,
2022-04-20,1455.47,1457.21,1430.36,1432.4,,,,
2022-04-21,1468.5,1477.59,1410.17,1414.75,,,,
2022-04-22,1412.57,1416.94,1379.78,1381.16,,,,
2022-04-25,1370.19,1392.85,1361.24,1391.88,,,,
2022-04-26,1386.22,1386.22,1322.35,1322.47,,,,
2022-04-27,1331.82,1349.97,1313.19,1321.53,,,,
2022-04-28,1340.74,1366.09,1311.32,1352.18,,,,
2022-04-29,1312.32,1323.56,1268.59,1272.15,,,,
2022-05-02,1271.1,1289.99,1249.14,1289.46,,,,
2022-05-03,1288.49,1294.38,1275.43,1285.71,,,,
2022-05-04,1283.63,1323.51,1260.8,1322.39,,,,
2022-05-05,1312.62,1312.62,1230.91,1245.49,,,,
2022-05-06,1238.77,1252.28,1208.5,1229.22,,,,
2022-05-09,1204.37,1219.42,1170.91,1176.9,,,,
2022-05-10,1202.47,1209.18,1157.6,1173.4,,,,
2022-05-11,1170.05,1182.23,1128.93,1131.55,,,,
2022-05-12,1111.26,1167.95,1104.01,1140.55,,,,
2022-05-13,1165.95,1191.69,1156.86,1187.3,,,,
2022-05-16,1183.82,1183.82,1159.48,1162.17,,,,
2022-05-17,1184.7,1194.37,1161.86,1193.3,,,,
2022-05-18,1161.73,1162.96,1106.43,1114.57,,,,
2022-05-19,1110.66,1134.75,1102.63,1116.01,,,,
2022-05-20,1125.55,1127.58,1067.79,1098.91,,,,
2022-05-23,1102.52,1109.17,1078.05,1105.91,,,,
2022-05-24,1085.64,1089.7,1062.09,1077.39,,,,
2022-05-25,1070.41,1117.33,1070.41,1107.37,,,,
2022-05-26,1118.98,1169.34,1118.98,1160.27,,,,
2022-05-27,1175.56,1200.62,1175.56,1200.5,,,,
2022-05-31,1204.48,1222.3,1185.24,1209.68,,,,
2022-06-01,1218.13,1226.42,1191.69,1199.49,,,,
2022-06-02,1199.86,1236.84,1195.46,1235.79,,,,
2022-06-03,1211.35,1219.25,1195.5,1200.56,,,,
2022-06-06,1221.22,1231.07,1206.24,1212.9,,,,
2022-06-07,1191.26,1211.79,1180.81,1208.4,,,,
2022-06-08,1204.42,1218.03,1197.35,1200.18,,,,
2022-06-09,1199.43,1212.85,1176.62,1176.7,,,,
2022-06-10,1152.37,1157.8,1124.29,1127.72,,,,
2022-06-13,1089.04,1100.16,1067,1075.2,,,,
2022-06-14,1080.57,1087.49,1063.61,1072.55,,,,
2022-06-15,1081.14,1117.01,1080.28,1104.97,,,,
2022-06-16,1075.6,1075.6,1039.99,1052.38,,,,
2022-06-17,1050.21,1074.28,1050.21,1065.21,,,,
2022-06-21,1084.34,1107.46,1084.34,1095.27,,,,
2022-06-22,1082.92,1115.94,1081.8,1093.76,,,,
2022-06-23,1101.73,1114.64,1086.04,1111.48,,,,
2022-06-24,1117.83,1153.63,1114.35,1153.04,,,,
2022-06-27,1159.48,1165.01,1137.05,1140.53,,,,
2022-06-28,1142.83,1156.08,1094.02,1094.58,,,,
2022-06-29,1093.35,1102.5,1082.92,1094.65,,,,
2022-06-30,1082.34,1090.99,1056.14,1077.78,,,,
2022-07-01,1080.8,1099.61,1076.31,1098.96,,,,
2022-07-05,1081.79,1125.01,1075.24,1124,,,,
2022-07-06,1122.54,1131.7,1108.54,1121.3,,,,
2022-07-07,1124.23,1151.69,1123.47,1149.16,,,,
2022-07-08,1140.18,1157.38,1134.05,1148.97,,,,
2022-07-11,1142.02,1143.77,1114.46,1117.23,,,,
2022-07-12,1121.33,1133.93,1102.11,1109.08,,,,
2022-07-13,1088.03,1128.22,1083.1,1118.62,,,,
2022-07-14,1109.29,1119.73,1093.04,1117.9,,,,
2022-07-15,1132.58,1142.25,1125.62,1136.97,,,,
2022-07-18,1151.75,1166.02,1135.59,1139.45,,,,
2022-07-19,1156.38,1176.75,1146.6,1174.62,,,,
2022-07-20,1176.91,1197.87,1175.24,1195.35,,,,
2022-07-21,1201.79,1222.85,1192.39,1222.21,,,,
2022-07-22,1229.27,1238.01,1206.54,1214.18,,,,
2022-07-25,1215.73,1216.22,1195.99,1203.88,,,,
2022-07-26,1177.26,1180.86,1161.77,1164.09,,,,
2022-07-27,1179.9,1214.78,1177.27,1208.91,,,,
2022-07-28,1216.06,1231.23,1196.18,1229.07,,,,
2022-07-29,1264.43,1286.96,1254.51,1281.51,,,,
2022-08-01,1282.1,1307.21,1275.51,1288.07,,,,
2022-08-02,1280.8,1301.87,1275.85,1279.01,,,,
2022-08-03,1292.72,1317.27,1289.16,1311.19,,,,
2022-08-04,1315.82,1322.07,1307.46,1318.3,,,,
2022-08-05,1300.63,1315.2,1289.59,1296.45,,,,
2022-08-08,1309.28,1328.33,1295.17,1300.29,,,,
2022-08-09,1293.25,1296.56,1272.95,1280.32,,,,
2022-08-10,1318.5,1322.44,1302.06,1317.11,,,,
2022-08-11,1329.71,1333.61,1304.3,1308.41,,,,
2022-08-12,1317.86,1338.45,1307.01,1338.45,,,,
2022-08-15,1333.22,1350.54,1332.97,1346.6,,,,
2022-08-16,1348.76,1375.13,1344,1361.28,,,,
2022-08-17,1346.26,1359.71,1336.79,1346.02,,,,
2022-08-18,1343.95,1348.69,1336.53,1345.5,,,,
2022-08-19,1332.54,1335.07,1313.15,1317.25,,,,
2022-08-22,1294.87,1296.18,1277.42,1279.8,,,,
2022-08-23,1282.11,1293.4,1276.98,1283.91,,,,
2022-08-24,1279.38,1301.97,1277.95,1288.69,,,,
2022-08-25,1297,1306.59,1287.86,1305.34,,,,
2022-08-26,1306.56,1310.97,1254.6,1254.71,,,,
2022-08-29,1242.62,1258.31,1240.49,1247.91,,,,
2022-08-30,1259.54,1261.73,1221.74,1234.06,,,,
2022-08-31,1238.89,1243.98,1220.9,1221.06,,,,
2022-09-01,1212.6,1232.61,1200.15,1231.63,,,,
2022-09-02,1246.91,1250.3,1213.8,1221.3,,,,
2022-09-06,1225.92,1228.54,1200.12,1217.26,,,,
2022-09-07,1217.73,1256.28,1217.64,1254.7,,,,
2022-09-08,1242.08,1266.65,1237.89,1265.85,,,,
2022-09-09,1272.86,1292.27,1272.26,1289.97,,,,
2022-09-12,1297.71,1311.72,1297.71,1307.33,,,,
2022-09-13,1265.57,1271.53,1235.57,1239.14,,,,
2022-09-14,1244.39,1259.37,1237.2,1255.2,,,,
2022-09-15,1250.74,1272.97,1241.03,1246.84,,,,
2022-09-16,1226.91,1238.13,1218.14,1236.4,,,,
2022-09-19,1226.06,1253.3,1224.45,1253.01,,,,
2022-09-20,1240.83,1245.3,1221.67,1231.86,,,,
2022-09-21,1234.57,1246.76,1202.54,1202.64,,,,
2022-09-22,1196.01,1199.93,1170.48,1176.63,,,,
2022-09-23,1161.79,1162.83,1134.91,1149.64,,,,
2022-09-26,1144.76,1172.59,1144.76,1147.57,,,,
2022-09-27,1167.54,1176.59,1139.14,1150.92,,,,
2022-09-28,1154.81,1189.14,1150.36,1183.21,,,,
2022-09-29,1164.62,1165.31,1132.06,1143.25,,,,
2022-09-30,1130.91,1154.56,1119.27,1122.31,,,,
2022-10-03,1121.29,1135.83,1107.2,1125.04,,,,
2022-10-04,1154.45,1176.83,1151.29,1165.04,,,,
2022-10-05,1146.02,1165.85,1134.82,1158.71,,,,
2022-10-06,1158.18,1166.38,1145.61,1150.47,,,,
2022-10-07,1133.37,1134.92,1103.6,1109.73,,,,
2022-10-10,1111.3,1115.09,1092.53,1102.95,,,,
2022-10-11,1098.65,1116.31,1086.87,1093.99,,,,
2022-10-12,1094.75,1104.8,1085.71,1096.54,,,,
2022-10-13,1062.65,1113.16,1051.35,1107.27,,,,
2022-10-14,1119.27,1124.16,1063.19,1064.35,,,,
2022-10-17,1085.88,1112.64,1085.88,1109.37,,,,
2022-10-18,1146.77,1146.98,1114.56,1125.1,,,,
2022-10-19,1115.07,1123.52,1100.99,1111.87,,,,
2022-10-20,1097.41,1119.22,1088.71,1092.49,,,,
2022-10-21,1089.81,1125.44,1085.24,1124.42,,,,
2022-10-24,1119.41,1134.79,1100.39,1129.8,,,,
2022-10-25,1131.13,1159.63,1131.13,1156.26,,,,
2022-10-26,1141.62,1167.69,1137.25,1144.03,,,,
2022-10-27,1149.31,1154.21,1132.44,1135.78,,,,
2022-10-28,1099.51,1133.82,1092.15,1132.37,,,,
2022-10-31,1127.56,1133.82,1114.43,1124.52,,,,
2022-11-01,1144.33,1146.4,1106.49,1109.34,,,,
2022-11-02,1107.57,1114.21,1066.87,1067.26,,,,
2022-11-03,1059.07,1071.57,1052.81,1057.84,,,,
2022-11-04,1083.98,1092.65,1045.99,1066.96,,,,
2022-11-07,1073.62,1074.02,1049.76,1060.39,,,,
2022-11-08,1062.27,1069.96,1042.98,1057.18,,,,
2022-11-09,1049.15,1055.48,1023.3,1024.24,,,,
2022-11-10,1073.16,1104.89,1066.48,1103.07,,,,
2022-11-11,1106.12,1135.99,1101.2,1130.23,,,,
2022-11-14,1118.53,1128.54,1109.59,1110.93,,,,
2022-11-15,1135.92,1143.26,1111.93,1124.69,,,,
2022-11-16,1103.43,1117.97,1099.29,1108.27,,,,
2022-11-17,1092.54,1099.47,1084.58,1094.22,,,,
2022-11-18,1107.36,1107.36,1081.95,1094.65,,,,
2022-11-21,1089.23,1093.36,1072.74,1079.21,,,,
2022-11-22,1083.71,1092.5,1076.15,1091.89,,,,
2022-11-23,1096.6,1108.99,1093.35,1106.37,,,,
2022-11-25,1106.33,1111.01,1101.9,1107.04,,,,
2022-11-28,1101.83,1114.54,1098.15,1100.38,,,,
2022-11-29,1101.75,1104.51,1091.67,1095.49,,,,
2022-11-30,1096.1,1133.66,1087.93,1133.65,,,,
2022-12-01,1139.78,1140.89,1124.46,1132.42,,,,
2022-12-02,1117.01,1133.08,1117.01,1130.29,,,,
2022-12-05,1115.65,1118.71,1094.34,1096.92,,,,
2022-12-06,1094.86,1098.04,1070.37,1079.12,,,,
2022-12-07,1071.47,1085.28,1069.33,1073.98,,,,
2022-12-08,1076.61,1088.88,1070.21,1085.24,,,,
2022-12-09,1078.29,1090.27,1076.79,1079.62,,,,
2022-12-12,1077,1083.81,1070.74,1083.79,,,,
2022-12-13,1119.67,1128.28,1073.85,1085.93,,,,
2022-12-14,1084.72,1092.59,1066.16,1078.04,,,,
2022-12-15,1062.91,1065.24,1050.84,1058.81,,,,
2022-12-16,1053.75,1056.83,1034.14,1040.4,,,,
2022-12-19,1041.22,1041.45,1019.29,1023.14,,,,
2022-12-20,1017.65,1025.51,1010.3,1011.57,,,,
2022-12-21,1024.87,1032.9,1019.99,1027.58,,,,
2022-12-22,1016.53,1016.53,986.4,1000.97,,,,
2022-12-23,998.9,1010.7,991.92,1008.1,,,,
2022-12-27,1003.95,1004.51,990.89,991.55,,,,
2022-12-28,992.04,1001.36,981.17,983.06,,,,
2022-12-29,997.21,1010.48,993.69,1008.32,,,,
2022-12-30,998.21,1005.53,994.06,1005.48,,,,
2023-01-03,1010.71,1014.09,987.46,999.54,,,,
2023-01-04,1010.94,1021.06,996.49,1013.67,,,,
2023-01-05,1007.65,1010.47,997.78,1004.03,,,,
2023-01-06,1001.09,1031.7,994.32,1028.1,,,,
2023-01-09,1039.83,1050.54,1033.28,1033.93,,,,
2023-01-10,1036.07,1047,1029.35,1046.97,,,,
2023-01-11,1056.12,1075.14,1056.12,1075.02,,,,
2023-01-12,1081.98,1082.95,1059.73,1076.86,,,,
2023-01-13,1062.72,1087.99,1061.6,1087.35,,,,
2023-01-17,1091.75,1096.68,1084.97,1088.11,,,,
2023-01-18,1100,1105.25,1073.38,1073.99,,,,
2023-01-19,1066.06,1068.96,1050.7,1055.81,,,,
2023-01-20,1058.12,1082.22,1053.41,1081.81,,,,
2023-01-23,1085.35,1102.52,1078.55,1098.79,,,,
2023-01-24,1086.75,1102.04,1086.37,1096.9,,,,
2023-01-25,1078.57,1103.99,1072.26,1102.83,,,,
2023-01-26,1122.99,1127.8,1111.03,1125.24,,,,
2023-01-27,1127.16,1159.39,1126.41,1150.81,,,,
2023-01-30,1142.82,1149.25,1129.98,1131.09,,,,
2023-01-31,1132.04,1156.33,1131.72,1156.22,,,,
2023-02-01,1154.26,1187.01,1141.57,1178.1,,,,
2023-02-02,1203.51,1228.49,1198.23,1214.42,,,,
2023-02-03,1176.24,1204.75,1171.42,1176.67,,,,
2023-02-06,1173.03,1182.26,1165.53,1175.12,,,,
2023-02-07,1169.08,1180.72,1148.23,1177.7,,,,
2023-02-08,1172.93,1176.51,1159.62,1167.17,,,,
2023-02-09,1182.95,1190.31,1159.2,1164.75,,,,
2023-02-10,1153.9,1159.37,1141.2,1150.55,,,,
2023-02-13,1150.07,1167.66,1143.03,1167.37,,,,
2023-02-14,1158.64,1183.62,1151.98,1181.11,,,,
2023-02-15,1178.59,1194.9,1173.42,1194.85,,,,
2023-02-16,1178.91,1193.14,1168.82,1168.99,,,,
2023-02-17,1163.4,1169.68,1149.63,1169.45,,,,
2023-02-21,1147.89,1154.74,1130.19,1130.38,,,,
2023-02-22,1133,1143.52,1128.16,1136.21,,,,
2023-02-23,1139.81,1140.35,1116.17,1135.21,,,,
2023-02-24,1114.47,1119.23,1108.13,1117.47,,,,
2023-02-27,1130.6,1139.12,1126.36,1130.63,,,,
2023-02-28,1131.24,1138.14,1125.43,1130.01,,,,
2023-03-01,1127.48,1129.46,1109.33,1115.49,,,,
2023-03-02,1095.8,1113.49,1094.96,1111.95,,,,
2023-03-03,1121.45,1137.5,1119.06,1135.5,,,,
2023-03-06,1137.34,1142.43,1127.19,1127.45,,,,
2023-03-07,1127.33,1131.15,1111.59,1112.05,,,,
2023-03-08,1108.91,1110.17,1098.47,1109.19,,,,
2023-03-09,1108.97,1118.77,1081.95,1083.03,,,,
2023-03-10,1086.93,1097.82,1068.92,1072.43,,,,
2023-03-13,1058.7,1088.23,1053.27,1074.9,,,,
2023-03-14,1088.01,1096.02,1079.51,1093.24,,,,
2023-03-15,1078.75,1091.96,1071.31,1090.94,,,,
2023-03-16,1086.45,1116.09,1084.31,1111.48,,,,
2023-03-17,1110.12,1112.33,1088.57,1097.66,,,,
2023-03-20,1094.69,1107.88,1088.13,1101.95,,,,
2023-03-21,1114.7,1133.37,1114.1,1131.84,,,,
2023-03-22,1133.75,1140.78,1106.79,1106.94,,,,
2023-03-23,1119.67,1128.38,1095.45,1106.39,,,,
2023-03-24,1101.77,1104.29,1088.79,1102.47,,,,
2023-03-27,1112.56,1116.72,1099.94,1104.44,,,,
2023-03-28,1105.39,1107.09,1095.66,1103.2,,,,
2023-03-29,1115.08,1124.78,1111.68,1124.22,,,,
2023-03-30,1134.59,1140.16,1129.8,1134.3,,,,
2023-03-31,1140.01,1164.49,1140.01,1163.98,,,,
2023-04-03,1153.09,1158.53,1145.53,1153.35,,,,
2023-04-04,1157.58,1159.69,1142.32,1152.52,,,,
2023-04-05,1148.78,1148.78,1126.71,1129.03,,,,
2023-04-06,1124.01,1131.13,1113.52,1129.59,,,,
2023-04-10,1118.59,1134.41,1111.15,1134.39,,,,
2023-04-11,1134.72,1141.09,1129.8,1134.57,,,,
2023-04-12,1142.9,1143.76,1115.97,1117.09,,,,
2023-04-13,1125.71,1144.03,1122.27,1142.93,,,,
2023-04-14,1140.59,1151.12,1134.86,1144.4,,,,
2023-04-17,1148.98,1154.86,1141.45,1152.15,,,,
2023-04-18,1158.31,1160.58,1148.93,1153.59,,,,
2023-04-19,1143.52,1160.36,1142.74,1153.85,,,,
2023-04-20,1135.47,1146.45,1130.51,1136.78,,,,
2023-04-21,1146.6,1155.33,1138.09,1150.47,,,,
2023-04-24,1152.79,1159.49,1139.3,1149.64,,,,
2023-04-25,1141.78,1143.64,1125.9,1126.1,,,,
2023-04-26,1132.18,1136.79,1119.64,1121.81,,,,
2023-04-27,1132.38,1154.17,1129.53,1152.85,,,,
2023-04-28,1148.64,1154.75,1134.41,1152.42,,,,
2023-05-01,1150.07,1151.56,1138.58,1140.15,,,,
2023-05-02,1137.87,1144.3,1128.72,1141.94,,,,
2023-05-03,1139.08,1152.6,1132.79,1133.79,,,,
2023-05-04,1135.69,1139.12,1124.22,1125.9,,,,
2023-05-05,1134.49,1150.01,1133.96,1148.4,,,,
2023-05-08,1151.54,1152.31,1144.32,1151.9,,,,
2023-05-09,1146.54,1152.79,1143.98,1152.1,,,,
2023-05-10,1162.84,1168.95,1146.27,1159.34,,,,
2023-05-11,1161.44,1167.13,1156.18,1165.73,,,,
2023-05-12,1170.22,1172,1148.37,1155.36,,,,
2023-05-15,1156.67,1159.8,1146.78,1156.98,,,,
2023-05-16,1150.12,1164.49,1148.49,1154.05,,,,
2023-05-17,1162.45,1178.71,1161.31,1177.59,,,,
2023-05-18,1181.31,1196.32,1180.53,1195.75,,,,
2023-05-19,1192.84,1193.54,1180.43,1185.73,,,,
2023-05-22,1187.66,1189.3,1177.39,1181.37,,,,
2023-05-23,1171.45,1187.33,1169.21,1171.09,,,,
2023-05-24,1169.4,1174.42,1159.17,1168.38,,,,
2023-05-25,1172.1,1172.1,1158.78,1162.34,,,,
2023-05-26,1166.58,1199.69,1166.58,1190.01,,,,
2023-05-30,1204.15,1208.27,1191.68,1199.02,,,,
2023-05-31,1190.83,1193.61,1171.97,1188.04,,,,
2023-06-01,1187.38,1208.08,1179.44,1202.5,,,,
2023-06-02,1216.52,1233.86,1215.62,1228.92,,,,
2023-06-05,1229.05,1237.08,1226.03,1233.19,,,,
2023-06-06,1231.65,1246.86,1230.36,1245.44,,,,
2023-06-07,1253.72,1257.2,1231.87,1234.14,,,,
2023-06-08,1237.53,1256.2,1235.85,1253.45,,,,
2023-06-09,1267.75,1276.09,1256.37,1258.94,,,,
2023-06-12,1267.53,1282.99,1263.15,1280.79,,,,
2023-06-13,1292.28,1294.55,1280.39,1293.65,,,,
2023-06-14,1295.86,1299.41,1275.46,1292.23,,,,
2023-06-15,1281.8,1305.7,1278.47,1301.04,,,,
2023-06-16,1309.45,1310.06,1297.96,1298.65,,,,
2023-06-20,1295.32,1309.85,1292.37,1308.39,,,,
2023-06-21,1308.71,1311.95,1290.64,1293.07,,,,
2023-06-22,1286.9,1312.91,1285.19,1312.91,,,,
2023-06-23,1299.39,1310.36,1293,1298.4,,,,
2023-06-26,1291.6,1309.98,1281.88,1282.2,,,,
2023-06-27,1290.42,1311.39,1288.36,1308.58,,,,
2023-06-28,1306,1323.32,1306,1311.84,,,,
2023-06-29,1313.45,1317.02,1305.03,1312.58,,,,
2023-06-30,1322.46,1334.14,1321.3,1330.54,,,,
2023-07-03,1344.73,1352.69,1343.36,1344.84,,,,
2023-07-05,1344.19,1348.42,1338.16,1345.97,,,,
2023-07-06,1329.38,1330.6,1318.27,1323.82,,,,
2023-07-07,1325.05,1339.24,1322.21,1326.17,,,,
2023-07-10,1325.88,1328.79,1316.05,1327.6,,,,
2023-07-11,1330.65,1340.9,1330.24,1338.99,,,,
2023-07-12,1356.8,1358.89,1347.92,1351.81,,,,
2023-07-13,1366.87,1369.5,1355.88,1366.41,,,,
2023-07-14,1365.57,1376.68,1365.42,1370.1,,,,
2023-07-17,1373.03,1377.92,1369.12,1374.46,,,,
2023-07-18,1368.73,1381.93,1364.13,1378.25,,,,
2023-07-19,1382.89,1391.32,1380.97,1385.45,,,,
2023-07-20,1371.37,1371.37,1336.58,1338.34,,,,
2023-07-21,1349.29,1349.29,1332.25,1338.83,,,,
2023-07-24,1337.5,1348.26,1331.24,1345.84,,,,
2023-07-25,1347.94,1348.17,1339.63,1342.8,,,,
2023-07-26,1332.35,1347.99,1332.18,1341.96,,,,
2023-07-27,1354.9,1360.87,1327.97,1330.34,,,,
2023-07-28,1342.23,1358.39,1341.02,1354.99,,,,
2023-07-31,1358.85,1362.85,1354.02,1362.52,,,,
2023-08-01,1358.91,1358.91,1346.23,1346.88,,,,
2023-08-02,1332.07,1335.62,1318.31,1322.05,,,,
2023-08-03,1315,1330.1,1311.03,1326.59,,,,
2023-08-04,1370.4,1376.93,1350.85,1351.9,,,,
2023-08-07,1357.24,1366.81,1345.93,1366.76,,,,
2023-08-08,1353.6,1356.69,1342.16,1354.9,,,,
2023-08-09,1356.09,1356.21,1336.5,1338.64,,,,
2023-08-10,1349.04,1361.88,1335.93,1342.32,,,,
2023-08-11,1335.69,1342.62,1328.44,1338.53,,,,
2023-08-14,1331.27,1343.87,1328.94,1343.8,,,,
2023-08-15,1339.73,1346.64,1323.52,1325.41,,,,
2023-08-16,1316.27,1328.24,1308.26,1308.55,,,,
2023-08-17,1312.13,1312.97,1286.67,1287.83,,,,
2023-08-18,1270.54,1287.69,1270.54,1283.67,,,,
2023-08-21,1290.23,1300.57,1283.7,1298.4,,,,
2023-08-22,1308.94,1310.02,1295.5,1299.58,,,,
2023-08-23,1294.6,1313.71,1292.71,1310.37,,,,
2023-08-24,1312.54,1313.11,1284.05,1284.07,,,,
2023-08-25,1290.76,1302.06,1278.22,1298.21,,,,
2023-08-28,1305.2,1308.16,1295.03,1302.98,,,,
2023-08-29,1305.31,1334.16,1304.5,1333.64,,,,
2023-08-30,1331.22,1343.26,1327.37,1338.04,,,,
2023-08-31,1338.65,1351.42,1337.76,1344.81,,,,
2023-09-01,1352.39,1355.88,1329.23,1337.52,,,,
2023-09-05,1333.82,1339.66,1325.79,1336.36,,,,
2023-09-06,1329.65,1331.83,1315.17,1323.38,,,,
2023-09-07,1310.28,1331.76,1307.03,1330.02,,,,
2023-09-08,1327.36,1339.14,1326.58,1330.46,,,,
2023-09-11,1349.4,1369.48,1348.54,1367.31,,,,
2023-09-12,1361.37,1370.02,1354.5,1355.07,,,,
2023-09-13,1357.63,1370.22,1354.76,1367.22,,,,
2023-09-14,1371.36,1383.65,1364.85,1379.21,,,,
2023-09-15,1373.4,1374.41,1350.84,1353.31,,,,
2023-09-18,1350.85,1352.24,1337.27,1339.68,,,,
2023-09-19,1331.24,1333.58,1318.14,1331.01,,,,
2023-09-20,1336.56,1341.39,1316.35,1316.47,,,,
2023-09-21,1296.45,1297.97,1278.34,1278.57,,,,
2023-09-22,1287.7,1290.45,1266.02,1267.4,,,,
2023-09-25,1262.69,1278.86,1259.56,1275.84,,,,
2023-09-26,1264.82,1271.51,1246.83,1249.98,,,,
2023-09-27,1252.02,1257.48,1232.83,1245.24,,,,
2023-09-28,1239.25,1261.32,1235.96,1257.3,,,,
2023-09-29,1275.08,1280.3,1257.26,1264,,,,
2023-10-02,1257.68,1277.42,1254.56,1267.6,,,,
2023-10-03,1256.56,1258.77,1230.3,1234.72,,,,
2023-10-04,1241.48,1261.09,1241.2,1259.1,,,,
2023-10-05,1255.97,1258.93,1241.62,1251.95,,,,
2023-10-06,1237.69,1265.64,1231.99,1260.72,,,,
2023-10-09,1245.15,1265.56,1238.08,1262.98,,,,
2023-10-10,1264.83,1288.59,1264.63,1276.75,,,,
2023-10-11,1282.13,1288.2,1271.12,1282.9,,,,
2023-10-12,1283.32,1287.55,1262.08,1270.66,,,,
2023-10-13,1271.91,1274.28,1248.43,1252.16,,,,
2023-10-16,1259.22,1276.89,1257.79,1272.81,,,,
2023-10-17,1260.45,1280.5,1256.69,1273.59,,,,
2023-10-18,1263.28,1265.65,1241.35,1243.93,,,,
2023-10-19,1235.6,1242.8,1210.32,1216.55,,,,
2023-10-20,1211.7,1213.27,1195.84,1196.39,,,,
2023-10-23,1190.92,1213.18,1179.53,1198.95,,,,
2023-10-24,1208.59,1218.45,1201.35,1211.39,,,,
2023-10-25,1200.72,1200.72,1180.64,1182.29,,,,
2023-10-26,1178.42,1186.38,1162.19,1163.81,,,,
2023-10-27,1190.6,1201.69,1179.44,1183.57,,,,
2023-10-30,1197.96,1204.07,1186.46,1198.53,,,,
2023-10-31,1199.17,1210.42,1194.31,1207.03,,,,
2023-11-01,1213.93,1225.34,1206.17,1224.35,,,,
2023-11-02,1245.04,1254.39,1239.88,1253.7,,,,
2023-11-03,1264.29,1275.55,1264.29,1268.86,,,,
2023-11-06,1274.01,1278.01,1262.99,1271.2,,,,
2023-11-07,1275.01,1288.17,1272.63,1286.3,,,,
2023-11-08,1288.13,1289.14,1275.49,1283.04,,,,
2023-11-09,1280.95,1281.64,1254.78,1259.72,,,,
2023-11-10,1260.36,1281.1,1254.67,1280.59,,,,
2023-11-13,1273.46,1288.49,1267.58,1284.31,,,,
2023-11-14,1313.69,1331.27,1313.69,1326.91,,,,
2023-11-15,1333.77,1336.55,1321.81,1326.39,,,,
2023-11-16,1313.11,1323.55,1307.93,1314.32,,,,
2023-11-17,1317.28,1326.74,1310.23,1323.93,,,,
2023-11-20,1323.42,1333.86,1319.95,1330.78,,,,
2023-11-21,1320.9,1326.77,1315.32,1325.78,,,,
2023-11-22,1333.27,1341.97,1327.74,1332.36,,,,
2023-11-24,1330.47,1336.25,1329.02,1334.14,,,,
2023-11-27,1337.09,1344.55,1330.12,1336.71,,,,
2023-11-28,1335.99,1344.65,1327.41,1343.9,,,,
2023-11-29,1353.02,1358.89,1337.96,1339.14,,,,
2023-11-30,1336.08,1338.56,1325.75,1336.91,,,,
2023-12-01,1331.45,1354.17,1329.45,1353.94,,,,
2023-12-04,1343.13,1352.14,1338.96,1347.65,,,,
2023-12-05,1339.06,1364.71,1338.52,1351.92,,,,
2023-12-06,1362.63,1366,1350.44,1351.44,,,,
2023-12-07,1358.86,1365.63,1353.08,1363.54,,,,
2023-12-08,1356.34,1372,1354.9,1369.43,,,,
2023-12-11,1365.12,1372.61,1361.09,1371.13,,,,
2023-12-12,1368.31,1377.35,1365.01,1376.6,,,,
2023-12-13,1378.08,1396.08,1366.34,1395.22,,,,
2023-12-14,1403.85,1415.75,1397.87,1410.22,,,,
2023-12-15,1410.85,1419.56,1407.35,1416.96,,,,
2023-12-18,1418.9,1431.72,1418.06,1428.18,,,,
2023-12-19,1432.7,1441.63,1431.81,1438.2,,,,
2023-12-20,1433.51,1445.23,1412.69,1413.11,,,,
2023-12-21,1426.04,1434.18,1419.33,1433.5,,,,
2023-12-22,1429.23,1434.62,1418.4,1424.21,,,,
2023-12-26,1426.93,1431.28,1424.58,1429.19,,,,
2023-12-27,1431.21,1438.24,1430.32,1432.99,,,,
2023-12-28,1435.91,1438.25,1426.18,1427.14,,,,
2023-12-29,1427.77,1430.32,1413.37,1418.09,,,,
2024-01-02,1414.09,1414.89,1399.11,1405.01,,,,
2024-01-03,1394.17,1396.97,1377.71,1378.56,,,,
2024-01-04,1368.12,1383.58,1365.07,1365.24,,,,
2024-01-05,1362.88,1379.42,1362.25,1369.16,,,,
2024-01-08,1372.87,1394.82,1370.93,1393.36,,,,
2024-01-09,1384.04,1393.34,1381.29,1391.47,,,,
2024-01-10,1396.01,1408.09,1395.11,1405.16,,,,
2024-01-11,1407.07,1410.82,1389.97,1404.75,,,,
2024-01-12,1400.64,1406.11,1387.12,1390.05,,,,
2024-01-16,1380.91,1393.22,1378.21,1387.23,,,,
2024-01-17,1373.49,1375.96,1364.42,1374.59,,,,
2024-01-18,1380.67,1384.28,1369.19,1383.09,,,,
2024-01-19,1383.55,1400.17,1377.43,1397.23,,,,
2024-01-22,1400.51,1403.46,1384.95,1389.99,,,,
2024-01-23,1392.59,1395.07,1380.3,1388.01,,,,
2024-01-24,1398.27,1399.35,1383.39,1384.65,,,,
2024-01-25,1372.59,1373.15,1360.78,1370.13,,,,
2024-01-26,1377.07,1385.02,1371.55,1377.67,,,,
2024-01-29,1379.68,1396.81,1377.82,1396.54,,,,
2024-01-30,1398.24,1401.92,1390.99,1393.51,,,,
2024-01-31,1383.68,1391.02,1366.09,1367.7,,,,
2024-02-01,1374.11,1395.95,1371.15,1394.73,,,,
2024-02-02,1414.28,1435.43,1406.23,1429.55,,,,
2024-02-05,1413.71,1414.44,1394.42,1410.75,,,,
2024-02-06,1406,1416.65,1405.65,1415.99,,,,
2024-02-07,1423.26,1436.67,1420.61,1431.92,,,,
2024-02-08,1431.15,1438.01,1428.62,1436.11,,,,
2024-02-09,1436.23,1452.98,1434.65,1450.31,,,,
2024-02-12,1451.48,1457.38,1443.64,1446.31,,,,
2024-02-13,1416.5,1426.52,1409.54,1417.96,,,,
2024-02-14,1421.78,1433.29,1415.39,1432.44,,,,
2024-02-15,1433.93,1445.48,1427.74,1445.11,,,,
2024-02-16,1441.57,1446.63,1428.56,1439.11,,,,
2024-02-20,1425.01,1430.21,1415.02,1424.65,,,,
2024-02-21,1428.73,1441.87,1425.18,1434.95,,,,
2024-02-22,1452.89,1467.86,1448.13,1466.32,,,,
2024-02-23,1461.74,1467.33,1458.14,1461.27,,,,
2024-02-26,1464.39,1471.66,1462.98,1464.59,,,,
2024-02-27,1470.32,1473.92,1462.18,1467.35,,,,
2024-02-28,1463.9,1479.15,1463.9,1472.04,,,,
2024-02-29,1475.89,1487.86,1470.79,1485.31,,,,
2024-03-01,1482.59,1492.94,1476.7,1491.02,,,,
2024-03-04,1484.4,1490.03,1471.9,1472.03,,,,
2024-03-05,1463.03,1464.25,1447.24,1452.75,,,,
2024-03-06,1459.24,1462.47,1443.4,1447.08,,,,
2024-03-07,1451.84,1465.96,1451.36,1459.66,,,,
2024-03-08,1460.37,1468.22,1447.81,1452.39,,,,
2024-03-11,1447.75,1452.13,1441.76,1445.24,,,,
2024-03-12,1450.32,1466.08,1441.51,1459.59,,,,
2024-03-13,1457.24,1467.53,1456.13,1458.03,,,,
2024-03-14,1460.17,1461.15,1444.67,1451.69,,,,
2024-03-15,1444,1451,1431.14,1435.1,,,,
2024-03-18,1448.89,1452.19,1439.96,1443.98,,,,
2024-03-19,1443.47,1457.42,1441.28,1456.42,,,,
2024-03-20,1458.37,1477.99,1456.39,1477.59,,,,
2024-03-21,1487.91,1493.28,1484.43,1484.43,,,,
2024-03-22,1471.23,1478.58,1467.89,1475.13,,,,
2024-03-25,1470.09,1477.32,1468.3,1471.97,,,,
2024-03-26,1480.01,1485.11,1470.53,1471.29,,,,
2024-03-27,1481.59,1487.81,1474.58,1487.53,,,,
2024-03-28,1487.48,1491.84,1483.83,1485.49,,,,
2024-04-01,1486.93,1490.9,1470.86,1476.47,,,,
2024-04-02,1455.04,1458.35,1449.85,1457.63,,,,
2024-04-03,1452.46,1465.92,1451.52,1460.8,,,,
2024-04-04,1473.37,1478.54,1443.83,1443.88,,,,
2024-04-05,1449.34,1466.38,1449.11,1457.52,,,,
2024-04-08,1468.54,1474.72,1465.37,1468.41,,,,
2024-04-09,1476.22,1477.54,1464.01,1475.21,,,,
2024-04-10,1452.67,1460.94,1449.58,1457.61,,,,
2024-04-11,1462.73,1475.86,1450.94,1471.25,,,,
2024-04-12,1459.49,1460.57,1442.35,1447.58,,,,
2024-04-15,1457.89,1457.89,1423.21,1424.15,,,,
2024-04-16,1416.48,1425.26,1410.65,1416.78,,,,
2024-04-17,1423.65,1424.34,1402.1,1408.76,,,,
2024-04-18,1410.72,1417.28,1395.13,1398.81,,,,
2024-04-19,1397.68,1400.6,1376.29,1382.14,,,,
2024-04-22,1387.03,1398.12,1376.78,1391.28,,,,
2024-04-23,1398.04,1411.52,1391.21,1407.74,,,,
2024-04-24,1423.37,1428.03,1405.78,1414.72,,,,
2024-04-25,1378.31,1413.82,1378.31,1411.9,,,,
2024-04-26,1421.09,1439.69,1417.43,1430.49,,,,
2024-04-29,1458.55,1461.6,1446.04,1459.57,,,,
2024-04-30,1447.48,1454.53,1420.81,1420.81,,,,
2024-05-01,1431.56,1450.96,1411.35,1420.56,,,,
2024-05-02,1435.68,1445.67,1423.04,1443.05,,,,
2024-05-03,1460.01,1467.46,1450.24,1453.33,,,,
2024-05-06,1459.67,1468.79,1456.64,1468.71,,,,
2024-05-07,1468.73,1468.93,1456.33,1460.52,,,,
2024-05-08,1447.49,1456.79,1447.28,1454.59,,,,
2024-05-09,1456.32,1470.39,1452.4,1464.58,,,,
2024-05-10,1464.32,1467.23,1452.61,1455.72,,,,
2024-05-13,1462.12,1463.28,1447.29,1452.56,,,,
2024-05-14,1447.12,1461.56,1447,1458.93,,,,
2024-05-15,1462.32,1463.31,1447.2,1458.87,,,,
2024-05-16,1457.61,1461.23,1447.43,1447.87,,,,
2024-05-17,1448.07,1455.4,1445.17,1454.92,,,,
2024-05-20,1452.49,1457.52,1441.75,1444.45,,,,
2024-05-21,1440.64,1451.82,1435.63,1451.49,,,,
2024-05-22,1447.76,1451.84,1433.06,1439.19,,,,
2024-05-23,1443.37,1443.79,1414.04,1417.34,,,,
2024-05-24,1422.61,1433.75,1421.74,1427.98,,,,
2024-05-28,1421.56,1428.8,1418.59,1426.67,,,,
2024-05-29,1417.99,1425.87,1417.91,1418.7,,,,
2024-05-30,1420.98,1425.66,1416.62,1421.31,,,,
2024-05-31,1419.99,1424.13,1402.29,1423.51,,,,
2024-06-03,1425.94,1430.81,1411.67,1425.53,,,,
2024-06-04,1419.48,1433.74,1417.86,1427.99,,,,
2024-06-05,1430.47,1437.76,1420.29,1437.51,,,,
2024-06-06,1439.2,1451.57,1439.2,1451.47,,,,
2024-06-07,1444.98,1454.83,1443.48,1445.29,,,,
2024-06-10,1441.99,1454.06,1441.44,1452.68,,,,
2024-06-11,1450.82,1452.16,1436.3,1449.54,,,,
2024-06-12,1460.29,1471.52,1455.44,1461.78,,,,
2024-06-13,1468.2,1472.81,1452.81,1458.79,,,,
2024-06-14,1454.46,1454.91,1439.81,1449.13,,,,
2024-06-17,1443.14,1473.95,1443.14,1469.92,,,,
2024-06-18,1468.42,1468.86,1458.19,1463.71,,,,
2024-06-20,1461.98,1473.76,1460.96,1470.36,,,,
2024-06-21,1476.38,1486.7,1470.85,1485.29,,,,
2024-06-24,1487.84,1495.8,1473.88,1474.31,,,,
2024-06-25,1476.37,1478.63,1466.52,1470.16,,,,
2024-06-26,1469,1502.16,1467.5,1499.31,,,,
2024-06-27,1503.3,1516.16,1498.48,1512.77,,,,
2024-06-28,1505.73,1515.86,1486.18,1492.14,,,,
2024-07-01,1496.8,1509.73,1493.15,1503.07,,,,
2024-07-02,1508.78,1530.36,1507.44,1530.24,,,,
2024-07-03,1533.67,1540.04,1530.3,1535.11,,,,
2024-07-05,1541.58,1548.97,1537.05,1548.12,,,,
2024-07-08,1546.91,1554.07,1542.88,1548.04,,,,
2024-07-09,1547.25,1560.57,1546.67,1552.03,,,,
2024-07-10,1556.7,1563.28,1545.24,1562.18,,,,
2024-07-11,1567.67,1575.5,1531.75,1539.15,,,,
2024-07-12,1535.67,1567.48,1533.95,1553.98,,,,
2024-07-15,1559.79,1572.23,1544.42,1549.21,,,,
2024-07-16,1562.52,1573.72,1555.56,1572.55,,,,
2024-07-17,1561.78,1562.19,1539.5,1544.32,,,,
2024-07-18,1549.41,1553.94,1519.98,1524.55,,,,
2024-07-19,1517.07,1525.35,1506.62,1512.32,,,,
2024-07-22,1522.83,1532.76,1517.2,1525.5,,,,
2024-07-23,1530.15,1541.26,1524.58,1525.74,,,,
2024-07-24,1492.42,1494.17,1466,1466.33,,,,
2024-07-25,1467.7,1486.88,1451.84,1460.1,,,,
2024-07-26,1469.35,1484.27,1467.03,1477.22,,,,
2024-07-29,1487.99,1504.97,1486.74,1498.16,,,,
2024-07-30,1503.84,1505.17,1475.12,1489.94,,,,
2024-07-31,1509.03,1527.68,1506.66,1516.58,,,,
2024-08-01,1522.26,1525.29,1468.99,1482.39,,,,
2024-08-02,1413.33,1417.98,1391.18,1414.01,,,,
2024-08-05,1329.41,1383.03,1328.23,1370.56,,,,
2024-08-06,1374.82,1404.67,1362.09,1384.87,,,,
2024-08-07,1396.51,1402.95,1362.36,1364.91,,,,
2024-08-08,1377.62,1398.08,1368.98,1394.02,,,,
2024-08-09,1394.38,1406.22,1392.26,1399.68,,,,
2024-08-12,1402.39,1403.08,1387.67,1394.63,,,,
2024-08-13,1402.24,1429.7,1399.72,1428.42,,,,
2024-08-14,1431.68,1434.43,1415.72,1422.6,,,,
2024-08-15,1451.97,1472.82,1451.97,1470.63,,,,
2024-08-16,1465.62,1478.97,1464.91,1472.66,,,,
2024-08-19,1477.04,1489.39,1474.79,1489.39,,,,
2024-08-20,1490.42,1495.55,1483.39,1489.12,,,,
2024-08-21,1498.82,1510.99,1496.38,1506.63,,,,
2024-08-22,1510.59,1510.73,1476.24,1478.44,,,,
2024-08-23,1491.4,1506,1488.93,1503.57,,,,
2024-08-26,1502.92,1504.87,1486.9,1491.43,,,,
2024-08-27,1486.48,1488.03,1476.04,1484.41,,,,
2024-08-28,1485.25,1487.46,1456.89,1468.89,,,,
2024-08-29,1485.15,1489.39,1469.22,1471.84,,,,
2024-08-30,1480.83,1501.11,1475.42,1500.16,,,,
2024-09-03,1496.08,1499.31,1472.61,1479.3,,,,
2024-09-04,1472.63,1487.34,1470.56,1478.49,,,,
2024-09-05,1489.84,1509.75,1487.71,1499.33,,,,
2024-09-06,1500.31,1504.85,1457.25,1457.25,,,,
2024-09-09,1474.03,1486.31,1469.98,1481,,,,
2024-09-10,1490.14,1502.83,1482.07,1501.63,,,,
2024-09-11,1498.25,1523.43,1468.56,1521.48,,,,
2024-09-12,1522.12,1539.78,1520.56,1538.95,,,,
2024-09-13,1539.77,1552,1537.47,1546.78,,,,
2024-09-16,1545.66,1546.34,1533.46,1541.84,,,,
2024-09-17,1553.35,1567.67,1546.75,1551.35,,,,
2024-09-18,1554.25,1573.22,1545.79,1548.43,,,,
2024-09-19,1578.13,1585.06,1572.52,1582.45,,,,
2024-09-20,1581.18,1582.93,1566.35,1582.22,,,,
2024-09-23,1586.67,1603.6,1585.68,1602.81,,,,
2024-09-24,1612.35,1615.78,1596.45,1615.03,,,,
2024-09-25,1610.41,1613.71,1604.61,1608.97,,,,
2024-09-26,1624.16,1624.59,1601.43,1611.15,,,,
2024-09-27,1615.02,1617.81,1605,1609.92,,,,
2024-09-30,1604.04,1611.14,1589.78,1605.41,,,,
2024-10-01,1600.9,1604.45,1577.33,1597.25,,,,
2024-10-02,1581,1591.09,1573.83,1584.84,,,,
2024-10-03,1569.56,1575.57,1559.71,1564.63,,,,
2024-10-04,1588.78,1592.93,1571.43,1589.97,,,,
2024-10-07,1573.93,1575.04,1555.04,1559.45,,,,
2024-10-08,1567.83,1578.02,1565.06,1575.63,,,,
2024-10-09,1579.04,1590.59,1572.74,1587.08,,,,
2024-10-10,1589.49,1591.51,1577.9,1583,,,,
2024-10-14,1580.31,1583.82,1573.36,1580.31,,,,
2024-10-15,1581.68,1593.11,1577.9,1583.51,,,,
2024-10-16,1584.69,1590.81,1579.89,1588.58,,,,
2024-10-17,1594.62,1595.49,1582.36,1588.6,,,,
2024-10-18,1588.67,1601.97,1586.26,1595.78,,,,
2024-10-21,1590.8,1591.75,1577.66,1585.54,,,,
2024-10-22,1575.01,1588.29,1569.2,1581.21,,,,
2024-10-23,1568.14,1571.44,1544.32,1552.44,,,,
2024-10-24,1585.9,1605.02,1580.31,1602.74,,,,
2024-10-25,1607.09,1625.54,1604.92,1610.51,,,,
2024-10-28,1624.37,1628.71,1612.42,1612.48,,,,
2024-10-29,1602.16,1612.89,1597.72,1609.26,,,,
2024-10-30,1616.25,1623.74,1608.59,1609.44,,,,
2024-10-31,1601.76,1605.77,1576.98,1580.24,,,,
2024-11-01,1622.68,1635.26,1615.38,1618.22,,,,
2024-11-04,1610.88,1622.02,1603.7,1608.37,,,,
2024-11-05,1612.62,1639.35,1611.67,1637.75,,,,
2024-11-06,1678.65,1697.73,1662.22,1697.06,,,,
2024-11-07,1702.27,1728.33,1699.43,1720.39,,,,
2024-11-08,1721.64,1750.98,1717.03,1741.51,,,,
2024-11-11,1767.63,1780.11,1755.66,1772.07,,,,
2024-11-12,1767.59,1769.93,1745.22,1752.64,,,,
2024-11-13,1763.07,1778.86,1760.04,1772.7,,,,
2024-11-14,1770.73,1778.54,1743.34,1745.48,,,,
2024-11-15,1728.12,1737.98,1711,1721.7,,,,
2024-11-18,1740.39,1752.94,1724.84,1736.3,,,,
2024-11-19,1719.08,1748.72,1715.57,1743.67,,,,
2024-11-20,1735.57,1736.86,1714.25,1733.68,,,,
2024-11-21,1736.47,1736.48,1716.39,1728.46,,,,
2024-11-22,1735.33,1755.55,1731.55,1748.9,,,,
2024-11-25,1770.49,1783.89,1764.56,1766.25,,,,
2024-11-26,1766.98,1783.65,1766.08,1782.17,,,,
2024-11-27,1784.48,1785.39,1765.7,1769.79,,,,
2024-11-29,1774.06,1790.34,1772.05,1789.44,,,,
2024-12-02,1803.75,1813.15,1801.87,1808.41,,,,
2024-12-03,1802.58,1811.43,1798.77,1810.82,,,,
2024-12-04,1818.12,1834.48,1816.75,1832.47,,,,
2024-12-05,1833.92,1859.43,1833.92,1849.89,,,,
2024-12-06,1865.46,1894.21,1862.94,1894.19,,,,
2024-12-09,1904.89,1916.71,1882.13,1887.88,,,,
2024-12-10,1889.22,1908.49,1884.82,1890.55,,,,
2024-12-11,1906.35,1929.33,1906.26,1928.82,,,,
2024-12-12,1924.67,1931.44,1909.98,1912.67,,,,
2024-12-13,1911.33,1921.6,1905.3,1920.7,,,,
2024-12-16,1930.68,1954.93,1927.64,1954.2,,,,
2024-12-17,1960.97,1963.18,1942.09,1959.72,,,,
2024-12-18,1944.86,1964.52,1860.08,1866.84,,,,
2024-12-19,1889.58,1900.54,1858.13,1868.28,,,,
2024-12-20,1843.9,1899.75,1840.2,1870.88,,,,
2024-12-23,1876.32,1883.12,1854.85,1878.65,,,,
2024-12-24,1889.88,1927.89,1888.68,1927.87,,,,
2024-12-26,1922.29,1925.11,1908.38,1915.53,,,,
2024-12-27,1900.34,1902.2,1867.14,1879.21,,,,
2024-12-30,1847.59,1862.67,1836.13,1849.31,,,,
2024-12-31,1862.13,1865.88,1828.33,1831.16,,,,
2025-01-02,1830.94,1840.4,1795.07,1807.98,,,,
2025-01-03,1821.22,1852.28,1812.53,1851.81,,,,
2025-01-06,1875.31,1877.19,1850.13,1863.12,,,,
2025-01-07,1859.91,1865.35,1814.94,1821.93,,,,
2025-01-08,1820.38,1835.06,1809.93,1826.35,,,,
2025-01-10,1818.16,1822.21,1793.47,1808.57,,,,
2025-01-13,1792.57,1817.45,1785.42,1817.17,,,,
2025-01-14,1835.98,1848.2,1803.53,1811.31,,,,
2025-01-15,1853.37,1867.26,1844.43,1865.92,,,,
2025-01-16,1862.88,1862.93,1842.26,1849.15,,,,
2025-01-17,1877.25,1893.13,1872.96,1880.8,,,,
2025-01-21,1899.83,1901.06,1872,1899.73,,,,
2025-01-22,1896.31,1909.75,1891.3,1898.44,,,,
2025-01-23,1895.36,1906.11,1888.13,1906.11,,,,
2025-01-24,1906.55,1910.06,1890.04,1895.77,,,,
2025-01-27,1857.24,1902.03,1857.24,1901.37,,,,
2025-01-28,1895.39,1913.62,1885.85,1907.74,,,,
2025-01-29,1910.64,1915.09,1890.66,1898.26,,,,
2025-01-30,1921.26,1922.97,1894.11,1909.76,,,,
2025-01-31,1915.52,1941.66,1906.54,1911.57,,,,
2025-02-03,1871.86,1894.38,1852.48,1885.8,,,,
2025-02-04,1889.44,1915.48,1888.09,1912.85,,,,
2025-02-05,1892.52,1894.85,1879.03,1882.43,,,,
2025-02-06,1886.42,1893.73,1878.01,1890.87,,,,
2025-02-07,1869.46,1885.41,1841.47,1843.18,,,,
2025-02-10,1849.13,1863.57,1840.7,1852.31,,,,
2025-02-11,1840.3,1847.21,1823.65,1829.57,,,,
2025-02-12,1818.27,1837.55,1810.44,1824.11,,,,
2025-02-13,1836.5,1854.09,1830.76,1853.3,,,,
2025-02-14,1860.46,1862.46,1840.86,1848.32,,,,
2025-02-18,1847.42,1848.74,1824.17,1838.78,,,,
2025-02-19,1829.79,1840.06,1827.01,1839.39,,,,
2025-02-20,1831.96,1831.96,1806.56,1819.15,,,,
2025-02-21,1822.52,1822.79,1759.23,1768.75,,,,
2025-02-24,1774.65,1777.73,1747.67,1753.29,,,,
2025-02-25,1747.48,1754.61,1706.62,1738.62,,,,
2025-02-26,1752.78,1762.62,1726.46,1731.86,,,,
2025-02-27,1744.99,1751.24,1699.51,1700.95,,,,
2025-02-28,1698.84,1733.04,1692.34,1731.52,,,,
2025-03-03,1742.9,1749.14,1671.79,1691.57,,,,
2025-03-04,1656.7,1693.86,1633.46,1663.36,,,,
2025-03-05,1664.56,1697.65,1659.29,1692.42,,,,
2025-03-06,1664.57,1676.4,1633.02,1642.84,,,,
2025-03-07,1631.86,1645.48,1590.32,1637.8,,,,
2025-03-10,1612.21,1614.38,1557.09,1573.91,,,,
2025-03-11,1574.7,1597.11,1549.97,1569.82,,,,
2025-03-12,1598.72,1603.92,1563.01,1585.79,,,,
2025-03-13,1580.61,1581.34,1533.87,1544.9,,,,
2025-03-14,1566.12,1579.53,1554.22,1578.01,,,,
2025-03-17,1576.6,1582.38,1557.59,1571.11,,,,
2025-03-18,1548.28,1550.41,1532.07,1541.33,,,,
2025-03-19,1550.3,1579.08,1547.6,1570.6,,,,
2025-03-20,1557.11,1590.25,1555.62,1567.59,,,,
2025-03-21,1551.88,1579.22,1545.29,1577.46,,,,
2025-03-24,1605.36,1642.34,1605.32,1641.62,,,,
2025-03-25,1645.65,1657.84,1636.69,1657.66,,,,
2025-03-26,1652.43,1654.95,1620.42,1630.06,,,,
2025-03-27,1626.34,1658.06,1620.84,1631.56,,,,
2025-03-28,1618.87,1618.87,1572.26,1578.24,,,,
2025-03-31,1541.69,1580.01,1528.57,1575.4,,,,
2025-04-01,1569.79,1607.46,1565.32,1593.28,,,,
2025-04-02,1561.37,1635.62,1560.72,1625.52,,,,
2025-04-03,1540.18,1553.03,1511.17,1520.7,,,,
2025-04-04,1462.49,1505.16,1443.5,1452.25,,,,
2025-04-07,1391.93,1510.22,1376.61,1444.47,,,,
2025-04-08,1502.54,1507.91,1389.42,1407.83,,,,
2025-04-09,1409.63,1573.69,1404.6,1567.77,,,,
2025-04-10,1525.15,1526.81,1453.42,1503.22,,,,
2025-04-11,1494.83,1521.85,1472.15,1519.65,,,,
2025-04-14,1540.19,1543.06,1498.66,1518.12,,,,
2025-04-15,1512.77,1526.24,1496.16,1506,,,,
2025-04-16,1487.93,1501.84,1445.34,1465.43,,,,
2025-04-17,1475.73,1480.8,1459.8,1470.5,,,,
2025-04-21,1445.09,1446.49,1410,1428.39,,,,
2025-04-22,1447.85,1492.84,1445.62,1474.58,,,,
2025-04-23,1533.84,1555.04,1511.62,1515.34,,,,
2025-04-24,1514.34,1550.08,1511.78,1549.54,,,,
2025-04-25,1553.86,1581.82,1545.39,1579.84,,,,
2025-04-28,1586.64,1597.91,1555.42,1578.35,,,,
2025-04-29,1563.2,1589.26,1560.86,1587.63,,,,
2025-04-30,1547,1574.52,1524.75,1570.08,,,,
2025-05-01,1586.23,1603.65,1580.12,1585.69,,,,
2025-05-02,1598.36,1616.42,1584.43,1604.65,,,,
2025-05-05,1587.92,1593.55,1578.54,1583.5,,,,
2025-05-06,1565.08,1583.53,1562.99,1570.04,,,,
2025-05-07,1574.02,1594.57,1570.72,1585.98,,,,
2025-05-08,1603.61,1624.67,1591.65,1607.45,,,,
2025-05-09,1616.2,1629.94,1609.87,1617.63,,,,
2025-05-12,1713.79,1716.27,1691.89,1709.11,,,,
2025-05-13,1717.61,1741.36,1715.69,1733.26,,,,
2025-05-14,1740.47,1747.2,1731.93,1739.82,,,,
2025-05-15,1717.86,1732.24,1710.18,1727.91,,,,
2025-05-16,1732.88,1742.6,1728.16,1742.51,,,,
2025-05-19,1710.8,1740.44,1706.91,1737.85,,,,
2025-05-20,1739.52,1745.46,1719.15,1727.68,,,,
2025-05-21,1713.36,1721.29,1687.89,1694.67,,,,
2025-05-22,1691.22,1717.37,1686.28,1704.21,,,,
2025-05-23,1674.36,1697.41,1672.35,1688.65,,,,
2025-05-27,1709.66,1741.52,1709.52,1740.01,,,,
2025-05-28,1740.71,1744.21,1721.75,1723.74,,,,
2025-05-29,1742.71,1745.88,1718.78,1727.33,,,,
2025-05-30,1721.65,1730.85,1702.67,1717.38,,,,
2025-06-02,1709.78,1720.66,1689.83,1720.03,,,,
2025-06-03,1724.52,1742.33,1721.65,1725.44,,,,
2025-06-04,1728.39,1730.14,1708.96,1721.41,,,,
2025-06-05,1717.22,1730.76,1666.42,1678.89,,,,
2025-06-06,1704.72,1713.12,1698.25,1706.39,,,,
2025-06-09,1700.16,1728.78,1692.26,1724.76,,,,
2025-06-10,1729.47,1745.71,1723.45,1745.3,,,,
2025-06-11,1753.06,1756.2,1721.7,1727.51,,,,
2025-06-12,1717.46,1728.99,1715.14,1720.47,,,,
2025-06-13,1696.71,1725.72,1696.03,1707.72,,,,
2025-06-16,1719.71,1731.24,1713.2,1728.25,,,,
2025-06-17,1717.68,1724.43,1698.06,1701.4,,,,
2025-06-18,1703.79,1721.32,1697.67,1698.39,,,,
2025-06-20,1713.22,1717.44,1687.15,1695.04,,,,
2025-06-23,1699.69,1730.7,1691.26,1724.7,,,,
2025-06-24,1745.56,1747.36,1732.42,1737,,,,
2025-06-25,1744.04,1747.6,1710.81,1717.45,,,,
2025-06-26,1721.12,1741.82,1716.6,1737.72,,,,
2025-06-27,1748.6,1769.11,1738.94,1769.09,,,,
2025-06-30,1766.5,1771.5,1749.82,1753.81,,,,
2025-07-01,1736.79,1764.83,1731.58,1756.91,,,,
2025-07-02,1763.49,1773.64,1756.4,1770.34,,,,
2025-07-03,1779.15,1786.55,1773.81,1783.67,,,,
2025-07-07,1760.39,1766.51,1750.06,1761.18,,,,
2025-07-08,1764.01,1766.77,1748.73,1749.96,,,,
2025-07-09,1759.09,1769.16,1752.32,1762.81,,,,
2025-07-10,1766.09,1783.63,1766.09,1780.11,,,,
2025-07-11,1778.08,1790.28,1770.98,1786.05,,,,
2025-07-14,1788.21,1793.35,1783.35,1792.66,,,,
2025-07-15,1795.98,1799.49,1772.87,1773.04,,,,
2025-07-16,1775.86,1778.88,1757.67,1772.75,,,,
2025-07-17,1775.15,1780.78,1770.51,1778.2,,,,
2025-07-18,1786.1,1795.93,1782.67,1795.64,,,,
2025-07-21,1801.83,1812.76,1800.6,1806.44,,,,
2025-07-22,1810.24,1821.69,1802.64,1818.58,,,,
2025-07-23,1821.98,1828.56,1819.59,1826.07,,,,
2025-07-24,1801.24,1819.32,1798.49,1803.66,,,,
2025-07-25,1810.84,1822.74,1807.63,1817.76,,,,
2025-07-28,1826,1838.38,1819.92,1830.35,,,,
2025-07-29,1832.41,1832.84,1812.99,1816.96,,,,
2025-07-30,1820.74,1822.39,1796.83,1806.62,,,,
2025-07-31,1821.61,1821.61,1796.55,1799.72,,,,
2025-08-01,1743.46,1748.66,1724.39,1735.16,,,,
2025-08-04,1748.63,1752.65,1737.39,1746.96,,,,
2025-08-05,1752.21,1765.27,1747.56,1752.11,,,,
2025-08-06,1755.88,1797.1,1755.35,1796.02,,,,
2025-08-07,1797.11,1811.67,1781.45,1797.93,,,,
2025-08-08,1797.77,1809.43,1797.77,1801.32,,,,
2025-08-11,1805.08,1814,1800.83,1803.81,,,,
2025-08-12,1815.61,1821.56,1801.21,1819.57,,,,
2025-08-13,1826.15,1845.74,1824.49,1843.02,,,,
2025-08-14,1842.66,1856.12,1838.47,1851.33,,,,
2025-08-15,1859.11,1863.85,1839.16,1846.34,,,,
2025-08-18,1843.07,1855.15,1840.56,1853.4,,,,
2025-08-19,1853.28,1863.57,1841.81,1846.45,,,,
2025-08-20,1849.1,1849.94,1810.04,1824.65,,,,
2025-08-21,1815.8,1817.75,1802.3,1812.21,,,,
2025-08-22,1821.84,1870.5,1816.8,1869.91,,,,
2025-08-25,1862.82,1873.67,1858.56,1867.41,,,,
2025-08-26,1865.63,1876.27,1863.05,1875.34,,,,
2025-08-27,1875.38,1882.34,1873.07,1876.32,,,,
2025-08-28,1877.76,1883.33,1870.17,1881.57,,,,
2025-08-29,1882.12,1884.29,1855,1860.03,,,,
2025-09-02,1830.72,1844.58,1826.1,1842.44,,,,
2025-09-03,1843.44,1860.16,1842.49,1850.34,,,,
2025-09-04,1871.82,1892.61,1867.66,1892,,,,
2025-09-05,1899.32,1912.4,1882.57,1889.68,,,,
2025-09-08,1900.18,1906.02,1892.69,1899.71,,,,
2025-09-09,1899.24,1903.17,1886.69,1901.39,,,,
2025-09-10,1897.98,1898.73,1866.74,1871.36,,,,
2025-09-11,1878.91,1905.66,1874.49,1903.18,,,,
2025-09-12,1901.49,1916.83,1901.33,1914,,,,
2025-09-15,1947.46,1953.04,1925.96,1934.96,,,,
2025-09-16,1944.7,1954.34,1938.16,1950.89,,,,
2025-09-17,1946.02,1955.78,1921.74,1944.88,,,,
2025-09-18,1947.91,1952.49,1933.93,1935.03,,,,
2025-09-19,1945.06,1953.62,1940.08,1941.7,,,,
2025-09-22,1938.7,1951.02,1933.05,1933.28,,,,
2025-09-23,1938.57,1938.57,1903.46,1905.48,,,,
2025-09-24,1918.16,1923.71,1907.26,1918.77,,,,
2025-09-25,1906.66,1906.66,1882.4,1890.66,,,,
2025-09-26,1896.55,1919.8,1891.58,1918.05,,,,
2025-09-29,1924.64,1931.53,1915.92,1928.67,,,,
2025-09-30,1926.63,1927.49,1902.25,1917.97,,,,
2025-10-01,1910.5,1938.25,1909.28,1931.16,,,,
2025-10-02,1939.97,1939.97,1916.41,1917.89,,,,
2025-10-03,1928.14,1931.58,1892.53,1902.44,,,,
2025-10-06,1913.99,1924.44,1896.87,1922.32,,,,
2025-10-07,1914.84,1920.45,1892.9,1894.87,,,,
2025-10-08,1902.6,1913,1885.29,1905.57,,,,
2025-10-09,1895.49,1903.97,1880.2,1901.76,,,,
2025-10-10,1903.23,1910.74,1838.65,1839.12,,,,
2025-10-13,1853.59,1884.03,1853.49,1881.24,,,,
2025-10-14,1852.33,1890.03,1840.97,1876.4,,,,
2025-10-15,1884.95,1895.17,1860.04,1878.33,,,,
2025-10-16,1878.6,1889.26,1847.02,1861.89,,,,
2025-10-17,1860.85,1878.55,1854.18,1873.86,,,,
2025-10-20,1883,1893.82,1880.58,1892.68,,,,
2025-10-21,1897.76,1926.37,1897.76,1917.6,,,,
2025-10-22,1909.08,1911.35,1886.98,1898.39,,,,
2025-10-23,1882.05,1913.2,1877.03,1912.45,,,,
2025-10-24,1920.53,1923.92,1908.14,1910.16,,,,
2025-10-27,1932.2,1947.59,1928.06,1939.35,,,,
2025-10-28,1939.64,1959.97,1934.45,1945.29,,,,
2025-10-29,1951.01,1952.43,1922.42,1935.59,,,,
2025-10-30,1903.2,1917.87,1886.11,1886.13,,,,
2025-10-31,1974.07,1979.21,1953.17,1963.14,,,,
2025-11-03,1994.06,2007.07,1992.58,1996.58,,,,
2025-11-04,1971.65,1988.26,1957.2,1959.55,,,,
2025-11-05,1964.4,1985.02,1950.8,1981.47,,,,
2025-11-06,1969.85,1976.42,1921.44,1931.97,,,,
2025-11-07,1924.43,1937.45,1903.53,1932.73,,,,
2025-11-10,1955.23,1964.77,1945.93,1961.46,,,,
2025-11-11,1957.6,1967.08,1950.77,1965.14,,,,
2025-11-12,1969.93,1970.42,1940.12,1944.45,,,,
2025-11-13,1934.86,1939.22,1887.11,1891.34,,,,
2025-11-14,1865.69,1900.03,1857.47,1879.78,,,,
2025-11-17,1869.28,1889.71,1851.98,1864.7,,,,
2025-11-18,1846.29,1849.7,1815.52,1818.14,,,,
2025-11-19,1829.69,1829.69,1806.92,1819,,,,
2025-11-20,1844.27,1861.54,1785.94,1787.54,,,,
2025-11-21,1794.93,1836.89,1786.8,1818.61,,,,
2025-11-24,1834.17,1860.13,1833.55,1852.46,,,,
2025-11-25,1853.82,1890.63,1844.49,1888.03,,,,
2025-11-26,1891.95,1903.83,1885.85,1898.19,,,,
2025-12-01,1906.46,1926.41,1905.67,1915.62,,,,
2025-12-02,1919.95,1927.92,1903.67,1915.45,,,,
2025-12-03,1915.09,1935.14,1912.07,1931.29,,,,
2025-12-04,1933.83,1936.94,1909.84,1922.03,,,,
2025-12-05,1926.24,1937.38,1924.64,1930.51,,,,
2025-12-08,1920.92,1922.39,1897.15,1901.04,,,,
2025-12-09,1896.13,1912.18,1890.04,1904.03,,,,
2025-12-10,1907.59,1941.34,1907.33,1933,,,,
2025-12-11,1929.59,1938.89,1925.31,1934.62,,,,
2025-12-12,1939.41,1949.34,1918.76,1936.82,,,,
2025-12-15,1952.53,1960.63,1940.19,1946.16,,,,
2025-12-16,1943.95,1956.59,1936.72,1952.12,,,,
2025-12-17,1955.09,1964.08,1928.21,1928.23,,,,
2025-12-18,1959.05,1984.04,1955.69,1962.49,,,,
2025-12-19,1963,1965.66,1954.47,1956.46,,,,
2025-12-22,1965.96,1975.67,1962.97,1968.74,,,,
2025-12-23,1968.58,1976.45,1966.09,1972.24,,,,
2025-12-24,1975.18,1978.1,1967.43,1977.73,,,,
2025-12-26,1975.22,1980.06,1966.52,1968.95,,,,
2025-12-29,1957.11,1959.59,1947.59,1950.23,,,,
2025-12-30,1944.95,1949.67,1940.65,1943.9,,,,
2025-12-31,1942.82,1944.58,1927.72,1928.43,,,,
2026-01-02,1939.91,1942.62,1895.13,1906.48,,,,
2026-01-05,1913.47,1955.79,1913.47,1943.36,,,,
2026-01-06,1935.22,1964.89,1930.99,1961.67,,,,
2026-01-07,1960.77,1982,1960.14,1960.16,,,,
2026-01-08,1959.76,1996.08,1954.61,1993.84,,,,
2026-01-09,1992.51,2018.83,1978.7,2016.52,,,,
2026-01-12,2005.01,2027.11,2002.06,2017.26,,,,
2026-01-13,2016.4,2019.78,1993.24,2007.03,,,,
2026-01-14,1992.16,1992.35,1963.12,1971.82,,,,
2026-01-15,1983.9,1990.22,1974.13,1979.84,,,,
2026-01-16,1981.99,1987.18,1966.55,1976.41,,,,
2026-01-20,1941.6,1946.16,1915.77,1920.64,,,,
2026-01-21,1925.8,1959.76,1919.39,1951.31,,,,
2026-01-22,1965.5,1981.83,1954.72,1975.02,,,,
2026-01-23,1974.2,1994.76,1970.08,1989.4,,,,
2026-01-26,1988.86,1993.38,1974.93,1975.29,,,,
2026-01-27,1982.79,1992.05,1968.83,1988.52,,,,
2026-01-28,1997.61,2007.23,1972.08,1975.14,,,,
2026-01-29,1981.76,1985.66,1944.79,1962.52,,,,
2026-01-30,1959.49,1979,1951.66,1961.14,,,,
2026-02-02,1951.8,1982.74,1946.88,1975.23,,,,
2026-02-03,1982.12,1988.28,1936.07,1956.51,,,,
2026-02-04,1956.96,1962.03,1921.69,1933.87,,,,
2026-02-05,1900.01,1903.34,1873.79,1883.84,,,,
2026-02-06,1823.44,1874.41,1820.79,1871.49,,,,
2026-02-09,1857.96,1879.8,1840.97,1865.04,,,,
2026-02-10,1866.42,1892.46,1865.73,1873.44,,,,
2026-02-11,1877.34,1882.13,1853.41,1863.05,,,,
2026-02-12,1868.66,1879.22,1827.57,1833.67,,,,
2026-02-13,1829.07,1848.51,1820.3,1832.2,,,,
2026-02-17,1831.46,1833.52,1806.83,1831.86,,,,
2026-02-18,1835.55,1862.74,1833.64,1850.18,,,,
2026-02-19,1838.68,1846.44,1828.65,1840.45,,,,
2026-02-20,1833.69,1866.41,1830.28,1863.8,,,,
2026-02-23,1850.07,1850.95,1805.92,1823.7,,,,
2026-02-24,1829.42,1858.52,1826.14,1852.6,,,,
2026-02-25,1862.71,1868.67,1851.18,1861.5,,,,
2026-02-26,1864.6,1865.87,1839.04,1854.14,,,,
2026-02-27,1837.65,1855.52,1832.08,1854.79,,,,
2026-03-02,1810.88,1838.8,1804.45,1834.67,,,,
2026-03-03,1795.56,1824.53,1777.53,1818.86,,,,
2026-03-04,1831.53,1863.95,1830.97,1859.69,,,,
2026-03-05,1849.82,1872.38,1848.01,1864.52,,,,
2026-03-06,1836.96,1838.93,1819.98,1828,,,,
2026-03-09,1806.54,1834.85,1773.81,1830.1,,,,
2026-03-10,1831.94,1848.12,1822.05,1829.99,,,,
2026-03-11,1842.28,1852.23,1815.95,1825.06,,,,
2026-03-12,1806.77,1812.88,1784.07,1784.8,,,,
2026-03-13,1795.24,1798.76,1770.12,1773.2,,,,
2026-03-16,1784.72,1805.32,1784.72,1796.89,,,,
2026-03-17,1806.15,1818.45,1806.15,1814.78,,,,
2026-03-18,1805.57,1810.61,1769.52,1772.74,,,,
2026-03-19,1752.19,1766.05,1744.07,1757.38,,,,
2026-03-20,1748.19,1748.19,1715.49,1724.69,,,,
2026-03-23,1764.89,1787.77,1758.73,1767.17,,,,
2026-03-24,1755.87,1768.12,1747.8,1757.55,,,,
2026-03-25,1786.98,1796.09,1768.75,1778.33,,,,
2026-03-26,1765.5,1781.23,1743.6,1745.05,,,,
2026-03-27,1731.29,1734.05,1688.51,1691.83,,,,
2026-03-30,1704.17,1717.63,1685.13,1692.76,,,,
2026-03-31,1722.83,1755.95,1712.69,1748.22,,,,
2026-04-01,1761.95,1777.24,1746.17,1764.3,,,,
2026-04-02,1728.65,1759.11,1718.95,1738.02,,,,
2026-04-06,1736,1755.4,1736,1751.95,,,,
2026-04-07,1736.86,1738,1711.16,1736.03,,,,
2026-04-08,1814.47,1815.29,1775.99,1785.02,,,,
2026-04-09,1791.84,1831.24,1784.22,1829,,,,
2026-04-10,1839.87,1845.02,1827.79,1838.98,,,,
2026-04-13,1832.73,1854.9,1824.62,1854.68,,,,
2026-04-14,1868.3,1911.8,1868.3,1901.85,,,,
2026-04-15,1905.2,1932.81,1896.91,1927.84,,,,
2026-04-16,1933.61,1933.61,1906.14,1923.13,,,,
2026-04-17,1953.28,1986.29,1950.9,1961,,,,
2026-04-20,1957.07,1958.69,1930.55,1948.26,,,,
2026-04-21,1970.53,1970.53,1933.77,1938.64,,,,
2026-04-22,1946.09,1954.77,1939.25,1947.19,,,,
2026-04-23,1932.31,1945.2,1912.16,1929.02,,,,
2026-04-24,1940.18,1957.95,1934.01,1955.27,,,,
2026-04-27,1946.36,1951.09,1930.44,1940.35,,,,
2026-04-28,1926.82,1937.38,1924.06,1927.21,,,,
2026-04-29,1915.96,1937.45,1914.08,1929.12,,,,
2026-04-30,1965.28,1966.9,1916.32,1953.03,,,,
2026-05-01,1957.06,1984.15,1943.95,1962.95,,,,
2026-05-04,1961.98,1984.14,1948.33,1958.69,,,,
2026-05-05,1974.73,1989.22,1962.98,1964.58,,,,
2026-05-06,1972.56,2002.52,1972.56,1991.5,,,,
2026-05-07,2004.35,2008.04,1979.62,1987.42,,,,
2026-05-08,1996.47,2010.2,1988.4,1997.38,,,,
2026-05-11,1979.67,1995.86,1972.26,1984.61,,,,
2026-05-12,1976.59,1980.68,1946.5,1963.6,,,,
2026-05-13,1958.01,1985.17,1950.47,1978.34,,,,
2026-05-14,1981.82,1988.39,1970.08,1972.25,,,,
2026-05-15,1943.75,1945.74,1930.35,1936.06,,,,
2026-05-18,1932.29,1957.31,1918.97,1932.16,,,,
2026-05-19,1910.2,1913.11,1889.24,1906.62,,,,
2026-05-20,1911.39,1954.38,1906.29,1954.21,,,,
2026-05-21,1950.5,1977.84,1935.7,1969.32,,,,
2026-05-22,1976.38,1987.16,1970.47,1973.32,,,,
2026-05-26,1985.21,1990.6,1962.4,1975.96,,,,
2026-05-27,1993.65,2017.02,1993.65,2013.3,,,,
2026-05-28,2008.86,2026.09,1994.38,2024.18,,,,
2026-05-29,2011.7,2025.97,2001.09,2002.94,,,,
2026-06-01,1978.53,1978.53,1948.72,1950.45,,,,
2026-06-02,1935.08,1951.8,1920.3,1936.56,,,,
2026-06-03,1919.77,1936.28,1903.98,1915.77,,,,
2026-06-04,1932.52,1940.18,1923.58,1925.74,,,,
2026-06-05,1929.57,1938.75,1875.91,1878.85,,,,
2026-06-08,1882.3,1897.78,1880.42,1888.13,,,,
2026-06-09,1901.48,1924.86,1862.64,1890.31,,,,
2026-06-10,1884.53,1885.49,1846.35,1848.21,,,,
2026-06-11,1855.46,1894.47,1844.7,1892.38,,,,
2026-06-12,1900.36,1900.36,1862.52,1892.59,,,,
2026-06-15,1929.22,1942.64,1924.61,1928.8,,,,
2026-06-16,1929.19,1945.11,1924.11,1926.65,,,,
2026-06-17,1916.96,1921.52,1869.67,1874.78,,,,
2026-06-18,1892.69,1914.32,1872.4,1907.81,,,,
2026-06-22,1884.78,1899.48,1863.32,1863.37,,,,
2026-06-23,1847.22,1863.53,1842.37,1846.01,,,,
2026-06-24,1848.34,1898.8,1848.34,1860.71,,,,
2026-06-25,1852.73,1852.73,1822.82,1827.61,,,,
2026-06-26,1828,1865.36,1824.51,1855.95,,,,
2026-06-29,1865.29,1918.16,1865.29,1905.69,,,,
2026-06-30,1892.46,1914.94,1892.46,1907.11,,,,
2026-07-01,1916.25,1941.2,1896.42,1922.81,,,,
2026-07-02,1932.17,1942.04,1900.58,1907.24,,,,
2026-07-03,1932.17,1942.04,1900.58,1907.24,,,,
2026-07-06,1912.96,1930.54,1891.71,1925.3,,,,
2026-07-07,1940.22,1943.14,1909.78,1916.91,,,,
2026-07-08,1900.64,1900.64,1870.01,1886.21,,,,
2026-07-09,1868.28,1913.78,1867.26,1913.76,,,,
2026-07-13,1912.57,1920.5,1893.8,1900.89,,,,
2026-07-14,1901.75,1905.16,1890.28,1900.4,,,,
2026-07-15,1916.58,1939.12,1916.58,1926.22,,,,
2026-07-16,1930.39,1944.14,1911.94,1920.58,,,,
2026-07-17,1891.98,1909.46,1889,1890.27,,,,
2026-07-20,1902,1902.85,1879.28,1882.84,,,,
2026-07-21,1878.1,1889.69,1875.01,1883.57,,,,
2026-07-22,1881.43,1886.87,1862.08,1867.7,,,,
2026-07-23,1801.09,1805.04,1764.31,1772.07,,,,
2026-07-24,1777.11,1783.06,1764.18,1774.97,,,,
2026-07-27,1796.48,1803.42,1781.88,1788.58,,,,
2026-07-28,1800.2,1807.76,1790.24,1805.61,,,,
2026-07-29,1796.58,1821.12,1781.94,1784.28,,,,
2026-07-30,1804.05,1825.64,1795.1,1812.32,,,,
2026-07-31,1896.65,1929.31,1894.59,1922.36,,,,
2026-08-03,1957.88,1987.72,1957.88,1973.79,,,,
2026-08-04,1952.73,1970.1,1946.66,1964.41,,,,
2026-08-05,1979.17,1987.13,1948.44,1958.03,,,,
2026-08-07,1957.94,1963.34,1944.44,1950.81,,,,
2026-08-10,1971.77,1987.41,1965.31,1982.35,,,,
2026-08-11,1981.52,1981.52,1963.82,1967.4,,,,
2026-08-12,1966.97,1967.77,1938.12,1939.89,,,,
2026-08-13,1940.61,1957.29,1937.28,1945.12,,,,
2026-08-14,1946.44,1955.71,1936.63,1937.95,,,,
2026-08-17,1937.1,1938.75,1909.83,1917.99,,,,
2026-08-18,1912.54,1928.68,1903.06,1909.85,,,,
2026-08-19,1919.85,1953.51,1919.85,1950.71,,,,
