Date,Open,High,Low,Close,Volume,TradingValue,UpLimit,LowLimit
2012-10-02,495.18,496.4,489.95,494.02,,,,
2012-10-03,495.36,497.18,493.5,496.28,,,,
2012-10-04,496.8,498.12,493.69,496.88,,,,
2012-10-05,498.08,499.52,492.54,493.54,,,,
2012-10-08,489.01,491.72,487.55,488.28,,,,
2012-10-09,487.76,487.76,480.11,481.78,,,,
2012-10-10,481.85,483.02,478.98,479.84,,,,
2012-10-11,482.85,483.99,478.44,478.45,,,,
2012-10-12,478.45,481.64,477.77,479.18,,,,
2012-10-15,480.47,482.83,477.77,482.41,,,,
2012-10-16,482.8,490.34,482.8,490.02,,,,
2012-10-17,487.36,488.16,483.97,486.09,,,,
2012-10-18,484.7,485.28,476.98,478.67,,,,
2012-10-19,478.22,478.25,467.56,467.56,,,,
2012-10-22,468.03,472.7,467.12,472,,,,
2012-10-23,469.1,471.19,465.71,466.07,,,,
2012-10-24,468.8,469.67,462.5,463.23,,,,
2012-10-25,465.81,466.97,460.79,462.52,,,,
2012-10-26,462.31,465.29,458.69,463.27,,,,
2012-10-31,462.59,463.69,459.73,460.85,,,,
2012-11-01,462.82,469.6,462.32,469.19,,,,
2012-11-02,470.27,470.27,461.91,462.21,,,,
2012-11-05,463.12,466.33,461.83,465.05,,,,
2012-11-06,466.81,471.23,466.64,467.99,,,,
2012-11-07,463.57,463.57,453.97,454.77,,,,
2012-11-08,456.88,458.13,448.24,448.24,,,,
2012-11-09,448.9,455.34,448.36,450.85,,,,
2012-11-12,452.33,452.5,447.5,449.28,,,,
2012-11-13,445.28,450.09,443.78,445.77,,,,
2012-11-14,448.79,449.41,440.9,441.4,,,,
2012-11-15,442.2,443.48,437.88,439.47,,,,
2012-11-16,439.21,442.06,432.79,440.86,,,,
2012-11-19,445.19,453.41,445.19,453.28,,,,
2012-11-20,453.18,453.18,449.47,450.17,,,,
2012-11-21,450.96,453,450.22,452.27,,,,
2012-11-23,454.8,459.66,454.6,459.66,,,,
2012-11-26,459.32,462.63,457.62,462.62,,,,
2012-11-27,462.5,463.64,459.6,460.62,,,,
2012-11-28,458.05,463.72,455.09,463.5,,,,
2012-11-29,465.3,467.53,463.29,465.45,,,,
2012-11-30,465.28,465.75,462.96,464.39,,,,
2012-12-03,467.41,468.61,463.27,463.53,,,,
2012-12-04,463.08,464.12,460.39,463.01,,,,
2012-12-05,461.4,461.47,454.49,457.08,,,,
2012-12-06,455.46,462.09,453.65,460.88,,,,
2012-12-07,462.73,463.85,456.25,457.94,,,,
2012-12-10,456.37,461.89,456.17,459.46,,,,
2012-12-11,462.55,468.63,462.42,465.93,,,,
2012-12-12,468.14,468.14,462.78,463.9,,,,
2012-12-13,462.91,465.57,458.63,460.52,,,,
2012-12-14,456.86,458.53,454.16,455.71,,,,
2012-12-17,455.73,462.1,455.63,462.03,,,,
2012-12-18,463.68,470.34,462.86,469.77,,,,
2012-12-19,470.47,471.79,467.84,467.85,,,,
2012-12-20,468.91,469.24,465.21,468.6,,,,
2012-12-21,462.7,464.65,460.88,464.49,,,,
2012-12-24,463.52,463.9,461.93,462.73,,,,
2012-12-26,462.58,464.26,458.05,459.8,,,,
2012-12-27,459.58,460.68,453.54,459.34,,,,
2012-12-28,456.51,458.9,453.84,454.02,,,,
2012-12-31,453.72,464.75,453.02,463.82,,,,
2013-01-02,473.2,478.41,472.92,478.41,,,,
2013-01-03,477.74,479.14,473.43,474.9,,,,
2013-01-04,474.36,474.49,470.78,472.26,,,,
2013-01-07,470.3,472.58,468.51,471.2,,,,
2013-01-08,471.59,472.55,467.33,470.01,,,,
2013-01-09,470.37,472.12,470.13,471.09,,,,
2013-01-10,474.35,474.77,469.18,473.62,,,,
2013-01-11,473.57,475.18,472.72,474.95,,,,
2013-01-14,471.52,472.77,469.44,471.46,,,,
2013-01-15,469.38,469.44,466.66,468.94,,,,
2013-01-16,470.15,473.62,469.09,472.41,,,,
2013-01-17,473.95,475.73,473.56,473.96,,,,
2013-01-18,471.29,472.39,469.8,472.39,,,,
2013-01-22,472.31,473.47,469.26,473.15,,,,
2013-01-23,474.07,480.53,474.07,478.98,,,,
2013-01-24,478.88,478.88,468.86,469.3,,,,
2013-01-25,470.07,473.33,468.83,469.85,,,,
2013-01-28,469.47,473.25,469.47,471.09,,,,
2013-01-29,471.26,472.18,467.43,470.99,,,,
2013-01-30,470.79,472.94,468.91,469.93,,,,
2013-01-31,470.83,474.12,469.7,470.05,,,,
2013-02-01,472.7,476.05,471.67,475.43,,,,
2013-02-04,473.82,474.48,467.78,467.79,,,,
2013-02-05,469.39,475.65,469.01,474.43,,,,
2013-02-06,472.45,475.77,471.96,473.72,,,,
2013-02-07,474.18,474.18,468.61,473.61,,,,
2013-02-08,476.02,479.35,475.73,478.52,,,,
2013-02-11,478.63,479.83,477.29,479.03,,,,
2013-02-12,478.38,479.53,476.43,476.78,,,,
2013-02-13,477.2,478.78,475.56,476.84,,,,
2013-02-14,474.8,477.93,474.28,477.26,,,,
2013-02-15,477.6,479.04,475.24,476.7,,,,
2013-02-19,477.29,479.29,476.82,479.29,,,,
2013-02-20,478.92,479.13,471.91,471.94,,,,
2013-02-21,470.45,470.53,465.79,467.71,,,,
2013-02-22,469.89,473.53,468.97,473.53,,,,
2013-02-25,475.85,477.65,465.95,465.95,,,,
2013-02-26,467.31,469.73,464.91,468.88,,,,
2013-02-27,468.65,475.5,467.76,472.99,,,,
2013-02-28,473.12,475.54,471.86,471.86,,,,
2013-03-01,470,473.5,466.97,472.32,,,,
2013-03-04,471.06,473.61,469.69,473.28,,,,
2013-03-05,475.68,481.44,475.68,480.34,,,,
2013-03-06,481.06,481.5,479.21,480.22,,,,
2013-03-07,480.47,482.2,479.71,481.51,,,,
2013-03-08,482.7,483.42,480.32,482.07,,,,
2013-03-11,481.15,483.66,479.5,483.63,,,,
2013-03-12,482.11,482.81,478.75,480.89,,,,
2013-03-13,480.9,482.67,478.93,480.84,,,,
2013-03-14,482.8,484.64,482.75,484.33,,,,
2013-03-15,484.79,484.93,481.8,483.29,,,,
2013-03-18,479.91,485.08,478.61,482.95,,,,
2013-03-19,484.54,485.47,477.99,481.9,,,,
2013-03-20,484.72,485.84,483.09,484.87,,,,
2013-03-21,480.34,480.84,477.66,478.53,,,,
2013-03-22,479.9,482.23,479.39,481.63,,,,
2013-03-25,483.14,484.57,478.69,480.2,,,,
2013-03-26,482.18,483.6,481.71,483.44,,,,
2013-03-27,480.44,482.96,479.07,482.12,,,,
2013-03-28,481.8,483.71,480.45,483.34,,,,
2013-04-01,483.38,483.43,477.53,478.66,,,,
2013-04-02,479.6,482.67,479.18,480.83,,,,
2013-04-03,481.22,481.9,476,477.01,,,,
2013-04-04,476.68,476.89,473.45,475.93,,,,
2013-04-05,470.06,471.82,467.11,471.32,,,,
2013-04-08,471.3,472.95,469.48,472.95,,,,
2013-04-09,473.74,478.11,472.22,476.76,,,,
2013-04-10,477.73,486.11,477.3,485.51,,,,
2013-04-11,482.5,483.55,480.77,483.14,,,,
2013-04-12,481.84,482.02,476.91,480.3,,,,
2013-04-15,477.86,479.13,471.54,471.54,,,,
2013-04-16,473.64,478.73,473.64,478.64,,,,
2013-04-17,474.92,474.92,465.59,467.83,,,,
2013-04-18,469.01,469.16,459.83,461.24,,,,
2013-04-19,460.53,462.87,456.99,460.42,,,,
2013-04-22,462.25,465.89,459.93,464.41,,,,
2013-04-23,466.82,472.04,466.2,470.18,,,,
2013-04-24,468.27,475,468.27,473.27,,,,
2013-04-25,473.37,477,473.11,473.87,,,,
2013-04-26,473.3,475.32,471.9,473.91,,,,
2013-04-29,475.08,483.05,475.08,481.7,,,,
2013-04-30,482.24,487.55,481.02,487.37,,,,
2013-05-01,487.01,487.3,482.79,483.49,,,,
2013-05-02,483.76,491.05,483.76,490.4,,,,
2013-05-03,493.67,496.91,493.39,495.78,,,,
2013-05-06,497,499.1,496.55,498.78,,,,
2013-05-07,499.63,499.76,495.4,497.61,,,,
2013-05-08,497.4,501.61,496,501.44,,,,
2013-05-09,500.03,503.18,498.77,499.63,,,,
2013-05-10,500.53,502.4,499.2,501.83,,,,
2013-05-13,501.09,501.95,499.71,500.43,,,,
2013-05-14,500.12,503.52,499.94,501.47,,,,
2013-05-15,500.66,502.61,499.2,502.54,,,,
2013-05-16,503.68,509.44,503.68,506.04,,,,
2013-05-17,508.16,511.97,507.2,511.95,,,,
2013-05-20,510.34,513.97,510.26,512.08,,,,
2013-05-21,511.16,512.95,509.22,511.11,,,,
2013-05-22,511.68,514.75,504.04,505.91,,,,
2013-05-23,501.73,507.42,501.73,505.48,,,,
2013-05-24,502.73,505.1,501.21,505.07,,,,
2013-05-28,509.22,512.35,507.24,508.48,,,,
2013-05-29,506.64,509.81,504.84,508.08,,,,
2013-05-30,509.1,514.84,508.88,512.28,,,,
2013-05-31,511.19,515.23,508,508,,,,
2013-06-03,509.1,511.43,505.48,511.43,,,,
2013-06-04,512.24,513.87,506.65,508.08,,,,
2013-06-05,506.27,508.18,502.19,502.82,,,,
2013-06-06,503.28,504.87,497.45,503.14,,,,
2013-06-07,504.4,508.49,502.6,508.49,,,,
2013-06-10,509.16,511.03,507.93,508.68,,,,
2013-06-11,504.55,508.02,502.3,502.92,,,,
2013-06-12,505.47,506.43,498.16,498.93,,,,
2013-06-13,498.57,505.7,497.16,504.61,,,,
2013-06-14,504.15,505.57,500,500.7,,,,
2013-06-17,503.33,509.24,503.33,506.38,,,,
2013-06-18,506.72,511.13,506.72,510.03,,,,
2013-06-19,510.35,510.87,504.93,504.93,,,,
2013-06-20,500.79,502.21,492.68,493.76,,,,
2013-06-21,493.27,494.48,486.87,490.13,,,,
2013-06-24,486.92,486.92,480.12,483.3,,,,
2013-06-25,487.1,488.95,484.21,486.68,,,,
2013-06-26,490.2,491.32,488.33,489.23,,,,
2013-06-27,491.31,493.67,491.22,491.23,,,,
2013-06-28,489.08,491.97,485.12,489.23,,,,
2013-07-01,492.25,496.36,491.98,492.52,,,,
2013-07-02,492.43,496.36,490.06,493.19,,,,
2013-07-03,492.3,498.11,491.65,495.97,,,,
2013-07-05,497.37,499.46,494.21,499.46,,,,
2013-07-08,500.93,501.67,496.89,498.28,,,,
2013-07-09,500.1,501.42,497.75,500.51,,,,
2013-07-10,499.81,503.78,499.81,502.81,,,,
2013-07-11,506.2,511.69,506.2,511.39,,,,
2013-07-12,511.93,512.68,510.25,512.59,,,,
2013-07-15,511.93,514.77,511.23,514.06,,,,
2013-07-16,514.05,514.76,512.52,514.15,,,,
2013-07-17,514.72,516.18,513.41,514.84,,,,
2013-07-18,514.16,516.33,512.47,513.39,,,,
2013-07-19,507.46,507.46,502.27,503.35,,,,
2013-07-22,505.23,505.63,503.67,505.32,,,,
2013-07-23,505.9,506.59,502.35,502.58,,,,
2013-07-24,507.99,509.68,506.41,506.92,,,,
2013-07-25,506.25,507.67,504.5,507.13,,,,
2013-07-26,504.97,507.77,503.38,507.76,,,,
2013-07-29,506.59,509.05,505.91,506.9,,,,
2013-07-30,508.69,512.95,508.57,510.66,,,,
2013-07-31,511.76,514.15,508.59,509.27,,,,
2013-08-01,511.94,515.48,511.82,515.28,,,,
2013-08-02,514.91,517.81,513.97,517.81,,,,
2013-08-05,517.1,519.09,516.26,518.77,,,,
2013-08-06,518.46,518.46,514.26,515.71,,,,
2013-08-07,514.72,515.57,511.79,514.25,,,,
2013-08-08,515.65,517.11,512.7,516.07,,,,
2013-08-09,515.14,516.54,512.23,513.82,,,,
2013-08-12,512.86,517.87,512.77,517.33,,,,
2013-08-13,517.97,522.71,515.6,521.34,,,,
2013-08-14,522.03,522.98,519.49,521.41,,,,
2013-08-15,515.73,515.73,511.2,512.22,,,,
2013-08-16,512.41,514.83,511.63,512.29,,,,
2013-08-19,512.48,516.82,511.43,511.47,,,,
2013-08-20,512.16,514.17,510.81,511.46,,,,
2013-08-21,511.21,515.06,509.87,511.06,,,,
2013-08-22,512.98,514.19,511.63,513.45,,,,
2013-08-23,518.14,518.28,515.62,516.72,,,,
2013-08-26,516.01,519.23,514.7,514.82,,,,
2013-08-27,510.6,511.46,503.36,504.3,,,,
2013-08-28,504.21,507.92,504.21,505.35,,,,
2013-08-29,505.14,509.91,504.67,507.66,,,,
2013-08-30,507.64,508.05,503.67,504.98,,,,
2013-09-03,506.14,510.23,504.47,506.63,,,,
2013-09-04,508.41,512.24,507.46,511.11,,,,
2013-09-05,511.41,512.87,510.9,512,,,,
2013-09-06,513.45,514.72,508.12,512.61,,,,
2013-09-09,514.8,520.21,514.8,519.2,,,,
2013-09-10,520.93,523.75,520.12,522.14,,,,
2013-09-11,516.65,520.12,516.65,519.41,,,,
2013-09-12,519.71,520.82,517.93,519.05,,,,
2013-09-13,519.36,520.09,517.34,519.22,,,,
2013-09-16,521.2,522.4,516.6,517.59,,,,
2013-09-17,518.7,521.6,518.7,520.67,,,,
2013-09-18,522.33,528.16,521.65,527.78,,,,
2013-09-19,529.09,530.42,527.8,528.58,,,,
2013-09-20,529.85,529.94,524.89,525,,,,
2013-09-23,529.68,530.52,524.65,526.51,,,,
2013-09-24,527.38,527.38,522.76,525.06,,,,
2013-09-25,525.05,526.06,522.3,523.71,,,,
2013-09-26,525.41,528.38,524,525.29,,,,
2013-09-27,523.3,523.56,520.93,522.18,,,,
2013-09-30,517.78,521.16,516.05,519.26,,,,
2013-10-01,519.69,524.8,519.59,524.21,,,,
2013-10-02,522.17,524.79,520.42,524.67,,,,
2013-10-03,524.45,525.02,516.57,519.27,,,,
2013-10-04,518.9,522.51,518.48,521.81,,,,
2013-10-07,519.53,521.86,517.33,518.3,,,,
2013-10-08,518.66,518.66,509.43,509.96,,,,
2013-10-09,511.29,513.36,506.42,511.64,,,,
2013-10-10,514.71,520.8,514.37,520.59,,,,
2013-10-11,519.45,524.83,518.9,524.75,,,,
2013-10-14,522.28,527.87,521.38,527.6,,,,
2013-10-15,527.5,528.68,524.27,524.62,,,,
2013-10-16,526.1,529.93,526.1,529.17,,,,
2013-10-17,526.72,528.22,523.11,528.15,,,,
2013-10-18,532.98,537.73,531.86,537.47,,,,
2013-10-21,538.62,541.55,538.59,540.23,,,,
2013-10-22,541.68,542.12,536.37,539.35,,,,
2013-10-23,537.29,538.01,534.11,536.75,,,,
2013-10-24,536.94,540.36,536.56,539.28,,,,
2013-10-25,543.39,544.62,539.69,541.52,,,,
2013-10-28,541.68,543.75,540.41,542.98,,,,
2013-10-29,545.45,546.96,543.37,545.93,,,,
2013-10-30,546.83,547.94,542.78,544.61,,,,
2013-10-31,544.44,546.32,542.56,542.63,,,,
2013-11-01,544.17,546.05,541.2,543.46,,,,
2013-11-04,544.62,545.43,543.28,545.25,,,,
2013-11-05,543.91,546.27,541.82,545.02,,,,
2013-11-06,546.73,549.59,545.9,549.45,,,,
2013-11-07,548.99,550.84,542.33,542.69,,,,
2013-11-08,543.83,548.54,542.41,548.53,,,,
2013-11-11,547.68,549.87,546.64,549.14,,,,
2013-11-12,547.6,552,547.24,550.9,,,,
2013-11-13,549.08,556.51,548.61,556.51,,,,
2013-11-14,553.13,554.35,550.96,554.07,,,,
2013-11-15,554.09,555.57,553.47,555.54,,,,
2013-11-18,555.25,556.25,551.14,551.81,,,,
2013-11-19,551.41,553.61,548.69,549.42,,,,
2013-11-20,550.17,552.48,546.94,547.82,,,,
2013-11-21,549.52,553.81,549.52,553.5,,,,
2013-11-22,552.82,553.27,551.78,552.53,,,,
2013-11-25,553.33,553.65,550.88,552.14,,,,
2013-11-26,552.56,556.17,552.11,554.41,,,,
2013-11-27,556,560.01,556,559.85,,,,
2013-11-29,561.1,563.97,560.97,562.36,,,,
2013-12-02,563.52,564.72,559.86,560.61,,,,
2013-12-03,561.01,563.45,560.32,562.69,,,,
2013-12-04,561.28,565.53,559.92,563.64,,,,
2013-12-05,564.74,565.05,561.29,562.17,,,,
2013-12-06,565.54,567.28,564.29,566.47,,,,
2013-12-09,567.27,569.42,566.91,567.89,,,,
2013-12-10,566.97,568.01,565.87,566.62,,,,
2013-12-11,566.96,569.12,560.99,561.83,,,,
2013-12-12,562.26,562.36,557.85,557.93,,,,
2013-12-13,559.75,560.55,556.02,556.38,,,,
2013-12-16,557.81,563.08,557.72,561.77,,,,
2013-12-17,561.3,563.88,561.3,561.93,,,,
2013-12-18,560.52,566.31,553.5,566.19,,,,
2013-12-19,565.47,568.06,565.16,567.1,,,,
2013-12-20,567.48,573.49,567.48,571.8,,,,
2013-12-23,576.84,580.2,576.48,580.13,,,,
2013-12-24,580.25,581.42,580.03,581.32,,,,
2013-12-26,582.04,583.63,581.51,583.08,,,,
2013-12-27,583.69,584.43,581.67,581.94,,,,
2013-12-30,581.1,582.03,579.9,581.26,,,,
2013-12-31,581.85,585.56,581.85,585.48,,,,
2014-01-02,582.77,582.77,578.14,579.24,,,,
2014-01-03,579.69,579.96,576.06,576.47,,,,
2014-01-06,575.85,577.13,573.08,575.11,,,,
2014-01-07,576.84,581.15,576.42,580.39,,,,
2014-01-08,580.4,582.31,578.88,580.86,,,,
2014-01-09,582.18,582.51,576.26,577.61,,,,
2014-01-10,579.59,580.41,575.84,578.77,,,,
2014-01-13,578.23,581.84,570.92,572.92,,,,
2014-01-14,574.54,583.82,574.33,583.82,,,,
2014-01-15,586.18,591.61,585.89,590.6,,,,
2014-01-16,590.09,591.14,588.8,590.18,,,,
2014-01-17,587.77,589.84,585.21,586.94,,,,
2014-01-21,589.34,590.62,585.48,589.86,,,,
2014-01-22,590.16,590.9,588.11,589.82,,,,
2014-01-23,588.3,588.42,583.95,587.7,,,,
2014-01-24,586.98,586.98,575.63,575.63,,,,
2014-01-27,576.26,576.86,566.96,569.81,,,,
2014-01-28,562.52,566.95,561.74,566.02,,,,
2014-01-29,562.88,565.18,559.63,560.71,,,,
2014-01-30,566.79,570.71,565.73,569.03,,,,
2014-01-31,567.82,572.46,565.31,570.33,,,,
2014-02-03,570.31,572.06,557.18,557.98,,,,
2014-02-04,560.55,562.75,558.43,560.89,,,,
2014-02-05,559.51,563.28,555.93,560.92,,,,
2014-02-06,561.38,567.79,561.38,567.6,,,,
2014-02-07,570.32,575.89,569.2,575.87,,,,
2014-02-10,574.97,578.09,574.88,577.69,,,,
2014-02-11,578.69,585.64,578.69,584.33,,,,
2014-02-12,585.11,587.27,585.1,586.08,,,,
2014-02-13,583.35,591.33,582.59,591.33,,,,
2014-02-14,590.13,593.63,589.06,592.6,,,,
2014-02-18,592.81,594.53,591.4,593.24,,,,
2014-02-20,589.64,592.61,587.24,591.89,,,,
2014-02-21,593.5,594.5,589.73,589.9,,,,
2014-02-24,589.8,595.83,589.55,592.95,,,,
2014-02-25,593.18,593.8,589.8,591,,,,
2014-02-26,592.39,594.73,589.78,591.72,,,,
2014-02-27,591.57,596.49,591.03,595.78,,,,
2014-02-28,596.28,599.06,590.11,595.09,,,,
2014-03-03,591.1,591.66,585.22,589.9,,,,
2014-03-04,594.59,599.5,594.59,599.01,,,,
2014-03-05,599.24,600.53,598.06,599.56,,,,
2014-03-06,600.38,601.24,598.53,599.6,,,,
2014-03-07,601.14,601.36,595.66,597.83,,,,
2014-03-10,597.72,599.35,595.19,597.11,,,,
2014-03-11,598.66,600.97,594.46,596.05,,,,
2014-03-12,594.39,598.12,591.44,597.5,,,,
2014-03-13,598.5,599.15,586.25,588.16,,,,
2014-03-14,586.7,589.42,584.09,584.21,,,,
2014-03-17,586.96,593.23,586.84,591.95,,,,
2014-03-18,592.41,600.45,592.19,599.96,,,,
2014-03-19,599.94,601.13,593.57,596.83,,,,
2014-03-20,596.34,602.76,595.21,600.71,,,,
2014-03-21,602.76,604.02,596.45,597.93,,,,
2014-03-24,599.69,601.75,591.46,595.91,,,,
2014-03-25,598.32,602.13,595.48,600.22,,,,
2014-03-26,602.22,604.13,592.33,592.33,,,,
2014-03-27,591.92,592.41,586.25,588.69,,,,
2014-03-28,590.65,595.7,589.3,591.48,,,,
2014-03-31,593.94,598.87,593.94,596.36,,,,
2014-04-01,597.38,604.24,597.31,604.21,,,,
2014-04-02,605.11,605.44,601.47,604.07,,,,
2014-04-03,604.73,606.71,598.67,600.6,,,,
2014-04-04,603.32,604.37,585.74,587.18,,,,
2014-04-07,585.28,588.62,579.86,582.77,,,,
2014-04-08,583.47,588.61,581.8,587.7,,,,
2014-04-09,589.93,597.18,588.83,596.87,,,,
2014-04-10,597.35,597.53,580.92,581.92,,,,
2014-04-11,577.8,582.61,574.2,575.11,,,,
2014-04-14,578.21,583.35,576.53,581.14,,,,
2014-04-15,582.17,585.42,573.1,583.8,,,,
2014-04-16,586.75,589.93,583.11,589.93,,,,
2014-04-17,588.85,590.63,582.93,588.13,,,,
2014-04-21,588.81,591.29,586.82,590.69,,,,
2014-04-22,590.75,594.22,589.66,593.19,,,,
2014-04-23,592.29,592.29,587.71,587.83,,,,
2014-04-24,596.94,597.96,589.69,594.08,,,,
2014-04-25,592.25,592.25,584.88,585.95,,,,
2014-04-28,587.87,593.75,583.49,591.43,,,,
2014-04-29,592.67,596.78,591.64,595.8,,,,
2014-04-30,594.25,598.81,592.88,597.59,,,,
2014-05-01,598.24,600.88,596.1,597.47,,,,
2014-05-02,598.76,599.59,595.15,596.13,,,,
2014-05-05,593.6,598.53,591.9,598.5,,,,
2014-05-06,597.69,597.69,591.43,591.44,,,,
2014-05-07,591.93,593.08,583.79,590.5,,,,
2014-05-08,589.3,596.65,587.23,590.83,,,,
2014-05-09,589.91,591.99,586.92,591.85,,,,
2014-05-12,594.14,601.03,594.14,600.6,,,,
2014-05-13,600.75,602.89,599.51,601.1,,,,
2014-05-14,600.23,600.99,596.4,597.59,,,,
2014-05-15,598.91,599.41,590.93,592.85,,,,
2014-05-16,593.55,597.03,590.39,596.63,,,,
2014-05-19,595.82,602.11,595.41,601.57,,,,
2014-05-20,601.72,603.03,596.43,598.65,,,,
2014-05-21,599.07,603.5,599.07,603.48,,,,
2014-05-22,603.89,606.35,602.44,604.14,,,,
2014-05-23,604.97,610.14,604.81,610,,,,
2014-05-27,611.62,616.1,611.38,616.06,,,,
2014-05-28,616.07,616.54,613.53,613.97,,,,
2014-05-29,615.75,618,614.79,618,,,,
2014-05-30,618.49,619.37,615.41,618.45,,,,
2014-06-02,618.99,619.22,613.93,617.35,,,,
2014-06-03,615.83,617.96,614.53,616.74,,,,
2014-06-04,615.63,619.18,614.13,618.33,,,,
2014-06-05,619.14,623.51,616.87,623.31,,,,
2014-06-06,625.32,626.68,624.39,626.02,,,,
2014-06-09,626.26,629.11,625.38,627.94,,,,
2014-06-10,627.29,629.18,627.24,628.74,,,,
2014-06-11,627.32,628.8,625.24,627.15,,,,
2014-06-12,626.53,627.21,619.28,621.24,,,,
2014-06-13,624.34,626.32,622.44,625.26,,,,
2014-06-16,623.87,627.07,622.77,625.45,,,,
2014-06-17,624.99,628.13,623.94,626.68,,,,
2014-06-18,627.7,630.44,623.77,630.07,,,,
2014-06-19,630.4,630.65,626.01,628.82,,,,
2014-06-20,628.87,628.87,625.53,626.77,,,,
2014-06-23,626.7,628.52,625.92,628.39,,,,
2014-06-24,627.63,632.24,624.07,625.19,,,,
2014-06-25,624.51,629.52,623.77,628.75,,,,
2014-06-26,629.01,629.01,624.15,627.78,,,,
2014-06-27,627.52,631.59,627.22,631.47,,,,
2014-06-30,631.92,634.63,631.17,632.46,,,,
2014-07-01,634.28,641.18,634.13,639.21,,,,
2014-07-02,639.19,640.29,638.21,639.34,,,,
2014-07-03,640.63,642.67,639.48,642.67,,,,
2014-07-07,641.96,643.13,641.05,642.56,,,,
2014-07-08,641.91,642.24,632.78,636.23,,,,
2014-07-09,637.52,639.84,636.01,639.27,,,,
2014-07-10,632.24,640.17,630.93,637.4,,,,
2014-07-11,638.48,640.28,636.87,640.15,,,,
2014-07-14,642.65,646.18,642.65,645.08,,,,
2014-07-15,646.02,647.77,639.78,643.81,,,,
2014-07-16,648.66,651.89,648.66,650,,,,
2014-07-17,650.01,650.69,639.68,641.5,,,,
2014-07-18,645.25,650.22,643.87,650.05,,,,
2014-07-21,649.23,651.12,646.45,649.56,,,,
2014-07-22,651.88,655.71,651.75,655.16,,,,
2014-07-23,655.85,658.51,653.82,656.34,,,,
2014-07-24,657.07,657.9,654.87,656.35,,,,
2014-07-25,655.06,655.63,651.82,654.82,,,,
2014-07-28,654.68,657.39,650.52,655.99,,,,
2014-07-29,655.94,656.59,652.27,652.57,,,,
2014-07-30,654.39,655.67,651.2,654.17,,,,
2014-07-31,649.31,650.59,641.09,641.32,,,,
2014-08-01,639.65,642.66,635.44,638.72,,,,
2014-08-04,639.72,644.94,637.42,642.99,,,,
2014-08-05,640.93,641.17,634.35,636.95,,,,
2014-08-06,633.15,639.06,631.99,635.61,,,,
2014-08-07,637.34,639.4,630.75,632.73,,,,
2014-08-08,633.03,637.48,630.4,637.14,,,,
2014-08-11,638.86,642.43,638.59,640.8,,,,
2014-08-12,640.1,641.88,636.66,639.5,,,,
2014-08-13,641.54,646.79,641.54,646.79,,,,
2014-08-14,647.44,647.7,645.23,647.56,,,,
2014-08-15,650.24,651.48,643.65,648.29,,,,
2014-08-18,650.78,655.39,650.78,655.17,,,,
2014-08-19,655.78,659.77,655.78,659.66,,,,
2014-08-20,658.9,660.55,657.94,659.64,,,,
2014-08-21,659.67,663.79,659.67,663.02,,,,
2014-08-22,662.82,664.69,661.49,663.14,,,,
2014-08-25,665.57,666.12,662.19,663.24,,,,
2014-08-26,663.41,664.82,663.21,663.77,,,,
2014-08-27,663.65,664.43,661.39,663.4,,,,
2014-08-28,660.94,663.32,659.88,661.94,,,,
2014-08-29,664.09,664.91,661.47,664.91,,,,
2014-09-02,665.92,666.48,663.34,665.83,,,,
2014-09-03,666.23,666.84,660.15,661.11,,,,
2014-09-04,661.7,665.99,658.93,660.5,,,,
2014-09-05,661.27,664.77,660.28,664.77,,,,
2014-09-08,665.01,668.01,663.25,665.77,,,,
2014-09-09,666.05,670.58,659.83,661.5,,,,
2014-09-10,661.83,667.6,660.29,667.03,,,,
2014-09-11,664.79,667.85,662.36,667.84,,,,
2014-09-12,667.16,667.5,663.38,664.9,,,,
2014-09-15,666.08,666.08,659.31,660.7,,,,
2014-09-16,658.2,666.14,656.93,665.17,,,,
2014-09-17,664.68,668.94,663.06,666.39,,,,
2014-09-18,668.02,670.8,667.71,670.76,,,,
2014-09-19,671.92,672.07,665.78,668.32,,,,
2014-09-22,667.13,667.44,661.36,663.23,,,,
2014-09-23,661.49,664.71,660.63,661.85,,,,
2014-09-24,661.53,666.51,659.02,666.22,,,,
2014-09-25,663.79,664.01,651.03,651.03,,,,
2014-09-26,652.54,659.72,652.54,659,,,,
2014-09-29,652.7,659.4,651.32,658.37,,,,
2014-09-30,659.98,663.19,657.54,659.92,,,,
2014-10-01,658.44,658.77,647.59,649.07,,,,
2014-10-02,649.09,651.17,641.84,649.33,,,,
2014-10-03,651.21,656.28,650.69,654.33,,,,
2014-10-06,655.71,658.59,652.46,654.23,,,,
2014-10-07,652.3,652.67,643.34,643.4,,,,
2014-10-08,643.36,657.21,639.66,656.11,,,,
2014-10-09,655.38,656.43,644.59,645.16,,,,
2014-10-10,641.19,643.47,627.17,627.18,,,,
2014-10-13,626.9,632.47,619.35,619.36,,,,
2014-10-14,623.32,628.63,619.82,621.11,,,,
2014-10-15,612.81,618.82,602.62,616.46,,,,
2014-10-16,607.05,616.92,606,612.98,,,,
2014-10-17,618.97,625.25,616.36,620.32,,,,
2014-10-20,618.99,624.7,613.71,624.47,,,,
2014-10-21,631,637.96,630.06,637.96,,,,
2014-10-22,640.23,641.6,634.31,634.44,,,,
2014-10-23,639.63,647.42,639.56,644.14,,,,
2014-10-24,648.12,649.77,642.95,649.34,,,,
2014-10-27,648.09,651.21,646.18,649.59,,,,
2014-10-28,651.39,658.82,651.39,658.82,,,,
2014-10-29,656.67,659.68,653.64,657.74,,,,
2014-10-30,655.06,660.82,654.28,659.28,,,,
2014-10-31,667.89,670.87,667.26,670.87,,,,
2014-11-03,670.62,674.71,670.39,673.55,,,,
2014-11-04,672.64,675.39,669.22,673.86,,,,
2014-11-05,676.11,676.26,672.67,675.64,,,,
2014-11-06,673.18,675.44,670.58,675.17,,,,
2014-11-07,675.75,676.33,671.99,674.94,,,,
2014-11-10,674.2,677.61,673.55,676.73,,,,
2014-11-11,676.52,677.37,674.85,677.36,,,,
2014-11-12,675.76,679.54,675.31,678.96,,,,
2014-11-13,680.29,684.93,679.93,683,,,,
2014-11-14,683.48,687.27,682.99,687.21,,,,
2014-11-17,685.95,687.49,682.71,686.04,,,,
2014-11-18,685.81,690.02,685.81,688.66,,,,
2014-11-19,687.86,687.86,680.98,684.23,,,,
2014-11-20,682.3,688.7,680.96,688.62,,,,
2014-11-21,693.35,694.46,687.51,690.07,,,,
2014-11-24,691.21,695.15,690.95,694.91,,,,
2014-11-25,696.13,699.02,695.36,695.36,,,,
2014-11-26,695.64,701.86,695.46,701.58,,,,
2014-11-28,702.7,706.15,700.94,704.2,,,,
2014-12-01,702.63,703.57,693.36,696.4,,,,
2014-12-02,695.06,699.38,693.87,698.19,,,,
2014-12-03,699.61,702.8,697.3,701.39,,,,
2014-12-04,701.47,704.1,699.22,702.13,,,,
2014-12-05,702.72,703.97,699.58,701,,,,
2014-12-08,698.92,700.48,689.51,692.45,,,,
2014-12-09,685.28,696.23,683.17,695.71,,,,
2014-12-10,695.1,696.13,683.34,684.33,,,,
2014-12-11,686.43,695.81,686.42,687.79,,,,
2014-12-12,682.94,687.86,677.04,677.04,,,,
2014-12-15,680.69,685.36,670.39,673.03,,,,
2014-12-16,667.74,679.28,663.13,663.13,,,,
2014-12-17,664.14,677.61,663.67,675.85,,,,
2014-12-18,684.71,696.38,684.71,696.38,,,,
2014-12-19,696.08,700.38,694.88,697.01,,,,
2014-12-22,698.41,704.6,698.41,704.56,,,,
2014-12-23,706.94,709.1,706.3,706.51,,,,
2014-12-24,707.46,708.39,705.84,705.84,,,,
2014-12-26,707.12,710.35,706.76,708.74,,,,
2014-12-29,707.25,708.21,705.19,705.27,,,,
2014-12-30,703.53,704.8,699.48,700.34,,,,
2014-12-31,701.62,703.46,691.77,691.95,,,,
2015-01-02,692,698.37,686.52,690.92,,,,
2015-01-05,690.07,690.07,677.21,678.72,,,,
2015-01-06,678.73,681.12,666.94,670.42,,,,
2015-01-07,670.44,678.08,670.44,676.22,,,,
2015-01-08,676.23,693.31,676.23,691.58,,,,
2015-01-09,691.58,695.85,684.26,689.64,,,,
2015-01-12,689.64,690.24,678.15,680.37,,,,
2015-01-13,680.37,695.36,675.17,679.93,,,,
2015-01-14,679.93,679.93,669.72,676.32,,,,
2015-01-15,676.35,679.75,665.95,666.43,,,,
2015-01-16,666.79,672.9,663.1,672.52,,,,
2015-01-20,672.52,679.74,669.26,678.03,,,,
2015-01-21,678.03,682.4,672.1,679.02,,,,
2015-01-22,679.03,693.02,676.48,692.29,,,,
2015-01-23,692.29,696.34,690.41,693.44,,,,
2015-01-26,693.44,693.44,688.25,690.41,,,,
2015-01-27,690.41,690.41,665.14,667.81,,,,
2015-01-28,667.82,682.25,667.37,667.37,,,,
2015-01-29,667.37,675.76,661.71,674.56,,,,
2015-01-30,674.54,676.71,664.34,664.92,,,,
2015-02-02,664.92,671.96,656.14,671.84,,,,
2015-02-03,671.84,678.77,670.69,678.77,,,,
2015-02-04,678.77,684.36,678.12,679.6,,,,
2015-02-05,679.67,686.08,679.67,685.81,,,,
2015-02-06,685.82,688.54,679.36,681.48,,,,
2015-02-09,681.29,683.71,679.01,680.46,,,,
2015-02-10,680.46,691.98,680.46,691.26,,,,
2015-02-11,691.26,695.62,690.75,694.19,,,,
2015-02-12,694.19,705.57,694.19,705.57,,,,
2015-02-13,705.57,710.6,705.57,710.59,,,,
2015-02-17,710.59,711.04,708.27,710.56,,,,
2015-02-18,710.56,712.11,708.82,711.67,,,,
2015-02-19,711.67,715.27,709.62,714.51,,,,
2015-02-20,714.5,719.63,711.3,719,,,,
2015-02-23,719,720.14,715.83,720.13,,,,
2015-02-24,720.13,722.51,715.61,721.28,,,,
2015-02-25,721.28,721.28,714.62,716.45,,,,
2015-02-26,716.45,721.7,716.17,721.24,,,,
2015-02-27,721.23,721.99,716.94,717.41,,,,
2015-03-02,717.41,724.39,717.41,724.39,,,,
2015-03-03,724.36,724.36,715.32,718.63,,,,
2015-03-04,718.63,718.63,712.1,716.29,,,,
2015-03-05,716.29,717.9,712.83,715.41,,,,
2015-03-06,715.41,717.07,705.79,707.18,,,,
2015-03-09,707.2,713.79,706.86,710.66,,,,
2015-03-10,710.62,710.62,695.12,695.12,,,,
2015-03-11,695.12,697.41,689.95,690.3,,,,
2015-03-12,690.3,694.36,687.32,693.95,,,,
2015-03-13,693.95,694.85,686.06,690.31,,,,
2015-03-16,690.31,698.79,690.31,698.68,,,,
2015-03-17,698.67,700.84,695.54,699.07,,,,
2015-03-18,699.06,710.78,695.2,707.93,,,,
2015-03-19,707.93,709.98,706.31,706.72,,,,
2015-03-20,707.3,714.58,707.3,710.46,,,,
2015-03-23,710.46,714.74,710.46,711.09,,,,
2015-03-24,711.09,713.98,709.01,709.01,,,,
2015-03-25,709.01,709.01,690.11,690.11,,,,
2015-03-26,690.09,693.93,683.14,690.55,,,,
2015-03-27,690.55,693.5,687.11,691.69,,,,
2015-03-30,691.69,700.3,691.69,699.7,,,,
2015-03-31,699.7,699.7,693.12,693.12,,,,
2015-04-01,693.12,693.89,686.13,690.06,,,,
2015-04-02,690.1,692.8,688.33,689.62,,,,
2015-04-06,689.61,697.92,683.8,696.43,,,,
2015-04-07,696.43,701.01,695.37,695.42,,,,
2015-04-08,695.42,699.62,693.74,697.11,,,,
2015-04-09,697.1,700.33,693.5,699.9,,,,
2015-04-10,699.89,702.71,697.72,702.61,,,,
2015-04-13,702.61,706.58,699.89,700.2,,,,
2015-04-14,700.2,701.19,694.44,697.84,,,,
2015-04-15,697.84,705.98,697.84,703.97,,,,
2015-04-16,703.82,703.82,700.31,701.92,,,,
2015-04-17,701.17,701.17,689.76,691.81,,,,
2015-04-20,692.71,705.13,692.71,704.17,,,,
2015-04-21,704.17,708.94,703.21,703.71,,,,
2015-04-22,703.71,712.32,702.63,711.4,,,,
2015-04-23,711.4,715.94,707.76,712.82,,,,
2015-04-24,712.82,721.32,712.82,719.94,,,,
2015-04-27,719.94,725.49,719.94,722.54,,,,
2015-04-28,722.54,726.65,716.4,723.76,,,,
2015-04-29,723.76,724.47,715.14,720.26,,,,
2015-04-30,720.26,720.26,706.13,708.92,,,,
2015-05-01,708.92,719.33,708.92,719.33,,,,
2015-05-04,719.33,723.12,719.07,719.28,,,,
2015-05-05,719.28,719.28,707.39,708.03,,,,
2015-05-06,708.03,711.96,697.65,702.3,,,,
2015-05-07,702.3,709.33,701.4,706.84,,,,
2015-05-08,706.84,718.14,706.84,717.69,,,,
2015-05-11,717.69,718.05,713.43,713.69,,,,
2015-05-12,713.69,713.69,704.22,709.85,,,,
2015-05-13,709.85,717.33,709.85,713.14,,,,
2015-05-14,713.14,725.67,713.14,725.49,,,,
2015-05-15,725.55,727.5,721.08,723.05,,,,
2015-05-18,723.03,727.29,720.64,726.03,,,,
2015-05-19,726.03,727.52,723.57,724.21,,,,
2015-05-20,724.21,728.44,721.61,724.24,,,,
2015-05-21,724.24,728.1,722.2,726.83,,,,
2015-05-22,726.83,729.4,725.73,726.98,,,,
2015-05-26,726.97,726.97,713.78,716.62,,,,
2015-05-27,716.62,730.8,716.62,729.65,,,,
2015-05-28,729.65,730.4,726.84,728.87,,,,
2015-05-29,728.87,729.4,721.71,723.41,,,,
2015-06-01,723.41,728.27,721.04,725.82,,,,
2015-06-02,725.82,727.69,719.35,723.78,,,,
2015-06-03,723.78,729.3,723.7,724.94,,,,
2015-06-04,724.94,725.57,716.7,718.22,,,,
2015-06-05,718.22,719.63,713.28,716.74,,,,
2015-06-08,716.74,717.02,706.49,708.02,,,,
2015-06-09,708.02,709.13,701.12,706.7,,,,
2015-06-10,706.7,719.8,706.7,717.97,,,,
2015-06-11,717.97,722.34,717.01,717.37,,,,
2015-06-12,717.37,717.37,710.86,711.53,,,,
2015-06-15,711.53,711.53,701.42,707.21,,,,
2015-06-16,707.21,713.02,706.32,711.37,,,,
2015-06-17,711.37,715.3,708.51,712.87,,,,
2015-06-18,712.87,719.97,712.87,718.75,,,,
2015-06-19,718.77,719.49,712.84,713.46,,,,
2015-06-22,713.64,720.69,713.64,718.34,,,,
2015-06-23,718.34,719.45,715.98,718.1,,,,
2015-06-24,717.71,721.18,715.14,715.19,,,,
2015-06-25,715.19,718.82,712.56,712.96,,,,
2015-06-26,712.96,712.96,704.21,706.18,,,,
2015-06-29,706.18,706.18,690.4,690.77,,,,
2015-06-30,690.77,696.08,689.59,691.8,,,,
2015-07-01,691.81,699.69,691.81,696.22,,,,
2015-07-02,696.22,698.44,694.1,697.35,,,,
2015-07-06,697.35,697.43,690.15,694.16,,,,
2015-07-07,694.16,695.6,681.37,694.45,,,,
2015-07-08,694.36,694.36,682.62,682.88,,,,
2015-07-09,682.88,692.58,680.42,680.7,,,,
2015-07-10,680.7,693.98,680.7,691.48,,,,
2015-07-13,691.48,703.44,691.48,702.71,,,,
2015-07-14,702.71,707.43,702.71,705.43,,,,
2015-07-15,705.43,708.48,704.29,706.24,,,,
2015-07-16,706.24,715.37,706.24,715.28,,,,
2015-07-17,715.28,727.84,715.28,727.83,,,,
2015-07-20,727.83,734.29,727.83,731.61,,,,
2015-07-21,731.61,732.11,727.19,728.08,,,,
2015-07-22,728.08,728.08,712.53,716.13,,,,
2015-07-23,716.13,721.08,712.63,714.3,,,,
2015-07-24,714.3,718.2,708.88,710.03,,,,
2015-07-27,710.03,710.03,702.17,703.2,,,,
2015-07-28,703.2,711.45,701.22,709.77,,,,
2015-07-29,709.77,715.68,706.92,714.59,,,,
2015-07-30,714.59,716.99,707.57,715.57,,,,
2015-07-31,715.57,717.11,711.43,712.03,,,,
2015-08-03,712.07,713.63,703.99,708.69,,,,
2015-08-04,708.69,708.69,701.19,703.68,,,,
2015-08-05,703.74,716.45,703.74,710.83,,,,
2015-08-06,710.9,714.16,701.33,703.52,,,,
2015-08-07,703.52,705.13,698.99,703.83,,,,
2015-08-10,703.83,715.88,703.83,714.81,,,,
2015-08-11,714.81,714.81,700.61,702.92,,,,
2015-08-12,702.86,708.35,691.45,706.66,,,,
2015-08-13,706.66,710.12,703.75,704.96,,,,
2015-08-14,704.96,709.61,702.87,708.57,,,,
2015-08-17,708.57,713.05,703.75,712.72,,,,
2015-08-18,712.7,712.7,707.53,708.55,,,,
2015-08-19,708.55,709.27,699.33,702.5,,,,
2015-08-20,702.5,702.5,685.23,685.23,,,,
2015-08-21,685.23,685.23,656.35,656.35,,,,
2015-08-24,656.35,658.71,610.88,633.63,,,,
2015-08-25,633.63,657.37,625.8,626.12,,,,
2015-08-26,626.27,660.41,626.27,659.17,,,,
2015-08-27,659.17,675.04,659.17,675.01,,,,
2015-08-28,675.01,677.73,670.74,676.62,,,,
2015-08-31,676.62,678.11,668.62,670.62,,,,
2015-09-01,670.62,670.62,644.83,648.14,,,,
2015-09-02,648.18,665.14,648.18,665.14,,,,
2015-09-03,665.14,673.24,662.34,664.43,,,,
2015-09-04,664.36,664.36,651.1,654.58,,,,
2015-09-08,654.58,673.53,654.58,673.11,,,,
2015-09-09,673.11,680.84,662.44,664.11,,,,
2015-09-10,664.04,675.61,662.75,671,,,,
2015-09-11,671,675.09,666.53,675.09,,,,
2015-09-14,675.1,678.26,671.49,673.21,,,,
2015-09-15,673.49,683.79,673.39,681.74,,,,
2015-09-16,681.67,686.06,680.54,685.36,,,,
2015-09-17,685.36,691.78,679.45,680.73,,,,
2015-09-18,680.66,680.66,670.55,671.73,,,,
2015-09-21,671.73,681.22,671.73,678.42,,,,
2015-09-22,678.16,678.16,662.74,667.73,,,,
2015-09-23,667.77,671.91,665.7,669.33,,,,
2015-09-24,669.15,671.58,657.66,669.32,,,,
2015-09-25,669.32,676.71,664.66,668.18,,,,
2015-09-28,668.16,668.16,651.86,652.43,,,,
2015-09-29,652.42,658.46,644.08,648.84,,,,
2015-09-30,648.84,663.55,648.84,663.55,,,,
2015-10-01,663.57,663.59,653.91,663.26,,,,
2015-10-02,663.26,673.35,652.96,673.35,,,,
2015-10-05,673.36,688.27,673.36,686.32,,,,
2015-10-06,686.32,688.96,683.89,687.56,,,,
2015-10-07,688.16,693.15,681.56,690.22,,,,
2015-10-08,690.22,694.75,684.11,693.32,,,,
2015-10-09,693.33,697.48,692.83,696.86,,,,
2015-10-12,696.86,698.81,694.69,698.31,,,,
2015-10-13,698.31,700.53,694.08,696.03,,,,
2015-10-14,696.03,698.81,692.07,695.35,,,,
2015-10-15,696.15,703.73,696.15,703.27,,,,
2015-10-16,703.27,705.28,700.74,705.28,,,,
2015-10-19,705.28,707.63,701.61,707.45,,,,
2015-10-20,707.42,707.42,702.58,704.97,,,,
2015-10-21,704.99,708.79,698.98,699.46,,,,
2015-10-22,699.73,717.45,699.73,715.98,,,,
2015-10-23,715.98,741.35,715.98,737.78,,,,
2015-10-26,737.78,737.78,732.2,735.42,,,,
2015-10-27,735.42,736.15,730.54,731.41,,,,
2015-10-28,731.41,742.57,731.41,742.57,,,,
2015-10-29,742.57,742.57,735.9,740.03,,,,
2015-10-30,740.03,741.63,734.33,734.33,,,,
2015-11-02,734.33,742.06,728.87,741.61,,,,
2015-11-03,741.61,749.28,738.25,746.37,,,,
2015-11-04,746.37,749.28,745.48,747.06,,,,
2015-11-05,747.06,751.45,743.16,744.68,,,,
2015-11-06,744.68,748.28,741.57,747.73,,,,
2015-11-09,747.73,747.73,736.8,740.23,,,,
2015-11-10,740.23,740.23,731.85,734.9,,,,
2015-11-11,734.9,740.5,733.31,734.63,,,,
2015-11-12,734.63,734.67,727.85,727.92,,,,
2015-11-13,727.92,727.92,712.98,713.29,,,,
2015-11-16,713.29,723.64,711.28,723.43,,,,
2015-11-17,723.43,728.58,721.32,722.78,,,,
2015-11-18,722.78,734.96,722.78,734.35,,,,
2015-11-19,734.35,741.69,734.35,737.47,,,,
2015-11-20,737.47,744.38,737.47,743.81,,,,
2015-11-23,743.81,744.51,737.12,739.98,,,,
2015-11-24,739.98,742.26,732.34,740.09,,,,
2015-11-25,740.09,740.51,737.26,737.28,,,,
2015-11-27,737.28,740.11,736.83,738.3,,,,
2015-11-30,738.3,741.96,736.16,738.69,,,,
2015-12-01,738.69,746.82,738.69,746.82,,,,
2015-12-02,746.82,750.56,741.35,742.08,,,,
2015-12-03,742.08,746.47,728.6,732.52,,,,
2015-12-04,732.52,751.41,732.52,750.26,,,,
2015-12-07,750.26,750.26,742.37,745.99,,,,
2015-12-08,745.99,746.26,737.14,744.33,,,,
2015-12-09,744.33,745.96,729.25,733.35,,,,
2015-12-10,733.35,740.37,732.62,734.86,,,,
2015-12-11,734.86,734.86,718.82,719.66,,,,
2015-12-14,719.66,724.45,710.56,724.24,,,,
2015-12-15,724.24,732.87,724.24,727.28,,,,
2015-12-16,727.28,738.24,724.42,736.82,,,,
2015-12-17,736.82,740.1,724.9,724.96,,,,
2015-12-18,724.96,724.96,709.97,710.23,,,,
2015-12-21,710.23,718.11,710.23,717.73,,,,
2015-12-22,717.73,723.46,716.98,722.58,,,,
2015-12-23,722.58,728.57,722.58,728.44,,,,
2015-12-24,728.44,729.77,727.47,727.49,,,,
2015-12-28,727.49,727.97,720.72,727.93,,,,
2015-12-29,727.93,739.97,727.93,737.69,,,,
2015-12-30,737.69,737.69,731.86,731.94,,,,
2015-12-31,731.94,731.94,721.44,721.48,,,,
2016-01-04,721.48,721.48,699,710.26,,,,
2016-01-05,710.26,714.04,705,707.25,,,,
2016-01-06,707.25,707.25,693.91,698.2,,,,
2016-01-07,698.16,698.16,675.7,676.27,,,,
2016-01-08,676.27,684.4,670.09,670.88,,,,
2016-01-11,670.88,677.46,666.24,675.09,,,,
2016-01-12,675.09,685.11,674.96,683.49,,,,
2016-01-13,683.49,688.9,663.34,664.42,,,,
2016-01-14,664.42,682.3,658.32,677.84,,,,
2016-01-15,677.84,677.84,648.16,656.49,,,,
2016-01-19,656.49,665.06,650,656.05,,,,
2016-01-20,656.05,658.08,632.97,651.82,,,,
2016-01-21,651.82,663.73,646.67,654,,,,
2016-01-22,654,672.36,654,672.35,,,,
2016-01-25,672.35,673.69,662.5,663.14,,,,
2016-01-26,663.14,671.27,661.71,669.13,,,,
2016-01-27,669.17,669.17,650.46,652.64,,,,
2016-01-28,652.64,665,652.64,662.3,,,,
2016-01-29,662.3,686.16,662.3,686.16,,,,
2016-02-01,686.16,689.86,680.95,687.49,,,,
2016-02-02,687.49,687.49,671.68,673.58,,,,
2016-02-03,673.58,678.28,660.38,671.06,,,,
2016-02-04,671.06,676.51,663.63,671.84,,,,
2016-02-05,671.84,671.84,646.83,649.34,,,,
2016-02-08,649.34,649.34,626.96,638.73,,,,
2016-02-09,638.73,646.8,630.32,636.18,,,,
2016-02-10,636.18,651.2,636.18,638.45,,,,
2016-02-11,638.45,641.24,628.35,637.17,,,,
2016-02-12,637.17,646.34,637.17,645.76,,,,
2016-02-16,645.76,658.09,645.76,657.98,,,,
2016-02-17,657.98,674.2,657.98,673.27,,,,
2016-02-18,673.27,676.63,667.83,668.83,,,,
2016-02-19,668.83,672.21,664.87,670.33,,,,
2016-02-22,670.33,680.71,670.33,679.95,,,,
2016-02-23,679.89,679.89,666.56,667.43,,,,
2016-02-24,667.43,674.32,656.16,673.38,,,,
2016-02-25,673.38,682.14,669.15,682.1,,,,
2016-02-26,682.1,686.92,678.66,680.17,,,,
2016-02-29,680.17,685.77,675.4,675.63,,,,
2016-03-01,675.63,696.43,675.63,696.43,,,,
2016-03-02,696.43,697.71,692.47,697.7,,,,
2016-03-03,697.7,698.29,691.99,697.26,,,,
2016-03-04,697.26,703.34,695.07,699.68,,,,
2016-03-07,699.68,699.68,688.92,694.55,,,,
2016-03-08,694.55,695.39,687.46,689.19,,,,
2016-03-09,689.19,696.43,689.19,696.27,,,,
2016-03-10,696.27,702.78,686.04,695.41,,,,
2016-03-11,695.52,707.57,695.52,707.57,,,,
2016-03-14,707.57,709.58,704.74,708.07,,,,
2016-03-15,708.05,711.8,704.94,711.03,,,,
2016-03-16,711.03,720.55,709.71,718.87,,,,
2016-03-17,718.87,724.45,717.25,722.2,,,,
2016-03-18,722.2,725.77,720.16,724.05,,,,
2016-03-21,724.05,726.65,722.48,726.38,,,,
2016-03-22,726.38,729.79,722.82,727.18,,,,
2016-03-23,727.18,727.18,721.33,722.8,,,,
2016-03-24,722.8,723.82,718.66,723.78,,,,
2016-03-28,723.78,725.51,720.54,721.73,,,,
2016-03-29,721.73,734.13,719.88,733.14,,,,
2016-03-30,733.14,742.94,733.14,738.26,,,,
2016-03-31,738.26,740.85,735.99,737.12,,,,
2016-04-01,737.12,743.68,731.77,743.45,,,,
2016-04-04,743.45,743.71,738.18,739.66,,,,
2016-04-05,739.66,739.66,730.71,731.78,,,,
2016-04-06,731.78,739.76,729.59,739.5,,,,
2016-04-07,739.5,739.5,726.51,728.9,,,,
2016-04-08,728.9,735.94,726.86,729.2,,,,
2016-04-11,729.2,737.38,727.82,727.82,,,,
2016-04-12,727.82,733,723.05,731.96,,,,
2016-04-13,731.96,742.93,731.96,742.01,,,,
2016-04-14,742.01,743.43,738.58,741.21,,,,
2016-04-15,741.21,742.16,736.63,737.78,,,,
2016-04-18,737.78,740.95,734.81,740.67,,,,
2016-04-19,740.67,742.86,731.55,735.99,,,,
2016-04-20,735.99,741.22,734.32,737.58,,,,
2016-04-21,737.58,739.55,734.85,736.71,,,,
2016-04-22,736.71,736.71,718.23,722.7,,,,
2016-04-25,722.7,722.7,718.34,721.68,,,,
2016-04-26,721.68,724.29,716.34,718.85,,,,
2016-04-27,718.85,718.85,705,712.8,,,,
2016-04-28,712.8,717.36,701.09,703.04,,,,
2016-04-29,703.04,703.04,691.15,696.81,,,,
2016-05-02,696.81,702.49,694.62,701.4,,,,
2016-05-03,701.4,701.4,693.22,695.62,,,,
2016-05-04,695.62,695.62,690.42,692.58,,,,
2016-05-05,692.58,696.16,691.13,692.67,,,,
2016-05-06,692.67,697.55,689.98,697.55,,,,
2016-05-09,697.55,701.31,697.37,697.63,,,,
2016-05-10,697.63,707.14,697.63,706.86,,,,
2016-05-11,706.86,709.51,702.06,702.11,,,,
2016-05-12,702.11,704.26,694.23,699.25,,,,
2016-05-13,699.25,703.84,696.05,697.27,,,,
2016-05-16,697.27,709.39,697.27,706.97,,,,
2016-05-17,706.97,708.09,697.28,699.38,,,,
2016-05-18,699.36,707.14,698.05,703.01,,,,
2016-05-19,703.01,703.01,694.21,698.92,,,,
2016-05-20,698.92,709.51,698.92,707.2,,,,
2016-05-23,707.2,710.89,706.2,706.47,,,,
2016-05-24,706.47,722.39,706.47,721.46,,,,
2016-05-25,721.46,728.86,721.46,726.77,,,,
2016-05-26,726.77,729.59,724.57,728.54,,,,
2016-05-27,728.54,732.65,727.45,732.65,,,,
2016-05-31,732.65,733.74,728.41,733.57,,,,
2016-06-01,733.57,733.57,729.17,731.73,,,,
2016-06-02,731.73,731.73,724.68,730.75,,,,
2016-06-03,730.75,730.84,724.05,727.66,,,,
2016-06-06,727.66,732.12,727.66,729.89,,,,
2016-06-07,729.89,734.63,729.89,731.08,,,,
2016-06-08,731.08,734.54,730.49,733.7,,,,
2016-06-09,733.7,733.94,729.99,733.13,,,,
2016-06-10,733.13,733.13,723.56,725.36,,,,
2016-06-13,725.36,725.36,716.83,717.24,,,,
2016-06-14,717.24,720.26,713.07,718.17,,,,
2016-06-15,718.17,720.73,715.63,716.21,,,,
2016-06-16,716.21,718.67,708.24,717.95,,,,
2016-06-17,717.95,717.95,708.81,711.22,,,,
2016-06-20,711.22,721.92,711.22,715.01,,,,
2016-06-21,715.01,721.29,715.01,719.73,,,,
2016-06-22,719.73,722.3,715.97,716.54,,,,
2016-06-23,716.54,727.3,716.54,727.3,,,,
2016-06-24,727.3,727.3,694.75,696.41,,,,
2016-06-27,696.41,696.41,676.69,680.23,,,,
2016-06-28,680.23,694.22,680.23,694.06,,,,
2016-06-29,694.06,706.83,694.06,705.59,,,,
2016-06-30,705.59,713.07,705.39,713.04,,,,
2016-07-01,713.04,717.26,712.04,713.96,,,,
2016-07-05,713.96,713.96,705.18,708.76,,,,
2016-07-06,708.76,712.98,702.84,712.51,,,,
2016-07-07,712.51,717.22,711.8,714.27,,,,
2016-07-08,714.27,726.49,714.27,726.32,,,,
2016-07-11,726.32,733.1,726.32,730.94,,,,
2016-07-12,730.94,738.8,730.94,737.95,,,,
2016-07-13,737.95,740.2,737.14,737.27,,,,
2016-07-14,737.27,744.47,737.27,743.22,,,,
2016-07-15,743.22,744.84,739.96,742.04,,,,
2016-07-18,742.04,748.52,742.04,747.48,,,,
2016-07-19,747.48,748.03,744.82,746.6,,,,
2016-07-20,746.6,758.7,746.6,756.94,,,,
2016-07-21,756.94,758.67,751.32,753.12,,,,
2016-07-22,753.12,757.02,749.95,757.01,,,,
2016-07-25,757.01,757.62,753.78,756.05,,,,
2016-07-26,756.05,761.13,755.16,759.25,,,,
2016-07-27,759.25,768.21,759.25,765.1,,,,
2016-07-28,765.1,769.38,763.86,767.72,,,,
2016-07-29,767.72,771.12,767.26,768.74,,,,
2016-08-01,768.74,772.87,768.08,771.8,,,,
2016-08-02,771.8,771.8,761.77,765.42,,,,
2016-08-03,765.42,768.31,764.77,768.31,,,,
2016-08-04,768.31,772.9,767.57,772.11,,,,
2016-08-05,772.11,781.51,772.11,781.24,,,,
2016-08-08,781.24,782.7,779.28,781.09,,,,
2016-08-09,781.09,784.78,781.09,782.57,,,,
2016-08-10,782.57,782.83,778.55,779.92,,,,
2016-08-11,779.94,784.6,779.94,782.63,,,,
2016-08-12,782.63,782.63,779.87,782.08,,,,
2016-08-15,782.08,787.71,782.08,785.86,,,,
2016-08-16,785.86,785.86,781.22,781.49,,,,
2016-08-17,781.49,781.57,776.58,781.19,,,,
2016-08-18,781.19,782.62,779.17,781.79,,,,
2016-08-19,781.79,784.04,778.72,783.36,,,,
2016-08-22,783.36,784.24,779.95,782.89,,,,
2016-08-23,782.89,788.05,782.89,785.76,,,,
2016-08-24,785.76,785.76,779.59,781.55,,,,
2016-08-25,781.55,783.93,778.78,782.52,,,,
2016-08-26,782.52,789.16,779.82,783.65,,,,
2016-08-29,783.65,787.96,783.51,785.92,,,,
2016-08-30,785.92,786.84,781.2,784.06,,,,
2016-08-31,784.06,784.06,780.18,782.9,,,,
2016-09-01,782.9,785.84,779.01,785.64,,,,
2016-09-02,785.64,790.97,785.33,788.55,,,,
2016-09-06,788.55,792.26,787.72,792.26,,,,
2016-09-07,792.26,794.65,790.38,794.2,,,,
2016-09-08,794.2,794.2,785.13,787.19,,,,
2016-09-09,787.19,787.19,768.76,768.76,,,,
2016-09-12,768.76,782.97,763.77,781.81,,,,
2016-09-13,781.81,782.22,773.83,776.87,,,,
2016-09-14,776.87,785.88,776.87,781.35,,,,
2016-09-15,781.35,795.94,781.35,794.66,,,,
2016-09-16,794.66,794.94,788.31,792.05,,,,
2016-09-19,792.05,798.41,788.48,790.15,,,,
2016-09-20,790.15,794.56,788.81,790.01,,,,
2016-09-21,790.01,799.18,789.95,798.65,,,,
2016-09-22,798.65,804.53,798.65,803.07,,,,
2016-09-23,803.07,803.07,793.77,795.35,,,,
2016-09-26,795.35,795.35,788.56,790.18,,,,
2016-09-27,790.18,799.63,789.33,799.26,,,,
2016-09-28,799.26,802.11,796.91,801.79,,,,
2016-09-29,801.79,802.87,794.51,797.28,,,,
2016-09-30,797.28,804.01,797.28,801.72,,,,
2016-10-03,801.72,801.72,796.84,798.64,,,,
2016-10-04,798.64,803.29,794.41,797.34,,,,
2016-10-05,797.34,802.99,797.34,800.87,,,,
2016-10-06,800.87,803.76,798.19,802.67,,,,
2016-10-07,802.67,804.36,797.01,800.8,,,,
2016-10-10,800.8,808.59,800.8,806.31,,,,
2016-10-11,806.31,807.73,793.14,796.83,,,,
2016-10-12,796.83,799.95,792.84,797.31,,,,
2016-10-13,797.31,797.31,785.27,792.39,,,,
2016-10-14,792.39,801.06,792.39,796.07,,,,
2016-10-17,796.07,797.35,793.39,793.9,,,,
2016-10-18,793.9,802.22,793.9,799.08,,,,
2016-10-19,799.08,800.53,796.89,799.21,,,,
2016-10-20,799.21,799.41,793.13,797.35,,,,
2016-10-21,797.35,802.42,796.96,801.93,,,,
2016-10-24,801.93,812.01,801.93,811.68,,,,
2016-10-25,811.68,812.01,807.08,808.82,,,,
2016-10-26,808.82,808.82,801.06,804.52,,,,
2016-10-27,804.52,807.57,800.29,800.95,,,,
2016-10-28,800.95,809.22,798.77,800.66,,,,
2016-10-31,800.66,804.06,800.64,800.64,,,,
2016-11-01,800.64,802.57,787.85,794.08,,,,
2016-11-02,794.08,796.39,786.84,788.71,,,,
2016-11-03,788.71,788.71,779.41,780.84,,,,
2016-11-04,780.84,784.77,775.09,777.71,,,,
2016-11-07,777.71,796.3,777.71,795.85,,,,
2016-11-08,795.85,803.04,792.87,799.59,,,,
2016-11-09,799.59,799.59,782.45,797.67,,,,
2016-11-10,797.67,802.48,773.31,784.97,,,,
2016-11-11,784.97,789.98,782.39,788.69,,,,
2016-11-14,788.69,788.69,770.97,775.19,,,,
2016-11-15,775.19,789.06,775.19,785.35,,,,
2016-11-16,785.35,792.83,782.31,792.6,,,,
2016-11-17,792.6,798.21,791.27,798.1,,,,
2016-11-18,798.1,801.19,795.11,796.32,,,,
2016-11-21,796.32,805.49,796.32,804.81,,,,
2016-11-22,804.81,807.79,804.26,805.78,,,,
2016-11-23,805.78,805.78,798.57,801.57,,,,
2016-11-25,801.57,804.58,800.98,804.58,,,,
2016-11-28,804.58,808.46,802.81,803.83,,,,
2016-11-29,803.83,809.16,801.91,805.24,,,,
2016-11-30,805.24,806.79,795.89,795.89,,,,
2016-12-01,795.89,795.89,775.61,777.69,,,,
2016-12-02,777.69,782.89,774.75,781.07,,,,
2016-12-05,781.07,791.6,781.07,789.15,,,,
2016-12-06,789.15,793.03,787.06,790.66,,,,
2016-12-07,790.66,806.13,789.64,805.65,,,,
2016-12-08,805.65,811.38,804.01,808.51,,,,
2016-12-09,808.51,814.18,808.51,814.17,,,,
2016-12-12,814.17,814.17,807.5,811,,,,
2016-12-13,811,825.59,811,820.98,,,,
2016-12-14,820.98,825.16,817.33,818.93,,,,
2016-12-15,818.93,826.38,818.86,821.81,,,,
2016-12-16,822.52,823.82,814.13,815.63,,,,
2016-12-19,815.63,823.89,815.15,820.64,,,,
2016-12-20,820.64,824.57,820.64,823.25,,,,
2016-12-21,823.25,823.25,819.75,821.78,,,,
2016-12-22,821.78,822.18,816.68,819.26,,,,
2016-12-23,819.26,820.21,816.74,819.84,,,,
2016-12-27,819.84,828.06,819.84,823.5,,,,
2016-12-28,823.5,825.53,815.57,816.3,,,,
2016-12-29,816.3,818.08,813.41,815.97,,,,
2016-12-30,815.97,817.76,806.35,807.95,,,,
2017-01-03,807.95,818.95,807.95,815.12,,,,
2017-01-04,815.12,819.58,815.12,818.01,,,,
2017-01-05,818.01,822.19,816.62,819.77,,,,
2017-01-06,819.77,829.52,818.26,827.6,,,,
2017-01-09,827.6,831.6,827.6,829.21,,,,
2017-01-10,829.21,832.24,826.65,828.59,,,,
2017-01-11,828.59,834.03,827.39,834.03,,,,
2017-01-12,834.03,834.03,823.09,831.75,,,,
2017-01-13,831.75,835.55,831.75,834.02,,,,
2017-01-17,834.02,834.02,828.54,831.04,,,,
2017-01-18,831.04,834.5,830.43,833.76,,,,
2017-01-19,833.76,836.49,830.52,831.66,,,,
2017-01-20,831.66,838.06,831.66,835.97,,,,
2017-01-23,835.97,837.76,831.36,836.5,,,,
2017-01-24,836.5,846.59,836.5,845.11,,,,
2017-01-25,845.11,854.36,845.11,854.17,,,,
2017-01-26,854.17,855.52,849.63,852.39,,,,
2017-01-27,852.39,856.53,852.39,855.21,,,,
2017-01-30,855.21,855.21,843.29,848.2,,,,
2017-01-31,847.56,847.56,838.8,843.03,,,,
2017-02-01,843.03,851.79,843.03,849.35,,,,
2017-02-02,849.35,851.35,844.26,849.56,,,,
2017-02-03,849.56,856.2,849.56,855.35,,,,
2017-02-06,855.35,856.55,852.18,856.55,,,,
2017-02-07,856.55,861.91,856.55,860.08,,,,
2017-02-08,860.08,863.03,857.36,861.51,,,,
2017-02-09,861.51,865.81,861.11,863.97,,,,
2017-02-10,863.97,867.57,863.27,865.88,,,,
2017-02-13,865.88,872.71,865.88,871.5,,,,
2017-02-14,871.5,874.04,867.63,873.98,,,,
2017-02-15,873.98,877.92,872.98,877.44,,,,
2017-02-16,877.44,881.57,876.99,879.29,,,,
2017-02-17,879.29,881.48,876.69,881.48,,,,
2017-02-21,881.48,886.34,881.48,886.09,,,,
2017-02-22,886.09,887.61,883.12,887.51,,,,
2017-02-23,887.51,888.72,882.32,886.52,,,,
2017-02-24,886.52,888.27,879.63,888.27,,,,
2017-02-27,888.27,888.27,884.84,887.66,,,,
2017-02-28,887.43,887.43,882.33,884.05,,,,
2017-03-01,884.05,898.17,884.05,897.1,,,,
2017-03-02,897.1,897.1,890.05,891.06,,,,
2017-03-03,891.06,892.74,888.24,892.74,,,,
2017-03-06,892.74,892.82,887.5,891.28,,,,
2017-03-07,891.28,895.5,890.44,892.58,,,,
2017-03-08,892.58,896.31,892.21,893.48,,,,
2017-03-09,893.48,894.21,888.39,892.96,,,,
2017-03-10,892.96,899.45,892.96,897.57,,,,
2017-03-13,897.57,899.36,896.83,898.61,,,,
2017-03-14,898.61,898.61,892.73,896.32,,,,
2017-03-15,896.32,903.41,894.64,901.71,,,,
2017-03-16,901.71,905.97,901.71,903.8,,,,
2017-03-17,903.8,907.49,903.8,904.38,,,,
2017-03-20,904.38,907.65,902.93,905.31,,,,
2017-03-21,905.31,910.35,891.37,891.97,,,,
2017-03-22,891.97,899.87,891.68,899.07,,,,
2017-03-23,899.07,899.7,894.43,896.17,,,,
2017-03-24,896.17,902.72,893.6,896.61,,,,
2017-03-27,896.61,899.24,887.82,897.53,,,,
2017-03-28,897.53,906.53,895.26,903.95,,,,
2017-03-29,903.95,906.54,901.9,905.81,,,,
2017-03-30,905.81,908.66,904.99,907.12,,,,
2017-03-31,907.12,909.2,904.72,906.21,,,,
2017-04-03,906.21,908.52,899.39,904.89,,,,
2017-04-04,904.89,905.09,900.78,904.82,,,,
2017-04-05,904.82,912.45,900.56,901.95,,,,
2017-04-06,901.95,904.55,899.63,901.54,,,,
2017-04-07,901.54,903.6,897.75,900.93,,,,
2017-04-10,900.93,903.97,897.76,899.57,,,,
2017-04-11,899.57,899.57,888.18,895.64,,,,
2017-04-12,895.64,895.83,890.41,892.07,,,,
2017-04-13,892.07,897.16,888.68,888.68,,,,
2017-04-17,888.68,897.39,888.68,897.33,,,,
2017-04-18,897.33,898.88,893.68,896.64,,,,
2017-04-19,896.64,901.25,894.42,895.94,,,,
2017-04-20,895.94,906.65,895.94,904.7,,,,
2017-04-21,904.7,906.79,902.93,904.64,,,,
2017-04-24,904.64,917.02,904.64,916.39,,,,
2017-04-25,916.39,923.87,916.39,922.11,,,,
2017-04-26,922.11,923.92,919.08,919.71,,,,
2017-04-27,919.71,925.56,919.71,925.25,,,,
2017-04-28,925.25,929.84,925.25,928.33,,,,
2017-05-01,928.33,937.85,928.33,936.19,,,,
2017-05-02,936.19,940.72,935.74,939.04,,,,
2017-05-03,939.04,939.04,933.23,937.79,,,,
2017-05-04,937.79,939.6,935.02,938.05,,,,
2017-05-05,938.05,940.99,936.51,940.98,,,,
2017-05-08,940.98,945.28,939.79,944.92,,,,
2017-05-09,944.92,949.42,944.55,946.36,,,,
2017-05-10,946.36,950.73,945.45,949.98,,,,
2017-05-11,949.98,949.98,942.67,948.56,,,,
2017-05-12,948.56,951.58,948.21,951.57,,,,
2017-05-15,951.57,956.9,951.57,956.88,,,,
2017-05-16,956.88,961.69,955.45,961.62,,,,
2017-05-17,961.62,961.62,934.33,934.74,,,,
2017-05-18,934.74,943.16,930.44,940.2,,,,
2017-05-19,940.2,948.11,940.2,944.86,,,,
2017-05-22,944.86,954.21,944.86,953.85,,,,
2017-05-23,953.85,957.48,951.93,954.61,,,,
2017-05-24,954.61,959.59,954.61,959.16,,,,
2017-05-25,959.16,968.84,959.16,966.67,,,,
2017-05-26,966.67,967.42,963.68,966.77,,,,
2017-05-30,966.77,970.41,965.3,969.77,,,,
2017-05-31,969.77,973.25,964.13,966.84,,,,
2017-06-01,966.84,969.67,963.17,969.59,,,,
2017-06-02,969.59,979.69,969.59,979.69,,,,
2017-06-05,979.69,983.3,978.14,980.4,,,,
2017-06-06,980.4,983.61,977.07,978.62,,,,
2017-06-07,978.62,983.28,976.42,981.24,,,,
2017-06-08,981.24,985.08,978.56,984.72,,,,
2017-06-09,984.72,987.36,943.26,957.79,,,,
2017-06-12,957.79,957.79,932.67,949.99,,,,
2017-06-13,949.99,961.32,949.99,958.08,,,,
2017-06-14,958.08,962.1,944.87,953.01,,,,
2017-06-15,953.01,953.01,936.58,948.43,,,,
2017-06-16,948.43,948.93,942.45,946.68,,,,
2017-06-19,946.68,962.88,946.68,962.37,,,,
2017-06-20,962.37,962.97,954.75,954.87,,,,
2017-06-21,954.87,961.83,954.87,961.3,,,,
2017-06-22,961.3,965.01,958.68,961.75,,,,
2017-06-23,961.75,970.97,959.39,968.18,,,,
2017-06-26,968.18,976.26,961.53,962.45,,,,
2017-06-27,962.45,962.45,946.39,946.39,,,,
2017-06-28,946.39,959.81,943.17,958.9,,,,
2017-06-29,958.9,958.9,933.23,941.33,,,,
2017-06-30,941.33,946.96,939.51,940.28,,,,
2017-07-03,940.28,945.82,931.09,932.29,,,,
2017-07-05,932.29,944.19,932.29,941.97,,,,
2017-07-06,941.97,941.97,930.83,933.87,,,,
2017-07-07,933.87,949.1,933.87,945.57,,,,
2017-07-10,945.57,955.84,944.81,953.28,,,,
2017-07-11,953.28,957.78,949.37,956.67,,,,
2017-07-12,956.67,970.36,956.67,969.19,,,,
2017-07-13,969.19,975.77,969.19,972.39,,,,
2017-07-14,972.39,982.37,972.39,981.08,,,,
2017-07-17,981.08,984.33,979.33,981.52,,,,
2017-07-18,981.52,986.84,976.56,986.79,,,,
2017-07-19,986.79,993.35,986.79,992.29,,,,
2017-07-20,992.29,994.95,987.85,992.71,,,,
2017-07-21,992.71,992.71,987.94,991.97,,,,
2017-07-24,991.97,996.29,989.87,994.48,,,,
2017-07-25,994.48,995,988.73,992.74,,,,
2017-07-26,992.74,996.45,991.65,994.72,,,,
2017-07-27,994.72,1000.99,974.77,986.55,,,,
2017-07-28,986.55,987.49,980.8,985.67,,,,
2017-07-31,985.67,989.45,978.99,980.4,,,,
2017-08-01,980.4,985.74,980.4,985.56,,,,
2017-08-02,985.56,996.67,982.61,990.35,,,,
2017-08-03,990.35,990.35,983.9,986.91,,,,
2017-08-04,986.91,992.23,986.91,989.57,,,,
2017-08-07,989.57,995.46,989.57,995.36,,,,
2017-08-08,995.36,1002.07,991.35,994.04,,,,
2017-08-09,994.04,994.66,987.11,994.37,,,,
2017-08-10,994.37,994.37,971.9,972.66,,,,
2017-08-11,972.66,982.91,972.66,979.93,,,,
2017-08-14,979.93,996.97,979.93,995.63,,,,
2017-08-15,995.63,999.76,994.24,997.92,,,,
2017-08-16,997.92,1004.84,997.41,1000.54,,,,
2017-08-17,1000.54,1000.54,980.72,980.72,,,,
2017-08-18,980.72,987.24,976.14,980.24,,,,
2017-08-21,980.24,981.86,972.73,979.66,,,,
2017-08-22,979.66,994.79,979.66,993.9,,,,
2017-08-23,993.9,994.34,988.59,992.07,,,,
2017-08-24,992.07,995.19,985.37,990.85,,,,
2017-08-25,990.85,997.11,988.2,989.79,,,,
2017-08-28,989.79,994.08,989.18,992.49,,,,
2017-08-29,992.49,998.21,983.3,996.6,,,,
2017-08-30,996.6,1005.85,996.26,1004.93,,,,
2017-08-31,1004.93,1013.72,1004.93,1012.14,,,,
2017-09-01,1012.14,1015.69,1009.96,1011.68,,,,
2017-09-05,1011.68,1011.68,995.54,1002.68,,,,
2017-09-06,1002.68,1007.38,998.99,1004.51,,,,
2017-09-07,1004.51,1010.66,1004.08,1009.61,,,,
2017-09-08,1009.61,1009.61,1000.36,1000.91,,,,
2017-09-11,1000.91,1017.07,1000.91,1015.94,,,,
2017-09-12,1015.94,1019.88,1012.3,1017.29,,,,
2017-09-13,1017.29,1017.29,1011.48,1015.68,,,,
2017-09-14,1015.68,1016.19,1009.01,1011.9,,,,
2017-09-15,1011.9,1016.82,1008.81,1014.92,,,,
2017-09-18,1014.92,1019.76,1011.67,1014.6,,,,
2017-09-19,1014.6,1020.38,1013.97,1018.4,,,,
2017-09-20,1018.4,1018.4,1005.95,1013.53,,,,
2017-09-21,1013.53,1013.53,1004,1007.52,,,,
2017-09-22,1007.52,1008.86,1003.32,1008.16,,,,
2017-09-25,1008.16,1008.16,989.1,993.8,,,,
2017-09-26,993.8,1002.16,993.8,997.74,,,,
2017-09-27,997.74,1012.43,997.74,1009.13,,,,
2017-09-28,1009.13,1010.72,1004.67,1010.57,,,,
2017-09-29,1010.57,1018.36,1010.57,1018.15,,,,
2017-10-02,1018.15,1022.55,1014.05,1018.94,,,,
2017-10-03,1018.94,1021.69,1018.78,1021.2,,,,
2017-10-04,1021.2,1021.4,1015.15,1019.69,,,,
2017-10-05,1019.69,1030.97,1019.69,1030.46,,,,
2017-10-06,1030.46,1033.54,1027.13,1033.46,,,,
2017-10-09,1033.46,1038.49,1033.46,1035.93,,,,
2017-10-10,1035.93,1039.88,1031.34,1036.34,,,,
2017-10-11,1036.34,1041.28,1035.37,1041.21,,,,
2017-10-12,1041.21,1045.67,1040.29,1041.64,,,,
2017-10-13,1041.64,1049.29,1041.64,1047.08,,,,
2017-10-16,1047.08,1051.06,1047.08,1050.95,,,,
2017-10-17,1050.95,1050.95,1047.58,1050.68,,,,
2017-10-18,1050.68,1055.79,1050.44,1053.83,,,,
2017-10-19,1053.83,1053.83,1042.18,1050.18,,,,
2017-10-20,1050.18,1059.31,1050.18,1057.29,,,,
2017-10-23,1057.29,1060.67,1051.95,1053.02,,,,
2017-10-24,1053.02,1058.43,1052.07,1056.78,,,,
2017-10-25,1056.78,1059.13,1045.48,1053.21,,,,
2017-10-26,1053.21,1061.8,1053.21,1056.84,,,,
2017-10-27,1056.84,1090.72,1056.84,1087.6,,,,
2017-10-30,1087.6,1094.77,1085.98,1092,,,,
2017-10-31,1092,1098.67,1091.15,1096.28,,,,
2017-11-01,1096.28,1101.87,1091.11,1097.08,,,,
2017-11-02,1097.08,1099.14,1089.17,1098.29,,,,
2017-11-03,1098.29,1108.73,1097.7,1107.65,,,,
2017-11-06,1107.65,1112.32,1107.65,1111.49,,,,
2017-11-07,1111.49,1113.72,1107.83,1112.74,,,,
2017-11-08,1112.74,1118.55,1109.16,1118.2,,,,
2017-11-09,1118.2,1118.2,1096.85,1108.69,,,,
2017-11-10,1108.69,1108.69,1103.2,1107.67,,,,
2017-11-13,1107.67,1108.46,1102.93,1107.52,,,,
2017-11-14,1107.52,1107.52,1099.24,1105.7,,,,
2017-11-15,1105.7,1105.7,1093.24,1096.33,,,,
2017-11-16,1096.33,1113.74,1096.33,1110.89,,,,
2017-11-17,1110.89,1110.89,1102.25,1103.47,,,,
2017-11-20,1103.47,1107.94,1103.47,1106.54,,,,
2017-11-21,1106.54,1120.03,1106.54,1119.76,,,,
2017-11-22,1119.76,1119.76,1115.24,1116.88,,,,
2017-11-24,1116.88,1123.66,1116.88,1122.93,,,,
2017-11-27,1122.93,1124.44,1118.84,1122.81,,,,
2017-11-28,1122.81,1127.23,1118.99,1124.85,,,,
2017-11-29,1124.85,1124.85,1087.95,1096.05,,,,
2017-11-30,1096.05,1108.49,1096.05,1106.52,,,,
2017-12-01,1106.52,1106.52,1083.98,1100.23,,,,
2017-12-04,1100.23,1106.33,1078.14,1078.97,,,,
2017-12-05,1078.97,1093.97,1072.35,1081.2,,,,
2017-12-06,1081.2,1158.01,1080.8,1089.34,,,,
2017-12-07,1089.34,1098.5,1089.34,1096.41,,,,
2017-12-08,1096.41,1107.7,1096.41,1101.07,,,,
2017-12-11,1101.07,1110.62,1100.96,1110.03,,,,
2017-12-12,1110.03,1112.34,1104.17,1107.11,,,,
2017-12-13,1107.11,1113.41,1107.1,1107.59,,,,
2017-12-14,1107.59,1113.64,1106.57,1106.74,,,,
2017-12-15,1106.74,1121.42,1106.74,1120.43,,,,
2017-12-18,1120.43,1130.34,1120.43,1128.9,,,,
2017-12-19,1128.9,1128.9,1119.04,1122.93,,,,
2017-12-20,1122.93,1127.44,1116.12,1121.89,,,,
2017-12-21,1121.89,1126.22,1117.95,1118.65,,,,
2017-12-22,1118.65,1118.65,1115.29,1117.81,,,,
2017-12-26,1117.81,1117.81,1104.99,1110.03,,,,
2017-12-27,1110.03,1113.13,1109.16,1111.83,,,,
2017-12-28,1111.83,1115.26,1111.12,1112.99,,,,
2017-12-29,1112.99,1113.91,1106.18,1106.18,,,,
2018-01-02,1106.18,1122.01,1106.18,1121.81,,,,
2018-01-03,1121.81,1134.55,1121.81,1133.99,,,,
2018-01-04,1133.99,1143,1133.99,1139.4,,,,
2018-01-05,1139.4,1153.2,1139.4,1152.81,,,,
2018-01-08,1152.81,1158.96,1151.13,1157.02,,,,
2018-01-09,1157.02,1158.89,1151.4,1154.03,,,,
2018-01-10,1154.03,1154.03,1144.52,1150.45,,,,
2018-01-11,1150.45,1155.96,1150.18,1155.94,,,,
2018-01-12,1155.94,1163.78,1152.32,1162.94,,,,
2018-01-16,1162.94,1174.39,1154.69,1158.12,,,,
2018-01-17,1158.12,1177.09,1158.12,1176.42,,,,
2018-01-18,1176.42,1181.6,1173.79,1178.45,,,,
2018-01-19,1178.45,1183.11,1174.8,1180.28,,,,
2018-01-22,1180.28,1190.52,1177.06,1190.51,,,,
2018-01-23,1190.51,1199.85,1190.51,1198.14,,,,
2018-01-24,1198.14,1202.31,1183.26,1187.27,,,,
2018-01-25,1187.27,1196.16,1181.63,1184.42,,,,
2018-01-26,1184.42,1203.88,1184.42,1203.88,,,,
2018-01-29,1203.88,1203.88,1191.26,1193.4,,,,
2018-01-30,1193.4,1193.4,1178,1181.23,,,,
2018-01-31,1181.23,1192.03,1181.23,1189.88,,,,
2018-02-01,1189.88,1198.26,1183.85,1189.53,,,,
2018-02-02,1189.53,1189.53,1153.94,1154.3,,,,
2018-02-05,1154.3,1164.04,1107.67,1107.78,,,,
2018-02-06,1107.78,1140.4,1085.49,1138.99,,,,
2018-02-07,1138.99,1146.91,1123.3,1123.36,,,,
2018-02-08,1123.36,1127.83,1075.89,1075.94,,,,
2018-02-09,1075.94,1109.99,1057.51,1103.12,,,,
2018-02-12,1103.12,1129.89,1103.12,1122.89,,,,
2018-02-13,1122.89,1128.24,1113.94,1125.89,,,,
2018-02-14,1125.89,1149.24,1118.41,1147.85,,,,
2018-02-15,1147.85,1169.89,1145.54,1169.66,,,,
2018-02-16,1169.66,1180.48,1166.21,1167.43,,,,
2018-02-20,1167.43,1179.4,1160.97,1170.33,,,,
2018-02-21,1170.33,1185.25,1163.35,1163.35,,,,
2018-02-22,1163.35,1175.01,1161.6,1164.32,,,,
2018-02-23,1164.32,1189.84,1164.32,1189.61,,,,
2018-02-26,1189.61,1208.54,1189.61,1208.38,,,,
2018-02-27,1208.38,1214.48,1196.9,1196.91,,,,
2018-02-28,1196.91,1209.18,1188.53,1188.55,,,,
2018-03-01,1188.55,1195.99,1158.81,1168.35,,,,
2018-03-02,1168.35,1181.48,1150.18,1179.69,,,,
2018-03-05,1179.69,1195.31,1170.58,1190.8,,,,
2018-03-06,1190.8,1200.08,1188.44,1193.69,,,,
2018-03-07,1193.69,1201.55,1184.47,1200.29,,,,
2018-03-08,1200.29,1207.12,1198.31,1205.76,,,,
2018-03-09,1205.76,1230.29,1205.76,1230.29,,,,
2018-03-12,1230.29,1239.09,1230.16,1233.97,,,,
2018-03-13,1233.97,1244.67,1214.64,1219.09,,,,
2018-03-14,1219.09,1225.77,1212.17,1218.24,,,,
2018-03-15,1218.24,1226.32,1212.84,1219.2,,,,
2018-03-16,1219.2,1225.6,1215.85,1218.41,,,,
2018-03-19,1218.41,1218.41,1182.39,1192.67,,,,
2018-03-20,1192.67,1197.19,1185.92,1192.92,,,,
2018-03-21,1192.92,1201.8,1182.71,1185.8,,,,
2018-03-22,1185.8,1185.8,1153.49,1153.91,,,,
2018-03-23,1153.91,1158.54,1122.38,1122.4,,,,
2018-03-26,1122.4,1168.83,1122.4,1167.63,,,,
2018-03-27,1167.63,1174.84,1118.1,1127.09,,,,
2018-03-28,1127.09,1135.98,1110.76,1117.33,,,,
2018-03-29,1117.33,1153.45,1117.33,1141.62,,,,
2018-04-02,1141.62,1142.04,1100.73,1113.28,,,,
2018-04-03,1113.28,1127.11,1105.41,1124.52,,,,
2018-04-04,1124.52,1143.03,1100.31,1139.88,,,,
2018-04-05,1139.88,1152.64,1136.45,1144.41,,,,
2018-04-06,1144.41,1144.41,1110.48,1115.44,,,,
2018-04-09,1115.44,1147.17,1115.44,1124.12,,,,
2018-04-10,1124.12,1156.73,1124.12,1152.03,,,,
2018-04-11,1152.03,1157.07,1143.97,1146.16,,,,
2018-04-12,1146.16,1166.24,1146.16,1160.89,,,,
2018-04-13,1160.89,1170.15,1151.65,1157.09,,,,
2018-04-16,1157.09,1169.92,1157.09,1165.22,,,,
2018-04-17,1165.22,1192.52,1165.22,1188.64,,,,
2018-04-18,1188.64,1190.22,1177.69,1185.86,,,,
2018-04-19,1185.86,1185.86,1167.39,1172.42,,,,
2018-04-20,1172.42,1172.42,1150.18,1154.71,,,,
2018-04-23,1154.71,1162.88,1144.58,1150.12,,,,
2018-04-24,1150.12,1158.04,1118.95,1127.26,,,,
2018-04-25,1127.26,1130.76,1111.92,1125.92,,,,
2018-04-26,1125.92,1155.9,1125.92,1151.48,,,,
2018-04-27,1151.48,1163.83,1141.38,1147.79,,,,
2018-04-30,1147.79,1159.38,1139.57,1141.98,,,,
2018-05-01,1141.98,1159.12,1137.76,1158.7,,,,
2018-05-02,1158.7,1171.66,1156.91,1158.36,,,,
2018-05-03,1158.36,1166.35,1142.87,1161.72,,,,
2018-05-04,1161.72,1186.3,1155.65,1184.62,,,,
2018-05-07,1184.62,1199.1,1184.62,1193.98,,,,
2018-05-08,1193.98,1198.32,1186.89,1197.43,,,,
2018-05-09,1197.43,1213.93,1197.08,1213.88,,,,
2018-05-10,1213.88,1230.09,1213.88,1229.46,,,,
2018-05-11,1229.46,1229.86,1220.72,1225.49,,,,
2018-05-14,1225.49,1234.6,1223.56,1225.28,,,,
2018-05-15,1225.28,1225.28,1206.81,1213.52,,,,
2018-05-16,1213.52,1220.97,1211.72,1218.08,,,,
2018-05-17,1218.08,1222.14,1206.38,1212.09,,,,
2018-05-18,1212.09,1213.3,1205.39,1206.58,,,,
2018-05-21,1206.58,1223.8,1206.58,1216.7,,,,
2018-05-22,1216.7,1224.42,1211.53,1213.53,,,,
2018-05-23,1213.53,1224.11,1204.71,1223.92,,,,
2018-05-24,1223.92,1225.28,1209.15,1222.43,,,,
2018-05-25,1222.43,1226.26,1218.67,1222.42,,,,
2018-05-29,1222.42,1222.42,1206.7,1214.37,,,,
2018-05-30,1214.37,1225.45,1214.37,1223.17,,,,
2018-05-31,1223.17,1233.43,1221.68,1223.45,,,,
2018-06-01,1223.45,1247.57,1223.45,1247.55,,,,
2018-06-04,1247.55,1259.15,1247.55,1257.42,,,,
2018-06-05,1257.42,1264.54,1257.42,1262.82,,,,
2018-06-06,1262.82,1269.73,1257.72,1269.56,,,,
2018-06-07,1269.56,1269.89,1248.14,1255.77,,,,
2018-06-08,1255.77,1257.86,1245.24,1256.13,,,,
2018-06-11,1256.13,1260.4,1252.36,1255.99,,,,
2018-06-12,1255.99,1264.22,1255.99,1263.31,,,,
2018-06-13,1263.31,1271.82,1259.45,1260.43,,,,
2018-06-14,1260.43,1272.01,1260.43,1268.1,,,,
2018-06-15,1268.1,1268.1,1255.39,1262.42,,,,
2018-06-18,1262.42,1266.51,1249.56,1265.73,,,,
2018-06-19,1265.73,1265.73,1240.82,1256.65,,,,
2018-06-20,1256.65,1267.46,1256.65,1260.84,,,,
2018-06-21,1260.84,1266.49,1248,1250.71,,,,
2018-06-22,1250.71,1252.64,1241,1245.94,,,,
2018-06-25,1245.94,1245.94,1206.63,1217.55,,,,
2018-06-26,1217.55,1232.01,1217.55,1223.34,,,,
2018-06-27,1223.34,1232.89,1205.57,1205.57,,,,
2018-06-28,1205.57,1223.17,1204.02,1218.54,,,,
2018-06-29,1218.54,1229.9,1217.22,1218.64,,,,
2018-07-02,1218.64,1230.93,1206.31,1230.67,,,,
2018-07-03,1230.67,1234.59,1213.04,1213.8,,,,
2018-07-05,1213.8,1232.29,1213.8,1231.58,,,,
2018-07-06,1231.58,1248.88,1229.14,1246.81,,,,
2018-07-09,1246.81,1257.32,1246.81,1256.99,,,,
2018-07-10,1256.99,1263.75,1256.93,1259.93,,,,
2018-07-11,1259.93,1259.93,1248.59,1253.51,,,,
2018-07-12,1253.51,1276.53,1253.51,1276,,,,
2018-07-13,1276,1278.86,1270.93,1275.7,,,,
2018-07-16,1275.7,1278.02,1268.93,1271.25,,,,
2018-07-17,1271.25,1284.06,1261.72,1281.56,,,,
2018-07-18,1281.56,1281.88,1275.2,1280.13,,,,
2018-07-19,1280.13,1282.36,1273.62,1275.85,,,,
2018-07-20,1275.85,1284.36,1275.27,1276.99,,,,
2018-07-23,1276.99,1284.5,1269.04,1283.6,,,,
2018-07-24,1283.6,1302.52,1283.6,1290,,,,
2018-07-25,1290,1309.64,1290,1309.37,,,,
2018-07-26,1309.37,1309.37,1282.89,1287.9,,,,
2018-07-27,1287.9,1289.57,1254.57,1262.27,,,,
2018-07-30,1262.27,1262.28,1231.73,1239.79,,,,
2018-07-31,1239.79,1251.82,1235.66,1243.45,,,,
2018-08-01,1243.45,1260.06,1243.45,1255.48,,,,
2018-08-02,1255.48,1274.3,1244.24,1272.67,,,,
2018-08-03,1272.67,1277.05,1266.69,1277.05,,,,
2018-08-06,1277.05,1284.67,1273.3,1284.6,,,,
2018-08-07,1284.6,1294.62,1284.6,1288.83,,,,
2018-08-08,1288.83,1295.09,1284.5,1292.47,,,,
2018-08-09,1292.47,1297.47,1291.05,1291.77,,,,
2018-08-10,1291.77,1291.77,1277.09,1281.29,,,,
2018-08-13,1281.29,1293.32,1278.83,1279.42,,,,
2018-08-14,1279.42,1288.75,1275.89,1287.33,,,,
2018-08-15,1287.33,1287.33,1263.25,1273.61,,,,
2018-08-16,1273.61,1285.53,1273.61,1276.82,,,,
2018-08-17,1276.82,1282.09,1268.13,1279.16,,,,
2018-08-20,1279.16,1282.14,1271.09,1277.2,,,,
2018-08-21,1277.2,1286.75,1277.11,1278.14,,,,
2018-08-22,1278.14,1286.59,1273.66,1284.25,,,,
2018-08-23,1284.25,1294.4,1283.28,1286.61,,,,
2018-08-24,1286.61,1301.3,1286.61,1300.75,,,,
2018-08-27,1300.75,1313.91,1300.75,1313.3,,,,
2018-08-28,1313.3,1319.07,1312.51,1316.12,,,,
2018-08-29,1316.12,1330.08,1316.12,1329.47,,,,
2018-08-30,1329.47,1334.95,1321.9,1325.59,,,,
2018-08-31,1325.59,1330.78,1322.91,1327.21,,,,
2018-09-04,1327.21,1327.21,1313.25,1323.19,,,,
2018-09-05,1323.19,1323.19,1297.24,1303.36,,,,
2018-09-06,1303.36,1304.44,1283.17,1292.79,,,,
2018-09-07,1292.79,1299.81,1282.96,1288.34,,,,
2018-09-10,1288.34,1294.84,1285.24,1292.41,,,,
2018-09-11,1292.41,1306.35,1284.98,1303.24,,,,
2018-09-12,1303.24,1303.24,1285.23,1296.77,,,,
2018-09-13,1296.77,1315.97,1296.77,1311.64,,,,
2018-09-14,1311.64,1318.11,1305.6,1311.93,,,,
2018-09-17,1311.93,1312.18,1292.35,1293.67,,,,
2018-09-18,1293.67,1309.04,1292.29,1301.71,,,,
2018-09-19,1301.71,1306.56,1291.48,1300.39,,,,
2018-09-20,1300.39,1317.95,1300.39,1315.67,,,,
2018-09-21,1315.67,1322.33,1309.32,1311.17,,,,
2018-09-24,1311.17,1316.42,1298.69,1315.29,,,,
2018-09-25,1315.29,1317.58,1309.71,1314.71,,,,
2018-09-26,1314.71,1321.95,1307.93,1309.37,,,,
2018-09-27,1309.37,1321.08,1309.37,1316.38,,,,
2018-09-28,1316.38,1323.72,1313.87,1322.07,,,,
2018-10-01,1322.07,1334.15,1322.07,1328.55,,,,
2018-10-02,1328.55,1336.39,1323.44,1328.41,,,,
2018-10-03,1328.41,1338.95,1328.41,1332.87,,,,
2018-10-04,1332.87,1332.87,1300.22,1309.08,,,,
2018-10-05,1309.08,1311.78,1279.56,1292.51,,,,
2018-10-08,1292.51,1292.51,1263.03,1277.25,,,,
2018-10-09,1277.25,1289.32,1274.54,1281.78,,,,
2018-10-10,1281.78,1281.78,1219.27,1220.62,,,,
2018-10-11,1220.62,1237.03,1194.76,1205.14,,,,
2018-10-12,1205.14,1246.97,1205.14,1243.12,,,,
2018-10-15,1243.12,1243.12,1222.26,1222.77,,,,
2018-10-16,1222.77,1262.39,1222.77,1259.74,,,,
2018-10-17,1259.74,1260.96,1242.34,1253.79,,,,
2018-10-18,1253.79,1253.79,1221.69,1228.5,,,,
2018-10-19,1228.5,1249.23,1223.84,1228.63,,,,
2018-10-22,1228.63,1246.15,1226.95,1238.58,,,,
2018-10-23,1238.58,1240.23,1200.61,1233.61,,,,
2018-10-24,1233.61,1233.61,1177.23,1178.97,,,,
2018-10-25,1178.97,1225.19,1178.97,1218.14,,,,
2018-10-26,1218.14,1218.14,1177.67,1195.35,,,,
2018-10-29,1195.35,1219.56,1150.95,1173.73,,,,
2018-10-30,1173.73,1191.12,1163.3,1187.29,,,,
2018-10-31,1187.29,1225.25,1187.29,1215.67,,,,
2018-11-01,1215.67,1230.67,1207.12,1230.27,,,,
2018-11-02,1230.27,1230.27,1195.88,1206.99,,,,
2018-11-05,1206.99,1206.99,1187.29,1204.82,,,,
2018-11-06,1204.82,1217.39,1202.26,1212.2,,,,
2018-11-07,1212.2,1247.2,1212.2,1247.05,,,,
2018-11-08,1247.05,1247.05,1237.62,1244.57,,,,
2018-11-09,1244.57,1244.57,1213.41,1223.95,,,,
2018-11-12,1223.95,1223.95,1179.09,1180.61,,,,
2018-11-13,1180.61,1201.96,1178.58,1181.67,,,,
2018-11-14,1181.67,1196.06,1160.58,1166.44,,,,
2018-11-15,1166.44,1198.39,1161.76,1195.08,,,,
2018-11-16,1195.08,1200.74,1179.15,1193.78,,,,
2018-11-19,1193.78,1193.78,1145.14,1148.59,,,,
2018-11-20,1148.59,1148.59,1108.98,1124.02,,,,
2018-11-21,1124.02,1142.92,1124.02,1131.03,,,,
2018-11-23,1131.03,1133.56,1119.2,1121.19,,,,
2018-11-26,1121.19,1146.55,1121.19,1146.43,,,,
2018-11-27,1146.43,1150.68,1132.42,1149.2,,,,
2018-11-28,1149.2,1188.92,1149.2,1188.71,,,,
2018-11-29,1188.71,1188.71,1171.48,1177.37,,,,
2018-11-30,1177.37,1189.88,1172.74,1189.88,,,,
2018-12-03,1189.88,1219.04,1189.88,1215.03,,,,
2018-12-04,1215.03,1215.03,1166.34,1168.19,,,,
2018-12-06,1168.19,1170.9,1135.55,1170.88,,,,
2018-12-07,1170.88,1171.04,1124.88,1129.59,,,,
2018-12-10,1129.59,1149.9,1117.84,1145.75,,,,
2018-12-11,1145.75,1164.93,1137.91,1146.76,,,,
2018-12-12,1146.76,1174.14,1146.76,1155.84,,,,
2018-12-13,1155.84,1169.68,1151.34,1158.09,,,,
2018-12-14,1158.09,1158.09,1128.25,1129.35,,,,
2018-12-17,1129.35,1132.72,1096.46,1104.35,,,,
2018-12-18,1104.35,1123.24,1104.35,1113.88,,,,
2018-12-19,1113.88,1130.39,1080.01,1092.27,,,,
2018-12-20,1092.27,1097.75,1056.82,1071.69,,,,
2018-12-21,1071.69,1084.69,1035.01,1039.67,,,,
2018-12-24,1039.67,1041.86,1011,1011.31,,,,
2018-12-26,1011.31,1072.72,1011.31,1072.49,,,,
2018-12-27,1072.49,1081.32,1037.54,1080.76,,,,
2018-12-28,1080.76,1095.94,1068.98,1078.06,,,,
2018-12-31,1078.06,1092.04,1078.06,1088.31,,,,
2019-01-02,1088.31,1095.27,1066.84,1089.04,,,,
2019-01-03,1089.04,1089.04,1032.42,1033.85,,,,
2019-01-04,1033.85,1083.84,1033.85,1079.29,,,,
2019-01-07,1079.29,1096.5,1077.13,1088.59,,,,
2019-01-08,1088.59,1103.21,1085.24,1098.35,,,,
2019-01-09,1098.35,1118.02,1098.35,1111.92,,,,
2019-01-10,1111.92,1117.72,1098.72,1117.07,,,,
2019-01-11,1117.07,1117.07,1108.52,1115.53,,,,
2019-01-14,1115.53,1115.53,1101.13,1105.31,,,,
2019-01-15,1105.31,1123.61,1105.31,1121.68,,,,
2019-01-16,1121.68,1129.23,1120.59,1122.2,,,,
2019-01-17,1122.2,1136.09,1116.03,1129.7,,,,
2019-01-18,1129.7,1149.16,1129.7,1146.57,,,,
2019-01-22,1146.57,1146.57,1118.84,1126.34,,,,
2019-01-23,1126.34,1140.53,1118.85,1131,,,,
2019-01-24,1131,1144.84,1131,1141.51,,,,
2019-01-25,1141.51,1160.46,1141.51,1158.04,,,,
2019-01-28,1158.04,1158.04,1132.35,1141.83,,,,
2019-01-29,1141.83,1144.01,1127.88,1130.3,,,,
2019-01-30,1130.3,1167.61,1130.3,1164.51,,,,
2019-01-31,1164.51,1169.35,1155.04,1163.16,,,,
2019-02-01,1163.16,1176.23,1162.92,1170.2,,,,
2019-02-04,1170.2,1189.08,1170.2,1188.93,,,,
2019-02-05,1188.93,1201.59,1188.93,1199.45,,,,
2019-02-06,1199.45,1205.67,1195.25,1202.35,,,,
2019-02-07,1202.35,1202.35,1177.6,1185.04,,,,
2019-02-08,1185.04,1191.18,1175.04,1190.85,,,,
2019-02-11,1190.85,1198.91,1188.38,1190.9,,,,
2019-02-12,1190.9,1208.31,1190.9,1207.13,,,,
2019-02-13,1207.13,1216.96,1207.13,1208.81,,,,
2019-02-14,1208.81,1214.52,1203.12,1210.29,,,,
2019-02-15,1210.29,1221.03,1210.29,1219.86,,,,
2019-02-19,1219.86,1224.02,1215.64,1220.06,,,,
2019-02-20,1220.06,1225.81,1214.56,1220.55,,,,
2019-02-21,1220.55,1226.06,1213.84,1221.16,,,,
2019-02-22,1221.16,1237.53,1221.16,1236.87,,,,
2019-02-25,1236.87,1251.51,1236.87,1242.99,,,,
2019-02-26,1242.99,1249.04,1238.91,1245.45,,,,
2019-02-27,1245.45,1245.57,1231.64,1244.17,,,,
2019-02-28,1244.17,1245.17,1237.52,1240.23,,,,
2019-03-01,1240.23,1252.23,1239.22,1249.02,,,,
2019-03-04,1249.02,1257.3,1230.78,1244.15,,,,
2019-03-05,1244.15,1244.2,1236.79,1240.55,,,,
2019-03-06,1240.55,1240.92,1232.37,1233.76,,,,
2019-03-07,1233.76,1233.76,1218.17,1222.4,,,,
2019-03-08,1222.4,1222.95,1205.65,1222.09,,,,
2019-03-11,1222.09,1249.44,1222.09,1248.58,,,,
2019-03-12,1248.58,1259.78,1248.05,1255.07,,,,
2019-03-13,1255.07,1271.28,1255.07,1263.67,,,,
2019-03-14,1263.67,1270.13,1262.8,1266.24,,,,
2019-03-15,1266.24,1287.35,1266.24,1281.64,,,,
2019-03-18,1281.64,1290.37,1279.23,1286.87,,,,
2019-03-19,1286.87,1295.76,1284.75,1289.45,,,,
2019-03-20,1289.45,1296.42,1278.36,1285.9,,,,
2019-03-21,1285.9,1321.11,1285.9,1317.68,,,,
2019-03-22,1317.68,1317.68,1286.73,1286.77,,,,
2019-03-25,1286.77,1290.02,1273.47,1281.66,,,,
2019-03-26,1281.66,1300.88,1281.54,1288.82,,,,
2019-03-27,1288.82,1295.17,1270.09,1281.78,,,,
2019-03-28,1281.78,1291.69,1278.71,1286.59,,,,
2019-03-29,1286.59,1299.4,1286.59,1299.16,,,,
2019-04-01,1299.16,1318.33,1299.16,1317.4,,,,
2019-04-02,1317.4,1323.19,1314.02,1321.39,,,,
2019-04-03,1321.39,1338.82,1321.39,1332.39,,,,
2019-04-04,1332.39,1334.59,1318.29,1326.56,,,,
2019-04-05,1326.56,1333.5,1326.56,1332.22,,,,
2019-04-08,1332.22,1337.8,1323.68,1337.63,,,,
2019-04-09,1337.63,1337.63,1328.3,1330.64,,,,
2019-04-10,1330.64,1340.3,1330.64,1340,,,,
2019-04-11,1340,1342.5,1335.7,1338.34,,,,
2019-04-12,1338.34,1347.66,1338.34,1347.62,,,,
2019-04-15,1347.62,1350.79,1340.09,1347.12,,,,
2019-04-16,1347.12,1355.36,1347.12,1353.67,,,,
2019-04-17,1353.67,1363.16,1353.67,1361.53,,,,
2019-04-18,1361.53,1365.74,1355.44,1365.38,,,,
2019-04-22,1365.38,1368.99,1358.07,1368.48,,,,
2019-04-23,1368.48,1385.11,1368.48,1383.91,,,,
2019-04-24,1383.91,1390.45,1382.19,1383.8,,,,
2019-04-25,1383.8,1394.44,1376.65,1383.78,,,,
2019-04-26,1383.78,1383.78,1364.22,1378.9,,,,
2019-04-29,1378.9,1383.08,1377.35,1378.82,,,,
2019-04-30,1378.82,1383.02,1370.67,1381.76,,,,
2019-05-01,1381.76,1398.51,1377.92,1378.01,,,,
2019-05-02,1378.01,1387.09,1363.39,1370.58,,,,
2019-05-03,1370.58,1384.25,1370.58,1383.55,,,,
2019-05-06,1383.55,1383.55,1346.14,1372.25,,,,
2019-05-07,1372.25,1372.25,1330.64,1343.21,,,,
2019-05-08,1343.21,1352.2,1336.09,1340.96,,,,
2019-05-09,1340.96,1340.96,1309.24,1331.85,,,,
2019-05-10,1331.85,1340.81,1303.28,1334.23,,,,
2019-05-13,1334.23,1334.23,1280.91,1284.72,,,,
2019-05-14,1284.72,1313.19,1284.72,1305.26,,,,
2019-05-15,1305.26,1322.37,1294.56,1318.1,,,,
2019-05-16,1318.1,1340.02,1317.65,1331.12,,,,
2019-05-17,1331.12,1337.53,1318.02,1320.19,,,,
2019-05-20,1320.19,1320.19,1290.38,1297.15,,,,
2019-05-21,1297.15,1316.76,1297.15,1312.69,,,,
2019-05-22,1312.69,1312.92,1303.78,1305.25,,,,
2019-05-23,1305.25,1305.25,1273.39,1282.69,,,,
2019-05-24,1282.69,1296.38,1281.9,1283.32,,,,
2019-05-28,1283.32,1295.39,1278.55,1279.08,,,,
2019-05-29,1279.08,1279.08,1263.45,1271.44,,,,
2019-05-30,1271.44,1282,1270.94,1279.09,,,,
2019-05-31,1279.09,1279.09,1257.83,1258.6,,,,
2019-06-03,1258.6,1266.94,1227.88,1236.49,,,,
2019-06-04,1236.49,1277.32,1236.49,1276.85,,,,
2019-06-05,1276.85,1297.04,1276.85,1294.44,,,,
2019-06-06,1294.44,1311.53,1291.41,1308.5,,,,
2019-06-07,1308.5,1341.21,1308.5,1333.69,,,,
2019-06-10,1333.69,1359.76,1333.69,1346.78,,,,
2019-06-11,1346.78,1361.94,1339.46,1347.03,,,,
2019-06-12,1347.03,1347.03,1336.4,1339.26,,,,
2019-06-13,1339.26,1347.85,1338.38,1342.19,,,,
2019-06-14,1342.19,1342.19,1325.99,1331.07,,,,
2019-06-17,1331.07,1339.08,1329.89,1333.28,,,,
2019-06-18,1333.28,1363.45,1333.28,1356.19,,,,
2019-06-19,1356.19,1365.22,1351.85,1362.09,,,,
2019-06-20,1362.09,1386.09,1362.09,1381.59,,,,
2019-06-21,1381.59,1386.77,1374.7,1375.25,,,,
2019-06-24,1375.25,1382.07,1375.25,1377.33,,,,
2019-06-25,1377.33,1378.18,1350.71,1352.02,,,,
2019-06-26,1352.02,1376.07,1352.02,1366.8,,,,
2019-06-27,1366.8,1375.1,1366.8,1370.6,,,,
2019-06-28,1370.6,1376.06,1365.99,1372.56,,,,
2019-07-01,1372.56,1403.19,1372.56,1392.41,,,,
2019-07-02,1392.41,1396.47,1388.19,1396.41,,,,
2019-07-03,1396.41,1405.9,1395.9,1405.88,,,,
2019-07-05,1405.88,1405.88,1389.5,1403.17,,,,
2019-07-08,1403.17,1403.17,1386.14,1392.92,,,,
2019-07-09,1392.92,1398.24,1384.75,1397.3,,,,
2019-07-10,1397.3,1416.42,1397.3,1408.51,,,,
2019-07-11,1408.51,1418.96,1408.51,1413.28,,,,
2019-07-12,1413.28,1424.8,1413.28,1424.52,,,,
2019-07-15,1424.52,1430.49,1424.52,1428.79,,,,
2019-07-16,1428.79,1428.79,1412.97,1415.8,,,,
2019-07-17,1415.8,1421.05,1411.46,1411.65,,,,
2019-07-18,1411.65,1424.27,1408.21,1423.02,,,,
2019-07-19,1423.02,1435.35,1414.82,1415.14,,,,
2019-07-22,1415.14,1435.63,1415.14,1432.44,,,,
2019-07-23,1432.44,1440.44,1429.67,1440.39,,,,
2019-07-24,1440.39,1452.77,1439.84,1452.75,,,,
2019-07-25,1452.75,1452.75,1438.81,1441.26,,,,
2019-07-26,1441.26,1452.4,1441.26,1449.31,,,,
2019-07-29,1449.31,1451.04,1437.37,1448.58,,,,
2019-07-30,1448.58,1448.58,1435.47,1438.48,,,,
2019-07-31,1438.48,1448.28,1402.9,1417.35,,,,
2019-08-01,1417.35,1449.61,1403.17,1409.78,,,,
2019-08-02,1409.78,1409.78,1374.5,1386.07,,,,
2019-08-05,1386.07,1386.07,1318.64,1329.68,,,,
2019-08-06,1329.68,1355.65,1329.68,1351.07,,,,
2019-08-07,1351.07,1362.92,1328.5,1359.7,,,,
2019-08-08,1359.7,1392.39,1359.7,1392.17,,,,
2019-08-09,1392.17,1392.17,1365.24,1374.82,,,,
2019-08-12,1374.82,1374.82,1351.53,1357.6,,,,
2019-08-13,1357.6,1396.48,1353.6,1391.09,,,,
2019-08-14,1391.09,1391.09,1344.59,1347.85,,,,
2019-08-15,1347.85,1351.92,1334.32,1345.34,,,,
2019-08-16,1345.34,1373.78,1345.34,1370.62,,,,
2019-08-19,1370.62,1395.77,1370.62,1391.95,,,,
2019-08-20,1391.95,1396.71,1384.46,1384.62,,,,
2019-08-21,1384.62,1404.4,1384.62,1400.95,,,,
2019-08-22,1400.95,1407.51,1385.35,1397.29,,,,
2019-08-23,1397.29,1402.59,1346.04,1351.11,,,,
2019-08-26,1351.11,1370.52,1351.11,1369.95,,,,
2019-08-27,1369.95,1381.22,1360.35,1368.12,,,,
2019-08-28,1368.12,1371.35,1351.2,1369.42,,,,
2019-08-29,1369.42,1397.06,1369.42,1393.07,,,,
2019-08-30,1393.07,1403.15,1382.79,1393.25,,,,
2019-09-03,1393.25,1393.25,1370.63,1375.65,,,,
2019-09-04,1375.65,1399.64,1375.65,1399.16,,,,
2019-09-05,1399.16,1433.89,1399.16,1428.93,,,,
2019-09-06,1428.93,1432.04,1423.64,1426.76,,,,
2019-09-09,1426.76,1434.01,1408.87,1416.49,,,,
2019-09-10,1416.49,1416.49,1393.24,1409.53,,,,
2019-09-11,1409.53,1423.78,1409.53,1423.77,,,,
2019-09-12,1423.77,1442.61,1423.77,1430.86,,,,
2019-09-13,1430.86,1430.86,1419.3,1421.26,,,,
2019-09-16,1421.26,1421.26,1409.16,1417.4,,,,
2019-09-17,1417.4,1422.88,1415.07,1422.34,,,,
2019-09-18,1422.34,1423.62,1403.63,1423.27,,,,
2019-09-19,1423.27,1438.75,1423.27,1426.3,,,,
2019-09-20,1426.3,1430.55,1406.35,1410.34,,,,
2019-09-23,1410.34,1417.65,1406.46,1413.57,,,,
2019-09-24,1413.57,1428.18,1393.92,1399.08,,,,
2019-09-25,1399.08,1420.11,1385.28,1416.42,,,,
2019-09-26,1416.42,1422.81,1407.18,1416.98,,,,
2019-09-27,1416.98,1421.02,1388.66,1398.82,,,,
2019-09-30,1398.82,1417.05,1398.82,1413.36,,,,
2019-10-01,1413.36,1429.37,1400.41,1401.34,,,,
2019-10-02,1401.34,1401.34,1364.14,1373.62,,,,
2019-10-03,1373.62,1391.15,1356.38,1390.61,,,,
2019-10-04,1390.61,1415.3,1390.61,1414.4,,,,
2019-10-07,1414.4,1419.05,1406.72,1407.63,,,,
2019-10-08,1407.63,1407.63,1381.98,1382.07,,,,
2019-10-09,1382.07,1407.23,1382.07,1402.13,,,,
2019-10-10,1402.13,1417.25,1400.14,1411.07,,,,
2019-10-11,1411.07,1443.94,1411.07,1432.11,,,,
2019-10-14,1432.11,1436.64,1429.86,1430.66,,,,
2019-10-15,1430.66,1449.79,1430.66,1446.46,,,,
2019-10-16,1446.46,1446.46,1431.06,1436.23,,,,
2019-10-17,1436.23,1444.87,1426,1432.88,,,,
2019-10-18,1432.88,1433.56,1410.93,1419.82,,,,
2019-10-21,1419.82,1435.42,1419.82,1434.96,,,,
2019-10-22,1434.96,1442.75,1414.83,1415.29,,,,
2019-10-23,1415.29,1417.06,1408.43,1417.01,,,,
2019-10-24,1417.01,1438.77,1417.01,1438,,,,
2019-10-25,1438,1456.67,1437.37,1455.22,,,,
2019-10-28,1455.22,1474.29,1455.22,1473.62,,,,
2019-10-29,1473.62,1475.08,1459.77,1460.08,,,,
2019-10-30,1460.08,1470.01,1455.38,1468.97,,,,
2019-10-31,1468.97,1472.55,1458.72,1467.2,,,,
2019-11-01,1467.2,1485.11,1467.2,1485.07,,,,
2019-11-04,1485.07,1497.93,1485.07,1493.2,,,,
2019-11-05,1493.2,1498.11,1486.45,1491.04,,,,
2019-11-06,1491.04,1491.34,1483.05,1490.83,,,,
2019-11-07,1490.83,1509.21,1490.83,1500.8,,,,
2019-11-08,1500.8,1509.6,1491.49,1509.6,,,,
2019-11-11,1509.6,1512.37,1499.44,1510.51,,,,
2019-11-12,1510.51,1520.87,1508.99,1514.87,,,,
2019-11-13,1514.87,1519.86,1509.14,1518.68,,,,
2019-11-14,1518.68,1518.68,1508.43,1516.68,,,,
2019-11-15,1516.68,1529.44,1516.68,1529.44,,,,
2019-11-18,1529.44,1535.77,1522.69,1533.31,,,,
2019-11-19,1533.31,1541.12,1531.05,1537.04,,,,
2019-11-20,1537.04,1537.04,1514.92,1525.92,,,,
2019-11-21,1525.92,1525.92,1515.28,1518.52,,,,
2019-11-22,1518.52,1525.24,1510.61,1516.67,,,,
2019-11-25,1516.67,1538.33,1516.67,1538.32,,,,
2019-11-26,1538.32,1543.59,1537.08,1539.37,,,,
2019-11-27,1539.37,1548.39,1539.37,1548.18,,,,
2019-11-29,1548.18,1548.18,1541.58,1542.98,,,,
2019-12-02,1542.98,1544.05,1515.42,1521.44,,,,
2019-12-03,1521.44,1521.44,1491.43,1508.54,,,,
2019-12-04,1508.54,1518.68,1508.54,1513.86,,,,
2019-12-05,1513.86,1521.07,1512.94,1519.77,,,,
2019-12-06,1519.77,1538.04,1519.77,1536.81,,,,
2019-12-09,1536.81,1538.99,1528.92,1529.38,,,,
2019-12-10,1529.38,1537.77,1526.13,1529.43,,,,
2019-12-11,1529.43,1541.08,1529.43,1540.24,,,,
2019-12-12,1540.24,1558.55,1531.91,1556.93,,,,
2019-12-13,1556.93,1570.1,1551.93,1566.91,,,,
2019-12-16,1566.91,1586.1,1566.91,1580.49,,,,
2019-12-17,1580.49,1583.32,1575,1577.8,,,,
2019-12-18,1577.8,1583,1576.73,1576.83,,,,
2019-12-19,1576.83,1588.25,1576.83,1588.02,,,,
2019-12-20,1588.02,1599,1588.02,1597.04,,,,
2019-12-23,1597.04,1605.6,1597.04,1601.86,,,,
2019-12-24,1601.86,1604.21,1598.74,1602.48,,,,
2019-12-26,1602.48,1614.42,1602.48,1614.34,,,,
2019-12-27,1614.34,1619.99,1610.12,1614.7,,,,
2019-12-30,1614.7,1614.7,1592.44,1605.15,,,,
2019-12-31,1605.15,1611.62,1597.34,1611.17,,,,
2020-01-02,1611.17,1639.52,1611.17,1639.12,,,,
2020-01-03,1639.12,1639.12,1615.88,1621.68,,,,
2020-01-06,1621.68,1626.65,1602.36,1626.38,,,,
2020-01-07,1626.38,1632.33,1622.3,1624.59,,,,
2020-01-08,1624.59,1648.45,1623.19,1641.38,,,,
2020-01-09,1641.38,1661.05,1641.38,1659.95,,,,
2020-01-10,1659.95,1669.58,1653.67,1656.82,,,,
2020-01-13,1656.82,1679.14,1656.82,1679.09,,,,
2020-01-14,1679.09,1680.91,1666.67,1669.08,,,,
2020-01-15,1669.08,1678.96,1665.42,1670.26,,,,
2020-01-16,1670.26,1693.84,1670.26,1693.66,,,,
2020-01-17,1693.66,1706.25,1692.41,1705.75,,,,
2020-01-21,1705.75,1714,1699.22,1704.33,,,,
2020-01-22,1704.33,1722.34,1704.33,1710.58,,,,
2020-01-23,1710.58,1719.25,1705.04,1718.85,,,,
2020-01-24,1718.85,1735.04,1704.53,1711.11,,,,
2020-01-27,1711.11,1711.11,1663.19,1670.68,,,,
2020-01-28,1670.68,1706.2,1670.68,1701.97,,,,
2020-01-29,1701.97,1717.89,1699.31,1705.61,,,,
2020-01-30,1705.61,1721.79,1695.16,1720.68,,,,
2020-01-31,1720.68,1720.68,1667.75,1673.91,,,,
2020-02-03,1673.91,1699.5,1672.6,1695.99,,,,
2020-02-04,1695.99,1743.57,1695.99,1740.06,,,,
2020-02-05,1740.06,1768.23,1737.53,1750.55,,,,
2020-02-06,1750.55,1766.15,1749.02,1766,,,,
2020-02-07,1766,1766,1744.77,1748.74,,,,
2020-02-10,1748.74,1772.48,1737.66,1772.36,,,,
2020-02-11,1772.36,1787.07,1760.87,1766.25,,,,
2020-02-12,1766.25,1785.89,1766.25,1785.01,,,,
2020-02-13,1785.01,1789.66,1768.69,1779.68,,,,
2020-02-14,1779.68,1790.99,1778.35,1788.47,,,,
2020-02-18,1788.47,1788.47,1771.83,1782.23,,,,
2020-02-19,1782.23,1804.18,1782.23,1801.61,,,,
2020-02-20,1801.61,1801.92,1758.95,1783.42,,,,
2020-02-21,1783.42,1783.42,1732.44,1743.28,,,,
2020-02-24,1743.28,1743.28,1645.5,1670.32,,,,
2020-02-25,1670.32,1691.16,1611.14,1617.18,,,,
2020-02-26,1617.18,1659.35,1612.17,1623.63,,,,
2020-02-27,1623.63,1623.63,1535.98,1537.12,,,,
2020-02-28,1537.12,1561.74,1476.16,1549.24,,,,
2020-03-02,1549.24,1638.07,1548.53,1637.61,,,,
2020-03-03,1637.61,1657.18,1559.63,1575.48,,,,
2020-03-04,1575.48,1643.86,1575.48,1642.98,,,,
2020-03-05,1642.98,1642.98,1581.03,1590.23,,,,
2020-03-06,1590.23,1590.23,1515.29,1557.93,,,,
2020-03-09,1557.93,1557.93,1439.12,1440.2,,,,
2020-03-10,1440.2,1535.75,1440.2,1535.19,,,,
2020-03-11,1535.19,1535.19,1441.72,1463,,,,
2020-03-12,1463,1463,1318.62,1319.1,,,,
2020-03-13,1319.1,1477.24,1319.1,1476.91,,,,
2020-03-16,1476.91,1476.91,1267.17,1271.4,,,,
2020-03-17,1271.4,1372.67,1260.05,1357.53,,,,
2020-03-18,1357.53,1357.53,1231.03,1295.22,,,,
2020-03-19,1295.22,1353.83,1263.3,1309.57,,,,
2020-03-20,1309.57,1348.11,1247.57,1251.66,,,,
2020-03-23,1251.66,1269.57,1198.68,1239.39,,,,
2020-03-24,1239.39,1367.1,1239.39,1367.1,,,,
2020-03-25,1367.1,1426.35,1337.94,1363.26,,,,
2020-03-26,1363.26,1451.83,1363.26,1449.82,,,,
2020-03-27,1449.82,1449.82,1381.08,1383.04,,,,
2020-03-30,1383.04,1443.74,1383.04,1441.6,,,,
2020-03-31,1441.6,1463.44,1406.88,1414.36,,,,
2020-04-01,1414.36,1414.36,1336.53,1347.68,,,,
2020-04-02,1347.68,1379.16,1336.53,1378.36,,,,
2020-04-03,1378.36,1386.05,1339.43,1355.6,,,,
2020-04-06,1355.6,1481.25,1355.6,1474.59,,,,
2020-04-07,1474.59,1523.81,1457.35,1458.93,,,,
2020-04-08,1458.93,1503.5,1458.93,1498.96,,,,
2020-04-09,1498.96,1523.2,1488.12,1499.2,,,,
2020-04-13,1499.2,1503.25,1471.42,1502.24,,,,
2020-04-14,1502.24,1566.3,1502.24,1564.86,,,,
2020-04-15,1564.86,1564.86,1519.06,1530.65,,,,
2020-04-16,1530.65,1552.76,1523.98,1549.67,,,,
2020-04-17,1549.67,1575.76,1547.35,1571,,,,
2020-04-20,1571,1571,1542.74,1542.96,,,,
2020-04-21,1542.96,1542.96,1470.85,1479.68,,,,
2020-04-22,1479.68,1543.79,1479.68,1536.93,,,,
2020-04-23,1536.93,1557.62,1525.2,1526.34,,,,
2020-04-24,1526.34,1558.5,1523.03,1558.5,,,,
2020-04-27,1558.5,1577.29,1558.5,1572.69,,,,
2020-04-28,1572.69,1593.2,1549.21,1550.58,,,,
2020-04-29,1550.58,1620.23,1550.58,1615.98,,,,
2020-04-30,1615.98,1616.63,1595.83,1608.6,,,,
2020-05-01,1608.6,1608.6,1557,1561.7,,,,
2020-05-04,1561.7,1584.91,1549.08,1583.92,,,,
2020-05-05,1583.92,1626.13,1583.92,1606.48,,,,
2020-05-06,1606.48,1633.37,1606.48,1617.93,,,,
2020-05-07,1617.93,1651.01,1617.93,1642.45,,,,
2020-05-08,1642.45,1665.73,1642.45,1665.4,,,,
2020-05-11,1665.4,1685.88,1650.51,1676.99,,,,
2020-05-12,1676.99,1687.82,1640.56,1641.18,,,,
2020-05-13,1641.18,1654.55,1592.13,1613.48,,,,
2020-05-14,1613.48,1634.17,1584.61,1633.76,,,,
2020-05-15,1633.76,1642.14,1603.25,1640.66,,,,
2020-05-18,1640.66,1691.65,1640.66,1682.71,,,,
2020-05-19,1682.71,1701.91,1675.36,1675.91,,,,
2020-05-20,1675.91,1714.69,1675.91,1711.36,,,,
2020-05-21,1711.36,1715.12,1686.68,1687.43,,,,
2020-05-22,1687.43,1695.49,1678.38,1694.51,,,,
2020-05-26,1694.51,1728.34,1690.74,1692.53,,,,
2020-05-27,1692.53,1702.2,1656.28,1701.7,,,,
2020-05-28,1701.7,1729.36,1694.19,1698.42,,,,
2020-05-29,1698.42,1723.5,1689.88,1718.49,,,,
2020-06-01,1718.49,1722.69,1704.48,1718.87,,,,
2020-06-02,1718.87,1735.27,1706.64,1734.98,,,,
2020-06-03,1734.98,1753.65,1734.98,1749.28,,,,
2020-06-04,1749.28,1754.05,1724.84,1734.58,,,,
2020-06-05,1734.58,1785.16,1734.58,1781.2,,,,
2020-06-08,1781.2,1789.48,1760.74,1789.21,,,,
2020-06-09,1789.21,1806.18,1778.22,1797.81,,,,
2020-06-10,1797.81,1841.01,1797.81,1828.24,,,,
2020-06-11,1828.24,1828.24,1721.74,1721.96,,,,
2020-06-12,1721.96,1776.84,1714.51,1745.11,,,,
2020-06-15,1745.11,1768.96,1707.65,1760.27,,,,
2020-06-16,1760.27,1814.42,1760.27,1798.25,,,,
2020-06-17,1798.25,1815.55,1796.45,1798.83,,,,
2020-06-18,1798.83,1808.64,1792.85,1807.54,,,,
2020-06-19,1807.54,1830.37,1785.68,1793.72,,,,
2020-06-22,1793.72,1829.15,1793.72,1828.33,,,,
2020-06-23,1828.33,1861.71,1828.33,1841.13,,,,
2020-06-24,1841.13,1843.66,1789.85,1798.92,,,,
2020-06-25,1798.92,1824.22,1783.33,1822.34,,,,
2020-06-26,1822.34,1822.34,1781.54,1785.68,,,,
2020-06-29,1785.68,1806.19,1765.23,1805.46,,,,
2020-06-30,1805.46,1845.78,1804.97,1840.1,,,,
2020-07-01,1840.1,1852.32,1831.51,1842.03,,,,
2020-07-02,1842.03,1868.68,1842.03,1851.33,,,,
2020-07-06,1851.33,1893.33,1851.33,1884.7,,,,
2020-07-07,1884.7,1901.24,1863.01,1864.78,,,,
2020-07-08,1864.78,1894.95,1864.78,1894.65,,,,
2020-07-09,1894.65,1910.57,1875.34,1901.82,,,,
2020-07-10,1901.82,1902.12,1879.27,1901.29,,,,
2020-07-13,1901.29,1930.13,1857.4,1860.98,,,,
2020-07-14,1860.98,1885.88,1827.72,1883.27,,,,
2020-07-15,1883.27,1909.43,1871.41,1893.25,,,,
2020-07-16,1893.25,1893.25,1855.72,1870.12,,,,
2020-07-17,1870.12,1884.23,1862.43,1879.14,,,,
2020-07-20,1879.14,1930.94,1874.39,1927.66,,,,
2020-07-21,1927.66,1939.94,1901.34,1907.19,,,,
2020-07-22,1907.19,1929.23,1907.19,1922.98,,,,
2020-07-23,1922.98,1925.66,1865.22,1872.42,,,,
2020-07-24,1872.42,1872.42,1821.03,1850.21,,,,
2020-07-27,1850.21,1881.52,1850.21,1880.04,,,,
2020-07-28,1880.04,1880.04,1856.6,1857.09,,,,
2020-07-29,1857.09,1889.68,1857.09,1884.94,,,,
2020-07-30,1884.94,1896.14,1857.76,1894.94,,,,
2020-07-31,1894.94,1942.8,1893.97,1942.39,,,,
2020-08-03,1942.39,1996.31,1942.39,1990.72,,,,
2020-08-04,1990.72,1995.3,1977.97,1995.05,,,,
2020-08-05,1995.05,2007.26,1993.13,2002.02,,,,
2020-08-06,2002.02,2032.58,1996.57,2031.17,,,,
2020-08-07,2031.17,2031.17,1983.85,1999.45,,,,
2020-08-10,1999.45,2006.41,1967.04,1992.87,,,,
2020-08-11,1992.87,1995.43,1953.72,1957.33,,,,
2020-08-12,1957.33,2006.9,1957.33,2002.61,,,,
2020-08-13,2002.61,2019.59,1995.86,2003.46,,,,
2020-08-14,2003.46,2006.92,1990.46,2001.52,,,,
2020-08-17,2001.52,2019.43,2001.52,2014.98,,,,
2020-08-18,2014.98,2027.87,2005.63,2022.92,,,,
2020-08-19,2022.92,2035.47,2015.51,2017.41,,,,
2020-08-20,2017.41,2049.84,2009.52,2046.41,,,,
2020-08-21,2046.41,2073.99,2046.41,2071.21,,,,
2020-08-24,2071.21,2102.37,2071.21,2089.28,,,,
2020-08-25,2089.28,2100.99,2082.19,2100.18,,,,
2020-08-26,2100.18,2148.72,2100.18,2143.23,,,,
2020-08-27,2143.23,2161.58,2125.55,2143.83,,,,
2020-08-28,2143.83,2170.28,2143.83,2164.42,,,,
2020-08-31,2164.42,2184.51,2158.6,2172.2,,,,
2020-09-01,2172.2,2214.3,2172.2,2212.54,,,,
2020-09-02,2212.54,2239.9,2192.43,2232.92,,,,
2020-09-03,2232.92,2232.92,2086.78,2102.78,,,,
2020-09-04,2102.78,2122.09,1986.23,2074.52,,,,
2020-09-08,2074.52,2074.52,1977.1,1979.28,,,,
2020-09-09,1979.28,2065.35,1979.28,2045.52,,,,
2020-09-10,2045.52,2075.48,1987.21,1998.97,,,,
2020-09-11,1998.97,2024.67,1958.81,1983.99,,,,
2020-09-14,1983.99,2036.14,1983.99,2025.09,,,,
2020-09-15,2025.09,2059.59,2025.09,2045.28,,,,
2020-09-16,2045.28,2056.26,2012.56,2013.4,,,,
2020-09-17,2013.4,2013.4,1965.84,1996.42,,,,
2020-09-18,1996.42,2003.8,1938.76,1963.28,,,,
2020-09-21,1963.28,1978.49,1920.32,1978.14,,,,
2020-09-22,1978.14,2014.83,1967.07,2010.71,,,,
2020-09-23,2010.71,2012.75,1941.03,1946.14,,,,
2020-09-24,1946.14,1982.15,1926.25,1958.17,,,,
2020-09-25,1958.17,2010.66,1947.2,2005.16,,,,
2020-09-28,2005.16,2043.16,2005.16,2042.32,,,,
2020-09-29,2042.32,2049.09,2032.41,2036.1,,,,
2020-09-30,2036.1,2074.33,2034.66,2054.56,,,,
2020-10-01,2054.56,2084.38,2054.56,2074.28,,,,
2020-10-02,2074.28,2074.28,2014.33,2021.4,,,,
2020-10-05,2021.4,2067.51,2021.4,2067.19,,,,
2020-10-06,2067.19,2080.88,2027.78,2034.23,,,,
2020-10-07,2034.23,2075.5,2034.23,2072.75,,,,
2020-10-08,2072.75,2089.77,2072.75,2082,,,,
2020-10-09,2082,2114.21,2082,2114.08,,,,
2020-10-12,2114.08,2185.89,2114.08,2171.48,,,,
2020-10-13,2171.48,2182.71,2149.79,2157.82,,,,
2020-10-14,2157.82,2174.54,2130.2,2146,,,,
2020-10-15,2146,2146,2106.24,2136.47,,,,
2020-10-16,2136.47,2156.86,2129.66,2130.53,,,,
2020-10-19,2130.53,2149.67,2085.41,2090.58,,,,
2020-10-20,2090.58,2120.55,2085.99,2098.58,,,,
2020-10-21,2098.58,2115.38,2091.36,2095.83,,,,
2020-10-22,2095.83,2103.01,2062.1,2085.95,,,,
2020-10-23,2085.95,2087.25,2066.29,2083.46,,,,
2020-10-26,2083.46,2083.46,2013.4,2038.32,,,,
2020-10-27,2038.32,2056.78,2037.31,2048.93,,,,
2020-10-28,2048.93,2048.93,1958.46,1960.21,,,,
2020-10-29,1960.21,2016.86,1960.21,1997.33,,,,
2020-10-30,1997.33,1997.33,1927.64,1948.66,,,,
2020-11-02,1948.66,1980.52,1936.11,1955.34,,,,
2020-11-03,1955.34,2006.37,1955.34,1990.56,,,,
2020-11-04,1990.56,2081.73,1990.56,2066.85,,,,
2020-11-05,2068.79,2136.53,2068.79,2131.38,,,,
2020-11-06,2131.38,2143.44,2096.04,2137.67,,,,
2020-11-09,2137.67,2202.54,2119.51,2122.07,,,,
2020-11-10,2122.07,2122.07,2065.17,2080.98,,,,
2020-11-11,2080.98,2136.77,2080.98,2131.23,,,,
2020-11-12,2131.23,2141.34,2102.76,2111.15,,,,
2020-11-13,2111.15,2134.29,2108.33,2129.22,,,,
2020-11-16,2129.22,2154.36,2125.13,2150.03,,,,
2020-11-17,2150.03,2150.03,2129.87,2138.21,,,,
2020-11-18,2138.21,2143.91,2113.89,2114.41,,,,
2020-11-19,2114.41,2135.1,2100.8,2132.07,,,,
2020-11-20,2132.07,2134.22,2109.33,2109.68,,,,
2020-11-23,2109.68,2129.8,2091.35,2108.98,,,,
2020-11-24,2108.98,2142.28,2101.9,2138.19,,,,
2020-11-25,2138.19,2151.86,2135.27,2142.99,,,,
2020-11-27,2142.99,2163.47,2142.99,2153.93,,,,
2020-11-30,2153.93,2171.36,2130.03,2168.1,,,,
2020-12-01,2168.1,2208.66,2168.1,2198.66,,,,
2020-12-02,2198.66,2198.66,2171.2,2193.89,,,,
2020-12-03,2193.89,2206.86,2186,2191.59,,,,
2020-12-04,2191.59,2213.9,2190.65,2213.9,,,,
2020-12-07,2213.9,2226.57,2211.22,2219.75,,,,
2020-12-08,2219.75,2234.14,2208.58,2227.42,,,,
2020-12-09,2227.42,2232.72,2176.96,2185.6,,,,
2020-12-10,2185.6,2197.75,2166.69,2187.2,,,,
2020-12-11,2187.2,2187.2,2158.34,2182.24,,,,
2020-12-14,2182.24,2210.23,2182.24,2191.24,,,,
2020-12-15,2191.24,2226.81,2191.24,2226.54,,,,
2020-12-16,2226.54,2250.14,2223.07,2243.06,,,,
2020-12-17,2243.06,2265.24,2243.06,2259.84,,,,
2020-12-18,2259.84,2263.66,2237.59,2252.06,,,,
2020-12-21,2252.06,2255.1,2203.77,2253.7,,,,
2020-12-22,2253.7,2283.94,2253.7,2273.06,,,,
2020-12-23,2273.06,2278.07,2253.19,2253.78,,,,
2020-12-24,2253.78,2277.13,2253.78,2270.6,,,,
2020-12-28,2270.6,2301.84,2270.6,2296.98,,,,
2020-12-29,2296.98,2313.35,2282.35,2284.97,,,,
2020-12-30,2284.97,2299.55,2281.99,2284.47,,,,
2020-12-31,2284.47,2294.56,2269.87,2291.28,,,,
2021-01-04,2291.28,2300.85,2220.93,2250.17,,,,
2021-01-05,2250.17,2268.59,2244.71,2265.93,,,,
2021-01-06,2265.93,2269.01,2218.8,2225.02,,,,
2021-01-07,2225.02,2289.77,2225.02,2283.97,,,,
2021-01-08,2283.97,2306.48,2274.41,2301.17,,,,
2021-01-11,2301.17,2301.17,2272.2,2279.54,,,,
2021-01-12,2279.54,2281.02,2248.48,2269.84,,,,
2021-01-13,2269.84,2291.89,2268.96,2284.59,,,,
2021-01-14,2284.59,2294.74,2261.19,2262.98,,,,
2021-01-15,2262.98,2271.65,2237.11,2240.95,,,,
2021-01-19,2240.95,2273.71,2240.95,2270.25,,,,
2021-01-20,2270.25,2323.52,2270.25,2316.03,,,,
2021-01-21,2316.03,2354.15,2316.03,2346.56,,,,
2021-01-22,2346.56,2349.5,2332.2,2339.12,,,,
2021-01-25,2339.12,2374.76,2301.47,2359.62,,,,
2021-01-26,2359.62,2371.23,2351.38,2359.81,,,,
2021-01-27,2359.81,2359.81,2295.35,2314.41,,,,
2021-01-28,2314.41,2363.68,2314.41,2324.9,,,,
2021-01-29,2324.9,2324.9,2256.2,2269.12,,,,
2021-02-01,2269.12,2336.37,2269.12,2326.07,,,,
2021-02-02,2326.07,2362.87,2326.07,2355.9,,,,
2021-02-03,2355.9,2365.97,2341.95,2348.81,,,,
2021-02-04,2348.81,2385.81,2348.81,2385.11,,,,
2021-02-05,2385.11,2391.43,2372.96,2379.86,,,,
2021-02-08,2379.86,2404.74,2379.86,2404.56,,,,
2021-02-09,2404.56,2412.04,2396.84,2399.97,,,,
2021-02-10,2399.97,2413.01,2377.62,2396.35,,,,
2021-02-11,2396.35,2424.09,2396.35,2422.53,,,,
2021-02-12,2422.53,2436.12,2410.38,2434.51,,,,
2021-02-16,2434.51,2446.74,2420.33,2427.32,,,,
2021-02-17,2427.32,2427.32,2379.9,2402.23,,,,
2021-02-18,2402.23,2402.23,2361.13,2391.35,,,,
2021-02-19,2391.35,2405.7,2377.62,2387.76,,,,
2021-02-22,2387.76,2387.76,2333.59,2333.91,,,,
2021-02-23,2333.91,2342.74,2255.8,2328.11,,,,
2021-02-24,2328.11,2364.94,2293.07,2363.21,,,,
2021-02-25,2363.21,2363.21,2270.6,2279.75,,,,
2021-02-26,2279.75,2328.1,2273.16,2293.4,,,,
2021-03-01,2294.28,2368.43,2294.28,2366.28,,,,
2021-03-02,2366.28,2372.27,2326.16,2327.66,,,,
2021-03-03,2327.66,2327.66,2268.62,2269.8,,,,
2021-03-04,2269.8,2280.01,2193.06,2218.58,,,,
2021-03-05,2218.58,2268.24,2188.2,2262.26,,,,
2021-03-08,2262.26,2270,2204.86,2206.54,,,,
2021-03-09,2206.54,2295.86,2206.54,2281.79,,,,
2021-03-10,2281.79,2306.45,2270.92,2272.6,,,,
2021-03-11,2272.6,2334.96,2272.6,2320.84,,,,
2021-03-12,2320.84,2320.84,2278.87,2304.26,,,,
2021-03-15,2304.26,2330.81,2297.56,2329.81,,,,
2021-03-16,2329.81,2369.59,2329.81,2348.18,,,,
2021-03-17,2348.18,2358.84,2310.59,2345.57,,,,
2021-03-18,2345.57,2345.57,2277.22,2278.82,,,,
2021-03-19,2278.82,2289.69,2261.9,2273.14,,,,
2021-03-22,2273.14,2328.05,2273.14,2317.03,,,,
2021-03-23,2317.03,2333.23,2296.16,2302.31,,,,
2021-03-24,2302.31,2316.54,2274.22,2274.52,,,,
2021-03-25,2274.52,2283.04,2244.09,2272.9,,,,
2021-03-26,2272.9,2333.28,2271.75,2330.55,,,,
2021-03-29,2330.55,2330.76,2301.66,2318.63,,,,
2021-03-30,2318.63,2318.63,2283.28,2296.68,,,,
2021-03-31,2296.68,2347.55,2296.68,2331.06,,,,
2021-04-01,2331.06,2380.7,2331.06,2380.03,,,,
2021-04-05,2380.03,2433.08,2380.03,2428.22,,,,
2021-04-06,2428.22,2433.06,2411.76,2418.97,,,,
2021-04-07,2418.97,2435.98,2409.27,2432,,,,
2021-04-08,2432,2466.81,2432,2466.55,,,,
2021-04-09,2466.55,2491.36,2453.7,2490.99,,,,
2021-04-12,2490.99,2490.99,2466.67,2478.92,,,,
2021-04-13,2478.92,2503.73,2478.92,2502.59,,,,
2021-04-14,2502.59,2502.71,2470.61,2473.92,,,,
2021-04-15,2473.92,2519.6,2473.92,2518.1,,,,
2021-04-16,2518.1,2522.43,2507.04,2517.31,,,,
2021-04-19,2517.31,2517.57,2481.72,2495.17,,,,
2021-04-20,2495.17,2501.69,2460.88,2474.25,,,,
2021-04-21,2474.25,2500.1,2463.14,2499.55,,,,
2021-04-22,2499.55,2505.37,2459.08,2470.15,,,,
2021-04-23,2470.15,2514.69,2470.15,2505.73,,,,
2021-04-26,2505.73,2522.14,2505.73,2519.85,,,,
2021-04-27,2519.85,2526.49,2505.33,2512.93,,,,
2021-04-28,2512.93,2512.93,2484.35,2488.74,,,,
2021-04-29,2488.74,2513.2,2462.94,2488.11,,,,
2021-04-30,2488.11,2488.11,2448.2,2452.63,,,,
2021-05-03,2452.63,2471.87,2440.99,2447.34,,,,
2021-05-04,2447.34,2447.34,2376.39,2401.03,,,,
2021-05-05,2401.03,2425.69,2393.02,2397.11,,,,
2021-05-06,2397.11,2422.05,2378.76,2421.4,,,,
2021-05-07,2421.4,2454.63,2421.4,2440.35,,,,
2021-05-10,2440.35,2440.35,2378.48,2378.5,,,,
2021-05-11,2378.5,2378.5,2328.24,2372.72,,,,
2021-05-12,2372.72,2372.72,2298.8,2304.75,,,,
2021-05-13,2304.75,2355.98,2304.75,2336.43,,,,
2021-05-14,2336.43,2394.8,2336.43,2386,,,,
2021-05-17,2386,2386,2347.95,2369.29,,,,
2021-05-18,2369.29,2380.86,2348.9,2349.97,,,,
2021-05-19,2349.97,2358.76,2310.62,2357.73,,,,
2021-05-20,2357.73,2410.34,2357.73,2401.75,,,,
2021-05-21,2401.75,2416.49,2387.16,2389.19,,,,
2021-05-24,2389.19,2439.98,2389.19,2431.21,,,,
2021-05-25,2431.21,2446.54,2426.97,2432.67,,,,
2021-05-26,2432.67,2442.18,2424.5,2432.35,,,,
2021-05-27,2432.35,2439.84,2419.5,2419.57,,,,
2021-05-28,2419.57,2442,2419.57,2426.93,,,,
2021-06-01,2426.93,2441.51,2412.09,2416.65,,,,
2021-06-02,2416.65,2442.02,2416.65,2431.7,,,,
2021-06-03,2431.7,2431.7,2395.44,2409.45,,,,
2021-06-04,2409.45,2458.99,2409.45,2455.64,,,,
2021-06-07,2455.64,2458.54,2443.69,2455.23,,,,
2021-06-08,2455.23,2477.46,2449.23,2455.77,,,,
2021-06-09,2455.77,2471.66,2455.77,2457.32,,,,
2021-06-10,2457.32,2481.39,2454.25,2475.69,,,,
2021-06-11,2475.69,2489.61,2475.69,2489.51,,,,
2021-06-14,2489.51,2515.56,2482.89,2515.43,,,,
2021-06-15,2515.43,2515.43,2495.54,2499.34,,,,
2021-06-16,2499.34,2509.24,2462.04,2486.31,,,,
2021-06-17,2486.31,2525.2,2480.35,2515.35,,,,
2021-06-18,2515.35,2515.35,2489.28,2491.85,,,,
2021-06-21,2491.85,2519.74,2477.37,2518.44,,,,
2021-06-22,2518.44,2542.6,2514.62,2540.85,,,,
2021-06-23,2540.85,2547.31,2533.16,2537.96,,,,
2021-06-24,2537.96,2562.09,2537.96,2554.32,,,,
2021-06-25,2554.32,2558.54,2547.58,2550.53,,,,
2021-06-28,2550.53,2581.19,2550.53,2578.82,,,,
2021-06-29,2578.82,2598.24,2573.9,2596.96,,,,
2021-06-30,2596.96,2600.11,2586.46,2594.48,,,,
2021-07-01,2594.48,2597.6,2581.4,2597.15,,,,
2021-07-02,2597.15,2635.05,2597.15,2633.26,,,,
2021-07-06,2633.26,2654.81,2617.08,2642.88,,,,
2021-07-07,2642.88,2662.69,2636,2655.92,,,,
2021-07-08,2655.92,2655.92,2603.22,2631.41,,,,
2021-07-09,2631.41,2658.14,2625.31,2656.39,,,,
2021-07-12,2656.39,2667.7,2649.62,2657.52,,,,
2021-07-13,2657.52,2688.01,2651.8,2669.19,,,,
2021-07-14,2669.19,2701.58,2669.19,2688.7,,,,
2021-07-15,2688.7,2688.7,2652.05,2666.05,,,,
2021-07-16,2666.05,2684.08,2637.47,2640.2,,,,
2021-07-19,2640.2,2640.2,2588.79,2603.45,,,,
2021-07-20,2603.45,2656.7,2601.78,2641.78,,,,
2021-07-21,2641.78,2667.78,2637.46,2667.76,,,,
2021-07-22,2667.76,2689.2,2667.76,2686.75,,,,
2021-07-23,2686.75,2714.66,2686.75,2713.4,,,,
2021-07-26,2713.4,2717.13,2696.95,2712.79,,,,
2021-07-27,2712.79,2712.79,2652.87,2685.52,,,,
2021-07-28,2685.52,2696.98,2658.29,2682.96,,,,
2021-07-29,2682.96,2704.88,2681.71,2695.8,,,,
2021-07-30,2695.8,2696.77,2679.4,2693.55,,,,
2021-08-02,2693.55,2710.42,2681.15,2683.64,,,,
2021-08-03,2683.64,2703.07,2668.03,2702.04,,,,
2021-08-04,2702.04,2713.72,2691.18,2707.3,,,,
2021-08-05,2707.3,2722.51,2704.24,2721.95,,,,
2021-08-06,2721.95,2721.95,2710.92,2718.65,,,,
2021-08-09,2718.65,2726.97,2707.13,2709.19,,,,
2021-08-10,2709.19,2717.32,2682.54,2689.5,,,,
2021-08-11,2689.5,2704.12,2676.58,2690.18,,,,
2021-08-12,2690.18,2707.2,2676.76,2705.92,,,,
2021-08-13,2705.92,2720.78,2705.25,2720.61,,,,
2021-08-16,2720.61,2732.91,2691.45,2732.56,,,,
2021-08-17,2732.56,2732.56,2693.34,2708.75,,,,
2021-08-18,2708.75,2714.58,2668.45,2671.14,,,,
2021-08-19,2671.14,2707.39,2654.14,2697.52,,,,
2021-08-20,2697.52,2734.47,2697.52,2732.56,,,,
2021-08-23,2732.56,2771.5,2732.56,2767.4,,,,
2021-08-24,2767.4,2773.96,2762.07,2763.92,,,,
2021-08-25,2763.92,2778.12,2758.34,2762.41,,,,
2021-08-26,2762.41,2764.35,2743.3,2745.17,,,,
2021-08-27,2745.17,2773.77,2743.53,2771.73,,,,
2021-08-30,2771.73,2804.71,2771.73,2801.93,,,,
2021-08-31,2801.93,2803.63,2782.24,2786.1,,,,
2021-09-01,2786.1,2808.28,2785.31,2786.8,,,,
2021-09-02,2786.8,2801.33,2773.37,2785.42,,,,
2021-09-03,2785.42,2802.98,2782.8,2796.12,,,,
2021-09-07,2796.12,2802.36,2783.08,2796.87,,,,
2021-09-08,2796.87,2796.87,2765.9,2785.51,,,,
2021-09-09,2785.51,2796.7,2772.59,2773.73,,,,
2021-09-10,2773.73,2797.2,2744.61,2746.4,,,,
2021-09-13,2746.4,2775.12,2730.26,2747.36,,,,
2021-09-14,2747.36,2765.06,2737.49,2743.59,,,,
2021-09-15,2743.59,2770.83,2738.86,2767.95,,,,
2021-09-16,2767.95,2772.88,2741.98,2769.71,,,,
2021-09-17,2769.71,2769.71,2723.31,2727.69,,,,
2021-09-20,2727.69,2727.69,2641.64,2676.94,,,,
2021-09-21,2676.94,2699.68,2667.85,2677.79,,,,
2021-09-22,2677.79,2724.91,2677.79,2715.18,,,,
2021-09-23,2715.18,2757.63,2715.18,2751.76,,,,
2021-09-24,2751.76,2757.66,2733.75,2753.59,,,,
2021-09-27,2753.59,2753.59,2709.8,2725.85,,,,
2021-09-28,2725.85,2725.85,2643.45,2644.49,,,,
2021-09-29,2644.49,2669.72,2637.84,2641.79,,,,
2021-09-30,2641.79,2668.84,2623.82,2623.83,,,,
2021-10-01,2623.83,2668.32,2606.68,2661.54,,,,
2021-10-04,2661.54,2661.54,2580.26,2598.62,,,,
2021-10-05,2598.62,2652.47,2598.62,2636.51,,,,
2021-10-06,2636.51,2656.79,2599.13,2654.6,,,,
2021-10-07,2654.6,2699.69,2654.6,2678.88,,,,
2021-10-08,2678.88,2691.21,2664.69,2668.53,,,,
2021-10-11,2668.53,2689.67,2653.4,2654.4,,,,
2021-10-12,2654.4,2667.51,2636.29,2640.88,,,,
2021-10-13,2640.88,2661.68,2634.94,2655.83,,,,
2021-10-14,2655.83,2717.65,2655.83,2716.44,,,,
2021-10-15,2716.44,2738.49,2716.44,2737.93,,,,
2021-10-18,2737.93,2762.75,2715.95,2761.19,,,,
2021-10-19,2761.19,2788.9,2761.19,2788.02,,,,
2021-10-20,2788.02,2794.81,2769.07,2780.01,,,,
2021-10-21,2780.01,2793.27,2767.19,2791.32,,,,
2021-10-22,2791.32,2802.3,2770.88,2782.04,,,,
2021-10-25,2782.04,2801.29,2780.87,2791.25,,,,
2021-10-26,2791.25,2822,2791.25,2800.29,,,,
2021-10-27,2800.29,2818.13,2794.72,2795.01,,,,
2021-10-28,2795.01,2826.89,2795.01,2824.63,,,,
2021-10-29,2824.63,2838.24,2794.64,2836.88,,,,
2021-11-01,2836.88,2838.1,2818.65,2834.68,,,,
2021-11-02,2834.68,2864.39,2834.68,2857.8,,,,
2021-11-03,2857.8,2879.8,2845.92,2874.92,,,,
2021-11-04,2873.59,2925.87,2873.59,2919.07,,,,
2021-11-05,2919.07,2949.06,2914.89,2931.66,,,,
2021-11-08,2931.66,2953.54,2931.66,2948.56,,,,
2021-11-09,2948.56,2956.14,2921.5,2935.91,,,,
2021-11-10,2935.91,2935.91,2879.09,2886.7,,,,
2021-11-11,2886.7,2909.66,2886.7,2901.95,,,,
2021-11-12,2901.95,2940.99,2901.95,2936.35,,,,
2021-11-15,2936.35,2952.29,2917.05,2932.98,,,,
2021-11-16,2932.98,2968.54,2928.21,2964.47,,,,
2021-11-17,2964.47,2972.74,2945.21,2952.82,,,,
2021-11-18,2952.82,2987.63,2950.1,2982.98,,,,
2021-11-19,2982.98,3016.48,2982.98,3005.82,,,,
2021-11-22,3005.82,3056.89,2970.59,2971.41,,,,
2021-11-23,2971.41,2974.08,2927.64,2965.28,,,,
2021-11-24,2965.28,2986.86,2933.09,2986.29,,,,
2021-11-26,2986.29,2986.29,2900.24,2908.63,,,,
2021-11-29,2908.63,2992.29,2908.63,2985.41,,,,
2021-11-30,2985.41,2999.98,2934.91,2956.85,,,,
2021-12-01,2956.85,3013.29,2917.69,2919.73,,,,
2021-12-02,2919.73,2959.09,2886.12,2944.32,,,,
2021-12-03,2944.32,2963.15,2860.99,2895.73,,,,
2021-12-06,2895.73,2932.69,2876.07,2923.9,,,,
2021-12-07,2923.9,3029.72,2923.9,3026.4,,,,
2021-12-08,3026.4,3041.84,3007.48,3039.91,,,,
2021-12-09,3039.91,3051.97,3004.19,3006.64,,,,
2021-12-10,3006.64,3071.04,3006.64,3068.89,,,,
2021-12-13,3068.89,3079.53,3017.45,3019.14,,,,
2021-12-14,3019.14,3019.14,2936.23,2969.58,,,,
2021-12-15,2969.58,3054.18,2947.78,3051.33,,,,
2021-12-16,3051.33,3065.72,2947.32,2963.95,,,,
2021-12-17,2963.95,2972.64,2916.53,2944.89,,,,
2021-12-20,2944.89,2944.89,2888.67,2908.72,,,,
2021-12-21,2908.72,2987.1,2908.72,2984.39,,,,
2021-12-22,2984.39,3025.57,2972.58,3024.05,,,,
2021-12-23,3024.05,3052.53,3024.05,3041.12,,,,
2021-12-27,3041.12,3107.63,3041.12,3107.46,,,,
2021-12-28,3107.46,3113.22,3082.37,3089.1,,,,
2021-12-29,3089.1,3103.61,3075.39,3091.36,,,,
2021-12-30,3091.36,3104.17,3067.56,3070.42,,,,
2021-12-31,3070.42,3075.8,3054.92,3055.45,,,,
2022-01-03,3055.45,3089.2,3048.95,3086.75,,,,
2022-01-04,3086.75,3094.44,3028.1,3051.48,,,,
2022-01-05,3051.48,3051.48,2955.44,2955.98,,,,
2022-01-06,2955.98,2971.89,2923.2,2941.73,,,,
2022-01-07,2941.73,2954.66,2894.98,2912.02,,,,
2022-01-10,2912.02,2918.4,2831.35,2915,,,,
2022-01-11,2915,2953.93,2886.43,2950.3,,,,
2022-01-12,2950.3,2992.6,2949.57,2963.15,,,,
2022-01-13,2963.15,2987.95,2878.34,2884.6,,,,
2022-01-14,2884.6,2911.86,2867.78,2910.17,,,,
2022-01-18,2910.17,2910.17,2832.61,2837.84,,,,
2022-01-19,2837.84,2884.79,2796.46,2798.88,,,,
2022-01-20,2798.88,2855.82,2759,2761.65,,,,
2022-01-21,2761.65,2787.4,2708.19,2708.3,,,,
2022-01-24,2708.3,2721.65,2563.2,2717.3,,,,
2022-01-25,2717.3,2717.3,2627.33,2653.82,,,,
2022-01-26,2653.82,2760.56,2643.73,2672.96,,,,
2022-01-27,2672.96,2731.15,2645.31,2654.5,,,,
2022-01-28,2654.5,2769.74,2646.87,2769.57,,,,
2022-01-31,2769.57,2844.49,2759.19,2843.88,,,,
2022-02-01,2843.88,2853.23,2807.11,2850.67,,,,
2022-02-02,2850.67,2877.15,2835.7,2873.87,,,,
2022-02-03,2873.87,2873.87,2780.45,2785.75,,,,
2022-02-04,2785.75,2823,2760.83,2798.95,,,,
2022-02-07,2798.95,2818.07,2770.73,2780.55,,,,
2022-02-08,2780.55,2823.41,2765.46,2816.01,,,,
2022-02-09,2816.01,2881,2816.01,2880.99,,,,
2022-02-10,2880.99,2880.99,2790.22,2801.71,,,,
2022-02-11,2801.71,2819.63,2706.29,2717.49,,,,
2022-02-14,2717.49,2738.48,2684.78,2716.6,,,,
2022-02-15,2716.6,2792.09,2716.6,2790.9,,,,
2022-02-16,2790.9,2795.95,2740.52,2786.05,,,,
2022-02-17,2786.05,2786.05,2695.99,2700.67,,,,
2022-02-18,2700.67,2715.02,2651.71,2670.94,,,,
2022-02-22,2670.94,2689.28,2618.44,2647.4,,,,
2022-02-23,2647.4,2682.55,2577.73,2579.56,,,,
2022-02-24,2579.56,2671.09,2483.22,2668.97,,,,
2022-02-25,2668.97,2706.29,2641.32,2705.5,,,,
2022-02-28,2705.5,2712.7,2655.5,2701.15,,,,
2022-03-01,2701.15,2704.82,2626.63,2647.28,,,,
2022-03-02,2647.28,2715.7,2646.16,2705.23,,,,
2022-03-03,2705.23,2726.22,2659.09,2671.6,,,,
2022-03-04,2671.6,2671.6,2603.66,2623.96,,,,
2022-03-07,2623.96,2633.09,2525.54,2526.92,,,,
2022-03-08,2526.92,2593.41,2478.58,2516.12,,,,
2022-03-09,2516.12,2627.51,2516.12,2616.32,,,,
2022-03-10,2616.32,2616.32,2530.84,2570.38,,,,
2022-03-11,2570.38,2594.69,2521.08,2524.09,,,,
2022-03-14,2524.09,2540,2469.78,2476.22,,,,
2022-03-15,2476.22,2566.46,2476.22,2561.1,,,,
2022-03-16,2561.1,2646.78,2554.03,2646.17,,,,
2022-03-17,2646.17,2664.43,2617.81,2664.42,,,,
2022-03-18,2664.42,2726.99,2644.22,2722.71,,,,
2022-03-21,2722.71,2732.14,2681.56,2717.9,,,,
2022-03-22,2717.9,2771.28,2716.52,2756.55,,,,
2022-03-23,2756.55,2757.47,2712.77,2715.11,,,,
2022-03-24,2715.11,2788.89,2715.11,2788.63,,,,
2022-03-25,2788.63,2796.28,2752,2786.1,,,,
2022-03-28,2786.1,2820.53,2766.8,2820.35,,,,
2022-03-29,2820.35,2881.44,2820.35,2878.53,,,,
2022-03-30,2878.53,2878.53,2825.11,2839.31,,,,
2022-03-31,2839.31,2845.05,2794.05,2794.08,,,,
2022-04-01,2794.08,2806.21,2757.21,2789.45,,,,
2022-04-04,2790.5,2843.31,2790.5,2842.79,,,,
2022-04-05,2842.79,2842.79,2772.73,2780.5,,,,
2022-04-06,2780.5,2780.5,2689.89,2709.72,,,,
2022-04-07,2709.72,2735.28,2679.25,2716,,,,
2022-04-08,2716,2716,2672.42,2677.04,,,,
2022-04-11,2677.04,2677.04,2604.91,2607.31,,,,
2022-04-12,2607.31,2660.5,2587.27,2598.1,,,,
2022-04-13,2598.1,2647.91,2590.1,2639.45,,,,
2022-04-14,2639.45,2647.9,2572.91,2574.88,,,,
2022-04-18,2574.88,2599.22,2561.34,2583.12,,,,
2022-04-19,2583.12,2635.73,2567.14,2630.64,,,,
2022-04-20,2630.64,2663.34,2619.53,2627.16,,,,
2022-04-21,2627.16,2678.08,2574.23,2581.78,,,,
2022-04-22,2581.78,2594.27,2506.16,2509.65,,,,
2022-04-25,2509.65,2548.36,2482.66,2545.76,,,,
2022-04-26,2545.76,2545.76,2450.9,2451.28,,,,
2022-04-27,2451.28,2532.96,2451.28,2484.58,,,,
2022-04-28,2484.58,2600.77,2484.58,2584.89,,,,
2022-04-29,2584.89,2588.8,2473.61,2478,,,,
2022-05-02,2478,2518.84,2447.12,2516.69,,,,
2022-05-03,2516.69,2535.82,2497.43,2521.23,,,,
2022-05-04,2521.23,2614.54,2488.98,2609.8,,,,
2022-05-05,2609.8,2609.8,2452.66,2481.2,,,,
2022-05-06,2481.2,2501.92,2424.62,2461.48,,,,
2022-05-09,2461.48,2461.48,2354.66,2364.58,,,,
2022-05-10,2364.58,2435.82,2364.58,2401.85,,,,
2022-05-11,2401.85,2424.42,2316.23,2322.64,,,,
2022-05-12,2322.64,2330.84,2243,2296.19,,,,
2022-05-13,2296.19,2386.82,2296.19,2375.29,,,,
2022-05-16,2375.29,2384.98,2334.04,2353.7,,,,
2022-05-17,2353.7,2425.62,2353.7,2422.23,,,,
2022-05-18,2422.23,2422.23,2300.66,2307.39,,,,
2022-05-19,2307.39,2322.3,2273.05,2282.62,,,,
2022-05-20,2282.62,2319.79,2215.19,2285.75,,,,
2022-05-23,2285.75,2343.06,2285.75,2339.85,,,,
2022-05-24,2339.85,2339.85,2263.89,2303.19,,,,
2022-05-25,2303.19,2348.64,2288.03,2331.05,,,,
2022-05-26,2331.05,2397.92,2310.12,2388.15,,,,
2022-05-27,2388.15,2470.47,2388.15,2470.27,,,,
2022-05-31,2470.27,2477,2428.41,2452.89,,,,
2022-06-01,2452.89,2495.47,2426.74,2444.75,,,,
2022-06-02,2444.75,2504.69,2417.94,2504.39,,,,
2022-06-03,2504.39,2504.39,2431.22,2442.38,,,,
2022-06-06,2442.38,2488.98,2430.95,2443.41,,,,
2022-06-07,2443.41,2477.33,2411.96,2473.11,,,,
2022-06-08,2473.11,2478.15,2438.7,2445.63,,,,
2022-06-09,2445.63,2450.42,2378.51,2379,,,,
2022-06-10,2379,2379,2286.06,2286.44,,,,
2022-06-13,2286.44,2286.44,2176.83,2184.29,,,,
2022-06-14,2184.29,2213.11,2177.75,2197.85,,,,
2022-06-15,2197.85,2278.24,2196.59,2245.56,,,,
2022-06-16,2245.56,2245.56,2136.25,2153.2,,,,
2022-06-17,2153.2,2194.3,2139.38,2174.44,,,,
2022-06-21,2174.44,2244.9,2174.44,2229.58,,,,
2022-06-22,2229.58,2250.4,2200.45,2220.43,,,,
2022-06-23,2220.43,2257,2218.14,2252.33,,,,
2022-06-24,2252.33,2334.08,2252.33,2332.79,,,,
2022-06-27,2332.79,2348.15,2308.28,2317.98,,,,
2022-06-28,2317.98,2342.95,2247.37,2248.29,,,,
2022-06-29,2248.29,2266.08,2228.31,2252.87,,,,
2022-06-30,2252.87,2252.87,2188.19,2222.96,,,,
2022-07-01,2222.96,2230.16,2190.7,2228.5,,,,
2022-07-05,2228.5,2256.75,2186.14,2256.15,,,,
2022-07-06,2256.15,2294.05,2250.61,2276.11,,,,
2022-07-07,2276.11,2328.05,2276.11,2323.08,,,,
2022-07-08,2323.08,2331.57,2292.02,2324.75,,,,
2022-07-11,2324.75,2324.75,2276.41,2291.69,,,,
2022-07-12,2291.69,2313.8,2248.61,2261.05,,,,
2022-07-13,2261.05,2269.27,2210.77,2256.1,,,,
2022-07-14,2256.1,2284.48,2209.26,2276.99,,,,
2022-07-15,2276.99,2317.41,2276.99,2317.03,,,,
2022-07-18,2319.8,2347.3,2285.84,2293.23,,,,
2022-07-19,2293.23,2365.68,2293.23,2363.75,,,,
2022-07-20,2363.75,2410.19,2358.46,2400.58,,,,
2022-07-21,2400.58,2434.61,2378.76,2434.35,,,,
2022-07-22,2434.35,2442.2,2387.13,2400.75,,,,
2022-07-25,2400.75,2400.75,2368.92,2386.04,,,,
2022-07-26,2386.04,2386.04,2338.93,2348.25,,,,
2022-07-27,2348.25,2459.29,2348.25,2449.09,,,,
2022-07-28,2449.09,2490.21,2428.9,2484.18,,,,
2022-07-29,2484.18,2529.56,2482.61,2522.61,,,,
2022-08-01,2522.61,2543.09,2495.5,2517.48,,,,
2022-08-02,2517.48,2528.54,2479.16,2500.01,,,,
2022-08-03,2500.01,2573.92,2500.01,2567.28,,,,
2022-08-04,2567.28,2578.93,2549.4,2577.94,,,,
2022-08-05,2577.94,2578,2536.94,2571.77,,,,
2022-08-08,2571.77,2588.81,2535.8,2549.16,,,,
2022-08-09,2549.16,2549.16,2510.72,2523.61,,,,
2022-08-10,2523.61,2594.57,2523.61,2593.6,,,,
2022-08-11,2593.6,2624.02,2578.13,2581.05,,,,
2022-08-12,2581.05,2634.6,2581.05,2634.59,,,,
2022-08-15,2634.59,2654.38,2623.63,2651.08,,,,
2022-08-16,2651.08,2656.22,2619.45,2643.49,,,,
2022-08-17,2643.49,2644.55,2605.86,2624.87,,,,
2022-08-18,2624.87,2648.06,2617.2,2637.8,,,,
2022-08-19,2637.8,2637.8,2584.45,2589.56,,,,
2022-08-22,2589.56,2589.56,2511.98,2517.54,,,,
2022-08-23,2517.54,2537.83,2507.98,2511.16,,,,
2022-08-24,2511.16,2523.06,2499.32,2512.16,,,,
2022-08-25,2512.16,2555.11,2512.16,2554.27,,,,
2022-08-26,2554.27,2559.81,2444.86,2444.95,,,,
2022-08-29,2444.95,2444.95,2404.63,2413.74,,,,
2022-08-30,2413.74,2430.35,2367.44,2387.7,,,,
2022-08-31,2387.7,2409.95,2364.34,2364.72,,,,
2022-09-01,2364.72,2364.72,2304.77,2353.44,,,,
2022-09-02,2353.44,2391.51,2311.27,2323.07,,,,
2022-09-06,2323.07,2336.08,2293.38,2307.3,,,,
2022-09-07,2307.3,2353.84,2305.2,2344.04,,,,
2022-09-08,2344.04,2363.7,2317.22,2351.97,,,,
2022-09-09,2351.97,2404.07,2351.97,2398.39,,,,
2022-09-12,2398.39,2439.11,2398.39,2437.6,,,,
2022-09-13,2437.6,2437.6,2301.64,2307.27,,,,
2022-09-14,2307.27,2332.86,2294.44,2317.38,,,,
2022-09-15,2317.38,2317.38,2249.76,2262.4,,,,
2022-09-16,2262.4,2262.4,2218.35,2251.62,,,,
2022-09-19,2251.62,2271.71,2228.67,2270.06,,,,
2022-09-20,2270.06,2272.8,2239.09,2258.58,,,,
2022-09-21,2258.58,2301.43,2222.15,2222.38,,,,
2022-09-22,2222.38,2223.81,2187.37,2200.51,,,,
2022-09-23,2200.51,2200.51,2143.07,2170.76,,,,
2022-09-26,2170.76,2201.22,2150.74,2156.27,,,,
2022-09-27,2156.27,2205.51,2140.38,2161,,,,
2022-09-28,2161,2191.45,2127.03,2180.9,,,,
2022-09-29,2180.9,2180.9,2097.18,2121.09,,,,
2022-09-30,2121.09,2144.3,2079.36,2079.85,,,,
2022-10-03,2079.85,2157.35,2079.85,2145.31,,,,
2022-10-04,2145.31,2217.97,2145.31,2216.14,,,,
2022-10-05,2216.14,2238.8,2173.76,2224.09,,,,
2022-10-06,2224.09,2240.66,2202.88,2205.13,,,,
2022-10-07,2205.13,2205.13,2103.51,2113.92,,,,
2022-10-10,2113.92,2117.04,2060.06,2080.96,,,,
2022-10-11,2080.96,2082.96,2034.12,2049.38,,,,
2022-10-12,2049.38,2062.99,2039.79,2042.38,,,,
2022-10-13,2042.38,2116.44,1980.53,2106.03,,,,
2022-10-14,2106.03,2127.1,2043.32,2045.59,,,,
2022-10-17,2045.59,2118.52,2045.59,2108.81,,,,
2022-10-18,2108.81,2169.64,2099.95,2126.34,,,,
2022-10-19,2126.34,2141.37,2099.72,2120.82,,,,
2022-10-20,2120.82,2167.05,2111.39,2122.21,,,,
2022-10-21,2122.21,2183,2110.93,2178.4,,,,
2022-10-24,2178.4,2216.82,2161.06,2208.42,,,,
2022-10-25,2208.42,2252.63,2208.42,2251.11,,,,
2022-10-26,2251.11,2251.11,2192.64,2200.83,,,,
2022-10-27,2200.83,2221.05,2169.51,2173.33,,,,
2022-10-28,2173.33,2276.16,2173.33,2271.63,,,,
2022-10-31,2271.63,2271.63,2228.13,2241.13,,,,
2022-11-01,2241.13,2272.04,2211.93,2221.76,,,,
2022-11-02,2221.76,2246.67,2144.15,2144.63,,,,
2022-11-03,2144.63,2144.63,2079.12,2080.35,,,,
2022-11-04,2080.35,2126.18,2066.72,2115.17,,,,
2022-11-07,2115.25,2153.38,2103.65,2149.86,,,,
2022-11-08,2149.86,2195.88,2138.56,2169.59,,,,
2022-11-09,2169.59,2169.59,2109.61,2112.06,,,,
2022-11-10,2137.63,2289.07,2137.63,2287.95,,,,
2022-11-11,2287.95,2333.49,2272.79,2327.4,,,,
2022-11-14,2327.4,2334.86,2295.17,2304.92,,,,
2022-11-15,2304.92,2368.89,2304.92,2333.42,,,,
2022-11-16,2333.42,2333.42,2291.68,2299.69,,,,
2022-11-17,2299.69,2315.53,2264.77,2304.62,,,,
2022-11-18,2304.62,2330.3,2289.23,2307.6,,,,
2022-11-21,2307.6,2307.6,2277.71,2281.53,,,,
2022-11-22,2281.53,2327.17,2275.62,2325.53,,,,
2022-11-23,2325.53,2353.27,2319.3,2345.86,,,,
2022-11-25,2345.86,2345.86,2324.47,2330.19,,,,
2022-11-28,2330.19,2330.19,2272.07,2280.52,,,,
2022-11-29,2280.52,2284.63,2249.28,2258.28,,,,
2022-11-30,2258.28,2371.98,2255.47,2371.98,,,,
2022-12-01,2371.98,2384.7,2345.14,2373.66,,,,
2022-12-02,2373.66,2373.66,2325.69,2360.62,,,,
2022-12-05,2360.62,2360.62,2307.12,2321.54,,,,
2022-12-06,2321.54,2322.82,2257.24,2271.92,,,,
2022-12-07,2271.92,2276.76,2244.25,2260.23,,,,
2022-12-08,2260.23,2302.64,2258.88,2296.23,,,,
2022-12-09,2296.23,2314.77,2274.42,2281.8,,,,
2022-12-12,2281.68,2331.59,2281.68,2331.38,,,,
2022-12-13,2331.38,2427.78,2331.38,2357.99,,,,
2022-12-14,2357.99,2383.15,2312.26,2337.75,,,,
2022-12-15,2337.75,2337.75,2241.85,2249.46,,,,
2022-12-16,2249.46,2254.83,2208.94,2220.93,,,,
2022-12-19,2220.93,2223.06,2175.27,2189.5,,,,
2022-12-20,2189.5,2203.9,2167.49,2192.93,,,,
2022-12-21,2192.93,2239.51,2192.93,2229.68,,,,
2022-12-22,2229.68,2229.68,2136.86,2173.04,,,,
2022-12-23,2173.04,2177.38,2142.25,2175.54,,,,
2022-12-27,2175.54,2175.54,2142.32,2154.38,,,,
2022-12-28,2154.38,2168.62,2117.18,2118.97,,,,
2022-12-29,2118.97,2181.61,2118.97,2174.9,,,,
2022-12-30,2174.9,2174.9,2139.42,2172.17,,,,
2023-01-03,2172.17,2209.32,2135.55,2150.31,,,,
2023-01-04,2150.31,2169.94,2131.9,2155.82,,,,
2023-01-05,2155.82,2155.82,2110.4,2113.63,,,,
2023-01-06,2113.63,2185.86,2108.95,2176.86,,,,
2023-01-09,2176.86,2241.43,2176.86,2200.61,,,,
2023-01-10,2200.61,2217.39,2184.12,2214.13,,,,
2023-01-11,2214.13,2253.08,2214.13,2252.98,,,,
2023-01-12,2252.98,2279.56,2229.61,2269.26,,,,
2023-01-13,2269.26,2279.21,2242.75,2276.98,,,,
2023-01-17,2276.98,2300.24,2270.75,2286.94,,,,
2023-01-18,2286.94,2312.4,2256.22,2257.62,,,,
2023-01-19,2257.62,2257.62,2223.47,2231.84,,,,
2023-01-20,2231.84,2292.98,2231.84,2292.54,,,,
2023-01-23,2292.54,2357.53,2292.54,2344.75,,,,
2023-01-24,2344.75,2351.11,2326.69,2343.86,,,,
2023-01-25,2343.86,2344.18,2282.8,2337.67,,,,
2023-01-26,2337.67,2376.49,2337.65,2375.4,,,,
2023-01-27,2375.4,2402.84,2361.08,2385.9,,,,
2023-01-30,2385.9,2385.9,2338.29,2339.64,,,,
2023-01-31,2339.64,2373.44,2339.15,2373.29,,,,
2023-02-01,2373.29,2446.53,2360.53,2427.67,,,,
2023-02-02,2427.67,2508.15,2427.67,2495.25,,,,
2023-02-03,2495.25,2515.43,2450.42,2475.27,,,,
2023-02-06,2475.27,2475.27,2436.17,2445,,,,
2023-02-07,2445,2514.46,2445,2505.26,,,,
2023-02-08,2505.26,2523.36,2469.87,2473.94,,,,
2023-02-09,2473.94,2516.28,2451.36,2461.49,,,,
2023-02-10,2461.49,2461.49,2425.89,2448.02,,,,
2023-02-13,2448.02,2496.45,2448.02,2491.47,,,,
2023-02-14,2491.47,2514.87,2464.46,2502.34,,,,
2023-02-15,2502.34,2512.41,2480.25,2511.94,,,,
2023-02-16,2511.94,2511.94,2467.08,2467.9,,,,
2023-02-17,2467.9,2467.9,2416.73,2438.44,,,,
2023-02-21,2438.44,2438.44,2378.07,2379.85,,,,
2023-02-22,2379.85,2395.36,2365.58,2376.46,,,,
2023-02-23,2376.46,2423.91,2376.46,2415.19,,,,
2023-02-24,2415.19,2415.19,2358.89,2372.37,,,,
2023-02-27,2372.37,2407.73,2372.37,2384.73,,,,
2023-02-28,2384.73,2402.65,2373.63,2380.26,,,,
2023-03-01,2380.26,2383.65,2355.08,2360.87,,,,
2023-03-02,2360.87,2398.01,2351.42,2390.7,,,,
2023-03-03,2390.7,2442.56,2390.7,2441.83,,,,
2023-03-06,2441.83,2487.99,2441.83,2454.86,,,,
2023-03-07,2454.86,2461.79,2418.24,2423.82,,,,
2023-03-08,2423.82,2447.24,2419.95,2444.24,,,,
2023-03-09,2444.24,2475.03,2404.95,2408.92,,,,
2023-03-10,2408.92,2411.24,2357.69,2366.99,,,,
2023-03-13,2366.99,2412.28,2338.01,2380,,,,
2023-03-14,2380,2443.04,2380,2434.58,,,,
2023-03-15,2434.58,2438.4,2396.39,2435.24,,,,
2023-03-16,2434.78,2506.98,2419.64,2503.8,,,,
2023-03-17,2503.8,2529.64,2485.96,2500.96,,,,
2023-03-20,2500.96,2510.07,2476.2,2506.74,,,,
2023-03-21,2506.74,2531.63,2493.41,2527.62,,,,
2023-03-22,2527.62,2580.67,2504.23,2504.44,,,,
2023-03-23,2504.44,2579.43,2504.44,2545.76,,,,
2023-03-24,2545.76,2552.64,2520.51,2552.04,,,,
2023-03-27,2552.04,2563.63,2524.57,2530.32,,,,
2023-03-28,2530.32,2530.32,2495.36,2518.77,,,,
2023-03-29,2518.77,2576.49,2518.77,2571.52,,,,
2023-03-30,2571.52,2604.29,2571.52,2600.86,,,,
2023-03-31,2600.86,2640.91,2594.51,2638.98,,,,
2023-04-03,2638.98,2639.58,2610.96,2637.78,,,,
2023-04-04,2637.78,2648.81,2612.2,2622.43,,,,
2023-04-05,2614.99,2614.99,2571.38,2591.17,,,,
2023-04-06,2591.17,2611.6,2561.88,2608.75,,,,
2023-04-10,2608.75,2608.75,2565.11,2604.91,,,,
2023-04-11,2604.91,2604.91,2574.24,2578,,,,
2023-04-12,2578,2602.54,2558.57,2562.26,,,,
2023-04-13,2562.26,2616.27,2562.26,2612.33,,,,
2023-04-14,2612.33,2619.46,2576.44,2599.12,,,,
2023-04-17,2599.12,2613.85,2588.37,2609.33,,,,
2023-04-18,2609.33,2638.52,2608.4,2619.95,,,,
2023-04-19,2619.95,2620.27,2594.54,2616.53,,,,
2023-04-20,2616.53,2622.96,2584.9,2596.7,,,,
2023-04-21,2596.7,2596.7,2570.4,2587.05,,,,
2023-04-24,2587.05,2590.03,2556.14,2576.08,,,,
2023-04-25,2576.08,2576.08,2522.36,2522.36,,,,
2023-04-26,2522.36,2592.07,2522.36,2566.05,,,,
2023-04-27,2566.05,2623.43,2566.05,2621.78,,,,
2023-04-28,2622.16,2650.37,2618.83,2649.95,,,,
2023-05-01,2649.95,2667.04,2645.49,2654.81,,,,
2023-05-02,2654.81,2660.84,2617.21,2630.12,,,,
2023-05-03,2630.12,2650.49,2607.63,2608.26,,,,
2023-05-04,2608.26,2612.09,2585.43,2595.47,,,,
2023-05-05,2595.47,2674.37,2595.47,2665.88,,,,
2023-05-08,2665.88,2667.48,2647.33,2665.41,,,,
2023-05-09,2665.41,2665.41,2640.5,2642.62,,,,
2023-05-10,2642.62,2681.18,2642.62,2674.99,,,,
2023-05-11,2676.28,2676.28,2644.94,2662.98,,,,
2023-05-12,2662.98,2669.9,2636.47,2657.03,,,,
2023-05-15,2657.03,2677.29,2648.82,2676.65,,,,
2023-05-16,2676.65,2696.17,2674.53,2680.98,,,,
2023-05-17,2680.98,2718.79,2678.42,2715.38,,,,
2023-05-18,2715.38,2774.77,2715.38,2771.43,,,,
2023-05-19,2771.43,2776.1,2759.63,2768.34,,,,
2023-05-22,2768.34,2779.81,2755.44,2771.98,,,,
2023-05-23,2771.98,2771.98,2729.88,2730.44,,,,
2023-05-24,2730.44,2730.44,2697.18,2713.42,,,,
2023-05-25,2713.42,2845.76,2713.42,2834.06,,,,
2023-05-26,2834.06,2914.1,2834.06,2909.96,,,,
2023-05-30,2909.96,2970.16,2909.96,2928.21,,,,
2023-05-31,2928.21,2939.37,2896.25,2896.25,,,,
2023-06-01,2896.25,2945.46,2883.64,2934.83,,,,
2023-06-02,2934.83,2963.8,2929.48,2949.82,,,,
2023-06-05,2949.82,2970.28,2926.58,2933.3,,,,
2023-06-06,2933.3,2935.52,2911.09,2929.66,,,,
2023-06-07,2929.66,2948.02,2876.91,2882.29,,,,
2023-06-08,2882.29,2921.06,2882.29,2916.83,,,,
2023-06-09,2916.83,2960.19,2916.83,2930.38,,,,
2023-06-12,2930.38,2992.23,2930.38,2991.18,,,,
2023-06-13,2991.18,3023.2,2986.08,3012.51,,,,
2023-06-14,3012.51,3047.23,3001.09,3046.95,,,,
2023-06-15,3046.95,3100.09,3035.3,3085.83,,,,
2023-06-16,3085.83,3110.59,3058.65,3060.37,,,,
2023-06-20,3053.84,3065.25,3028.49,3046.87,,,,
2023-06-21,3046.87,3046.87,2990.96,3003.82,,,,
2023-06-22,3003.82,3031.77,2989.9,3031.52,,,,
2023-06-23,3031.52,3031.52,2985.32,2998.1,,,,
2023-06-26,2998.1,3025.54,2966.78,2967.11,,,,
2023-06-27,2967.11,3033.99,2967.11,3027.7,,,,
2023-06-28,3027.7,3045.6,3007.22,3026.94,,,,
2023-06-29,3026.94,3037.82,3014.76,3030.78,,,,
2023-06-30,3030.78,3091.54,3030.78,3085.84,,,,
2023-07-03,3085.84,3087.25,3064.19,3076.34,,,,
2023-07-05,3076.34,3084.57,3055.04,3059.1,,,,
2023-07-06,3059.1,3059.1,3021.32,3054.18,,,,
2023-07-07,3054.18,3078.74,3039.83,3040.87,,,,
2023-07-10,3040.87,3040.94,3011.99,3040.34,,,,
2023-07-11,3040.34,3048.82,3017.98,3046.22,,,,
2023-07-12,3046.22,3100.1,3046.22,3084.39,,,,
2023-07-13,3084.39,3136.9,3084.39,3130.5,,,,
2023-07-14,3130.5,3170.31,3116.42,3125.78,,,,
2023-07-17,3125.78,3174.65,3125.78,3167.43,,,,
2023-07-18,3167.43,3224.13,3142.83,3207.29,,,,
2023-07-19,3207.29,3230.58,3185.46,3198.51,,,,
2023-07-20,3198.51,3198.51,3123.13,3133.23,,,,
2023-07-21,3133.23,3166.3,3120.41,3123.42,,,,
2023-07-24,3123.42,3146.85,3118.79,3131.47,,,,
2023-07-25,3131.47,3180.22,3131.47,3168.67,,,,
2023-07-26,3168.67,3168.67,3105.09,3127.59,,,,
2023-07-27,3127.59,3180.16,3104.54,3117.01,,,,
2023-07-28,3117.01,3172.49,3117.01,3163.09,,,,
2023-07-31,3163.09,3172.48,3150.13,3167.14,,,,
2023-08-01,3167.14,3177.3,3147.3,3169.9,,,,
2023-08-02,3169.9,3169.9,3075.06,3087.76,,,,
2023-08-03,3087.76,3096.5,3063.11,3078,,,,
2023-08-04,3078,3084.21,3028.89,3032.02,,,,
2023-08-07,3032.02,3056.08,3016.63,3040.07,,,,
2023-08-08,3040.07,3040.07,2987.09,3016.48,,,,
2023-08-09,3016.48,3019.77,2960.21,2970.92,,,,
2023-08-10,2970.92,3020.62,2957.24,2971.24,,,,
2023-08-11,2971.24,2971.24,2934.57,2944.98,,,,
2023-08-14,2944.98,2999.71,2934.35,2999.57,,,,
2023-08-15,2999.57,3007.44,2966.85,2972.16,,,,
2023-08-16,2972.16,2984.18,2945.4,2945.89,,,,
2023-08-17,2945.89,2963.75,2911.61,2917.48,,,,
2023-08-18,2917.48,2932.65,2880.4,2920.74,,,,
2023-08-21,2920.74,2991.3,2920.74,2986.82,,,,
2023-08-22,2986.82,3016.64,2972.47,2979.6,,,,
2023-08-23,2979.6,3045.03,2979.6,3036.8,,,,
2023-08-24,3036.8,3079.98,2969.79,2971.45,,,,
2023-08-25,2971.45,3016.23,2950.51,2995.81,,,,
2023-08-28,2995.81,3024.19,2991.04,3020.2,,,,
2023-08-29,3020.2,3088.22,3008.64,3083.96,,,,
2023-08-30,3083.96,3115.31,3076.96,3109.67,,,,
2023-08-31,3109.67,3134.83,3109.67,3121.18,,,,
2023-09-01,3121.18,3146.64,3114.23,3128.21,,,,
2023-09-05,3128.21,3149.68,3110.38,3140.43,,,,
2023-09-06,3140.43,3140.43,3079.72,3097.26,,,,
2023-09-07,3097.26,3097.26,3021.99,3048.62,,,,
2023-09-08,3048.62,3076.08,3047.25,3054.92,,,,
2023-09-11,3054.92,3084.26,3040.83,3068.78,,,,
2023-09-12,3068.78,3068.78,3010.22,3015.2,,,,
2023-09-13,3015.2,3040.95,3005.94,3024.55,,,,
2023-09-14,3024.55,3052.89,3024.07,3045.82,,,,
2023-09-15,3045.82,3045.82,2978.67,2986.56,,,,
2023-09-18,2986.56,3010.44,2972.78,3000.66,,,,
2023-09-19,3000.66,3006.22,2970.77,2998.35,,,,
2023-09-20,2998.35,3008.83,2944.95,2945.2,,,,
2023-09-21,2945.2,2945.2,2899.96,2900.48,,,,
2023-09-22,2900.48,2936.17,2900.48,2908.04,,,,
2023-09-25,2908.04,2925.64,2893.84,2921.63,,,,
2023-09-26,2921.63,2921.63,2859.63,2869.64,,,,
2023-09-27,2869.64,2889.31,2844.67,2874.46,,,,
2023-09-28,2874.46,2912.98,2847.47,2894.2,,,,
2023-09-29,2894.2,2939.77,2894.2,2905.56,,,,
2023-10-02,2905.56,2951.9,2905.56,2944.16,,,,
2023-10-03,2944.16,2946.1,2875.93,2890.63,,,,
2023-10-04,2890.63,2933.81,2890.63,2926.8,,,,
2023-10-05,2926.8,2939.28,2898.72,2934.14,,,,
2023-10-06,2934.14,3002.43,2906.28,2991.1,,,,
2023-10-09,2991.1,3008.95,2955.55,3003.98,,,,
2023-10-10,3003.98,3032.64,2997.71,3008.59,,,,
2023-10-11,3008.59,3040.15,3008.59,3038.92,,,,
2023-10-12,3038.92,3072.37,3018.6,3042.1,,,,
2023-10-13,3042.1,3053.75,2986.76,2995.79,,,,
2023-10-16,2995.79,3037.4,2995.79,3025.03,,,,
2023-10-17,3025.03,3025.03,2953.34,3001.63,,,,
2023-10-18,3001.63,3001.63,2952.12,2964.73,,,,
2023-10-19,2964.73,3000.52,2946.57,2951.79,,,,
2023-10-20,2951.79,2952.7,2898.33,2901.99,,,,
2023-10-23,2901.99,2939.94,2869.8,2914.17,,,,
2023-10-24,2914.17,2938.91,2901.75,2934.84,,,,
2023-10-25,2934.84,2954.07,2892,2900.01,,,,
2023-10-26,2899.81,2915.38,2824.84,2837.05,,,,
2023-10-27,2859.63,2883.11,2841.35,2853.48,,,,
2023-10-30,2872.55,2899.93,2862.91,2887.42,,,,
2023-10-31,2885.32,2905.59,2858.91,2903.54,,,,
2023-11-01,2911.05,2967.23,2911.05,2963.95,,,,
2023-11-02,2995.09,3018.12,2987.69,3014.77,,,,
2023-11-03,3011.08,3060.22,3003.99,3048.66,,,,
2023-11-06,3052.78,3073.59,3045.82,3072.54,,,,
2023-11-07,3082.23,3115.66,3075.62,3105.82,,,,
2023-11-08,3115.15,3130.01,3104.47,3125.63,,,,
2023-11-09,3132.93,3156.79,3108.82,3113,,,,
2023-11-10,3134.02,3195.14,3128.32,3193.75,,,,
2023-11-13,3180.49,3185.59,3163.42,3176.59,,,,
2023-11-14,3225.56,3245.65,3215.13,3237.46,,,,
2023-11-15,3248.32,3253.13,3222.21,3234.96,,,,
2023-11-16,3233.09,3258.77,3226.91,3256.89,,,,
2023-11-17,3247.62,3260.67,3234.08,3247.72,,,,
2023-11-20,3252.12,3304.73,3252.12,3296.49,,,,
2023-11-21,3282.61,3287.24,3256.57,3268.99,,,,
2023-11-22,3289.61,3309.58,3266.16,3278.09,,,,
2023-11-24,3271.94,3275.58,3256.59,3267.66,,,,
2023-11-27,3264.48,3287.75,3258.33,3269.1,,,,
2023-11-28,3261.62,3284.26,3259.69,3275.35,,,,
2023-11-29,3300.47,3310.96,3273.15,3275.7,,,,
2023-11-30,3284.74,3290.18,3246.97,3273.08,,,,
2023-12-01,3266.8,3285.89,3248.09,3278.62,,,,
2023-12-04,3243.18,3243.78,3200.23,3235.71,,,,
2023-12-05,3224.09,3266.11,3223.14,3262.11,,,,
2023-12-06,3287.39,3287.39,3229.46,3231.75,,,,
2023-12-07,3246.83,3276.51,3241.98,3273.2,,,,
2023-12-08,3266.34,3304.77,3265.33,3302.74,,,,
2023-12-11,3285.85,3317.98,3281.43,3316.6,,,,
2023-12-12,3305.63,3344.07,3302.67,3344.07,,,,
2023-12-13,3350.91,3381.39,3345.43,3373.84,,,,
2023-12-14,3374.05,3387.79,3336.27,3362.37,,,,
2023-12-15,3364.45,3399.39,3364.02,3386.07,,,,
2023-12-18,3380.17,3402.27,3367.25,3395.14,,,,
2023-12-19,3390.68,3403.41,3385.39,3403.3,,,,
2023-12-20,3398.63,3412.83,3350.75,3350.76,,,,
2023-12-21,3383.46,3395.82,3358.15,3386.8,,,,
2023-12-22,3395.11,3400.02,3372.59,3388.11,,,,
2023-12-26,3394.3,3409.15,3393,3401.61,,,,
2023-12-27,3402.24,3407.99,3386.36,3402.42,,,,
2023-12-28,3415.46,3418.46,3404.87,3406.64,,,,
2023-12-29,3412.05,3417.18,3378.98,3397.16,,,,
2024-01-02,3349.14,3356.88,3287.56,3309.49,,,,
2024-01-03,3278.74,3298.66,3271.6,3275.73,,,,
2024-01-04,3257.66,3281.16,3252.47,3254.64,,,,
2024-01-05,3260.86,3287.18,3246.19,3259.48,,,,
2024-01-08,3276.97,3349.73,3274.35,3348.98,,,,
2024-01-09,3325.34,3367.27,3315.76,3357.51,,,,
2024-01-10,3362.53,3396.77,3355.8,3391.17,,,,
2024-01-11,3409.87,3426.33,3358.98,3406.05,,,,
2024-01-12,3413.05,3423.96,3400.36,3417.85,,,,
2024-01-16,3414.81,3444.59,3398.25,3431.18,,,,
2024-01-17,3407.45,3417.15,3374.41,3414.11,,,,
2024-01-18,3460.47,3486.02,3445.64,3483.46,,,,
2024-01-19,3507.89,3565.21,3498.23,3565.21,,,,
2024-01-22,3586.05,3600.51,3566.18,3578.97,,,,
2024-01-23,3580.39,3596.95,3560.29,3595.13,,,,
2024-01-24,3620.11,3662.11,3609.62,3622.84,,,,
2024-01-25,3658.19,3673.75,3618.84,3636.54,,,,
2024-01-26,3612.51,3630.7,3589.93,3598.29,,,,
2024-01-29,3601.96,3634.21,3597.16,3633.14,,,,
2024-01-30,3633.78,3641.03,3593.92,3606.16,,,,
2024-01-31,3569.63,3587.01,3529.92,3529.92,,,,
2024-02-01,3546.82,3583.26,3543.69,3578.75,,,,
2024-02-02,3557.1,3637.15,3555.49,3625.92,,,,
2024-02-05,3649.63,3655.66,3608.12,3647.11,,,,
2024-02-06,3652.02,3656.31,3601.04,3629.6,,,,
2024-02-07,3653.24,3681.92,3640.78,3681.64,,,,
2024-02-08,3685.95,3698.97,3680.32,3686.9,,,,
2024-02-09,3704.33,3744.18,3699.16,3742.2,,,,
2024-02-12,3743.38,3759.84,3706.71,3713.25,,,,
2024-02-13,3634.94,3684.44,3624.72,3655.37,,,,
2024-02-14,3682.75,3696.81,3653.29,3695.4,,,,
2024-02-15,3699.07,3699.07,3661.28,3679.31,,,,
2024-02-16,3694.45,3702.29,3645.34,3650.21,,,,
2024-02-20,3627.88,3638.91,3565.94,3603.96,,,,
2024-02-21,3563.9,3576.82,3539.61,3576.44,,,,
2024-02-22,3700.52,3736.66,3685.46,3731.98,,,,
2024-02-23,3763.42,3776.61,3708.47,3721.99,,,,
2024-02-26,3738.96,3751.26,3718.81,3723.21,,,,
2024-02-27,3730.34,3732.57,3698.8,3725.61,,,,
2024-02-28,3708.99,3718.07,3691.82,3705.1,,,,
2024-02-29,3727.71,3756.58,3704.41,3748.57,,,,
2024-03-01,3757.03,3819.04,3757.03,3815.25,,,,
2024-03-04,3812.5,3851.7,3806.33,3823.11,,,,
2024-03-05,3783.67,3790.49,3714.35,3739.56,,,,
2024-03-06,3782.28,3802.55,3746.83,3773.64,,,,
2024-03-07,3810.07,3852.85,3790.22,3844.99,,,,
2024-03-08,3858.56,3896.35,3770.73,3774.23,,,,
2024-03-11,3755.04,3779.4,3733.26,3760.03,,,,
2024-03-12,3803.09,3856.15,3762.15,3855.48,,,,
2024-03-13,3843.08,3843.08,3792.64,3813.85,,,,
2024-03-14,3825.8,3843.65,3786.88,3809.48,,,,
2024-03-15,3763.83,3782.3,3744.96,3760.29,,,,
2024-03-18,3803.29,3836.64,3774.11,3779.31,,,,
2024-03-19,3752.95,3809,3730.44,3803.42,,,,
2024-03-20,3808.27,3847.26,3788.69,3847.26,,,,
2024-03-21,3891.55,3891.55,3845.83,3852.51,,,,
2024-03-22,3850.56,3884.66,3841.39,3869.95,,,,
2024-03-25,3834.13,3871.25,3824.6,3849.92,,,,
2024-03-26,3865,3870.61,3820.46,3820.6,,,,
2024-03-27,3844.52,3846.14,3797.8,3825.31,,,,
2024-03-28,3815.19,3831.1,3805.62,3821.05,,,,
2024-04-01,3826.15,3855.16,3810.95,3829.66,,,,
2024-04-02,3781.05,3798.18,3756.63,3792.67,,,,
2024-04-03,3772.51,3822.33,3771.42,3796.72,,,,
2024-04-04,3837.23,3848.97,3731.12,3731.27,,,,
2024-04-05,3750.15,3800.17,3738.89,3782.91,,,,
2024-04-08,3788.4,3793.84,3760.57,3770.94,,,,
2024-04-09,3789.88,3794.02,3724.41,3776.8,,,,
2024-04-10,3733.08,3759.51,3728.81,3748.77,,,,
2024-04-11,3767.34,3842.22,3750.26,3837.39,,,,
2024-04-12,3794.2,3811.38,3761.62,3774.45,,,,
2024-04-15,3799.19,3809.23,3695.72,3699.34,,,,
2024-04-16,3703.32,3731.4,3693.98,3707.67,,,,
2024-04-17,3723.85,3733.05,3643.78,3644.27,,,,
2024-04-18,3648.8,3660.48,3606.98,3611.67,,,,
2024-04-19,3589.89,3605.48,3489.68,3500.44,,,,
2024-04-22,3533.1,3566.01,3496.77,3545.11,,,,
2024-04-23,3567.22,3611.24,3559.94,3605.8,,,,
2024-04-24,3640.69,3648.2,3592.7,3606.93,,,,
2024-04-25,3555.81,3622.28,3542.94,3612.39,,,,
2024-04-26,3650.22,3702.68,3635.95,3679.38,,,,
2024-04-29,3696.34,3699.97,3667.98,3692.53,,,,
2024-04-30,3681.97,3700.37,3612.18,3612.61,,,,
2024-05-01,3590.36,3647.72,3557.75,3567.13,,,,
2024-05-02,3616.85,3632.17,3569.62,3625.66,,,,
2024-05-03,3723.02,3749.83,3714.36,3734.81,,,,
2024-05-06,3748.6,3790.22,3744.39,3790.22,,,,
2024-05-07,3792.59,3799.06,3767.9,3770.16,,,,
2024-05-08,3753.02,3785.89,3752.12,3778.98,,,,
2024-05-09,3774.61,3777.33,3750.89,3769.4,,,,
2024-05-10,3791.41,3812.68,3772.75,3787.39,,,,
2024-05-13,3814.82,3819.37,3785.56,3805.54,,,,
2024-05-14,3800.52,3846.13,3795.32,3841.12,,,,
2024-05-15,3866.09,3931.33,3861.19,3929.19,,,,
2024-05-16,3934.61,3947.2,3914.54,3915.93,,,,
2024-05-17,3922.61,3926.62,3876.63,3897.2,,,,
2024-05-20,3905.47,3957.55,3904.03,3948.82,,,,
2024-05-21,3932.23,3965.98,3924.86,3961,,,,
2024-05-22,3973.62,3979.65,3935.74,3963.79,,,,
2024-05-23,4039.99,4043.63,3967.27,3986.1,,,,
2024-05-24,3997,4034.21,3979.92,4031.15,,,,
2024-05-28,4071.57,4097.65,4051.19,4086.66,,,,
2024-05-29,4050.15,4089.58,4045.81,4072.06,,,,
2024-05-30,4040.29,4045.46,3960.56,3972.26,,,,
2024-05-31,3990.87,3994.42,3887.67,3972.21,,,,
2024-06-03,4020.5,4022.47,3959.82,4011.24,,,,
2024-06-04,4013.41,4032.35,3988.06,4027.75,,,,
2024-06-05,4065.1,4135.56,4058.92,4135.56,,,,
2024-06-06,4146.44,4157.7,4097.91,4116.19,,,,
2024-06-07,4107.41,4142.1,4092.87,4124.37,,,,
2024-06-10,4113.88,4151.37,4097.59,4136.26,,,,
2024-06-11,4130.52,4204.82,4127.1,4204.76,,,,
2024-06-12,4249.04,4351.97,4243.55,4308.34,,,,
2024-06-13,4371.45,4380.89,4331.85,4367,,,,
2024-06-14,4364.14,4395.14,4349.97,4389.32,,,,
2024-06-17,4409.15,4465.15,4383.73,4441.29,,,,
2024-06-18,4451.65,4477.98,4438.19,4468.4,,,,
2024-06-20,4507.44,4507.44,4378.92,4397.08,,,,
2024-06-21,4371.49,4411.64,4341.51,4360.22,,,,
2024-06-24,4327.07,4348.13,4269.92,4269.92,,,,
2024-06-25,4300.32,4351.98,4286.62,4346.46,,,,
2024-06-26,4349.69,4374.96,4329.6,4362.61,,,,
2024-06-27,4354.98,4385.94,4343.37,4359.81,,,,
2024-06-28,4376.88,4429.17,4338.8,4341.09,,,,
2024-07-01,4351.61,4401.79,4298.8,4397.51,,,,
2024-07-02,4362.5,4421.72,4360.92,4421.05,,,,
2024-07-03,4413.42,4486.31,4410.93,4486.31,,,,
2024-07-05,4485.16,4523.14,4476.84,4508.13,,,,
2024-07-08,4521.21,4543.93,4509.47,4540.78,,,,
2024-07-09,4560.74,4578.69,4517.9,4542.49,,,,
2024-07-10,4572.94,4617.67,4555.29,4616.32,,,,
2024-07-11,4614.43,4614.43,4476.5,4489.82,,,,
2024-07-12,4503.2,4578.16,4493.79,4531.21,,,,
2024-07-15,4571.39,4593.66,4523.04,4549.64,,,,
2024-07-16,4556.38,4563.68,4499.4,4532.2,,,,
2024-07-17,4420.62,4432.13,4355.6,4363.62,,,,
2024-07-18,4411.51,4411.51,4296.29,4353.78,,,,
2024-07-19,4337.16,4365.93,4289.42,4298.44,,,,
2024-07-22,4356.78,4393.67,4331.15,4382.84,,,,
2024-07-23,4373.21,4414.58,4366.3,4377.25,,,,
2024-07-24,4321.69,4334.32,4187.03,4196.09,,,,
2024-07-25,4194.64,4246.7,4086.9,4148.14,,,,
2024-07-26,4196.7,4227.07,4160.16,4193.42,,,,
2024-07-29,4217.24,4242.57,4163.48,4179.38,,,,
2024-07-30,4192.86,4199.38,4052.14,4087.49,,,,
2024-07-31,4209.11,4266.37,4179.48,4249.09,,,,
2024-08-01,4251.4,4292.68,4064.97,4106.25,,,,
2024-08-02,4020.44,4064.44,3964.42,4024.5,,,,
2024-08-05,3717.15,3944.81,3709.34,3872.23,,,,
2024-08-06,3902.3,3987.25,3852,3915.24,,,,
2024-08-07,3986.52,4022.47,3856.42,3861.92,,,,
2024-08-08,3925.19,4001.88,3867.44,3989.58,,,,
2024-08-09,3987.77,4036.31,3966.43,4015.16,,,,
2024-08-12,4028.82,4085.66,4017.18,4052.27,,,,
2024-08-13,4101.99,4174.95,4101.61,4173.71,,,,
2024-08-14,4196.5,4218.57,4144.72,4199.1,,,,
2024-08-15,4244.23,4307.97,4234.97,4305.69,,,,
2024-08-16,4284.65,4324.98,4274.21,4316.77,,,,
2024-08-19,4311.53,4379.1,4283.23,4379.1,,,,
2024-08-20,4365.69,4394.23,4340.51,4365.14,,,,
2024-08-21,4364.02,4402.92,4351.47,4385.31,,,,
2024-08-22,4410.36,4420.32,4282.66,4291.72,,,,
2024-08-23,4333.33,4381.7,4306.7,4362.95,,,,
2024-08-26,4357.64,4373.34,4283.79,4314.17,,,,
2024-08-27,4287.49,4350.25,4266.53,4341.53,,,,
2024-08-28,4336.69,4347.49,4252.75,4285.19,,,,
2024-08-29,4287.48,4349.95,4246.32,4253.3,,,,
2024-08-30,4294.12,4314.48,4247.65,4298.51,,,,
2024-09-03,4257.64,4258.08,4083.55,4108.14,,,,
2024-09-04,4062.43,4129.99,4047.76,4091.32,,,,
2024-09-05,4071.78,4147.09,4070.83,4093.19,,,,
2024-09-06,4094.89,4100.37,3978.05,3994.85,,,,
2024-09-09,4035.79,4053.19,3992.48,4051.68,,,,
2024-09-10,4068.78,4104.69,4034.71,4101.68,,,,
2024-09-11,4119.14,4241.8,4056.79,4234.92,,,,
2024-09-12,4231.77,4287.07,4200.99,4269.76,,,,
2024-09-13,4272.05,4298.81,4256.27,4287.61,,,,
2024-09-16,4237.24,4263.11,4206.54,4246.72,,,,
2024-09-17,4284.1,4287.49,4218.71,4242.75,,,,
2024-09-18,4253.32,4295.04,4218.62,4221.16,,,,
2024-09-19,4333.25,4377.42,4322.97,4351.3,,,,
2024-09-20,4340.25,4361,4305.86,4329.4,,,,
2024-09-23,4329.57,4338.97,4312.46,4326.09,,,,
2024-09-24,4341.96,4370.53,4293.65,4360.4,,,,
2024-09-25,4353.14,4398.02,4352.18,4381.99,,,,
2024-09-26,4455.92,4456.27,4380.13,4420.81,,,,
2024-09-27,4426.85,4426.85,4360.99,4378.48,,,,
2024-09-30,4358.7,4404.75,4348.44,4403.72,,,,
2024-10-01,4382.22,4383.97,4259.74,4286.71,,,,
2024-10-02,4281.25,4329.2,4255.06,4311.84,,,,
2024-10-03,4312.28,4368.97,4304.26,4337.84,,,,
2024-10-04,4390.07,4391.11,4331.34,4380.83,,,,
2024-10-07,4364.21,4400.01,4344.67,4350.92,,,,
2024-10-08,4386.66,4449.05,4375.66,4443.06,,,,
2024-10-09,4448.66,4492.62,4429.51,4488.11,,,,
2024-10-10,4454.62,4502.1,4448.08,4491.9,,,,
2024-10-14,4521.45,4567.55,4521.45,4551.63,,,,
2024-10-15,4565.24,4574.62,4449.2,4470.22,,,,
2024-10-16,4473.61,4492.55,4428.19,4486.29,,,,
2024-10-17,4553.46,4553.46,4504.55,4505.09,,,,
2024-10-18,4535.71,4538.84,4515.71,4526.74,,,,
2024-10-21,4515.07,4569.25,4515.07,4568.86,,,,
2024-10-22,4542.23,4590.22,4528.1,4575.76,,,,
2024-10-23,4558.72,4560.88,4457.88,4498.79,,,,
2024-10-24,4514.61,4516.54,4477.3,4508.39,,,,
2024-10-25,4528.01,4584.19,4526.93,4534.91,,,,
2024-10-28,4565.36,4565.36,4530.15,4531.65,,,,
2024-10-29,4539.07,4597.37,4518,4582.23,,,,
2024-10-30,4554.81,4561.02,4518.76,4520.94,,,,
2024-10-31,4452.15,4452.15,4356.3,4359.55,,,,
2024-11-01,4354.62,4420.33,4354.62,4386.23,,,,
2024-11-04,4391.07,4415.61,4363.74,4381.11,,,,
2024-11-05,4398.26,4452.22,4398.26,4445.05,,,,
2024-11-06,4504.5,4568.96,4501.84,4557.23,,,,
2024-11-07,4584.85,4643.77,4584.85,4640.79,,,,
2024-11-08,4635.65,4651.9,4613.93,4624.87,,,,
2024-11-11,4622.89,4625.49,4556.37,4583.71,,,,
2024-11-12,4588.88,4610.56,4568.91,4604.41,,,,
2024-11-13,4599.21,4625.64,4572.24,4590.09,,,,
2024-11-14,4603.08,4614.74,4579.86,4592.25,,,,
2024-11-15,4537.69,4542.1,4456.54,4478,,,,
2024-11-18,4463.51,4507.16,4449.83,4487.36,,,,
2024-11-19,4470.66,4543.71,4470.66,4542.25,,,,
2024-11-20,4542.32,4543.2,4469.46,4531.94,,,,
2024-11-21,4577.64,4605.4,4478.35,4557.26,,,,
2024-11-22,4547.92,4566.46,4523.14,4547.34,,,,
2024-11-25,4571.3,4578.39,4508.49,4531.4,,,,
2024-11-26,4558.52,4576.27,4545.94,4567.66,,,,
2024-11-27,4536.81,4536.81,4473.14,4513.5,,,,
2024-11-29,4519.57,4568.71,4514.7,4558.68,,,,
2024-12-02,4560.49,4621.98,4560.49,4605.46,,,,
2024-12-03,4590.21,4632.88,4581.23,4631.39,,,,
2024-12-04,4678.35,4714.76,4669.39,4713.31,,,,
2024-12-05,4712.25,4725.65,4693.97,4704.69,,,,
2024-12-06,4707.7,4736.62,4702.93,4711.26,,,,
2024-12-09,4679.64,4702.78,4671.1,4690.02,,,,
2024-12-10,4681.88,4703.45,4617.33,4631.14,,,,
2024-12-11,4673.83,4715.71,4652.27,4700.38,,,,
2024-12-12,4669.7,4700.79,4661.34,4678.52,,,,
2024-12-13,4731.18,4749.25,4664.38,4703.8,,,,
2024-12-16,4709.75,4754.13,4696.77,4751.11,,,,
2024-12-17,4703.21,4741.46,4690.5,4731.88,,,,
2024-12-18,4747.98,4766.84,4581.3,4590.3,,,,
2024-12-19,4632.01,4661.94,4593.35,4599.03,,,,
2024-12-20,4561.59,4705.57,4547.24,4669.54,,,,
2024-12-23,4685.64,4730.31,4664.45,4728.4,,,,
2024-12-24,4743.72,4777.09,4738.28,4777.09,,,,
2024-12-26,4766.08,4797.32,4747.65,4780.84,,,,
2024-12-27,4750.75,4755.27,4663.5,4709.4,,,,
2024-12-30,4641.94,4697.6,4622.48,4657.95,,,,
2024-12-31,4666.51,4671.25,4599.14,4609.52,,,,
2025-01-02,4637.33,4657.74,4552.91,4600.07,,,,
2025-01-03,4618.85,4678.91,4618.85,4674.78,,,,
2025-01-06,4736.63,4792.89,4726.04,4742.03,,,,
2025-01-07,4772.37,4772.37,4614.9,4628.6,,,,
2025-01-08,4644.7,4654.03,4587.53,4633,,,,
2025-01-10,4581.95,4581.95,4495.75,4529.8,,,,
2025-01-13,4443.72,4494.98,4433.03,4490.6,,,,
2025-01-14,4525.76,4537.57,4451.35,4486.11,,,,
2025-01-15,4537.27,4594.97,4527.94,4585.85,,,,
2025-01-16,4625.66,4625.66,4525.85,4526.33,,,,
2025-01-17,4612.79,4618.25,4580.58,4601.21,,,,
2025-01-21,4600.81,4628.23,4564.2,4618.55,,,,
2025-01-22,4682.66,4742.22,4674.94,4733.6,,,,
2025-01-23,4696.96,4739.16,4691.86,4739.16,,,,
2025-01-24,4756.4,4756.4,4668.53,4687.66,,,,
2025-01-27,4444.31,4497.7,4392.37,4425.89,,,,
2025-01-28,4466.34,4589.85,4419.47,4585.02,,,,
2025-01-29,4557.28,4559.58,4480.02,4534.93,,,,
2025-01-30,4508.8,4533.41,4453.4,4509.7,,,,
2025-01-31,4561.57,4581.43,4457.98,4474.24,,,,
2025-02-03,4359.95,4426.43,4338.81,4393.51,,,,
2025-02-04,4406.01,4467.05,4399.13,4458.18,,,,
2025-02-05,4469.77,4530.35,4458.62,4528.22,,,,
2025-02-06,4539.02,4558.88,4523.53,4557.89,,,,
2025-02-07,4570.68,4592.98,4493.99,4511.47,,,,
2025-02-10,4546.57,4593.54,4546.57,4577.03,,,,
2025-02-11,4550.82,4607.83,4550.82,4585.41,,,,
2025-02-12,4526.25,4585.79,4517.18,4583.24,,,,
2025-02-13,4587.93,4654.75,4582.18,4653.1,,,,
2025-02-14,4650.43,4686.04,4645,4681.09,,,,
2025-02-18,4703.85,4721.12,4676.72,4707.01,,,,
2025-02-19,4702.98,4730.32,4671.13,4713.93,,,,
2025-02-20,4714.54,4723.22,4658.45,4711.08,,,,
2025-02-21,4713.71,4720.02,4592.87,4595.73,,,,
2025-02-24,4612.21,4632.75,4528.14,4530.22,,,,
2025-02-25,4517.85,4524.67,4437.13,4468.15,,,,
2025-02-26,4504.79,4553.6,4470.33,4507.84,,,,
2025-02-27,4538.57,4543.86,4335.28,4336.93,,,,
2025-02-28,4308.47,4414.53,4277.21,4411.29,,,,
2025-03-03,4421.25,4428.48,4222.94,4255.82,,,,
2025-03-04,4209.45,4332.08,4174.94,4256.34,,,,
2025-03-05,4268.49,4331.59,4210.62,4315.45,,,,
2025-03-06,4227.54,4296.36,4180.39,4201.18,,,,
2025-03-07,4198.48,4271.99,4154.99,4261.71,,,,
2025-03-10,4179.23,4179.48,4032.13,4076.8,,,,
2025-03-11,4058.42,4129.57,4017.07,4061.17,,,,
2025-03-12,4126.26,4162.9,4072.96,4124.55,,,,
2025-03-13,4116.83,4128.75,4034.23,4051.24,,,,
2025-03-14,4103.08,4178.58,4102.35,4174.12,,,,
2025-03-17,4168.28,4215.05,4139.07,4181.66,,,,
2025-03-18,4154.5,4157.33,4102.66,4112.83,,,,
2025-03-19,4136.33,4220.65,4122.66,4171.14,,,,
2025-03-20,4131.79,4197.16,4122.67,4150.54,,,,
2025-03-21,4104.37,4175.61,4087.95,4171.05,,,,
2025-03-24,4230.21,4249.34,4215.4,4242.45,,,,
2025-03-25,4235.18,4260.15,4231.11,4254.69,,,,
2025-03-26,4235.16,4242.2,4133.82,4149.92,,,,
2025-03-27,4117.45,4148.72,4094.08,4118.84,,,,
2025-03-28,4096.76,4116.19,4007.28,4018.8,,,,
2025-03-31,3944.34,4030.99,3907.55,4019.98,,,,
2025-04-01,3999.13,4060.66,3977.66,4058.11,,,,
2025-04-02,3999.78,4114.48,3996.05,4080.87,,,,
2025-04-03,3871.77,3893.05,3795.76,3800.82,,,,
2025-04-04,3682.23,3707.7,3554.26,3560.38,,,,
2025-04-07,3401.96,3731.25,3354.9,3571.73,,,,
2025-04-08,3713.22,3765.8,3436.36,3494.3,,,,
2025-04-09,3519.37,4009.35,3514.7,3988.72,,,,
2025-04-10,3839.78,3868.83,3673.47,3807.1,,,,
2025-04-11,3795.68,3917.18,3776,3904.62,,,,
2025-04-14,4027,4033.4,3892,3929.25,,,,
2025-04-15,3936.49,3971.39,3918.82,3942.55,,,,
2025-04-16,3826.69,3857.99,3718.22,3787.09,,,,
2025-04-17,3811.38,3811.38,3743.24,3761.87,,,,
2025-04-21,3698.5,3705.05,3606.06,3659.57,,,,
2025-04-22,3709.46,3772.78,3686.91,3749.31,,,,
2025-04-23,3884.08,3929.84,3841.66,3858.7,,,,
2025-04-24,3884.58,3998.43,3883.29,3995.27,,,,
2025-04-25,3989.72,4067.84,3979.89,4060.16,,,,
2025-04-28,4049.51,4066.25,3986.01,4048.16,,,,
2025-04-29,4027,4083.24,4027,4066.69,,,,
2025-04-30,3977.65,4093.74,3958.63,4083.59,,,,
2025-05-01,4196.19,4238.2,4166.53,4174.02,,,,
2025-05-02,4202.59,4244.66,4187.27,4222.88,,,,
2025-05-05,4184.68,4219.17,4174.6,4186.9,,,,
2025-05-06,4125.57,4191.86,4121.13,4160.66,,,,
2025-05-07,4157.88,4219.42,4123.43,4198.36,,,,
2025-05-08,4239.38,4277.01,4198.59,4233.88,,,,
2025-05-09,4253.47,4262.91,4206.8,4233.71,,,,
2025-05-12,4407.84,4431,4363.9,4431,,,,
2025-05-13,4443.86,4542.21,4439.65,4530.7,,,,
2025-05-14,4552.96,4582.99,4542.58,4574.33,,,,
2025-05-15,4550.78,4601.23,4534.73,4573.03,,,,
2025-05-16,4577.47,4579.62,4535.2,4578.46,,,,
2025-05-19,4510.47,4584.6,4509.9,4576.03,,,,
2025-05-20,4549.22,4556.1,4519.56,4555.25,,,,
2025-05-21,4515.81,4580.24,4452.18,4474.21,,,,
2025-05-22,4473.3,4514.94,4463.72,4479.6,,,,
2025-05-23,4391.69,4451.79,4391.32,4420.1,,,,
2025-05-27,4491.55,4536.55,4481.95,4532.69,,,,
2025-05-28,4543.44,4556.32,4512.33,4517.13,,,,
2025-05-29,4604.94,4604.94,4522.08,4543.82,,,,
2025-05-30,4537.96,4542.76,4452.33,4524.41,,,,
2025-06-02,4516.47,4567.98,4516.17,4564.84,,,,
2025-06-03,4576.85,4636.4,4570.25,4632.26,,,,
2025-06-04,4642.71,4660.53,4625.44,4642.88,,,,
2025-06-05,4661.72,4693.71,4608,4624.32,,,,
2025-06-06,4666.39,4685.79,4647.37,4660.28,,,,
2025-06-09,4676.13,4708.12,4666.7,4671.78,,,,
2025-06-10,4674.69,4700.46,4649.26,4693.17,,,,
2025-06-11,4699.44,4722.53,4659.96,4679.96,,,,
2025-06-12,4678.53,4732.25,4678.53,4727.39,,,,
2025-06-13,4677.08,4702.01,4639.25,4656.6,,,,
2025-06-16,4689.39,4741.27,4688.01,4727.58,,,,
2025-06-17,4704.16,4730.36,4683.4,4693.32,,,,
2025-06-18,4697.75,4730.06,4682.43,4710.2,,,,
2025-06-20,4724.85,4743.04,4666.2,4697.75,,,,
2025-06-23,4692.11,4750.3,4667.92,4745.03,,,,
2025-06-24,4790.6,4830.22,4786.38,4821.49,,,,
2025-06-25,4846.72,4884.03,4846.72,4878.42,,,,
2025-06-26,4902.75,4922.97,4879.42,4911.51,,,,
2025-06-27,4922.35,4950.48,4890.88,4916.56,,,,
2025-06-30,4951.59,4981.26,4925.87,4964.64,,,,
2025-07-01,4951.76,4961.66,4883.32,4908.75,,,,
2025-07-02,4905.35,4974.92,4896.93,4972.58,,,,
2025-07-03,4996.39,5048.76,4996.39,5036.65,,,,
2025-07-07,5017.1,5033.98,4974.41,4995.86,,,,
2025-07-08,5013.49,5025.36,4996.71,5015.22,,,,
2025-07-09,5038.7,5078.44,5024.14,5062.12,,,,
2025-07-10,5074.26,5079.41,5024.63,5055.83,,,,
2025-07-11,5027.4,5071.72,5027.4,5044.76,,,,
2025-07-14,5035.71,5046.68,4988.92,5032.29,,,,
2025-07-15,5103.28,5121.59,5090.6,5096.28,,,,
2025-07-16,5100.88,5113.56,5042.88,5109.85,,,,
2025-07-17,5115.59,5172.27,5109.05,5155.36,,,,
2025-07-18,5167.69,5176.36,5134.2,5150.1,,,,
2025-07-21,5151.13,5194.15,5147.79,5156.92,,,,
2025-07-22,5154.24,5154.24,5067.99,5101.04,,,,
2025-07-23,5118.7,5143.37,5083.92,5138.86,,,,
2025-07-24,5159.82,5186.73,5140.37,5173.2,,,,
2025-07-25,5172.89,5200.66,5164.08,5185.43,,,,
2025-07-28,5202.42,5225.37,5193.2,5225.36,,,,
2025-07-29,5258.48,5282.9,5208.97,5214.42,,,,
2025-07-30,5223.73,5252.33,5196.23,5236.76,,,,
2025-07-31,5339.14,5339.14,5197.95,5220.69,,,,
2025-08-01,5173.83,5181.74,5087.35,5112.52,,,,
2025-08-04,5164.12,5226.04,5164.12,5222.6,,,,
2025-08-05,5232.85,5238.33,5166.24,5175.26,,,,
2025-08-06,5183.3,5253.35,5182.63,5244.72,,,,
2025-08-07,5307.01,5326.99,5225.3,5266.41,,,,
2025-08-08,5286.04,5340.05,5269.76,5330.86,,,,
2025-08-11,5321.01,5354.24,5288.04,5301.01,,,,
2025-08-12,5325.57,5376.23,5292.44,5375.65,,,,
2025-08-13,5398.83,5410.39,5345.21,5365.28,,,,
2025-08-14,5343.19,5381.6,5337.94,5363.55,,,,
2025-08-15,5355.33,5355.33,5303.07,5323.27,,,,
2025-08-18,5323.73,5343.18,5306.62,5330.27,,,,
2025-08-19,5321.35,5324.85,5220.29,5230.29,,,,
2025-08-20,5213.49,5213.49,5113.41,5189.97,,,,
2025-08-21,5179.44,5199.74,5147.41,5169.82,,,,
2025-08-22,5165.11,5269.48,5146.22,5238.29,,,,
2025-08-25,5231.44,5272.66,5213.14,5233.82,,,,
2025-08-26,5237.03,5267.13,5220.84,5261.35,,,,
2025-08-27,5259.51,5294.39,5234.42,5286.77,,,,
2025-08-28,5288.38,5336.61,5255.49,5321.4,,,,
2025-08-29,5298.49,5298.49,5218.27,5234.57,,,,
2025-09-02,5130.87,5187.28,5113.23,5183.89,,,,
2025-09-03,5221.19,5239.91,5187.04,5226.64,,,,
2025-09-04,5215.92,5256.45,5195.1,5255.34,,,,
2025-09-05,5305.42,5310.52,5197.61,5244.49,,,,
2025-09-08,5272.11,5310.94,5268.53,5279.73,,,,
2025-09-09,5300.06,5300.64,5251.09,5280.34,,,,
2025-09-10,5377.75,5405.25,5345.48,5373.12,,,,
2025-09-11,5409.09,5411.62,5373.99,5382.54,,,,
2025-09-12,5404.24,5421.45,5377.73,5406.67,,,,
2025-09-15,5409.47,5451.48,5401.35,5451.19,,,,
2025-09-16,5463.66,5463.98,5418.86,5419.96,,,,
2025-09-17,5413.78,5417.96,5332.95,5382.2,,,,
2025-09-18,5444.54,5472.07,5410.46,5455.35,,,,
2025-09-19,5472.3,5524.52,5466.29,5520.02,,,,
2025-09-22,5512.76,5619.29,5512.76,5616.26,,,,
2025-09-23,5601.85,5609.24,5533.02,5552.47,,,,
2025-09-24,5571.76,5571.93,5487.86,5523.81,,,,
2025-09-25,5475.24,5537.06,5448.25,5525.58,,,,
2025-09-26,5520.38,5542.72,5486.57,5537,,,,
2025-09-29,5564.85,5599.91,5551.09,5564.34,,,,
2025-09-30,5565.52,5614.1,5557.66,5612,,,,
2025-10-01,5585.54,5655.23,5576.49,5651.77,,,,
2025-10-02,5697.92,5706.87,5656.52,5679.34,,,,
2025-10-03,5683.61,5712.32,5636.75,5661.33,,,,
2025-10-06,5698.1,5715.66,5683.71,5693.41,,,,
2025-10-07,5716.06,5726.17,5635.42,5663.79,,,,
2025-10-08,5678.53,5750.06,5678.53,5749.95,,,,
2025-10-09,5755.11,5765.01,5717.56,5746.01,,,,
2025-10-10,5752.25,5772.85,5515.51,5517.86,,,,
2025-10-13,5647.39,5676.31,5613.41,5654.27,,,,
2025-10-14,5575.15,5619.56,5510.31,5564.09,,,,
2025-10-15,5632.9,5660.13,5543.97,5604.85,,,,
2025-10-16,5635.83,5669.8,5568.46,5612.05,,,,
2025-10-17,5580.5,5649.98,5551.51,5632.95,,,,
2025-10-20,5671.46,5721.8,5669.96,5697.01,,,,
2025-10-21,5697,5708.59,5662.63,5688.29,,,,
2025-10-22,5698.08,5706.17,5573.87,5643.15,,,,
2025-10-23,5643.99,5712.13,5641.66,5697.95,,,,
2025-10-24,5753.64,5808,5750.86,5787.71,,,,
2025-10-27,5871.26,5907.38,5859.91,5904.72,,,,
2025-10-28,5952.9,6027.66,5926.37,6001.53,,,,
2025-10-29,6067.21,6099.71,6013.54,6064.8,,,,
2025-10-30,6025.96,6035.88,5967.36,5979.41,,,,
2025-10-31,6045.44,6048.56,5936.79,5960.13,,,,
2025-11-03,6027.18,6037.14,5967.56,5983.56,,,,
2025-11-04,5886.78,5925.71,5841.6,5847.71,,,,
2025-11-05,5836.7,5905.61,5821.52,5843.13,,,,
2025-11-06,5833.62,5839.26,5706.32,5726.46,,,,
2025-11-07,5678.8,5708.36,5586.73,5707.65,,,,
2025-11-10,5810.25,5869.92,5783.07,5860.37,,,,
2025-11-11,5819.01,5838.1,5775.03,5817.89,,,,
2025-11-12,5859.34,5859.34,5790.02,5832.66,,,,
2025-11-13,5802.57,5805.45,5663.14,5694.37,,,,
2025-11-14,5602.17,5777.45,5578.15,5736.66,,,,
2025-11-17,5669.23,5738.11,5610.45,5654.5,,,,
2025-11-18,5608.67,5632.26,5512.27,5559.29,,,,
2025-11-19,5568.39,5673.4,5554.15,5610.73,,,,
2025-11-20,5754.12,5776.25,5448.53,5461.45,,,,
2025-11-21,5465.02,5545.17,5364.66,5465.2,,,,
2025-11-24,5498.09,5613.78,5496.14,5601.06,,,,
2025-11-25,5541.75,5615.57,5465.35,5599.52,,,,
2025-11-26,5657.7,5695.78,5625.61,5670.88,,,,
2025-11-28,5675.13,5700.54,5658.13,5700.38,,,,
2025-12-01,5643.31,5715.54,5626.02,5704.12,,,,
2025-12-02,5730.91,5791.22,5718.81,5751.93,,,,
2025-12-03,5715.32,5745.29,5686.27,5727.89,,,,
2025-12-04,5740.2,5762.37,5714.57,5752.74,,,,
2025-12-05,5773.44,5803.57,5750.63,5778.78,,,,
2025-12-08,5810.89,5852.39,5800.99,5832.39,,,,
2025-12-09,5822.66,5847.17,5805.77,5842.31,,,,
2025-12-10,5819.89,5858.49,5778.85,5845.15,,,,
2025-12-11,5775.63,5821.25,5704.18,5812.85,,,,
2025-12-12,5759.12,5773.27,5632.15,5645.84,,,,
2025-12-15,5680.4,5680.41,5575.89,5587.22,,,,
2025-12-16,5563.97,5619.89,5553.42,5604.91,,,,
2025-12-17,5602.54,5603.19,5482.43,5482.43,,,,
2025-12-18,5562.65,5593.87,5524.02,5559.92,,,,
2025-12-19,5603.14,5673.67,5603.14,5672.95,,,,
2025-12-22,5720,5720,5678.25,5695.84,,,,
2025-12-23,5683.56,5749.68,5675.82,5749.68,,,,
2025-12-24,5741.72,5769.51,5735.21,5761.48,,,,
2025-12-26,5774.19,5795.53,5765.47,5773.51,,,,
2025-12-29,5724.13,5762.22,5711.56,5747.78,,,,
2025-12-30,5745.42,5761.64,5731.51,5732.86,,,,
2025-12-31,5745.87,5754.46,5683.01,5684,,,,
2026-01-02,5743.07,5792.17,5654.79,5686.78,,,,
2026-01-05,5744.65,5756.87,5658.86,5678.02,,,,
2026-01-06,5699.58,5723.13,5669.3,5715.7,,,,
2026-01-07,5714.84,5761.59,5694.41,5720.67,,,,
2026-01-08,5694.56,5697.9,5602.36,5632.79,,,,
2026-01-09,5639.3,5705.35,5614.92,5688.1,,,,
2026-01-12,5658.82,5733.5,5658.82,5708.13,,,,
2026-01-13,5701.69,5736.51,5670.12,5700.57,,,,
2026-01-14,5659.07,5670.86,5568.28,5618.08,,,,
2026-01-15,5699.07,5718.24,5638.64,5646.18,,,,
2026-01-16,5683.28,5705.28,5635.94,5651.4,,,,
2026-01-20,5552.96,5573.18,5474.04,5485.38,,,,
2026-01-21,5509.62,5590.03,5466.87,5539.43,,,,
2026-01-22,5598.6,5607.8,5557.42,5578.08,,,,
2026-01-23,5573.5,5631.03,5548.52,5608.11,,,,
2026-01-26,5617.06,5676.66,5603.1,5655.26,,,,
2026-01-27,5705.3,5763.21,5697.27,5735.4,,,,
2026-01-28,5780.8,5789.19,5736.8,5770.71,,,,
2026-01-29,5690.43,5697.08,5523.29,5663.34,,,,
2026-01-30,5644.81,5655.77,5555.38,5587.88,,,,
2026-02-02,5559.85,5648.36,5559.85,5613.82,,,,
2026-02-03,5628.51,5628.51,5428.71,5491.94,,,,
2026-02-04,5465.51,5485.29,5314.91,5387.62,,,,
2026-02-05,5373.24,5405.76,5276.91,5294.95,,,,
2026-02-06,5379.74,5528.58,5362.49,5511.87,,,,
2026-02-09,5496.82,5621.22,5480.45,5599.32,,,,
2026-02-10,5621.37,5628.69,5562.62,5567.07,,,,
2026-02-11,5635.1,5647.27,5529.21,5578.68,,,,
2026-02-12,5592.47,5604.5,5419.86,5431.01,,,,
2026-02-13,5443.09,5460.1,5373.16,5402.59,,,,
2026-02-17,5368.44,5469.56,5322.66,5429.22,,,,
2026-02-18,5454.14,5527.08,5433.26,5482.03,,,,
2026-02-19,5443.17,5481.52,5425.66,5452.75,,,,
2026-02-20,5418.64,5509.86,5406.49,5484.42,,,,
2026-02-23,5469.62,5494.94,5400.94,5423.58,,,,
2026-02-24,5434.27,5505.41,5400.81,5487.2,,,,
2026-02-25,5526.26,5603.94,5522.36,5585.52,,,,
2026-02-26,5570.85,5579.84,5426.49,5484.56,,,,
2026-02-27,5380.04,5427.05,5355.13,5365.45,,,,
2026-03-02,5295.86,5429.66,5293.14,5414.06,,,,
2026-03-03,5308.09,5380.34,5269.48,5357.07,,,,
2026-03-04,5375.14,5459.4,5371.01,5425.28,,,,
2026-03-05,5410.16,5469.3,5368.2,5446.29,,,,
2026-03-06,5374.72,5437.21,5326.92,5346.05,,,,
2026-03-09,5304.46,5457.61,5282.23,5442.39,,,,
2026-03-10,5443,5498.66,5413.86,5446.56,,,,
2026-03-11,5477.17,5508.09,5428.77,5465.64,,,,
2026-03-12,5419.62,5432.77,5358.99,5371.45,,,,
2026-03-13,5393.46,5431.69,5294.22,5302.08,,,,
2026-03-16,5368.62,5431.66,5358.56,5375.76,,,,
2026-03-17,5392.47,5422.5,5368.27,5387.05,,,,
2026-03-18,5371.6,5402.33,5318.37,5320.27,,,,
2026-03-19,5254.26,5347.78,5232.61,5320.53,,,,
2026-03-20,5295.26,5295.26,5173.77,5203.18,,,,
2026-03-23,5294.5,5351.75,5252.92,5279.08,,,,
2026-03-24,5255.01,5272.34,5210.31,5241.67,,,,
2026-03-25,5293.99,5316.25,5254.83,5270.91,,,,
2026-03-26,5213.17,5234.89,5124.63,5126.66,,,,
2026-03-27,5090.23,5108.89,5011.05,5023.34,,,,
2026-03-30,5060.93,5075.59,4917.96,4948.49,,,,
2026-03-31,5015.62,5171.59,5009.77,5158.06,,,,
2026-04-01,5200.79,5251.83,5184.05,5216.83,,,,
2026-04-02,5125.41,5255.92,5088.33,5254.75,,,,
2026-04-06,5276.51,5288.86,5241.84,5280.47,,,,
2026-04-07,5267.26,5300.61,5169.31,5298.73,,,,
2026-04-08,5504.8,5506.08,5412.44,5445.29,,,,
2026-04-09,5444.99,5470.77,5401.22,5465.73,,,,
2026-04-10,5487.11,5544.91,5478.98,5507.34,,,,
2026-04-13,5494.8,5603.1,5480.53,5602.33,,,,
2026-04-14,5655.34,5695.42,5629.61,5695.4,,,,
2026-04-15,5717.9,5817.57,5708.88,5814.02,,,,
2026-04-16,5838.69,5866.98,5780.37,5859.49,,,,
2026-04-17,5934.48,5971.7,5915.8,5952.66,,,,
2026-04-20,5947.88,5959.73,5894.75,5954.92,,,,
2026-04-21,5968.54,5993.46,5922.81,5941.07,,,,
2026-04-22,5998.11,6078.72,5973.47,6078.42,,,,
2026-04-23,6034.72,6065.75,5925.87,5989.19,,,,
2026-04-24,6054.57,6141.08,6030.07,6136.61,,,,
2026-04-27,6119.74,6167.46,6083.13,6164.82,,,,
2026-04-28,6047.41,6104.35,6021.61,6085.4,,,,
2026-04-29,6090.14,6102.63,6048.48,6096.06,,,,
2026-04-30,6098.42,6100.2,5975.1,6057.71,,,,
2026-05-01,6105.66,6169.26,6100.35,6143.09,,,,
2026-05-04,6156.79,6177.43,6086.11,6133.62,,,,
2026-05-05,6185.24,6249.57,6176.27,6233.46,,,,
2026-05-06,6285.13,6396.53,6270.11,6393.24,,,,
2026-05-07,6410.63,6483.52,6375.69,6398.05,,,,
2026-05-08,6457.89,6573.57,6447.59,6573.22,,,,
2026-05-11,6568.36,6655.69,6565.55,6638.68,,,,
2026-05-12,6593.76,6629.18,6448.8,6572.97,,,,
2026-05-13,6622,6665.92,6539.35,6637.28,,,,
2026-05-14,6666.98,6781.75,6657.48,6759.97,,,,
2026-05-15,6657.99,6748.4,6590.36,6651.33,,,,
2026-05-18,6686.68,6692.32,6501.84,6586.61,,,,
2026-05-19,6534.76,6612.36,6476.78,6540.12,,,,
2026-05-20,6577.41,6669.34,6557.26,6662.12,,,,
2026-05-21,6634.53,6701.63,6604.56,6680.62,,,,
2026-05-22,6730.2,6766.46,6690.03,6715.34,,,,
2026-05-26,6790.68,6875.98,6775.01,6828.89,,,,
2026-05-27,6842.95,6842.95,6743.37,6802.14,,,,
2026-05-28,6809.54,6910.13,6795.43,6893.11,,,,
2026-05-29,6966.8,7051.47,6966.4,7021.77,,,,
2026-06-01,7086.72,7218.88,7076.43,7196.14,,,,
2026-06-02,7233.69,7274.99,7202.43,7262.03,,,,
2026-06-03,7267.32,7269.75,7125.38,7151.52,,,,
2026-06-04,6996.75,7099.8,6935.36,7048.99,,,,
2026-06-05,6931.43,6937.27,6626.66,6641.54,,,,
2026-06-08,6786.04,6830.59,6716.8,6739.27,,,,
2026-06-09,6782.66,6813.25,6366.46,6616.39,,,,
2026-06-10,6531.07,6635.22,6453.08,6461.86,,,,
2026-06-11,6501.36,6662.25,6442.99,6651.75,,,,
2026-06-12,6627.5,6709.79,6589.72,6676.55,,,,
2026-06-15,6841.13,6913.82,6828.53,6902.97,,,,
2026-06-16,6871.25,6895.07,6742.02,6742.74,,,,
2026-06-17,6812.9,6829.95,6681.04,6701.51,,,,
2026-06-18,6830.98,6893.79,6806.05,6880.84,,,,
2026-06-22,6931.28,6973.62,6855.49,6878.14,,,,
2026-06-23,6651.49,6738.62,6618.28,6626.69,,,,
