Date,Open,High,Low,Close,Volume,TradingValue,UpLimit,LowLimit
2012-10-02,184.35,185.23,184.08,184.91,,,,
2012-10-03,185.1,186.32,185.1,185.93,,,,
2012-10-04,186.21,187.67,186.21,187.06,,,,
2012-10-05,187.27,187.68,186.36,186.7,,,,
2012-10-08,187.06,187.07,185.93,186.89,,,,
2012-10-09,186.79,187.33,186.23,186.74,,,,
2012-10-10,186.79,187.11,185.86,186.25,,,,
2012-10-11,186.6,187.54,186.14,186.41,,,,
2012-10-12,186.73,186.99,185,185.33,,,,
2012-10-15,185.3,186.35,184.49,186.31,,,,
2012-10-16,186.59,187.35,186.25,186.87,,,,
2012-10-17,187.18,189.44,187.15,189.21,,,,
2012-10-18,189.25,190.09,188.81,190.01,,,,
2012-10-19,190.03,190.17,188.27,188.72,,,,
2012-10-22,188.64,188.74,187.17,188,,,,
2012-10-23,187.23,187.42,185.66,186.3,,,,
2012-10-24,186.43,186.61,184.84,185.09,,,,
2012-10-25,185.45,185.96,184.49,185.88,,,,
2012-10-26,185.89,186.31,185.08,185.88,,,,
2012-10-31,186.02,187.62,186.02,187.44,,,,
2012-11-01,187.59,187.59,185.02,185.28,,,,
2012-11-02,185.66,186.12,183.89,183.98,,,,
2012-11-05,183.48,183.48,180.65,180.92,,,,
2012-11-06,180.96,181.76,180.33,180.89,,,,
2012-11-07,180.38,180.38,175.99,176.96,,,,
2012-11-08,177.05,179.04,176.7,176.7,,,,
2012-11-09,176.37,176.76,175.32,175.48,,,,
2012-11-12,175.46,175.46,173.66,173.94,,,,
2012-11-13,173.57,175.53,173.24,174.54,,,,
2012-11-14,174.34,174.49,172.57,172.98,,,,
2012-11-15,172.96,173.91,170.86,171.8,,,,
2012-11-16,171.8,173.73,171.29,173.68,,,,
2012-11-19,174.21,174.42,172.66,173.66,,,,
2012-11-20,173.73,173.78,172.46,172.54,,,,
2012-11-21,173.26,173.35,170.93,172.57,,,,
2012-11-23,172.71,172.85,171.17,172.12,,,,
2012-11-26,172,175.09,172,174.34,,,,
2012-11-27,174.4,175.7,174.39,174.75,,,,
2012-11-28,174.64,175.38,173.26,175.35,,,,
2012-11-29,175.45,176.35,174.88,176.35,,,,
2012-11-30,176.32,178.2,176.32,178.1,,,,
2012-12-03,178.11,178.11,176.2,176.98,,,,
2012-12-04,177,177.42,175.93,176.05,,,,
2012-12-05,175.99,179.62,175.99,178.81,,,,
2012-12-06,178.78,179.55,177.98,178.47,,,,
2012-12-07,178.54,179.22,177.98,178.56,,,,
2012-12-10,178.5,178.8,178.05,178.61,,,,
2012-12-11,178.64,179.7,178.42,178.95,,,,
2012-12-12,179.11,180.12,178.57,178.74,,,,
2012-12-13,178.65,178.65,177.36,177.97,,,,
2012-12-14,177.97,178.06,177.06,177.34,,,,
2012-12-17,177.4,180.03,177.4,179.98,,,,
2012-12-18,179.95,181.57,179.68,181.36,,,,
2012-12-19,181.32,181.32,179.83,179.83,,,,
2012-12-20,179.95,180.61,179.45,180.57,,,,
2012-12-21,180.57,180.57,178.89,179.61,,,,
2012-12-24,179.49,179.49,178.17,179,,,,
2012-12-26,179.03,179.5,177.23,177.36,,,,
2012-12-27,177.2,177.62,175.16,176.97,,,,
2012-12-28,176.71,177.37,175.21,175.22,,,,
2012-12-31,175.07,177.79,174.05,177.66,,,,
2013-01-02,178.31,181.11,178.31,180.88,,,,
2013-01-03,180.84,181.49,180.42,180.88,,,,
2013-01-04,180.91,181.92,180.89,181.86,,,,
2013-01-07,181.55,181.55,179.61,179.78,,,,
2013-01-08,179.63,179.86,178.76,179.45,,,,
2013-01-09,179.52,179.65,178.5,179.05,,,,
2013-01-10,179.29,179.92,179.13,179.89,,,,
2013-01-11,179.88,180.34,179.52,180.01,,,,
2013-01-14,179.97,180.33,179.52,179.75,,,,
2013-01-15,179.59,180.3,179.07,180.3,,,,
2013-01-16,180.24,180.24,179.24,179.4,,,,
2013-01-17,179.59,180.68,179.55,180.1,,,,
2013-01-18,180.15,181.65,180,181.65,,,,
2013-01-22,181.64,183.26,181.41,183.13,,,,
2013-01-23,183.13,183.13,181.77,182.58,,,,
2013-01-24,182.58,183.81,182.58,183.45,,,,
2013-01-25,183.55,184.46,182.72,184.46,,,,
2013-01-28,184.54,184.54,183.27,184.14,,,,
2013-01-29,184.12,185.67,184.07,185.55,,,,
2013-01-30,185.43,185.95,185.09,185.61,,,,
2013-01-31,185.61,186.2,185.01,186.04,,,,
2013-02-01,186.26,187,186.21,186.41,,,,
2013-02-04,186.1,186.1,185.04,185.19,,,,
2013-02-05,185.47,186.44,185.47,185.55,,,,
2013-02-06,185.2,185.96,184.19,185.96,,,,
2013-02-07,186.01,187.24,185.47,186.26,,,,
2013-02-08,186.25,186.27,185.31,186.24,,,,
2013-02-11,186.1,186.72,185.92,186.6,,,,
2013-02-12,186.5,187.36,186.21,187.35,,,,
2013-02-13,187.08,187.73,186.53,186.94,,,,
2013-02-14,186.66,186.66,184.77,185.25,,,,
2013-02-15,185.25,185.95,185.25,185.76,,,,
2013-02-19,185.89,187.61,185.89,187.46,,,,
2013-02-20,187.34,188.49,186.98,187.04,,,,
2013-02-21,186.89,187.2,186.04,186.19,,,,
2013-02-22,186.49,188.16,186.49,188.16,,,,
2013-02-25,188.52,190.02,186.2,186.2,,,,
2013-02-26,186.41,187.8,186,186.83,,,,
2013-02-27,186.93,188.86,186.86,188.56,,,,
2013-02-28,188.46,189.71,188.1,189,,,,
2013-03-01,188.84,189.45,187.57,189.42,,,,
2013-03-04,189.31,191.5,188.9,191.22,,,,
2013-03-05,191.7,192.77,191.6,192.3,,,,
2013-03-06,192.33,192.65,191.51,192.03,,,,
2013-03-07,192.05,192.46,191.13,191.19,,,,
2013-03-08,191.33,191.91,190.15,191.64,,,,
2013-03-11,191.41,192.21,191.31,192.19,,,,
2013-03-12,192.17,192.25,190.81,191.52,,,,
2013-03-13,191.51,192.38,191.07,192.26,,,,
2013-03-14,192.31,192.74,191.86,192.69,,,,
2013-03-15,192.68,194.07,192.09,193.93,,,,
2013-03-18,193.24,193.7,192.58,192.82,,,,
2013-03-19,193.1,193.94,192.35,193.27,,,,
2013-03-20,193.78,195,193.66,194.69,,,,
2013-03-21,194.34,194.64,193.58,193.74,,,,
2013-03-22,193.74,194.63,193.65,194.11,,,,
2013-03-25,194.48,195.37,192.97,193.63,,,,
2013-03-26,193.91,195.49,193.91,195.47,,,,
2013-03-27,194.95,196.36,194.54,196.24,,,,
2013-03-28,196.19,198.85,196.19,198.69,,,,
2013-04-01,198.62,198.62,197.77,198.3,,,,
2013-04-02,198.52,199.57,198.38,199.02,,,,
2013-04-03,199.09,199.66,198.03,198.45,,,,
2013-04-04,198.62,200.29,198.62,200.25,,,,
2013-04-05,199.32,201.29,199.09,201.12,,,,
2013-04-08,201.01,202.73,200.23,202.73,,,,
2013-04-09,202.81,202.96,201.87,202.06,,,,
2013-04-10,202.38,204.06,202.38,203.62,,,,
2013-04-11,203.67,204.51,203.6,204.21,,,,
2013-04-12,203.96,204.85,203.89,204.85,,,,
2013-04-15,204.46,205.2,201.96,201.96,,,,
2013-04-16,202.55,204.4,201.34,204.33,,,,
2013-04-17,203.8,203.93,201.91,203.25,,,,
2013-04-18,203.5,204.27,203.01,203.99,,,,
2013-04-19,204.05,206.96,204.05,206.94,,,,
2013-04-22,206.97,207.57,205.59,206.81,,,,
2013-04-23,207.06,207.32,205.73,207.32,,,,
2013-04-24,207.48,208.64,206.35,207.95,,,,
2013-04-25,208.25,208.79,207.21,208.13,,,,
2013-04-26,208,209.06,207.89,208.09,,,,
2013-04-29,208.3,210.19,208.08,209.79,,,,
2013-04-30,209.64,210.47,209.3,210.4,,,,
2013-05-01,210.32,210.32,208.04,208.36,,,,
2013-05-02,208.42,208.5,206.76,207.83,,,,
2013-05-03,208.3,209.15,207.05,207.45,,,,
2013-05-06,207.35,207.35,204.48,204.5,,,,
2013-05-07,204.56,206.35,204.56,206.34,,,,
2013-05-08,206.26,206.34,203.84,204.51,,,,
2013-05-09,204.55,204.8,200.74,201.26,,,,
2013-05-10,201.31,201.84,199.93,201.77,,,,
2013-05-13,201.33,201.33,199.82,200.57,,,,
2013-05-14,200.54,202.67,200.35,201.89,,,,
2013-05-15,201.61,204.94,201.21,203.51,,,,
2013-05-16,203.26,203.26,201.6,201.83,,,,
2013-05-17,201.86,203.96,201.86,203.88,,,,
2013-05-20,203.81,203.98,202.48,202.94,,,,
2013-05-21,202.96,203.83,201.79,203.17,,,,
2013-05-22,203,204.84,199.11,199.84,,,,
2013-05-23,196.83,199.13,183.74,198.33,,,,
2013-05-24,197.83,197.83,195.65,196.3,,,,
2013-05-28,196.57,196.57,193.11,193.97,,,,
2013-05-29,193.47,193.47,189.21,190.99,,,,
2013-05-30,191.2,194.48,191.2,191.39,,,,
2013-05-31,191.11,193.91,190.25,190.25,,,,
2013-06-03,190.21,192,188.25,190.63,,,,
2013-06-04,190.58,190.8,188.72,189.84,,,,
2013-06-05,189.22,189.22,187.65,188.07,,,,
2013-06-06,188.06,190.3,187.68,190.28,,,,
2013-06-07,190.55,192.33,189.8,191.64,,,,
2013-06-10,191.83,192.08,190.47,191.25,,,,
2013-06-11,190.62,191.6,189.5,190.02,,,,
2013-06-12,190.61,191.34,187.74,188,,,,
2013-06-13,187.93,191.26,187.46,191.14,,,,
2013-06-14,191.08,192.41,191.05,191.34,,,,
2013-06-17,191.67,193.48,191.18,191.96,,,,
2013-06-18,192.02,193.53,191.51,193.3,,,,
2013-06-19,193.21,193.61,188.85,188.85,,,,
2013-06-20,188.21,188.21,183.07,183.44,,,,
2013-06-21,183.44,186.84,182.2,185.85,,,,
2013-06-24,185.14,187.11,183.14,185.81,,,,
2013-06-25,186.27,188.66,185.64,188.09,,,,
2013-06-26,188.77,190.99,188.77,190.51,,,,
2013-06-27,190.97,192.61,190.34,190.7,,,,
2013-06-28,190.53,192.24,189.49,191.4,,,,
2013-07-01,191.81,192.54,188.3,188.89,,,,
2013-07-02,188.73,190.09,188.13,188.79,,,,
2013-07-03,188.35,188.96,187.52,188.51,,,,
2013-07-05,188.69,188.74,185.64,187.6,,,,
2013-07-08,188.11,190.68,187.84,190.29,,,,
2013-07-09,190.92,191.94,190.56,191.72,,,,
2013-07-10,191.47,193.01,190.79,192.64,,,,
2013-07-11,193.45,195.84,193.45,195.77,,,,
2013-07-12,195.65,196.61,194.5,196.44,,,,
2013-07-15,196.18,199.79,196.1,199.55,,,,
2013-07-16,199.55,199.74,197.57,198.55,,,,
2013-07-17,198.99,199.66,197.69,198.36,,,,
2013-07-18,198.66,200.45,198.66,200.29,,,,
2013-07-19,200.29,200.77,199.52,200.14,,,,
2013-07-22,200.16,200.72,199.84,200.03,,,,
2013-07-23,200.14,201.12,199.6,200.6,,,,
2013-07-24,200.49,200.49,196.74,197.5,,,,
2013-07-25,197.29,199.29,197.11,199.24,,,,
2013-07-26,198.73,200,197.58,199.95,,,,
2013-07-29,199.53,201.15,199.45,200.35,,,,
2013-07-30,200.93,202.26,200.38,200.86,,,,
2013-07-31,200.81,200.81,198.55,199.44,,,,
2013-08-01,200.06,201.13,199.27,200.93,,,,
2013-08-02,200.87,201.02,199.61,200.76,,,,
2013-08-05,200.16,200.23,199.33,199.34,,,,
2013-08-06,199.17,199.24,197.86,198.15,,,,
2013-08-07,197.78,199.35,196.9,199.05,,,,
2013-08-08,199.33,200.39,198.59,199.84,,,,
2013-08-09,199.8,200.06,198.34,198.48,,,,
2013-08-12,197.8,197.8,196.6,197.21,,,,
2013-08-13,197.21,197.25,195.83,196.11,,,,
2013-08-14,195.85,195.89,193.54,194.62,,,,
2013-08-15,193.52,193.75,191.7,191.88,,,,
2013-08-16,191.88,191.88,188.79,189.82,,,,
2013-08-19,189.6,190.5,187.87,188.32,,,,
2013-08-20,188.42,191.37,188.31,189.91,,,,
2013-08-21,189.59,189.59,186.95,187.7,,,,
2013-08-22,187.9,189.45,187.57,188.93,,,,
2013-08-23,189.18,190.84,188.45,190.4,,,,
2013-08-26,190.42,190.53,188.79,188.9,,,,
2013-08-27,188.14,189.89,187.59,188.82,,,,
2013-08-28,188.82,189.98,187.92,189.38,,,,
2013-08-29,189.03,189.36,187.92,188.38,,,,
2013-08-30,188.49,189.44,187.72,188.44,,,,
2013-09-03,189.08,189.8,185.98,186.31,,,,
2013-09-04,186.11,186.51,184.46,186.04,,,,
2013-09-05,185.93,186.45,184.87,185.34,,,,
2013-09-06,185.66,187.6,185.66,186.38,,,,
2013-09-09,186.52,187.29,185.78,187.14,,,,
2013-09-10,187.5,188.5,186.97,188.48,,,,
2013-09-11,188.49,188.49,185.8,186.75,,,,
2013-09-12,186.91,188.23,185.92,186.14,,,,
2013-09-13,186.41,187.88,186.41,187.59,,,,
2013-09-16,188.28,190.73,187.62,188,,,,
2013-09-17,188.24,189.21,188.16,189.03,,,,
2013-09-18,189.03,195.51,188.41,194.7,,,,
2013-09-19,194.85,195.94,193.12,193.81,,,,
2013-09-20,193.81,193.84,190.86,191,,,,
2013-09-23,190.81,193.89,190.03,193.22,,,,
2013-09-24,193.31,193.58,192.44,193.03,,,,
2013-09-25,192.97,193.67,191.62,191.62,,,,
2013-09-26,191.68,192.44,190.67,191.37,,,,
2013-09-27,190.78,191.64,189.51,190.07,,,,
2013-09-30,189.45,190.36,189.01,189.84,,,,
2013-10-01,189.91,191.1,189.85,190.52,,,,
2013-10-02,190.13,191.09,189.2,190.8,,,,
2013-10-03,190.19,190.19,187.77,188.44,,,,
2013-10-04,188.47,189.43,188.17,188.83,,,,
2013-10-07,188.24,189.48,187.63,187.99,,,,
2013-10-08,188.01,190.62,187.97,189.2,,,,
2013-10-09,189.46,192.5,189.17,190.03,,,,
2013-10-10,190.55,193.05,189.1,192.84,,,,
2013-10-11,192.72,194.03,192.14,193.72,,,,
2013-10-14,193.23,193.23,190,192.6,,,,
2013-10-15,192.22,192.22,189.69,189.93,,,,
2013-10-16,190.45,191.81,190.02,191.81,,,,
2013-10-17,191.43,195.19,190.24,194.89,,,,
2013-10-18,194.9,195.98,194.77,195.42,,,,
2013-10-21,195.32,195.61,194.13,195.02,,,,
2013-10-22,195.26,198.16,195.14,197.5,,,,
2013-10-23,197.37,199.74,197.22,197.56,,,,
2013-10-24,197.78,197.99,196.22,197.1,,,,
2013-10-25,196.94,199.39,196.3,199.35,,,,
2013-10-28,199.23,200.06,198.25,198.89,,,,
2013-10-29,199.06,199.61,198.39,199.14,,,,
2013-10-30,199.22,200.46,197.62,197.83,,,,
2013-10-31,197.67,198.13,194.61,196.78,,,,
2013-11-01,197.03,198.86,197.03,198.24,,,,
2013-11-04,198.55,198.94,196.96,198.69,,,,
2013-11-05,198.47,199.8,197.16,197.16,,,,
2013-11-06,197.41,199.77,197.4,199.77,,,,
2013-11-07,199.88,200.73,197.53,197.83,,,,
2013-11-08,197.11,197.43,193.91,197.42,,,,
2013-11-11,197.47,198.41,196.36,197.45,,,,
2013-11-12,196.96,196.96,194.7,195.63,,,,
2013-11-13,194.74,196.18,193.1,196.18,,,,
2013-11-14,196.51,198.58,196.43,197.85,,,,
2013-11-15,197.85,199.06,197.28,199.04,,,,
2013-11-18,199.08,199.21,198.11,198.86,,,,
2013-11-19,198.75,198.75,197.03,197.45,,,,
2013-11-20,197.44,198.22,195.04,195.09,,,,
2013-11-21,195.33,196.69,194.79,195.59,,,,
2013-11-22,195.47,196.09,194.66,195.52,,,,
2013-11-25,195.74,196.06,194.7,194.72,,,,
2013-11-26,194.74,194.74,192.64,192.8,,,,
2013-11-27,192.88,193.07,191.55,192.27,,,,
2013-11-29,192.28,193.38,192,192.17,,,,
2013-12-02,192.17,192.74,190.38,191.44,,,,
2013-12-03,191.18,192.63,190.57,192.51,,,,
2013-12-04,191.91,193.07,190.73,192.93,,,,
2013-12-05,192.58,192.58,191.21,191.5,,,,
2013-12-06,192.12,194.27,192.12,193.77,,,,
2013-12-09,193.68,193.68,191.92,192.71,,,,
2013-12-10,192.59,192.61,190.48,190.71,,,,
2013-12-11,190.65,190.65,188.9,189.17,,,,
2013-12-12,189.1,190.59,189.07,189.35,,,,
2013-12-13,189.54,189.96,188.65,189.09,,,,
2013-12-16,189.46,191.37,189.46,190.2,,,,
2013-12-17,190.17,190.38,189.27,189.8,,,,
2013-12-18,189.78,192.42,187.89,192.32,,,,
2013-12-19,191.83,191.83,189.12,190.91,,,,
2013-12-20,190.91,193.5,190.9,192.65,,,,
2013-12-23,193.01,193.72,191.91,191.99,,,,
2013-12-24,191.9,193.13,191.07,192.65,,,,
2013-12-26,192.68,192.91,191.47,191.86,,,,
2013-12-27,191.89,192.82,191.51,192.22,,,,
2013-12-30,192.28,193.14,192.01,192.77,,,,
2013-12-31,192.9,193.45,192.52,193.21,,,,
2014-01-02,193.12,193.12,190.02,190.23,,,,
2014-01-03,190.22,190.67,188.82,189.68,,,,
2014-01-06,189.76,190.41,189.11,189.86,,,,
2014-01-07,190.05,191.68,190.05,191.59,,,,
2014-01-08,191.38,191.38,190.09,190.54,,,,
2014-01-09,190.85,191.76,190.31,191.63,,,,
2014-01-10,192.37,195.71,192.37,194.39,,,,
2014-01-13,194.23,194.41,192.25,192.61,,,,
2014-01-14,192.81,193.43,192.14,192.78,,,,
2014-01-15,192.84,193.22,192.15,192.37,,,,
2014-01-16,192.37,193.64,192.25,193.62,,,,
2014-01-17,193.62,194.01,193.24,193.57,,,,
2014-01-21,193.8,195.81,193.8,195.8,,,,
2014-01-22,195.88,196.56,195.73,196.02,,,,
2014-01-23,195.59,195.84,194.3,195.42,,,,
2014-01-24,194.94,196.11,193.23,193.23,,,,
2014-01-27,193.35,194.46,193.11,193.64,,,,
2014-01-28,193.79,194.45,193.44,194.43,,,,
2014-01-29,193.99,195.2,193.54,194.24,,,,
2014-01-30,194.7,197.27,194.7,197.15,,,,
2014-01-31,196.49,199.13,195.92,198.77,,,,
2014-02-03,198.87,201.3,196.91,197.23,,,,
2014-02-04,197.63,197.68,195.18,196.02,,,,
2014-02-05,195.72,195.72,194.41,194.97,,,,
2014-02-06,195.08,196.43,194.56,196.21,,,,
2014-02-07,196.55,197.51,196.21,197.42,,,,
2014-02-10,197.13,198.87,196.15,198.83,,,,
2014-02-11,198.77,201.2,198.52,200.58,,,,
2014-02-12,200.12,200.73,199.26,200.32,,,,
2014-02-13,200.02,202.75,199.84,202.63,,,,
2014-02-14,202.43,204.02,201.88,204,,,,
2014-02-18,204.01,205.3,204.01,204.57,,,,
2014-02-20,203.53,205.68,203.38,205.07,,,,
2014-02-21,205.09,207.12,205.04,205.38,,,,
2014-02-24,205.5,207.21,204.72,204.75,,,,
2014-02-25,204.79,206.34,204.17,204.59,,,,
2014-02-26,204.78,205.05,203.41,203.6,,,,
2014-02-27,203.57,204.41,202.35,203.05,,,,
2014-02-28,203.17,204.8,203.17,204.33,,,,
2014-03-03,203.83,204.13,202.14,202.4,,,,
2014-03-04,203.16,204.55,203.16,203.99,,,,
2014-03-05,203.96,203.96,202.23,202.54,,,,
2014-03-06,202.76,203.05,200.67,201.26,,,,
2014-03-07,201.22,201.77,199.5,201.76,,,,
2014-03-10,201.68,202.07,200.57,201.42,,,,
2014-03-11,201.63,201.81,199.92,200.74,,,,
2014-03-12,200.63,203.31,200.59,203.31,,,,
2014-03-13,203.35,205.77,203.12,205.19,,,,
2014-03-14,205.1,206.99,204.68,206.37,,,,
2014-03-17,206.79,207.88,205.76,207.66,,,,
2014-03-18,207.7,208.15,206.93,207.25,,,,
2014-03-19,207.31,207.67,203.2,204.21,,,,
2014-03-20,203.94,204.42,202.1,204.42,,,,
2014-03-21,204.42,208,204.42,206.04,,,,
2014-03-24,206.22,207.29,205.28,206.54,,,,
2014-03-25,206.67,207.67,205.45,207.33,,,,
2014-03-26,207.57,208.14,206.5,206.5,,,,
2014-03-27,206.41,208.2,205.71,208.11,,,,
2014-03-28,208.05,208.49,207.26,208.46,,,,
2014-03-31,208.9,211.44,208.81,210.64,,,,
2014-04-01,210.67,210.67,208.51,209.27,,,,
2014-04-02,209.27,209.61,208.08,208.85,,,,
2014-04-03,209.01,210.18,208.75,209.53,,,,
2014-04-04,209.93,212.98,209.93,210.71,,,,
2014-04-07,210.63,212.56,210.3,210.3,,,,
2014-04-08,210.21,213.6,208.95,213.44,,,,
2014-04-09,213.33,213.74,210.69,212.87,,,,
2014-04-10,212.9,214.52,211.41,212.05,,,,
2014-04-11,211.91,213.25,211.45,211.83,,,,
2014-04-14,212.19,213.77,211.83,213.21,,,,
2014-04-15,213.3,216.05,213.3,216.04,,,,
2014-04-16,216.34,217.65,215.73,217.65,,,,
2014-04-17,217.63,218.09,214.73,215.13,,,,
2014-04-21,215.25,216.42,213.72,214.78,,,,
2014-04-22,214.76,215.21,213.71,214.87,,,,
2014-04-23,214.98,217.4,214.98,215.15,,,,
2014-04-24,215.28,217.13,214.26,216.52,,,,
2014-04-25,216.55,219.06,216.55,218.98,,,,
2014-04-28,218.94,220.4,218.36,220.11,,,,
2014-04-29,220.2,220.78,218.59,219.14,,,,
2014-04-30,219.14,221.36,219.14,219.49,,,,
2014-05-01,219.75,220.83,217.9,220.19,,,,
2014-05-02,219.62,219.62,214.78,215.82,,,,
2014-05-05,215.59,217.68,215.5,217.5,,,,
2014-05-06,217.34,217.85,216.37,216.52,,,,
2014-05-07,216.66,219.99,216.66,219.96,,,,
2014-05-08,219.85,220.09,217.05,217.41,,,,
2014-05-09,217.39,217.9,214.24,214.34,,,,
2014-05-12,214.53,214.82,211.97,212.22,,,,
2014-05-13,212.52,213.6,211.77,212.56,,,,
2014-05-14,212.33,214.61,212.08,213.35,,,,
2014-05-15,213.46,214.4,212.34,212.57,,,,
2014-05-16,212.57,213.32,211.73,213.14,,,,
2014-05-19,213.01,213.01,209.72,209.81,,,,
2014-05-20,209.97,211.15,208.55,209.84,,,,
2014-05-21,210.06,210.52,209.32,209.98,,,,
2014-05-22,210.01,212.29,210.01,211.7,,,,
2014-05-23,211.62,212.34,211.14,211.2,,,,
2014-05-27,211.67,214.11,211.67,212.92,,,,
2014-05-28,212.86,214.11,212.45,213.98,,,,
2014-05-29,214.14,214.37,212.89,214.25,,,,
2014-05-30,214.09,215.95,213.93,215.87,,,,
2014-06-02,215.84,216.2,214.95,215.76,,,,
2014-06-03,215.68,216.98,215.19,216.45,,,,
2014-06-04,216.11,216.56,215.25,216.47,,,,
2014-06-05,216.3,218.53,216.28,218.25,,,,
2014-06-06,218.29,219.24,217.2,217.44,,,,
2014-06-09,217.19,217.57,215.48,215.88,,,,
2014-06-10,215.81,216.45,214.87,215.25,,,,
2014-06-11,215.14,215.14,212.49,212.53,,,,
2014-06-12,212.33,213.76,209.93,213.18,,,,
2014-06-13,213.15,214.84,212.12,214.56,,,,
2014-06-16,214.52,217.73,214.43,216.03,,,,
2014-06-17,215.72,215.98,214.4,215.65,,,,
2014-06-18,215.69,220.51,215.64,220.45,,,,
2014-06-19,220.5,222.67,220.5,222.35,,,,
2014-06-20,222.35,222.73,220.88,221.01,,,,
2014-06-23,221.11,221.71,219.33,220.31,,,,
2014-06-24,220.27,221.62,220.18,220.86,,,,
2014-06-25,220.66,222.06,220.5,221.92,,,,
2014-06-26,221.73,222.44,221.08,222.37,,,,
2014-06-27,221.95,223.59,221.46,223.12,,,,
2014-06-30,223.11,225.36,222.64,224.93,,,,
2014-07-01,224.89,224.89,222.66,222.73,,,,
2014-07-02,222.4,222.4,217.63,218.37,,,,
2014-07-03,217.81,217.81,215,216.02,,,,
2014-07-07,216,217.79,215.91,216.92,,,,
2014-07-08,217.06,218.69,217.06,218.26,,,,
2014-07-09,218.45,218.82,216.88,217.93,,,,
2014-07-10,217.73,219.47,217.72,219.25,,,,
2014-07-11,219.12,219.52,217.37,217.73,,,,
2014-07-14,217.99,218.09,215.09,215.11,,,,
2014-07-15,215.22,216.82,215.13,216.2,,,,
2014-07-16,216.61,217.17,215.21,217.06,,,,
2014-07-17,216.66,217.37,214.91,214.92,,,,
2014-07-18,215.07,217.34,214.45,217.24,,,,
2014-07-21,216.94,217.63,215.8,217.02,,,,
2014-07-22,217.42,217.78,216.59,216.67,,,,
2014-07-23,216.79,216.98,216.19,216.6,,,,
2014-07-24,216.85,217.72,216.12,217.38,,,,
2014-07-25,217.31,218.02,215.43,215.67,,,,
2014-07-28,215.53,219.1,215.32,218.83,,,,
2014-07-29,218.75,219.04,216.32,216.52,,,,
2014-07-30,216.47,216.94,211.97,212.95,,,,
2014-07-31,212.27,212.71,209.22,209.38,,,,
2014-08-01,209.26,211.75,208.97,210.26,,,,
2014-08-04,210.24,210.27,205.53,209.03,,,,
2014-08-05,208.48,209.06,205.63,206.36,,,,
2014-08-06,205.75,205.75,203.21,203.71,,,,
2014-08-07,204.21,206.82,204.21,206.04,,,,
2014-08-08,206.43,210.19,206.43,210.12,,,,
2014-08-11,210.18,210.95,209.05,209.27,,,,
2014-08-12,208.99,209.96,208.73,209.03,,,,
2014-08-13,208.68,210.01,208.27,209.47,,,,
2014-08-14,209.64,211.54,209.64,211.48,,,,
2014-08-15,211.59,213.49,211.13,212.14,,,,
2014-08-18,212.47,213.28,211.4,211.78,,,,
2014-08-19,212.02,214.41,211.96,214.39,,,,
2014-08-20,214.2,215.02,213.54,214.87,,,,
2014-08-21,214.92,216.49,214.92,215.38,,,,
2014-08-22,215.38,216.15,213.58,214.75,,,,
2014-08-25,215.31,216.67,215.05,216.09,,,,
2014-08-26,216.12,216.8,213.62,213.65,,,,
2014-08-27,213.88,215.66,213.75,215.62,,,,
2014-08-28,215.18,217.11,214.8,217.08,,,,
2014-08-29,217.08,218.71,216.9,218.7,,,,
2014-09-02,218.69,218.94,215.35,216.47,,,,
2014-09-03,216.79,218.38,216.79,217.67,,,,
2014-09-04,217.42,218.05,216.4,217.67,,,,
2014-09-05,217.85,220.37,217.82,220.37,,,,
2014-09-08,220.27,220.27,217.78,218.78,,,,
2014-09-09,218.31,218.31,215.94,216.17,,,,
2014-09-10,216.04,216.35,214.59,215.32,,,,
2014-09-11,215.36,217.28,214.88,217.14,,,,
2014-09-12,216.47,216.47,212.6,213.2,,,,
2014-09-15,213.47,214.87,213.14,213.85,,,,
2014-09-16,213.76,216.99,213.76,216.48,,,,
2014-09-17,216.96,217.47,214.99,215.97,,,,
2014-09-18,216,216.72,213.73,214.48,,,,
2014-09-19,214.49,216.54,214.49,216.32,,,,
2014-09-22,215.87,216.05,214.35,214.76,,,,
2014-09-23,214.55,214.89,213.61,213.96,,,,
2014-09-24,214.17,214.23,212.68,213.27,,,,
2014-09-25,213.15,214.03,212.07,212.07,,,,
2014-09-26,212.11,213.04,210.49,212.42,,,,
2014-09-29,211.84,213.7,211.13,213.57,,,,
2014-09-30,213.89,216.13,213.25,213.99,,,,
2014-10-01,214.22,217.11,214.22,215.14,,,,
2014-10-02,214.89,216.33,214.49,214.89,,,,
2014-10-03,215.2,216.52,213.66,216.22,,,,
2014-10-06,216.58,217.3,215.3,216.2,,,,
2014-10-07,215.81,218.27,215.45,215.98,,,,
2014-10-08,216.04,220.94,216.04,220.79,,,,
2014-10-09,220.63,221.9,217.08,217.15,,,,
2014-10-10,217.82,220.11,217.82,218.25,,,,
2014-10-13,218.11,220.99,217.99,218.05,,,,
2014-10-14,218.72,222.57,218.06,220.16,,,,
2014-10-15,219.62,220.63,213.13,217.23,,,,
2014-10-16,216.62,217.75,213.33,217.3,,,,
2014-10-17,217.45,219.03,215.56,218.58,,,,
2014-10-20,218.65,221.79,218.65,221.63,,,,
2014-10-21,221.78,222.76,221.02,222.45,,,,
2014-10-22,222.49,225.53,222.36,223.86,,,,
2014-10-23,224.54,225.58,223.44,224.29,,,,
2014-10-24,224.61,226.99,224.47,226.44,,,,
2014-10-27,226.41,227.42,225.45,225.96,,,,
2014-10-28,226.39,227.56,224.83,227.56,,,,
2014-10-29,227.58,228.35,223.97,226.17,,,,
2014-10-30,226.57,230.99,226.57,230.84,,,,
2014-10-31,231.55,231.71,229.2,230.93,,,,
2014-11-03,231.2,233.12,231.19,232.53,,,,
2014-11-04,232.46,233.57,230.22,231.15,,,,
2014-11-05,231.72,236.6,231.48,236.5,,,,
2014-11-06,235.98,235.98,230.95,232.24,,,,
2014-11-07,232.47,234.61,232.05,234.58,,,,
2014-11-10,234.42,235.91,233.46,235.78,,,,
2014-11-11,235.59,236.13,233.99,234.95,,,,
2014-11-12,234.15,234.15,229.29,230.18,,,,
2014-11-13,230.53,231.46,227.79,228.3,,,,
2014-11-14,227.94,228.49,226.97,227.44,,,,
2014-11-17,227.35,230.8,227.17,230.5,,,,
2014-11-18,230.79,232.22,229.81,231.11,,,,
2014-11-19,230.66,231.5,229.51,230.96,,,,
2014-11-20,230.37,231.22,229.52,230.42,,,,
2014-11-21,230.52,231.97,229.27,231.3,,,,
2014-11-24,231.39,231.72,229.1,229.25,,,,
2014-11-25,229.36,229.44,227.66,229,,,,
2014-11-26,229.29,230.77,229.12,230.16,,,,
2014-11-28,230.59,233.54,230.59,232.61,,,,
2014-12-01,231.82,234.92,230.81,233,,,,
2014-12-02,232.77,235.26,231.68,234.6,,,,
2014-12-03,234.52,234.75,232.57,233.94,,,,
2014-12-04,234.02,234.9,232.71,233.74,,,,
2014-12-05,233.02,233.19,230.73,231.8,,,,
2014-12-08,231.98,234.39,231.98,233.45,,,,
2014-12-09,232.89,235.17,232.69,234.6,,,,
2014-12-10,234.55,236.26,231.69,231.76,,,,
2014-12-11,232.07,235.75,232.07,234.08,,,,
2014-12-12,233.37,235.21,231.78,231.84,,,,
2014-12-15,232.18,233.14,228.56,229.77,,,,
2014-12-16,229.79,233.1,227.82,229.34,,,,
2014-12-17,229.7,234.04,229.7,233.78,,,,
2014-12-18,234.34,238.35,233.79,238.35,,,,
2014-12-19,238.35,240.15,237.36,238.38,,,,
2014-12-22,238.57,239.18,237.29,239.16,,,,
2014-12-23,239.6,240.98,239.09,239.84,,,,
2014-12-24,240.01,244.73,240.01,244.17,,,,
2014-12-26,244.49,248.21,244.49,247.12,,,,
2014-12-29,247.1,250.98,247.1,249.87,,,,
2014-12-30,249.51,249.51,244.36,244.65,,,,
2014-12-31,245.09,245.57,239.97,240.14,,,,
2015-01-02,240.35,241.86,238.68,241.51,,,,
2015-01-05,241.51,241.7,237.4,238.35,,,,
2015-01-06,238.39,242.7,238.39,238.64,,,,
2015-01-07,238.95,241.86,238.23,240.97,,,,
2015-01-08,240.98,243.46,240.98,242.67,,,,
2015-01-09,242.68,243.23,239.9,241.09,,,,
2015-01-12,241.21,242,239.03,240.45,,,,
2015-01-13,240.46,244.89,240.04,241.21,,,,
2015-01-14,241.15,243.59,239.77,243.49,,,,
2015-01-15,243.56,245.85,243.16,245.23,,,,
2015-01-16,245.23,247.5,244.59,247.4,,,,
2015-01-20,247.59,248.47,245.69,247.96,,,,
2015-01-21,247.88,250.73,245.84,250.41,,,,
2015-01-22,250.41,251.73,247.68,249.31,,,,
2015-01-23,249.43,251.27,249.43,250.15,,,,
2015-01-26,250.13,250.14,247.74,250.04,,,,
2015-01-27,249.9,251.57,249.42,250.46,,,,
2015-01-28,250.43,253.29,247.6,248.1,,,,
2015-01-29,248.09,251.82,246.79,251.4,,,,
2015-01-30,251.03,251.03,245.59,245.77,,,,
2015-02-02,245.79,247.73,243.33,246.84,,,,
2015-02-03,246.83,248.57,245.47,247.88,,,,
2015-02-04,247.71,248.11,244.19,244.69,,,,
2015-02-05,244.7,247.33,244.05,246.8,,,,
2015-02-06,246.67,246.67,235.23,236.6,,,,
2015-02-09,236.55,237.71,233.44,234.47,,,,
2015-02-10,234.52,239.62,234.52,239.35,,,,
2015-02-11,238.97,238.97,233.16,233.63,,,,
2015-02-12,233.68,234.17,231.61,232.39,,,,
2015-02-13,232.09,232.09,226.96,228.74,,,,
2015-02-17,228.73,230.86,226.64,228.52,,,,
2015-02-18,228.5,234.15,228.19,233.92,,,,
2015-02-19,233.99,234.07,230.55,231.36,,,,
2015-02-20,231.36,231.8,228.41,231.46,,,,
2015-02-23,231.48,233.01,231.16,233.01,,,,
2015-02-24,233,235.79,232.3,234.44,,,,
2015-02-25,234.45,234.45,230.29,230.61,,,,
2015-02-26,230.62,231.58,228.46,228.89,,,,
2015-02-27,228.91,229.41,227.71,228.67,,,,
2015-03-02,228.66,228.66,222.7,224.2,,,,
2015-03-03,224.26,225.83,222.8,225.8,,,,
2015-03-04,225.8,225.8,223.6,224.38,,,,
2015-03-05,224.38,227.11,224.38,226.1,,,,
2015-03-06,226.1,226.1,218.26,219.15,,,,
2015-03-09,219.15,220.5,218.97,219.39,,,,
2015-03-10,219.31,221.57,218.43,219.03,,,,
2015-03-11,219.14,220.15,217.13,217.59,,,,
2015-03-12,217.86,222.55,217.86,221.71,,,,
2015-03-13,221.63,221.63,217.4,219.47,,,,
2015-03-16,219.61,224.76,219.61,223.2,,,,
2015-03-17,222.99,224.05,222.05,222.81,,,,
2015-03-18,222.8,230.17,222.23,228.86,,,,
2015-03-19,228.69,230.27,226.14,226.6,,,,
2015-03-20,226.6,229.14,226.36,228.71,,,,
2015-03-23,228.7,229.84,228.64,228.98,,,,
2015-03-24,228.82,229.87,225.83,226.29,,,,
2015-03-25,226.49,227.74,223.46,223.52,,,,
2015-03-26,223.39,224.45,221.04,221.73,,,,
2015-03-27,221.81,224.17,221.54,222.89,,,,
2015-03-30,222.92,226.48,222.92,225.8,,,,
2015-03-31,225.67,227.05,224.13,225.68,,,,
2015-04-01,225.63,226.46,222.6,225.93,,,,
2015-04-02,225.94,227.26,225.55,226.52,,,,
2015-04-06,226.53,230.84,226.53,229.41,,,,
2015-04-07,229.32,229.36,226.74,226.93,,,,
2015-04-08,226.96,227.05,225.13,226.28,,,,
2015-04-09,226.19,226.19,223.94,225.2,,,,
2015-04-10,225.46,227.82,225.09,226.97,,,,
2015-04-13,227.09,227.09,224.54,224.61,,,,
2015-04-14,224.69,226.55,224.66,225.87,,,,
2015-04-15,225.97,228.31,225.97,226.3,,,,
2015-04-16,226.19,226.19,223.06,224.93,,,,
2015-04-17,224.9,225.88,223.38,224.16,,,,
2015-04-20,224.29,229.21,224.29,227.49,,,,
2015-04-21,227.54,229.1,224.63,225.3,,,,
2015-04-22,225.66,226.47,224.52,225.87,,,,
2015-04-23,225.89,228.25,225.82,227.27,,,,
2015-04-24,227.21,230.97,226.83,229.51,,,,
2015-04-27,229.68,230.12,226.02,226.67,,,,
2015-04-28,226.22,228.31,225.04,228.29,,,,
2015-04-29,227.83,228.04,225.56,227.51,,,,
2015-04-30,227.32,227.32,223.03,224.58,,,,
2015-05-01,224.65,225.89,223.26,225.85,,,,
2015-05-04,225.85,229.26,225.68,227.5,,,,
2015-05-05,227.35,227.35,221.89,222.31,,,,
2015-05-06,222.32,223.18,218.92,221,,,,
2015-05-07,221.1,223.33,221.1,221.94,,,,
2015-05-08,222.51,225.32,222.51,223.64,,,,
2015-05-11,223.5,225.19,221.75,222.07,,,,
2015-05-12,221.52,221.75,219.36,221.4,,,,
2015-05-13,221.33,222.57,218.24,219.07,,,,
2015-05-14,219.21,221.84,219.21,221.38,,,,
2015-05-15,221.45,224.65,221.45,224.17,,,,
2015-05-18,223.88,225.33,223.17,224.96,,,,
2015-05-19,224.88,225.99,223.39,225.47,,,,
2015-05-20,225.41,227.39,225.1,225.84,,,,
2015-05-21,225.85,226.58,224.72,225.72,,,,
2015-05-22,225.61,225.99,223.97,225.32,,,,
2015-05-26,225.23,225.23,222.55,223.78,,,,
2015-05-27,223.7,224.86,223.45,224.48,,,,
2015-05-28,224.48,225.53,223.63,225.06,,,,
2015-05-29,225.1,225.61,223.77,224.68,,,,
2015-06-01,224.72,226.29,224.31,225.01,,,,
2015-06-02,224.86,224.86,220.43,221.88,,,,
2015-06-03,221.76,221.9,217.48,218.77,,,,
2015-06-04,218.59,219.85,217.96,218.24,,,,
2015-06-05,217.37,217.37,214.85,215.44,,,,
2015-06-08,215.4,215.48,213.96,214.09,,,,
2015-06-09,214.04,214.84,213.65,213.78,,,,
2015-06-10,213.9,216.18,213.9,214.72,,,,
2015-06-11,215.34,216.72,215.34,216.28,,,,
2015-06-12,216.11,216.11,214.34,214.36,,,,
2015-06-15,214.36,214.98,213.16,213.92,,,,
2015-06-16,213.87,214.92,212.77,214.85,,,,
2015-06-17,214.86,217.12,214.42,216.84,,,,
2015-06-18,216.99,220.2,216.99,219.78,,,,
2015-06-19,219.78,219.99,217.49,217.52,,,,
2015-06-22,217.61,218.42,216.84,217.22,,,,
2015-06-23,217.2,217.33,214.05,214.24,,,,
2015-06-24,214.3,214.94,212.55,212.55,,,,
2015-06-25,212.67,212.95,211.11,211.11,,,,
2015-06-26,210.93,212.53,209.86,212.26,,,,
2015-06-29,212.35,214.56,210.99,211.06,,,,
2015-06-30,211.21,211.74,210.1,210.56,,,,
2015-07-01,210.67,211.81,210.29,211.78,,,,
2015-07-02,212.51,215.07,212.51,214.68,,,,
2015-07-06,214.67,215.76,213.39,215.22,,,,
2015-07-07,215.38,221.54,215.38,220.56,,,,
2015-07-08,220.22,221.23,219.14,219.44,,,,
2015-07-09,219.57,220.63,216.42,217.09,,,,
2015-07-10,217.08,219.81,216.61,218.26,,,,
2015-07-13,218.32,219.71,217.06,218.33,,,,
2015-07-14,218.39,219.52,217.43,218.07,,,,
2015-07-15,218.09,219.15,216.89,219.12,,,,
2015-07-16,219.27,222.67,219.27,222.5,,,,
2015-07-17,222.43,222.43,220.09,220.13,,,,
2015-07-20,220.09,220.09,217.95,219.12,,,,
2015-07-21,218.98,219.03,216.13,217.01,,,,
2015-07-22,217.02,219.07,216.95,218.04,,,,
2015-07-23,217.81,217.81,213.72,214.85,,,,
2015-07-24,214.81,215.69,214.2,214.9,,,,
2015-07-27,214.89,218.66,214.89,217.69,,,,
2015-07-28,217.68,218.89,217.1,218.77,,,,
2015-07-29,218.68,219.65,217.15,219.49,,,,
2015-07-30,219.43,221.75,218.35,221.06,,,,
2015-07-31,221.59,225.04,221.59,223.22,,,,
2015-08-03,223.25,225.7,223.25,224.47,,,,
2015-08-04,224.41,224.41,220.44,220.79,,,,
2015-08-05,221.09,222.85,220.76,221.4,,,,
2015-08-06,221.27,222.53,219.27,222.42,,,,
2015-08-07,222.36,226.05,221.1,225.2,,,,
2015-08-10,225.23,226.23,223.8,224.29,,,,
2015-08-11,224.41,226.92,223.62,225.27,,,,
2015-08-12,224.78,229.17,224.43,228.83,,,,
2015-08-13,228.56,229.32,226.15,228.69,,,,
2015-08-14,228.4,230.55,227.4,230.44,,,,
2015-08-17,230.41,232.44,229.96,231.5,,,,
2015-08-18,231.33,231.33,230.03,230.86,,,,
2015-08-19,230.57,232.55,229.26,231.84,,,,
2015-08-20,231.02,233.19,229.86,230.47,,,,
2015-08-21,230.29,230.62,227.61,227.68,,,,
2015-08-24,227.68,227.68,218.13,219.21,,,,
2015-08-25,219.97,223.17,212.22,212.28,,,,
2015-08-26,212.51,216.33,211.81,215.84,,,,
2015-08-27,216.4,218.5,215.46,218.44,,,,
2015-08-28,218.43,218.7,214.81,217.79,,,,
2015-08-31,217.6,217.6,212.55,214.28,,,,
2015-09-01,213.62,213.62,207.34,208.55,,,,
2015-09-02,209.15,210.12,206.84,208.57,,,,
2015-09-03,208.85,210.6,208.59,209.65,,,,
2015-09-04,209.11,209.11,205.76,206.51,,,,
2015-09-08,206.82,210.77,206.82,210.74,,,,
2015-09-09,211.25,211.71,207.74,208.07,,,,
2015-09-10,207.98,209.71,207.08,207.67,,,,
2015-09-11,207.16,209.37,206.53,209.33,,,,
2015-09-14,209.33,211.17,209.31,209.87,,,,
2015-09-15,209.84,211.28,208.64,210.91,,,,
2015-09-16,210.9,213.62,210.79,213.03,,,,
2015-09-17,212.93,218.58,212.62,215.83,,,,
2015-09-18,215.83,216.99,214.11,214.49,,,,
2015-09-21,214.52,216.55,214.52,215.41,,,,
2015-09-22,214.76,215.4,212.21,212.73,,,,
2015-09-23,212.63,213.74,212.11,213.24,,,,
2015-09-24,212.93,215.35,212.32,214.98,,,,
2015-09-25,215.02,219.17,214.5,217.14,,,,
2015-09-28,217.14,218.23,215.54,215.87,,,,
2015-09-29,215.9,217.19,215.07,216.06,,,,
2015-09-30,216.51,220.02,216.45,219.82,,,,
2015-10-01,219.82,220.15,215.58,217.21,,,,
2015-10-02,217.7,220.08,216.84,220.07,,,,
2015-10-05,220.11,223.3,219.97,223.03,,,,
2015-10-06,222.81,222.81,220.13,221.42,,,,
2015-10-07,221.46,222.14,220.4,220.74,,,,
2015-10-08,220.61,223.76,219.83,223.4,,,,
2015-10-09,223.49,223.64,221.74,222.49,,,,
2015-10-12,222.6,225.64,222.6,224.5,,,,
2015-10-13,224.46,225.03,223.47,223.92,,,,
2015-10-14,223.99,225.38,223.54,223.91,,,,
2015-10-15,224.39,227.5,223.63,227.1,,,,
2015-10-16,227.2,228.8,226.7,227.6,,,,
2015-10-19,227.56,227.62,225.29,227.58,,,,
2015-10-20,227.31,229.24,226.77,228.29,,,,
2015-10-21,228.44,229.99,227.75,227.94,,,,
2015-10-22,228.23,231.13,228.02,230.63,,,,
2015-10-23,230.54,230.54,226.35,226.53,,,,
2015-10-26,226.69,226.89,223.85,225.58,,,,
2015-10-27,225.36,225.71,224.05,224.94,,,,
2015-10-28,225.03,225.65,219.97,222.4,,,,
2015-10-29,222.12,222.12,218.13,221,,,,
2015-10-30,221.23,222.92,220.55,222.13,,,,
2015-11-02,222.19,222.8,220.64,222.45,,,,
2015-11-03,222.05,223.24,220.97,223.08,,,,
2015-11-04,223.03,224.71,222.99,224.02,,,,
2015-11-05,223.85,224.2,222.16,222.22,,,,
2015-11-06,220.82,220.82,212.41,214.14,,,,
2015-11-09,213.76,215.7,212.79,214.76,,,,
2015-11-10,214.47,216.79,214.45,216.2,,,,
2015-11-11,216.41,218.4,216.41,218.13,,,,
2015-11-12,217.8,219.26,215.61,215.63,,,,
2015-11-13,215.73,217.45,214.29,214.85,,,,
2015-11-16,214.78,218.51,214.62,218.49,,,,
2015-11-17,218.14,219.65,213.95,214.45,,,,
2015-11-18,214.49,216.33,212.79,216.05,,,,
2015-11-19,216.29,218.65,216.29,218.18,,,,
2015-11-20,218.31,220.72,218.23,219.17,,,,
2015-11-23,219.01,219.49,216.65,216.97,,,,
2015-11-24,216.57,216.78,214.81,216.35,,,,
2015-11-25,216.29,216.29,214.41,215.13,,,,
2015-11-27,215.18,216.64,215.18,215.62,,,,
2015-11-30,215.71,217.48,215.66,216.01,,,,
2015-12-01,216.43,218.12,215.63,217.66,,,,
2015-12-02,217.39,217.39,212.76,212.89,,,,
2015-12-03,212.28,212.48,210.55,211.06,,,,
2015-12-04,211.55,214.45,211.55,214.3,,,,
2015-12-07,214.15,215.1,212.62,215.01,,,,
2015-12-08,214.44,214.8,212.89,214.5,,,,
2015-12-09,214.16,216.9,213.06,214.57,,,,
2015-12-10,214.56,214.56,210.84,211.03,,,,
2015-12-11,210.38,212.09,208.96,210.39,,,,
2015-12-14,210.44,211.48,209.02,211.35,,,,
2015-12-15,211.74,214.48,211.74,213.22,,,,
2015-12-16,213.53,218.93,213.53,218.68,,,,
2015-12-17,218.66,220.21,217.37,218.91,,,,
2015-12-18,218.9,218.9,214.68,216.15,,,,
2015-12-21,216.58,217.62,215.07,216.3,,,,
2015-12-22,216.41,218.47,214.77,217.95,,,,
2015-12-23,218.16,221.72,218.16,221.31,,,,
2015-12-24,221.24,221.75,220.66,221.13,,,,
2015-12-28,220.81,221.79,219.89,221.55,,,,
2015-12-29,222.03,223.32,222.03,222.67,,,,
2015-12-30,222.62,223.27,221.92,222.34,,,,
2015-12-31,222.09,222.09,218.01,220,,,,
2016-01-04,218.93,219.5,216.93,219.41,,,,
2016-01-05,219.29,221.58,216.34,221.14,,,,
2016-01-06,220.15,221.6,218.98,220.72,,,,
2016-01-07,219.62,220.3,218.32,219.16,,,,
2016-01-08,219.19,220.84,218.74,219.12,,,,
2016-01-11,219.24,221.24,219.24,220.44,,,,
2016-01-12,220.85,221.01,217.72,219.36,,,,
2016-01-13,219.55,221.11,218.68,219.35,,,,
2016-01-14,219.38,223.86,218.63,222.64,,,,
2016-01-15,222.26,222.27,218.04,220.66,,,,
2016-01-19,221.17,224.53,221.12,223.94,,,,
2016-01-20,223.45,223.45,215.82,218.81,,,,
2016-01-21,219.11,220.23,216.8,218.81,,,,
2016-01-22,219.66,222.78,219.05,222.63,,,,
2016-01-25,222.63,222.63,219.97,220.68,,,,
2016-01-26,220.94,224.42,220.94,222.35,,,,
2016-01-27,222.21,224.37,220.98,222.78,,,,
2016-01-28,222.86,227.71,221.65,226.38,,,,
2016-01-29,227.65,230.99,227.65,230.77,,,,
2016-02-01,230.58,234.08,230.13,233.18,,,,
2016-02-02,232.18,234.24,231.11,234.04,,,,
2016-02-03,234.36,237.87,234.3,236.84,,,,
2016-02-04,236.65,237.87,235.29,235.87,,,,
2016-02-05,235.33,237.52,232.44,236.59,,,,
2016-02-08,236.43,238.53,233.55,235.62,,,,
2016-02-09,235.31,237.28,234.33,236.46,,,,
2016-02-10,236.04,236.99,231.69,235.81,,,,
2016-02-11,235.51,235.67,231.28,231.39,,,,
2016-02-12,231.51,232.39,228.69,230.6,,,,
2016-02-16,230.89,232.42,229.63,231.99,,,,
2016-02-17,232.08,232.17,230.02,231.48,,,,
2016-02-18,231.69,236.09,231.04,235.28,,,,
2016-02-19,235.32,235.32,232.23,233.79,,,,
2016-02-22,234.02,236.42,233.69,236.4,,,,
2016-02-23,236.07,237.12,234.69,236.6,,,,
2016-02-24,236.11,237.99,235.47,237.68,,,,
2016-02-25,237.79,240.05,237.79,240.03,,,,
2016-02-26,239.69,239.69,233.4,233.47,,,,
2016-02-29,233.37,236.16,232.83,233.94,,,,
2016-03-01,234.59,235.72,231.37,232.79,,,,
2016-03-02,232.39,233.94,227.79,233.84,,,,
2016-03-03,233.95,235.25,231.08,235.23,,,,
2016-03-04,234.72,238.68,233.29,237.97,,,,
2016-03-07,237.81,239.72,236.83,239.29,,,,
2016-03-08,239.27,241.54,238.24,241.26,,,,
2016-03-09,241.12,243.24,241.12,242.49,,,,
2016-03-10,242.53,243.5,240.44,242.7,,,,
2016-03-11,243.46,244.43,242.46,243.03,,,,
2016-03-14,243.01,243.62,241.9,243.24,,,,
2016-03-15,243.2,244.44,242.75,243.78,,,,
2016-03-16,243.53,246.56,241.18,246.2,,,,
2016-03-17,246.38,249.32,245.6,248.79,,,,
2016-03-18,248.8,249.29,247.15,247.23,,,,
2016-03-21,246.8,248.13,244.61,246.93,,,,
2016-03-22,246.9,247.87,245.81,246.04,,,,
2016-03-23,246.1,248.72,245.05,247.83,,,,
2016-03-24,247.58,248.85,247.1,248.58,,,,
2016-03-28,248.64,250.16,247.1,247.69,,,,
2016-03-29,247.86,251.23,247.22,251.16,,,,
2016-03-30,251.21,251.48,249.61,250.57,,,,
2016-03-31,250.69,252.2,249.91,251.93,,,,
2016-04-01,251.64,253.24,250.16,252.91,,,,
2016-04-04,252.82,253.26,250.62,251.91,,,,
2016-04-05,251.66,251.69,246.95,247.16,,,,
2016-04-06,247.01,247.08,245.36,246.86,,,,
2016-04-07,246.73,248.32,246.2,246.79,,,,
2016-04-08,247.11,249.6,247.11,247.92,,,,
2016-04-11,248.02,249.53,246.78,246.93,,,,
2016-04-12,247.1,248.98,246.68,248.73,,,,
2016-04-13,248.97,249.16,245.88,247.11,,,,
2016-04-14,246.87,247.65,246.12,246.78,,,,
2016-04-15,246.89,248.77,246.6,248.4,,,,
2016-04-18,248.31,249.22,246.52,249.22,,,,
2016-04-19,249.36,249.9,248.03,249.53,,,,
2016-04-20,249.62,250.05,243.26,243.43,,,,
2016-04-21,243.28,243.28,237.27,238.17,,,,
2016-04-22,238.79,240.65,238.79,240.37,,,,
2016-04-25,240.22,240.87,239.26,240.82,,,,
2016-04-26,241.17,242.16,240.6,241.2,,,,
2016-04-27,241.75,246.05,241.38,244.61,,,,
2016-04-28,244.01,244.83,241.62,244.4,,,,
2016-04-29,243.78,245.98,241.52,245.76,,,,
2016-05-02,245.9,248.94,245.7,247.7,,,,
2016-05-03,247.66,248.86,246.23,247.66,,,,
2016-05-04,247.46,251.93,246.83,250.39,,,,
2016-05-05,250.02,252.36,248.52,249.44,,,,
2016-05-06,249.44,249.44,245.47,247.7,,,,
2016-05-09,247.78,249.41,247.41,249,,,,
2016-05-10,249.05,250.15,248.45,249.3,,,,
2016-05-11,249.3,250.15,247.78,249.9,,,,
2016-05-12,249.7,251.56,248.5,251.06,,,,
2016-05-13,250.79,251.01,248.75,249.86,,,,
2016-05-16,249.63,250.22,248.17,250.15,,,,
2016-05-17,249.92,249.92,244.66,245.98,,,,
2016-05-18,245.06,246.17,240.33,241.21,,,,
2016-05-19,240.66,243.49,238.92,243.46,,,,
2016-05-20,243.7,244.15,242.21,244,,,,
2016-05-23,244.1,244.49,241.52,241.63,,,,
2016-05-24,241.81,244.57,241.81,244.32,,,,
2016-05-25,244.22,244.29,241.98,243.6,,,,
2016-05-26,243.63,246.44,243.43,246.19,,,,
2016-05-27,246.2,246.92,245.35,246.77,,,,
2016-05-31,246.63,248.37,246.2,248.16,,,,
2016-06-01,247.81,248.99,247.47,248.95,,,,
2016-06-02,248.55,248.78,246.32,248.78,,,,
2016-06-03,249.64,254.1,249.64,252.91,,,,
2016-06-06,253.07,253.66,251.33,252.45,,,,
2016-06-07,252.62,253.78,251.57,252.02,,,,
2016-06-08,252.01,253.63,251.6,253.57,,,,
2016-06-09,253.5,256.09,253.38,255.8,,,,
2016-06-10,255.64,256.6,254.05,255.09,,,,
2016-06-13,255.13,256.2,254.52,254.73,,,,
2016-06-14,254.68,256.12,253.5,256.07,,,,
2016-06-15,256.11,256.33,253.51,254.25,,,,
2016-06-16,254.23,256.48,253.88,255.93,,,,
2016-06-17,255.94,256.9,254.39,256.81,,,,
2016-06-20,256.87,257.19,254.02,255.77,,,,
2016-06-21,255.78,257.44,254.44,256.19,,,,
2016-06-22,256.28,256.57,254.84,255.04,,,,
2016-06-23,255.11,255.89,254.1,255.89,,,,
2016-06-24,255.22,258.42,254.19,256.12,,,,
2016-06-27,255.95,260.02,255.7,259.42,,,,
2016-06-28,259.52,260.25,257.13,260.25,,,,
2016-06-29,260.6,262.01,259.94,260.97,,,,
2016-06-30,261.14,266.71,260.89,266.7,,,,
2016-07-01,267.08,267.71,263.9,266.56,,,,
2016-07-05,266.59,268.86,266.52,268.49,,,,
2016-07-06,268.34,269.24,266.67,269.14,,,,
2016-07-07,268.85,268.85,263.59,264.27,,,,
2016-07-08,264.16,266.96,261.64,266.87,,,,
2016-07-11,266.33,266.82,263.49,266.64,,,,
2016-07-12,265.72,265.94,262.84,263,,,,
2016-07-13,263.72,265.01,263.47,265.01,,,,
2016-07-14,264.33,264.48,262.39,263.29,,,,
2016-07-15,263.38,264.68,262.84,264.06,,,,
2016-07-18,264.25,265.66,264.25,264.68,,,,
2016-07-19,264.66,264.99,263.22,264.29,,,,
2016-07-20,264.26,264.65,262.53,262.98,,,,
2016-07-21,262.74,264.61,261.47,264.44,,,,
2016-07-22,264.45,268.17,264.33,267.92,,,,
2016-07-25,267.56,267.89,265.92,267.54,,,,
2016-07-26,267.53,267.77,264.45,265.21,,,,
2016-07-27,264.81,264.81,260.07,262.12,,,,
2016-07-28,262.1,263.45,261.45,262.9,,,,
2016-07-29,262.91,265.43,262.87,264.75,,,,
2016-08-01,264.5,265.24,263.84,264.69,,,,
2016-08-02,264.22,264.22,261.87,263.14,,,,
2016-08-03,263.17,263.28,260.57,261.54,,,,
2016-08-04,261.59,263.14,260.5,261.25,,,,
2016-08-05,260.98,260.98,257.32,257.65,,,,
2016-08-08,257.82,259.51,256.65,257.36,,,,
2016-08-09,257.22,258.43,256.57,257.1,,,,
2016-08-10,257.21,257.93,256.25,256.96,,,,
2016-08-11,256.88,257.31,255.8,257.27,,,,
2016-08-12,257.59,259.26,257.42,257.47,,,,
2016-08-15,257.41,258.04,253.42,253.48,,,,
2016-08-16,252.95,252.95,250.43,250.44,,,,
2016-08-17,250.18,254.59,248.23,254.15,,,,
2016-08-18,253.87,257.27,253.74,257.27,,,,
2016-08-19,256.58,256.66,252.81,254.14,,,,
2016-08-22,254.63,255.88,254.1,254.85,,,,
2016-08-23,255.22,256.27,253.59,253.62,,,,
2016-08-24,253.28,253.98,251.66,253.62,,,,
2016-08-25,253.62,254.6,253.46,253.72,,,,
2016-08-26,253.96,255.38,248.16,248.36,,,,
2016-08-29,248.95,250.82,248.95,250.31,,,,
2016-08-30,250.22,251.13,247.43,247.73,,,,
2016-08-31,247.45,248.58,246.7,248.49,,,,
2016-09-01,248.35,248.61,247.01,247.46,,,,
2016-09-02,247.54,250.81,247.54,250.52,,,,
2016-09-06,251.43,253.5,251.12,253.33,,,,
2016-09-07,253.04,253.64,251.75,253.05,,,,
2016-09-08,252.52,254.21,252.4,253.93,,,,
2016-09-09,252.15,252.15,244.3,244.4,,,,
2016-09-12,244.33,249.22,244.33,248.64,,,,
2016-09-13,248.03,248.18,244.17,245.2,,,,
2016-09-14,245.66,248.08,245.12,246.32,,,,
2016-09-15,246.13,248.36,245.35,248.05,,,,
2016-09-16,248.04,250.67,246.44,250.32,,,,
2016-09-19,250.84,252.92,250.66,252.81,,,,
2016-09-20,253.44,254.21,252.27,252.32,,,,
2016-09-21,252.36,257.68,252.36,257.62,,,,
2016-09-22,258.59,259.51,257.27,259.08,,,,
2016-09-23,258.03,259.58,257.17,258.75,,,,
2016-09-26,258.69,259.26,257.44,258.21,,,,
2016-09-27,258.91,260.23,254.6,254.99,,,,
2016-09-28,255.48,255.64,252.13,254.25,,,,
2016-09-29,253.43,253.44,249.31,250.56,,,,
2016-09-30,251.51,252.37,247.5,248.79,,,,
2016-10-03,248.35,248.38,243.82,245.44,,,,
2016-10-04,245.18,245.18,238.71,240.11,,,,
2016-10-05,240.47,242.43,238.77,239.52,,,,
2016-10-06,238.9,240.73,237.58,239.48,,,,
2016-10-07,240.92,243.47,239.19,239.31,,,,
2016-10-10,239.81,241.44,239.43,241.3,,,,
2016-10-11,240.78,240.82,238.08,238.46,,,,
2016-10-12,238.74,241.21,238.74,240.82,,,,
2016-10-13,240.85,245.33,240.82,243.85,,,,
2016-10-14,243.49,244.83,242.25,242.5,,,,
2016-10-17,243.06,244.38,242.97,243.83,,,,
2016-10-18,244.91,246.35,242.79,245.83,,,,
2016-10-19,245.8,245.96,244.18,245.3,,,,
2016-10-20,245.58,247.02,244.73,245.14,,,,
2016-10-21,244.42,244.95,242.71,243.85,,,,
2016-10-24,244.65,245.47,243.17,244.8,,,,
2016-10-25,244.59,246.11,244.2,246.07,,,,
2016-10-26,245.98,247.04,244.4,246.61,,,,
2016-10-27,245.79,246.24,243.58,245.3,,,,
2016-10-28,245.43,247.07,244.69,245.95,,,,
2016-10-31,247.04,252.33,246.71,250.83,,,,
2016-11-01,250.92,250.96,245.73,246.4,,,,
2016-11-02,245.9,245.9,241.15,243.24,,,,
2016-11-03,242.58,244.95,241.81,244.07,,,,
2016-11-04,245.3,247.37,243.11,243.19,,,,
2016-11-07,244.31,247.52,241.97,247.51,,,,
2016-11-08,247.7,250.22,247.39,249.26,,,,
2016-11-09,246.08,246.08,239.71,240.09,,,,
2016-11-10,238.64,238.64,231.05,234.17,,,,
2016-11-11,234.25,236.24,232.29,233.27,,,,
2016-11-14,232.11,233.31,229.5,232.73,,,,
2016-11-15,233.48,237.16,233.48,236.68,,,,
2016-11-16,236.77,237.41,233.26,234.74,,,,
2016-11-17,233.92,235.79,233.87,234.57,,,,
2016-11-18,234.49,235.67,232.9,233.79,,,,
2016-11-21,234.39,236.39,234.3,236.34,,,,
2016-11-22,236.27,237.37,235.14,236.95,,,,
2016-11-23,235.27,236.82,234.36,234.8,,,,
2016-11-25,235.4,238.79,235.4,238.15,,,,
2016-11-28,238.76,243.27,238.76,242.86,,,,
2016-11-29,242.16,244.89,242,243.63,,,,
2016-11-30,240.38,240.43,235.88,235.88,,,,
2016-12-01,234.66,234.9,232.31,233.75,,,,
2016-12-02,235.11,237.68,234.57,235.9,,,,
2016-12-05,235.12,236.43,232.93,236.41,,,,
2016-12-06,237.09,237.19,235.39,235.82,,,,
2016-12-07,236.4,238.76,236.33,238.68,,,,
2016-12-08,237.35,239.61,235.62,239.27,,,,
2016-12-09,239.31,241.82,239.31,241.75,,,,
2016-12-12,241.05,244.5,241.05,244.21,,,,
2016-12-13,244.76,246.99,244.6,246.76,,,,
2016-12-14,247.79,249.27,241.34,241.72,,,,
2016-12-15,240.79,243.49,239.81,243.21,,,,
2016-12-16,243.44,247.05,243.41,246.22,,,,
2016-12-19,247.39,247.71,245.04,247.14,,,,
2016-12-20,247.05,248.19,246.28,247.43,,,,
2016-12-21,247.39,248.66,246.45,246.5,,,,
2016-12-22,246.21,247.71,245.81,247.34,,,,
2016-12-23,247.63,247.94,246.42,247.32,,,,
2016-12-27,246.85,247.91,246.03,247.31,,,,
2016-12-28,247.25,247.38,244.52,244.89,,,,
2016-12-29,245.55,248.48,245.33,248.03,,,,
2016-12-30,248.25,248.61,246.07,246.83,,,,
2017-01-03,246.98,246.98,244.59,246.09,,,,
2017-01-04,246.48,248.35,246.13,246.91,,,,
2017-01-05,247.19,247.71,244.71,247.15,,,,
2017-01-06,246.46,248.55,245.97,247.96,,,,
2017-01-09,248.3,248.73,244.68,244.72,,,,
2017-01-10,244.67,244.75,242.99,244.05,,,,
2017-01-11,243.98,246.71,243.94,246.42,,,,
2017-01-12,246.38,247.07,245.22,246.73,,,,
2017-01-13,246.29,247,244.8,246.32,,,,
2017-01-17,247.1,249.79,246.98,249.17,,,,
2017-01-18,248.82,249.9,248.38,248.76,,,,
2017-01-19,247.51,248.68,245.99,246.6,,,,
2017-01-20,246.82,247.69,245.48,246.97,,,,
2017-01-23,247.41,247.87,245.55,245.77,,,,
2017-01-24,245.72,246.75,245.27,245.77,,,,
2017-01-25,245.21,245.94,244.59,245.72,,,,
2017-01-26,245.64,246.93,244.69,245.79,,,,
2017-01-27,246.49,246.91,245.24,245.75,,,,
2017-01-30,245.92,246.62,244.44,245.85,,,,
2017-01-31,246.08,249.89,246.05,249.82,,,,
2017-02-01,248.02,248.3,244.65,245.5,,,,
2017-02-02,245.69,247.9,244.63,247.85,,,,
2017-02-03,248,249.1,247.62,248.14,,,,
2017-02-06,248.8,249.18,247.38,247.76,,,,
2017-02-07,247.89,248.54,247.31,248.25,,,,
2017-02-08,248.17,250.86,248.15,250.51,,,,
2017-02-09,250.07,250.81,247.74,248.41,,,,
2017-02-10,247.86,250.14,247.63,249.94,,,,
2017-02-13,249.89,251.04,249.05,250.96,,,,
2017-02-14,250.28,250.47,247.73,249.13,,,,
2017-02-15,247.32,248.18,246.12,248.17,,,,
2017-02-16,248.51,250.52,248.15,250.52,,,,
2017-02-17,250.7,251.24,249.12,250.68,,,,
2017-02-21,250.2,253.77,249.45,253.39,,,,
2017-02-22,253.26,254.78,252.27,254.43,,,,
2017-02-23,255.15,257.86,254.84,257.1,,,,
2017-02-24,257.9,260.67,257.65,260.67,,,,
2017-02-27,260.48,260.48,258.87,259.17,,,,
2017-02-28,258.8,262.21,258.64,261.6,,,,
2017-03-01,258.71,260.9,257.44,259.02,,,,
2017-03-02,258.43,262.49,257.89,260.94,,,,
2017-03-03,260.91,260.91,257.95,260.03,,,,
2017-03-06,259.94,260.1,258.63,259.55,,,,
2017-03-07,259.33,260.31,259.17,259.56,,,,
2017-03-08,257.56,257.56,254.95,255.56,,,,
2017-03-09,255.66,256.85,254.75,254.95,,,,
2017-03-10,256.31,257.44,255.38,257,,,,
2017-03-13,256.84,257.79,256.44,257.6,,,,
2017-03-14,257.4,258.08,256.62,257.37,,,,
2017-03-15,258.1,262.83,257.8,261.59,,,,
2017-03-16,260.88,260.88,258.08,258.75,,,,
2017-03-17,258.93,261.63,258.93,260.24,,,,
2017-03-20,260.68,261.23,257.78,258.48,,,,
2017-03-21,258.42,262.96,258.42,262.11,,,,
2017-03-22,263.07,264.88,262.24,263.11,,,,
2017-03-23,262.84,264.83,261.78,262.47,,,,
2017-03-24,262.37,264.39,262.06,263.53,,,,
2017-03-27,264.25,265,261.46,262.32,,,,
2017-03-28,261.82,262.67,261.12,262.47,,,,
2017-03-29,261.7,262.14,260.26,261.26,,,,
2017-03-30,260.57,260.57,258.65,259.48,,,,
2017-03-31,259.43,261.57,259.43,260.25,,,,
2017-04-03,259.91,260.29,257.97,260.25,,,,
2017-04-04,260.05,262.03,259.53,261.11,,,,
2017-04-05,260.94,262.75,260.28,262.48,,,,
2017-04-06,261.99,262.36,260.94,262.08,,,,
2017-04-07,262.48,263.26,260.59,260.69,,,,
2017-04-10,260.82,261.57,259.52,261.25,,,,
2017-04-11,260.98,261.62,259.43,261.19,,,,
2017-04-12,260.55,263.21,260.04,263.11,,,,
2017-04-13,262.87,263.41,261.08,262.15,,,,
2017-04-17,262.68,263.49,262.14,263.46,,,,
2017-04-18,263.44,264.44,263.03,263.89,,,,
2017-04-19,263.72,263.72,261.25,262.14,,,,
2017-04-20,261.6,261.71,259.27,261.12,,,,
2017-04-21,261.04,263.57,261.02,262.52,,,,
2017-04-24,262.83,264.09,261,263.79,,,,
2017-04-25,262.99,263.87,262.02,263.55,,,,
2017-04-26,263.21,264.59,262.45,262.53,,,,
2017-04-27,262.52,264.7,262.52,263.33,,,,
2017-04-28,263.16,263.39,261.4,262.16,,,,
2017-05-01,262.49,262.51,259.96,260.45,,,,
2017-05-02,261.17,261.91,259.89,261.11,,,,
2017-05-03,261.01,261.14,259.73,259.83,,,,
2017-05-04,259.23,261.1,259.13,260.9,,,,
2017-05-05,261.58,263.22,261.58,262.36,,,,
2017-05-08,262.37,262.6,260.77,262.2,,,,
2017-05-09,261.71,261.93,259.6,259.91,,,,
2017-05-10,260.02,260.93,258.99,260.33,,,,
2017-05-11,259.48,260.36,258.32,260.35,,,,
2017-05-12,260.55,262.18,260.43,261.68,,,,
2017-05-15,261.65,263.11,261.32,262.63,,,,
2017-05-16,262.56,263.02,260.48,260.53,,,,
2017-05-17,260.54,262.39,260,261.17,,,,
2017-05-18,261.75,263.47,259.89,262.18,,,,
2017-05-19,262.33,263.05,260.57,263.02,,,,
2017-05-22,262.59,265.76,262.59,265.39,,,,
2017-05-23,265.5,267.64,265.47,266.01,,,,
2017-05-24,266.2,268.07,266.2,267.81,,,,
2017-05-25,267.89,270.06,267.36,269.69,,,,
2017-05-26,269.63,270.08,269.07,269.54,,,,
2017-05-30,269.41,271.07,269.06,270.43,,,,
2017-05-31,270.36,272.56,270.36,271.69,,,,
2017-06-01,271.56,273.65,270.64,273.64,,,,
2017-06-02,274.92,274.92,273.06,274.03,,,,
2017-06-05,273.83,273.94,272.62,272.72,,,,
2017-06-06,273.3,273.46,272.02,272.24,,,,
2017-06-07,272.41,273.69,271.79,273.08,,,,
2017-06-08,272.74,272.74,269.1,270.68,,,,
2017-06-09,270.19,270.75,268.63,270.66,,,,
2017-06-12,270.62,271.95,268.45,270.06,,,,
2017-06-13,269.82,270.79,269.03,270.5,,,,
2017-06-14,272.31,273.5,271.22,272.1,,,,
2017-06-15,271.92,273.83,271.32,273.63,,,,
2017-06-16,273.79,275.34,273.79,274.95,,,,
2017-06-19,275,275.11,272.99,273.92,,,,
2017-06-20,274.11,274.42,273.6,274.06,,,,
2017-06-21,274.07,274.36,271.05,272.3,,,,
2017-06-22,272.06,272.99,271,271.12,,,,
2017-06-23,271.03,272.21,269.68,270.14,,,,
2017-06-26,270.32,273.58,269.9,272.24,,,,
2017-06-27,271.33,271.63,268.35,268.83,,,,
2017-06-28,269.71,269.9,266.05,266.28,,,,
2017-06-29,265.1,265.1,263.17,264.1,,,,
2017-06-30,264.4,265.8,263.76,263.77,,,,
2017-07-03,264.44,264.75,262.19,262.35,,,,
2017-07-05,262.33,262.57,260.48,261.3,,,,
2017-07-06,260.87,261.3,260.16,260.95,,,,
2017-07-07,260.98,262.49,260.79,261.32,,,,
2017-07-10,261.72,262.56,260.86,260.9,,,,
2017-07-11,261.27,261.42,259.6,260.82,,,,
2017-07-12,263.11,263.87,262.69,263.03,,,,
2017-07-13,262.98,263.67,262.04,262.1,,,,
2017-07-14,263.35,264.59,263.16,263.52,,,,
2017-07-17,263.66,264.62,263.08,264.55,,,,
2017-07-18,264.79,265.68,264.57,265.28,,,,
2017-07-19,265.8,266.62,265.16,266.53,,,,
2017-07-20,266.98,268.48,266.61,268.3,,,,
2017-07-21,268.17,270.37,267.59,270.35,,,,
2017-07-24,270.34,270.34,267.46,267.84,,,,
2017-07-25,267.94,268,266.04,266.48,,,,
2017-07-26,266.43,268.84,265.92,268.82,,,,
2017-07-27,268.37,269.43,267.76,269.41,,,,
2017-07-28,269.18,269.8,267.83,269.03,,,,
2017-07-31,269.05,270.57,268.34,270.04,,,,
2017-08-01,270.21,271.94,270.21,271.39,,,,
2017-08-02,270.66,272.64,269.22,272.63,,,,
2017-08-03,272.15,273.81,271.68,273.78,,,,
2017-08-04,272.91,273.33,271.27,272.98,,,,
2017-08-07,272.97,273.6,272.32,273.53,,,,
2017-08-08,272.97,274.46,272.71,274.43,,,,
2017-08-09,274.94,274.94,272.81,273.07,,,,
2017-08-10,272.87,274.33,271.99,273.76,,,,
2017-08-11,273.29,273.58,271.15,272,,,,
2017-08-14,272.24,273.7,271.97,273.58,,,,
2017-08-15,272.9,275.22,272.76,274.95,,,,
2017-08-16,274.76,276.03,274.56,275.83,,,,
2017-08-17,275.65,275.97,273.52,273.71,,,,
2017-08-18,273.68,276.61,272.9,275.43,,,,
2017-08-21,275.78,276.76,275.05,276.33,,,,
2017-08-22,276.36,277.01,275.58,276.88,,,,
2017-08-23,276.6,277.74,275.75,277.59,,,,
2017-08-24,277.45,278.12,276.96,277.37,,,,
2017-08-25,278.06,279.37,277.47,278.22,,,,
2017-08-28,278.66,279.26,277.56,278.85,,,,
2017-08-29,279.04,279.71,278.27,278.43,,,,
2017-08-30,277.94,278.05,276.92,277.22,,,,
2017-08-31,277.36,278.03,277.16,277.28,,,,
2017-09-01,277.68,278.11,275.67,276.45,,,,
2017-09-05,276.73,277.35,275.63,277.26,,,,
2017-09-06,277.82,277.89,275.48,275.81,,,,
2017-09-07,276.1,278.05,275.75,277.8,,,,
2017-09-08,277.65,279.31,276.88,279.03,,,,
2017-09-11,278.9,281.82,278.57,281.62,,,,
2017-09-12,281.22,281.32,275.23,276.69,,,,
2017-09-13,276.6,276.66,275.17,275.22,,,,
2017-09-14,274.96,277.73,274.36,277.62,,,,
2017-09-15,277.65,278.76,276.7,277.9,,,,
2017-09-18,277.85,277.86,273.26,275.17,,,,
2017-09-19,275.35,275.6,274.09,274.58,,,,
2017-09-20,275.26,275.47,271.46,272.45,,,,
2017-09-21,272.52,274.03,272.01,272.2,,,,
2017-09-22,272.68,272.91,270.1,270.25,,,,
2017-09-25,270.31,272.8,269.97,272.53,,,,
2017-09-26,272.21,272.99,271.54,272.11,,,,
2017-09-27,270.8,271.2,267.1,268.45,,,,
2017-09-28,267.73,269.85,266.6,269.27,,,,
2017-09-29,269.12,270.04,268.01,268.97,,,,
2017-10-02,269.55,270.66,268.59,269.57,,,,
2017-10-03,269.25,269.29,267.03,268.54,,,,
2017-10-04,268.61,271.43,268.02,271.39,,,,
2017-10-05,271.37,271.58,269.84,271.06,,,,
2017-10-06,270.11,271,268.95,270.89,,,,
2017-10-09,271.21,271.98,270.94,271.26,,,,
2017-10-10,271.55,273.96,271.05,273.92,,,,
2017-10-11,273.61,276.43,273.51,275.21,,,,
2017-10-12,275.23,277.19,275.05,276.58,,,,
2017-10-13,276.87,277.7,273.81,274.48,,,,
2017-10-16,274.31,275.04,271.8,274,,,,
2017-10-17,274.14,276.16,273.1,275.6,,,,
2017-10-18,275.36,275.56,274.08,275.19,,,,
2017-10-19,275.45,278,275.45,277.97,,,,
2017-10-20,277.83,278.73,276.98,278.32,,,,
2017-10-23,278.38,278.92,277.23,278.47,,,,
2017-10-24,278.47,278.92,277.25,278.69,,,,
2017-10-25,278.2,278.2,274.14,277.47,,,,
2017-10-26,278.59,280.08,277.44,277.47,,,,
2017-10-27,277.14,279.86,276.75,279.17,,,,
2017-10-30,278.9,279.79,278.32,279.22,,,,
2017-10-31,278.85,279.98,278.25,279.35,,,,
2017-11-01,279.9,279.9,277.34,277.78,,,,
2017-11-02,278.31,279.99,277.12,278.92,,,,
2017-11-03,278.38,281.23,278.14,279.94,,,,
2017-11-06,279.94,280.35,278.61,278.75,,,,
2017-11-07,279.08,282.53,278.27,282.19,,,,
2017-11-08,281.82,282.99,280.28,282.1,,,,
2017-11-09,281.33,282.87,281.01,282.4,,,,
2017-11-10,281.1,281.75,280.19,281.17,,,,
2017-11-13,281.5,284.66,281.42,284.42,,,,
2017-11-14,283.77,287.94,283.28,287.82,,,,
2017-11-15,288.31,289.49,284.96,285.1,,,,
2017-11-16,284.63,284.98,283.23,283.95,,,,
2017-11-17,283.37,283.82,281.59,281.84,,,,
2017-11-20,282.13,282.27,280.59,280.96,,,,
2017-11-21,281.46,282.52,281.03,281.63,,,,
2017-11-22,281.78,282.05,280.5,281.55,,,,
2017-11-24,281.87,283.2,281.61,281.99,,,,
2017-11-27,282.22,283.7,281.72,283.29,,,,
2017-11-28,283.76,285.11,283.76,284.5,,,,
2017-11-29,283.88,285.87,282.65,284.67,,,,
2017-11-30,284.69,286.04,284.32,285.52,,,,
2017-12-01,286.27,286.99,283.05,284.51,,,,
2017-12-04,284.98,285.72,282.42,282.85,,,,
2017-12-05,282.71,283.05,278.04,279.34,,,,
2017-12-06,279.34,280.89,279.34,280.41,,,,
2017-12-07,280.13,280.69,278.55,280.68,,,,
2017-12-08,280.24,281.6,279.2,281.58,,,,
2017-12-11,281.07,283.42,280.49,283.31,,,,
2017-12-12,282.32,282.49,278.28,278.36,,,,
2017-12-13,279.25,280.39,278.37,279.1,,,,
2017-12-14,278.75,280.03,276.55,278.7,,,,
2017-12-15,279.02,280.67,278.99,279.74,,,,
2017-12-18,279.93,280.67,276.18,276.5,,,,
2017-12-19,276.72,276.86,271.44,271.52,,,,
2017-12-20,271.37,272.27,269.29,269.4,,,,
2017-12-21,266.59,267.56,265.16,266.2,,,,
2017-12-22,266.36,267.59,266.36,266.59,,,,
2017-12-26,266.75,267.69,264.99,265.03,,,,
2017-12-27,265.49,266.53,265.44,266.11,,,,
2017-12-28,266.5,267.45,265.93,267.37,,,,
2017-12-29,267.97,268.52,267.01,267.37,,,,
2018-01-02,267.59,267.63,264.27,265.04,,,,
2018-01-03,263.73,265.96,262.08,263.02,,,,
2018-01-04,262.31,263.88,260.26,260.73,,,,
2018-01-05,261.55,262.02,259.37,260.69,,,,
2018-01-08,260.93,263.22,260.6,263.15,,,,
2018-01-09,263.03,263.17,260.1,260.52,,,,
2018-01-10,259.71,259.71,257.12,257.59,,,,
2018-01-11,257.67,258.57,255.84,256.67,,,,
2018-01-12,256.3,257.22,254.52,255.25,,,,
2018-01-16,256.04,256.84,253.2,254.58,,,,
2018-01-17,255.01,256.88,254.68,256.22,,,,
2018-01-18,256.39,256.39,253.25,254.62,,,,
2018-01-19,254.77,256.08,253.47,253.87,,,,
2018-01-22,255.3,256.65,253.71,254.15,,,,
2018-01-23,254.52,258.33,254.28,256.58,,,,
2018-01-24,256.32,256.43,254.68,255.07,,,,
2018-01-25,255.24,259.16,255.03,258.97,,,,
2018-01-26,259.32,260.43,256.6,259.13,,,,
2018-01-29,258.28,258.31,255.54,255.82,,,,
2018-01-30,255.51,257.12,255.51,256.25,,,,
2018-01-31,256.49,259.26,255.26,259.07,,,,
2018-02-01,259.04,259.66,254.22,254.97,,,,
2018-02-02,253.91,255.52,252.84,253.14,,,,
2018-02-05,253.05,255.41,248.56,248.85,,,,
2018-02-06,245.91,247.19,240.37,245.09,,,,
2018-02-07,244.92,247.84,243.85,243.88,,,,
2018-02-08,243.3,246.31,240.86,240.87,,,,
2018-02-09,241.46,247.95,241.07,246.13,,,,
2018-02-12,246.37,249.4,244.51,248.09,,,,
2018-02-13,247.46,249.87,245.19,249,,,,
2018-02-14,247.59,248.29,245.35,246.05,,,,
2018-02-15,246.35,251.28,246.12,251.27,,,,
2018-02-16,251.23,253.78,250.3,253.15,,,,
2018-02-20,252.56,253.11,248.73,249.97,,,,
2018-02-21,250.01,251.74,246.63,246.68,,,,
2018-02-22,247.39,249.73,246.45,247.81,,,,
2018-02-23,248.01,254.63,248.01,254.41,,,,
2018-02-26,255.14,255.65,252.94,253.56,,,,
2018-02-27,253.73,255.16,249.29,249.3,,,,
2018-02-28,249.92,250.91,247.68,247.7,,,,
2018-03-01,247.88,251.42,246.34,247.55,,,,
2018-03-02,247.45,249.79,244.8,246.95,,,,
2018-03-05,246.68,252.36,245.88,251.78,,,,
2018-03-06,251.69,251.69,247.88,248.35,,,,
2018-03-07,247.82,248.58,245.55,246.54,,,,
2018-03-08,246.76,248.7,246.59,248.25,,,,
2018-03-09,248.27,248.88,246.87,248.87,,,,
2018-03-12,248.96,250.24,248.65,249.92,,,,
2018-03-13,250.69,252.01,248.54,250.44,,,,
2018-03-14,251.2,253.8,250.99,252.86,,,,
2018-03-15,252.9,255.1,251.26,252.73,,,,
2018-03-16,252.67,255.58,252.57,255.25,,,,
2018-03-19,255.24,255.6,251.89,253.34,,,,
2018-03-20,253.43,254.51,251.63,252.18,,,,
2018-03-21,252.37,254.51,250.53,251.18,,,,
2018-03-22,251.26,256.43,250.83,252.27,,,,
2018-03-23,252.76,254.61,248.29,248.78,,,,
2018-03-26,249.45,251.71,249.2,251.37,,,,
2018-03-27,251.61,257.62,251.02,255.04,,,,
2018-03-28,254.94,256.19,253.23,254.82,,,,
2018-03-29,255.34,257.39,255.25,256.14,,,,
2018-04-02,256.84,257.81,252.46,254.21,,,,
2018-04-03,254.13,256.24,253.15,255.09,,,,
2018-04-04,254.66,256.27,252.96,255.63,,,,
2018-04-05,255.73,258.41,252.79,257.65,,,,
2018-04-06,257.67,258.53,255.17,255.82,,,,
2018-04-09,255.96,257.93,255.03,256.12,,,,
2018-04-10,256.26,256.51,253.68,254.27,,,,
2018-04-11,253.83,255.04,253.01,253.88,,,,
2018-04-12,253.92,254.5,250.04,250.64,,,,
2018-04-13,251.42,253.53,251.32,252.37,,,,
2018-04-16,253.16,256.02,253.16,255.85,,,,
2018-04-17,256.06,259.37,255.45,258.53,,,,
2018-04-18,259.06,261.02,257.5,257.52,,,,
2018-04-19,257.2,257.98,255.37,257.31,,,,
2018-04-20,257.43,257.56,254.27,255.02,,,,
2018-04-23,255.25,256.68,254.28,255.26,,,,
2018-04-24,256,258.47,254.98,256.91,,,,
2018-04-25,256.22,257.9,255.06,256.99,,,,
2018-04-26,257.11,259.91,256.16,259.64,,,,
2018-04-27,259.1,263.1,258.82,262.13,,,,
2018-04-30,262.56,263.31,261.12,261.39,,,,
2018-05-01,261.36,261.69,260.12,260.66,,,,
2018-05-02,260.47,261.48,259.28,260.31,,,,
2018-05-03,259.74,261.07,257.03,260.03,,,,
2018-05-04,260.03,262.14,260.02,261.04,,,,
2018-05-07,260.94,261.35,259.29,259.64,,,,
2018-05-08,258.75,258.75,252.76,253.12,,,,
2018-05-09,253.24,253.31,250.26,251.23,,,,
2018-05-10,252.5,254.72,251.95,254.59,,,,
2018-05-11,254.93,255.65,253.98,255.11,,,,
2018-05-14,255.24,255.7,252.77,254,,,,
2018-05-15,252.92,253.38,250.43,251.76,,,,
2018-05-16,251.87,251.98,248.69,249.59,,,,
2018-05-17,249.53,250.1,246.84,247.35,,,,
2018-05-18,247.46,248.57,245.22,247.02,,,,
2018-05-21,247.6,249.08,246.35,248.47,,,,
2018-05-22,248.58,250.75,248.37,249.44,,,,
2018-05-23,249.87,252.06,249.53,251.68,,,,
2018-05-24,251.58,253.79,251.05,253.57,,,,
2018-05-25,253.75,255.34,253.51,254.63,,,,
2018-05-29,253.92,256.4,252.97,254.74,,,,
2018-05-30,254.44,257.25,253.64,256.69,,,,
2018-05-31,256.23,258.51,254.81,256.98,,,,
2018-06-01,256.87,256.87,251.88,253.02,,,,
2018-06-04,253.51,254.4,250.64,250.88,,,,
2018-06-05,250.87,251.59,248.6,249.25,,,,
2018-06-06,249.51,249.76,243.53,243.95,,,,
2018-06-07,243.93,247.44,243.21,245.01,,,,
2018-06-08,245.29,245.86,244.15,244.98,,,,
2018-06-11,245.91,246.35,243.72,244.16,,,,
2018-06-12,244.21,247.51,244.04,247.3,,,,
2018-06-13,247.45,248.99,245.87,246.63,,,,
2018-06-14,247.03,250.16,246.57,249.52,,,,
2018-06-15,249.44,251.42,247.25,251.23,,,,
2018-06-18,251.11,252.9,250.85,252.11,,,,
2018-06-19,252.42,255.47,252.39,254.78,,,,
2018-06-20,254.97,255.43,253.76,254.78,,,,
2018-06-21,254.72,256.97,254.36,255.63,,,,
2018-06-22,256,258.09,255.42,257.51,,,,
2018-06-25,257.84,262.23,257.84,261.76,,,,
2018-06-26,261.08,263.57,260.89,261.73,,,,
2018-06-27,261.73,263.84,261.19,263.26,,,,
2018-06-28,263.61,265.64,262.83,263.22,,,,
2018-06-29,262.82,264.53,261.21,263.3,,,,
2018-07-02,263.49,265.49,262.42,265.39,,,,
2018-07-03,265.22,267.7,264.25,266.06,,,,
2018-07-05,266.26,267.77,265.2,267.74,,,,
2018-07-06,267.69,270.08,267.69,269.71,,,,
2018-07-09,269.72,269.72,260.39,261.28,,,,
2018-07-10,260.33,265.15,258.86,263.83,,,,
2018-07-11,263.81,266.6,263.81,266.12,,,,
2018-07-12,266.25,266.89,265,266.35,,,,
2018-07-13,266.59,267.25,264.65,266.51,,,,
2018-07-16,266.46,266.81,264.86,266.11,,,,
2018-07-17,266.42,267,265.73,265.94,,,,
2018-07-18,265.88,265.96,263.5,264.61,,,,
2018-07-19,265.38,268.59,265.38,267.08,,,,
2018-07-20,266.66,266.8,263.41,265.06,,,,
2018-07-23,265.53,265.72,262.42,263.37,,,,
2018-07-24,262.7,265.01,259.55,264.26,,,,
2018-07-25,264.14,266.27,263.37,264.96,,,,
2018-07-26,266.48,268.52,266.36,267.99,,,,
2018-07-27,268.09,269.13,265.94,266.89,,,,
2018-07-30,266.61,266.61,264.46,265.29,,,,
2018-07-31,266.01,268.37,265.44,268.11,,,,
2018-08-01,266.66,266.66,263.6,265.88,,,,
2018-08-02,265.67,267.93,264.16,267.29,,,,
2018-08-03,267.29,270.81,266.29,270.05,,,,
2018-08-06,270.07,271.85,269.8,270.39,,,,
2018-08-07,269.98,270.31,267.76,269.8,,,,
2018-08-08,269.29,269.29,267.47,268.35,,,,
2018-08-09,268.02,269.6,267.21,269.44,,,,
2018-08-10,269.92,271.68,268.22,268.35,,,,
2018-08-13,268.34,269.06,267.37,268.59,,,,
2018-08-14,268.33,269.98,268.23,269.04,,,,
2018-08-15,269.43,272.99,269.2,271.09,,,,
2018-08-16,270.76,274.25,270.03,274.12,,,,
2018-08-17,273.92,276.45,273.17,275.17,,,,
2018-08-20,275.24,275.42,273.64,274.22,,,,
2018-08-21,274.08,274.08,271.51,272.25,,,,
2018-08-22,272.38,272.55,269.27,270.14,,,,
2018-08-23,270.17,271.96,269.58,270.1,,,,
2018-08-24,270.29,271.5,268.76,271.28,,,,
2018-08-27,271.56,272.14,268.27,269.55,,,,
2018-08-28,269.21,269.88,268.22,268.98,,,,
2018-08-29,269.54,270.68,269.06,270.56,,,,
2018-08-30,270.83,272.3,269.95,270.91,,,,
2018-08-31,270.93,272.33,268.69,269.7,,,,
2018-09-04,270.38,272.38,270.38,271.17,,,,
2018-09-05,271.35,274.81,271.29,274.62,,,,
2018-09-06,274.52,276.86,273.77,275.68,,,,
2018-09-07,273.95,274.54,271.85,272.37,,,,
2018-09-10,272.98,274.91,272.89,273.96,,,,
2018-09-11,273.85,274.78,272.58,273.01,,,,
2018-09-12,272.93,274.52,272.3,272.77,,,,
2018-09-13,272.94,274.93,271.42,274.87,,,,
2018-09-14,274.07,274.07,271.02,273.39,,,,
2018-09-17,273.63,274.58,272.71,274.22,,,,
2018-09-18,274.18,274.67,272.48,273.64,,,,
2018-09-19,273.87,273.87,266.52,267.83,,,,
2018-09-20,267.54,268.35,265.1,268.15,,,,
2018-09-21,268.12,270.23,266.58,269.2,,,,
2018-09-24,268.96,269.28,266.7,266.82,,,,
2018-09-25,266.35,266.35,262.84,263.56,,,,
2018-09-26,263.7,264.53,260.62,260.81,,,,
2018-09-27,261.01,264.65,260.68,263.31,,,,
2018-09-28,263.92,267.29,263.92,267.28,,,,
2018-10-01,266.78,266.78,265.24,266.47,,,,
2018-10-02,267.13,270.53,267.13,269.9,,,,
2018-10-03,269.76,270.78,264.37,266.59,,,,
2018-10-04,266.22,268.48,264.05,268.04,,,,
2018-10-05,268.06,272.98,268.05,272.24,,,,
2018-10-08,272.85,276.21,272.01,274.34,,,,
2018-10-09,274.85,276.74,273.87,275.5,,,,
2018-10-10,275.5,278.45,273.93,274.03,,,,
2018-10-11,274.78,275.37,267.7,268.63,,,,
2018-10-12,268.61,269.46,266.47,268.8,,,,
2018-10-15,268.94,271.61,268.57,269.75,,,,
2018-10-16,269.87,274.22,268.75,272.89,,,,
2018-10-17,272.64,273.52,270.79,272.47,,,,
2018-10-18,272.83,274.29,271.27,272.69,,,,
2018-10-19,272.75,278.34,272.75,276.99,,,,
2018-10-22,277.02,277.4,274.5,275.1,,,,
2018-10-23,275.49,277.3,272.52,273.68,,,,
2018-10-24,274.88,281.53,273.91,279.97,,,,
2018-10-25,278.64,278.64,274.62,275.78,,,,
2018-10-26,276.92,278.03,269.04,271.09,,,,
2018-10-29,271.74,275.77,271.66,274.75,,,,
2018-10-30,275.7,277.22,272.47,275.55,,,,
2018-10-31,273.62,274.98,270.71,272.38,,,,
2018-11-01,272.69,272.8,269.31,270.94,,,,
2018-11-02,272.17,272.44,267.79,269.55,,,,
2018-11-05,270.52,274.33,270.23,273.31,,,,
2018-11-06,273.4,275.68,272.71,275.4,,,,
2018-11-07,276.04,278.61,275.01,278.38,,,,
2018-11-08,278.43,279.2,275.33,277.64,,,,
2018-11-09,277.52,279.21,276.14,277.9,,,,
2018-11-12,275.55,280.69,273.75,277.81,,,,
2018-11-13,277.63,279.44,275.59,278.77,,,,
2018-11-14,276.16,278.08,274.86,275.62,,,,
2018-11-15,273.65,274.31,270.86,273.5,,,,
2018-11-16,276.13,278.03,275.26,277.07,,,,
2018-11-19,276.56,278.66,275.8,278.5,,,,
2018-11-20,279.63,281.23,275.65,277.09,,,,
2018-11-21,276.09,276.36,272.47,273,,,,
2018-11-23,273.1,273.99,271.56,273.34,,,,
2018-11-26,273.33,275.12,272.38,274.81,,,,
2018-11-27,274.85,277.34,273.72,277.21,,,,
2018-11-28,277.52,278.06,275.92,276.87,,,,
2018-11-29,276.83,276.83,273.71,276.46,,,,
2018-11-30,276.99,280.87,276.48,280.71,,,,
2018-12-03,279.62,283.22,278.11,283.19,,,,
2018-12-04,283.62,286.74,282.99,283.61,,,,
2018-12-06,284.11,284.38,277.86,283.32,,,,
2018-12-07,283.32,286.24,281.27,284.46,,,,
2018-12-10,284.39,286.1,279.71,285.32,,,,
2018-12-11,285.58,287.24,284.1,286.17,,,,
2018-12-12,286.62,287.75,284.36,284.51,,,,
2018-12-13,284.71,288.2,284.71,287.02,,,,
2018-12-14,286.89,287.85,284.69,286.28,,,,
2018-12-17,286.37,286.93,275.92,276.93,,,,
2018-12-18,277.9,280.5,274.32,275.15,,,,
2018-12-19,275.78,277.79,273.13,274.55,,,,
2018-12-20,274.71,278.33,271.45,275.3,,,,
2018-12-21,275.07,281.44,272.63,273.36,,,,
2018-12-24,273.41,274.75,260.89,261.7,,,,
2018-12-26,261.88,265.84,258.16,265.79,,,,
2018-12-27,265.35,268.11,261.2,268.11,,,,
2018-12-28,268.45,270.8,267.14,268.09,,,,
2018-12-31,268.38,269.29,266.04,268.61,,,,
2019-01-02,267.7,267.7,262.44,263.86,,,,
2019-01-03,264.04,266.15,262.71,264.07,,,,
2019-01-04,262.96,267.99,262.96,267.99,,,,
2019-01-07,266.81,267.37,264.59,266.08,,,,
2019-01-08,266.24,269.61,264.93,269.43,,,,
2019-01-09,268.93,270.21,266.94,267.67,,,,
2019-01-10,268.11,271.7,267.71,271.44,,,,
2019-01-11,271.01,271.18,268.71,270.25,,,,
2019-01-14,268.23,268.23,261.61,264.22,,,,
2019-01-15,263.22,268.72,262.95,267.57,,,,
2019-01-16,266.66,268.4,265.39,268.3,,,,
2019-01-17,268.44,269.99,267.85,269.44,,,,
2019-01-18,269.88,270.65,268.53,269.76,,,,
2019-01-22,269.85,271.71,267.6,270.15,,,,
2019-01-23,270.25,273.12,270.06,273.07,,,,
2019-01-24,273.35,274.61,270.89,274.39,,,,
2019-01-25,273.43,274.78,270.32,270.75,,,,
2019-01-28,270.72,271.73,268.2,269.5,,,,
2019-01-29,270.17,271.43,269.28,270.27,,,,
2019-01-30,269.52,273.32,269.43,272.03,,,,
2019-01-31,271.83,278.6,270.87,277.67,,,,
2019-02-01,277.3,277.81,274.42,276.84,,,,
2019-02-04,275.67,277.42,273.64,277.42,,,,
2019-02-05,277.17,278.28,275.72,277.75,,,,
2019-02-06,277.4,278.65,276.2,277.47,,,,
2019-02-07,277.22,281,276.15,281,,,,
2019-02-08,280.65,282.39,279.81,282.38,,,,
2019-02-11,282.16,283.64,281.21,282.14,,,,
2019-02-12,282.65,284.11,280.54,282.63,,,,
2019-02-13,281.87,282.43,280.63,281.77,,,,
2019-02-14,281.55,282.48,280.17,280.89,,,,
2019-02-15,281.96,282.78,280.71,281.68,,,,
2019-02-19,281.6,283.53,280.93,283.2,,,,
2019-02-20,282.8,284.98,281.57,284.46,,,,
2019-02-21,283.33,287,282.61,286.59,,,,
2019-02-22,286.63,288.33,285.79,288.33,,,,
2019-02-25,288.22,288.36,285.33,286.47,,,,
2019-02-26,287.13,287.13,284.65,286.04,,,,
2019-02-27,285.33,287.08,284.92,286.36,,,,
2019-02-28,285.91,288.35,284.64,287.53,,,,
2019-03-01,287.7,288.38,285.79,288.07,,,,
2019-03-04,288.78,289.23,285.8,288.68,,,,
2019-03-05,288.43,289.29,287.8,288.19,,,,
2019-03-06,288.51,289.33,287.25,288.29,,,,
2019-03-07,288.89,290.82,288.24,289.04,,,,
2019-03-08,289.58,290.12,287.33,290.08,,,,
2019-03-11,290.24,292.25,290.03,292.2,,,,
2019-03-12,292.77,294.35,292.16,294,,,,
2019-03-13,293.62,295.12,293.43,294.43,,,,
2019-03-14,294.47,295.93,293.23,294.03,,,,
2019-03-15,294.05,296.23,293.07,295.41,,,,
2019-03-18,295.42,295.68,292.94,294.2,,,,
2019-03-19,294.05,294.2,289.82,290.73,,,,
2019-03-20,291.2,293.85,290.13,291.56,,,,
2019-03-21,291.75,295.2,291.28,294.63,,,,
2019-03-22,295.19,298.76,295.03,296.66,,,,
2019-03-25,296.92,297.88,295.86,297.01,,,,
2019-03-26,297.19,299.29,296.86,299.08,,,,
2019-03-27,299.06,299.19,295.73,297.08,,,,
2019-03-28,297.09,297.81,292.5,293.38,,,,
2019-03-29,293.32,295.35,292.38,295.15,,,,
2019-04-01,295.12,295.12,291.29,293.05,,,,
2019-04-02,293.74,293.74,291.6,293.37,,,,
2019-04-03,293.11,294.14,290.85,292.92,,,,
2019-04-04,293.39,293.59,290.21,291.77,,,,
2019-04-05,292.12,294.81,291.52,294.7,,,,
2019-04-08,294.14,294.4,291.86,292.56,,,,
2019-04-09,292.5,293.57,292,293.33,,,,
2019-04-10,293.85,295.87,291.76,292.22,,,,
2019-04-11,292.34,293.93,292.1,293.83,,,,
2019-04-12,292.94,295.55,291.37,295.3,,,,
2019-04-15,295.58,296.47,294.5,295.3,,,,
2019-04-16,295.18,295.96,290.64,291.21,,,,
2019-04-17,291.31,291.94,290.17,290.59,,,,
2019-04-18,290.82,292.62,290.56,290.64,,,,
2019-04-22,290.44,291.4,289.75,290.31,,,,
2019-04-23,290.51,292.02,289.12,291.39,,,,
2019-04-24,291.63,294.01,291.41,292.98,,,,
2019-04-25,291.96,295.35,291.46,294.25,,,,
2019-04-26,295.62,297.55,294.42,294.72,,,,
2019-04-29,294.04,294.47,291.71,292.85,,,,
2019-04-30,293.04,297.87,292.49,297.75,,,,
2019-05-01,296.28,297.52,294.41,294.58,,,,
2019-05-02,294.61,295.58,291.81,293.75,,,,
2019-05-03,294.16,296.01,293.58,295.65,,,,
2019-05-06,295.58,296.25,293.27,293.76,,,,
2019-05-07,293.38,294.08,291.6,292.84,,,,
2019-05-08,292.5,292.57,288.64,288.8,,,,
2019-05-09,288.83,289.99,287,288.54,,,,
2019-05-10,288.19,293.67,287.84,293.54,,,,
2019-05-13,292.73,297.26,292.51,296.79,,,,
2019-05-14,296.15,296.67,293.88,294.22,,,,
2019-05-15,294.45,295.61,293.51,293.82,,,,
2019-05-16,293.25,296.47,292.7,295.53,,,,
2019-05-17,293.79,298.05,293.79,296.96,,,,
2019-05-20,297.59,299.11,296.54,297.46,,,,
2019-05-21,297.73,300.34,297.02,297.64,,,,
2019-05-22,298.14,300.36,297.37,300.07,,,,
2019-05-23,300.19,302.59,300.13,302.53,,,,
2019-05-24,302.68,304.38,301.78,301.9,,,,
2019-05-28,302.22,302.34,296.69,297.03,,,,
2019-05-29,297.8,298.03,292.47,293.05,,,,
2019-05-30,293.2,294.84,291.85,292.65,,,,
2019-05-31,292.76,294.67,291.3,293.95,,,,
2019-06-03,294.69,297.22,293.41,296.99,,,,
2019-06-04,297.09,297.44,291.53,297.11,,,,
2019-06-05,298.08,304.41,297.32,303.47,,,,
2019-06-06,303.35,305.48,302.7,304.8,,,,
2019-06-07,306.64,308.21,302.45,302.45,,,,
2019-06-10,302.14,302.14,299,300.64,,,,
2019-06-11,300.36,301.13,296.89,298.56,,,,
2019-06-12,299.6,302.95,299.45,302.54,,,,
2019-06-13,303.1,303.91,301.03,303,,,,
2019-06-14,303.53,306.71,303.33,306.01,,,,
2019-06-17,306.28,306.91,303.42,304.98,,,,
2019-06-18,306.86,306.86,302.02,304.03,,,,
2019-06-19,303.08,307.66,302.77,306.49,,,,
2019-06-20,307.45,309.13,304.88,308.15,,,,
2019-06-21,308.18,310.09,305.96,309.59,,,,
2019-06-24,310.02,310.6,308.52,309.64,,,,
2019-06-25,309.82,309.89,307.13,307.71,,,,
2019-06-26,306.98,307.13,300.96,301.09,,,,
2019-06-27,301.75,302.84,300.37,301.47,,,,
2019-06-28,301.39,304.28,301.02,303.04,,,,
2019-07-01,302.91,303.17,299.23,302.09,,,,
2019-07-02,303.22,306.47,303.02,305.84,,,,
2019-07-03,306.29,309.9,306.29,308.42,,,,
2019-07-05,306.21,308.25,303.1,307.9,,,,
2019-07-08,308.31,309.14,306.38,308.25,,,,
2019-07-09,308.33,308.77,306.2,308.44,,,,
2019-07-10,309.11,311.03,308.06,309.42,,,,
2019-07-11,309.17,310.56,306.91,309.53,,,,
2019-07-12,309.8,309.8,306.36,307.55,,,,
2019-07-15,307.36,309.11,306.36,308.69,,,,
2019-07-16,308.17,308.95,305.34,306.93,,,,
2019-07-17,307.99,309.86,307.85,308.26,,,,
2019-07-18,308.3,310.82,306.4,310.7,,,,
2019-07-19,310.44,310.86,306.16,306.2,,,,
2019-07-22,306.67,306.94,303.86,305.64,,,,
2019-07-23,305.5,305.71,303.13,303.77,,,,
2019-07-24,304.65,305.04,301.6,303.99,,,,
2019-07-25,303.69,305.02,301.7,303.08,,,,
2019-07-26,303.24,305.42,302.74,304.33,,,,
2019-07-29,305,306.29,303.44,305.83,,,,
2019-07-30,305.41,306.51,301.98,303.49,,,,
2019-07-31,303.78,304.95,300.31,301.9,,,,
2019-08-01,301.47,306.65,300.69,304.94,,,,
2019-08-02,305.87,307.53,304.33,305.1,,,,
2019-08-05,305.31,306.32,299.05,300.49,,,,
2019-08-06,300.7,305.45,297.6,304.4,,,,
2019-08-07,304.14,306.81,300.15,305.06,,,,
2019-08-08,304.78,308.8,303.19,308.18,,,,
2019-08-09,308.66,309.68,307.26,308.29,,,,
2019-08-12,308.49,309.01,306.28,307.4,,,,
2019-08-13,306.79,308.89,305.76,307.88,,,,
2019-08-14,308.25,309.56,304.33,304.99,,,,
2019-08-15,304.59,309.8,304.23,308.83,,,,
2019-08-16,309.2,311.05,308.58,309.93,,,,
2019-08-19,310.01,313.13,309.02,312.07,,,,
2019-08-20,312.5,312.58,310.34,311.51,,,,
2019-08-21,311.43,313.63,311.02,313.61,,,,
2019-08-22,313.55,314.34,311.35,313.82,,,,
2019-08-23,314.49,315.52,309.15,310.52,,,,
2019-08-26,311.3,314.23,310.67,314.19,,,,
2019-08-27,315.7,316.94,314.49,314.62,,,,
2019-08-28,314.96,316.03,312.63,313.8,,,,
2019-08-29,314.99,315.91,313,315.82,,,,
2019-08-30,316.76,317.02,314.99,315.97,,,,
2019-09-03,315.94,321.56,315.76,321.51,,,,
2019-09-04,322.34,322.9,319.89,321.98,,,,
2019-09-05,319.69,320.14,317.14,318.15,,,,
2019-09-06,318.6,319.58,315.86,317.09,,,,
2019-09-09,316.15,316.55,314.48,315.12,,,,
2019-09-10,314.65,315.44,312.78,315.43,,,,
2019-09-11,315.04,318.77,313.68,318.51,,,,
2019-09-12,319.94,321.32,317.83,318.94,,,,
2019-09-13,317.59,319.39,316.13,317.12,,,,
2019-09-16,317.44,317.88,315.79,317.38,,,,
2019-09-17,317.83,320.9,317.83,320.21,,,,
2019-09-18,321.18,322.57,319.4,321.72,,,,
2019-09-19,322.44,323.22,321.2,322.88,,,,
2019-09-20,323.01,324.51,321.87,324.08,,,,
2019-09-23,324.07,325.43,323.58,324.5,,,,
2019-09-24,325.43,329.12,325.17,327.93,,,,
2019-09-25,327.85,328.15,326.08,327.84,,,,
2019-09-26,328.59,330.47,328.08,329.42,,,,
2019-09-27,329.79,329.79,326.54,328.29,,,,
2019-09-30,328.6,330.16,327.65,328.49,,,,
2019-10-01,327.84,328.13,326.09,327.49,,,,
2019-10-02,327.22,327.53,322.63,323.25,,,,
2019-10-03,323.86,324.26,321.89,324.12,,,,
2019-10-04,324.71,329.42,324.2,329.06,,,,
2019-10-07,328.62,328.83,326.67,327.59,,,,
2019-10-08,327.27,327.34,324.27,324.27,,,,
2019-10-09,325.29,327.21,324.51,325.92,,,,
2019-10-10,324.7,326.27,322.76,325.54,,,,
2019-10-11,325.47,326.41,323.36,324.41,,,,
2019-10-14,325.12,325.24,321.42,322.23,,,,
2019-10-15,322.38,323.23,320.49,321.27,,,,
2019-10-16,320.77,322.14,319.61,322.03,,,,
2019-10-17,321.85,323.47,321.21,322.76,,,,
2019-10-18,322.54,324.57,321.33,323.94,,,,
2019-10-21,324.03,325.28,323,325.13,,,,
2019-10-22,325.72,328.02,325.09,326.58,,,,
2019-10-23,327.2,328.63,326.45,327.78,,,,
2019-10-24,327.88,329.53,327.61,329.07,,,,
2019-10-25,329.58,329.58,324.32,325.49,,,,
2019-10-28,324.1,324.71,320.8,321.23,,,,
2019-10-29,320.91,322.13,320.03,321.58,,,,
2019-10-30,321.65,325.1,321.55,324.36,,,,
2019-10-31,324.55,326.4,323.45,325.85,,,,
2019-11-01,326.19,327.22,324.59,325.17,,,,
2019-11-04,325.09,325.09,319.78,321,,,,
2019-11-05,319.54,320.41,316.82,317.71,,,,
2019-11-06,318.25,320.05,317.84,318.54,,,,
2019-11-07,317.19,317.27,312.23,314.25,,,,
2019-11-08,313.47,314.59,311.56,313.06,,,,
2019-11-11,313.1,313.43,310.68,310.94,,,,
2019-11-12,311.25,312.26,310.79,311.71,,,,
2019-11-13,312.4,316.91,312.39,316.28,,,,
2019-11-14,316.29,318.53,315.84,317,,,,
2019-11-15,316.97,317.85,315.93,317.84,,,,
2019-11-18,318.46,321,317.86,318.39,,,,
2019-11-19,317.3,319.3,316.15,317.58,,,,
2019-11-20,317.62,319.88,317.27,319.57,,,,
2019-11-21,319.27,319.69,317.3,318.39,,,,
2019-11-22,319.19,319.25,316.13,318.47,,,,
2019-11-25,318.59,319.56,316.65,317.3,,,,
2019-11-26,317.38,318.83,317.04,318.51,,,,
2019-11-27,318.57,319.07,317.18,318.81,,,,
2019-11-29,319.34,320.59,318.12,318.36,,,,
2019-12-02,317.56,317.66,315.7,315.9,,,,
2019-12-03,316.79,317.79,316.44,317.48,,,,
2019-12-04,316.81,320.12,316.8,319.77,,,,
2019-12-05,319.47,319.9,318.04,319.83,,,,
2019-12-06,319.45,320.81,318.95,319.12,,,,
2019-12-09,319.3,319.39,317.11,317.56,,,,
2019-12-10,317.75,318.17,316.76,317.43,,,,
2019-12-11,317.61,318.92,316.82,318.48,,,,
2019-12-12,318.23,319.28,315.7,316.92,,,,
2019-12-13,317.01,320.01,315.92,319.58,,,,
2019-12-16,320.33,323.71,319.56,323.71,,,,
2019-12-17,323.77,326.52,323.33,324.48,,,,
2019-12-18,325.04,326.28,323.06,325.89,,,,
2019-12-19,325.73,326.36,323.93,325.71,,,,
2019-12-20,327.79,329.88,325.9,328.25,,,,
2019-12-23,328.41,328.91,324.21,325.02,,,,
2019-12-24,325.04,325.59,323.74,325.36,,,,
2019-12-26,325.51,326.28,324.72,325.96,,,,
2019-12-27,325.95,326.84,325.36,326.82,,,,
2019-12-30,325.86,326.74,325.06,326.67,,,,
2019-12-31,326.84,328.46,326.33,328.36,,,,
2020-01-02,328.65,328.65,322.7,323.82,,,,
2020-01-03,323.33,325.68,323.32,324.18,,,,
2020-01-06,324.37,325.76,323.68,324.98,,,,
2020-01-07,324.23,324.55,322.65,324.34,,,,
2020-01-08,324.62,325.67,323.8,324.33,,,,
2020-01-09,323.9,326.4,323.76,326.03,,,,
2020-01-10,326.7,328,326.53,326.82,,,,
2020-01-13,326.82,329.9,326.75,328.97,,,,
2020-01-14,328.81,329.95,327.45,329.88,,,,
2020-01-15,330.89,335.03,330.89,334.52,,,,
2020-01-16,334.84,336.92,334.68,336.55,,,,
2020-01-17,336.74,339.4,335.68,339.11,,,,
2020-01-21,339.58,342.22,338.35,341.95,,,,
2020-01-22,342.84,344.04,342.59,342.96,,,,
2020-01-23,342.8,346.18,342.72,346.11,,,,
2020-01-24,345.69,348.27,344.81,347.25,,,,
2020-01-27,346.83,349.24,345.3,346.2,,,,
2020-01-28,346.54,349.07,345.82,347.48,,,,
2020-01-29,347.83,349.06,346.48,348.53,,,,
2020-01-30,348.3,351.93,347.42,351.64,,,,
2020-01-31,351.16,352.39,348.35,350.08,,,,
2020-02-03,350.74,351.58,349.95,351.22,,,,
2020-02-04,351.04,352.09,347.4,347.61,,,,
2020-02-05,347.31,349.97,346.1,349.07,,,,
2020-02-06,349.66,350.72,348.26,348.98,,,,
2020-02-07,349.73,350.28,347.79,347.89,,,,
2020-02-10,348.38,349.06,347.11,349.06,,,,
2020-02-11,350,351.52,349.73,350.39,,,,
2020-02-12,349.64,351.65,348.92,350.46,,,,
2020-02-13,350.45,354.35,350.19,354.04,,,,
2020-02-14,354.41,356.63,354.15,356.33,,,,
2020-02-18,357.36,359.84,356.61,359.13,,,,
2020-02-19,357.4,358.09,355.18,355.2,,,,
2020-02-20,355.25,356.57,353.61,356.32,,,,
2020-02-21,356.13,358,355.37,355.67,,,,
2020-02-24,354.37,356.01,351.48,351.54,,,,
2020-02-25,351.91,352.52,343.54,343.93,,,,
2020-02-26,344.25,347.17,340.54,340.61,,,,
2020-02-27,338.96,340.43,324.61,324.63,,,,
2020-02-28,317.39,317.39,306.4,313.85,,,,
2020-03-02,315.17,332.64,315,332.25,,,,
2020-03-03,331.94,339.2,327.02,328.38,,,,
2020-03-04,332.01,347.26,332.01,347.07,,,,
2020-03-05,342.01,346.06,337.52,341.41,,,,
2020-03-06,336.95,339.88,326.23,338.78,,,,
2020-03-09,332.03,332.03,314.96,319.67,,,,
2020-03-10,323.59,328.72,308.52,322.9,,,,
2020-03-11,315.47,315.48,302.12,306.44,,,,
2020-03-12,299.11,299.11,273.43,275.2,,,,
2020-03-13,282.48,290.48,270.06,290.48,,,,
2020-03-16,276.22,284.17,256.04,256.95,,,,
2020-03-17,260.99,292.65,260.99,290.64,,,,
2020-03-18,285.09,285.09,262.88,277.16,,,,
2020-03-19,276.62,276.62,260.64,262,,,,
2020-03-20,262.69,262.69,239.16,240.57,,,,
2020-03-23,236.84,237.57,220.86,227.75,,,,
2020-03-24,236.46,253.89,235.43,252.66,,,,
2020-03-25,251.37,270.15,245.89,259.84,,,,
2020-03-26,260.08,284.57,259.97,281.63,,,,
2020-03-27,272.34,293.19,272.08,283.1,,,,
2020-03-30,287.45,295.1,284.37,293.57,,,,
2020-03-31,290.38,290.47,280.81,281.77,,,,
2020-04-01,270.23,274.12,259.54,264.53,,,,
2020-04-02,260.73,274.7,260.73,272.85,,,,
2020-04-03,269.57,273.03,261.12,262.97,,,,
2020-04-06,272.87,286.23,272.57,283.61,,,,
2020-04-07,291.36,291.44,279.65,280.17,,,,
2020-04-08,281.77,297.54,279.32,295.33,,,,
2020-04-09,298.47,313.95,298.47,309.35,,,,
2020-04-13,306.28,307.15,296.37,299.19,,,,
2020-04-14,305.87,308.54,302.98,308.09,,,,
2020-04-15,301.95,302.87,296.34,297.74,,,,
2020-04-16,299.68,300.65,295.16,297.96,,,,
2020-04-17,303.92,309.22,300.26,307.83,,,,
2020-04-20,305,305,295.58,295.87,,,,
2020-04-21,291.08,294.59,287.88,291.12,,,,
2020-04-22,296.02,301.58,294.64,299.7,,,,
2020-04-23,299.87,301.34,293.03,294.42,,,,
2020-04-24,294.7,297.59,291.31,296.27,,,,
2020-04-27,298.29,301.63,297.87,299.5,,,,
2020-04-28,303.86,306.89,299.28,300.56,,,,
2020-04-29,305.28,305.28,296.55,297.8,,,,
2020-04-30,295.92,295.92,288.31,290.71,,,,
2020-05-01,287.67,287.67,282.18,283.6,,,,
2020-05-04,283.89,286.62,280.69,285.74,,,,
2020-05-05,286.91,291.79,286.73,288.39,,,,
2020-05-06,289.22,289.29,277.97,278.26,,,,
2020-05-07,281.6,284.27,278.94,279.48,,,,
2020-05-08,282.87,285.87,281.45,285.1,,,,
2020-05-11,282.71,284.81,278.7,283.74,,,,
2020-05-12,284.66,285.64,280.7,281.18,,,,
2020-05-13,279.52,280.23,275.56,278.65,,,,
2020-05-14,275.76,281.99,271.74,281.3,,,,
2020-05-15,278.96,278.96,273.02,277.34,,,,
2020-05-18,284.55,290.47,284.53,288.82,,,,
2020-05-19,287.02,288.1,283.82,283.92,,,,
2020-05-20,286.22,288.55,284.28,285.33,,,,
2020-05-21,284.7,286.56,281.87,282.46,,,,
2020-05-22,282.31,285.75,281.55,285.67,,,,
2020-05-26,290.29,293,287.19,287.76,,,,
2020-05-27,292.29,293.04,286.93,290.83,,,,
2020-05-28,294.83,300.81,294.54,299.66,,,,
2020-05-29,297.98,303.36,297.13,302.05,,,,
2020-06-01,301.64,307.12,299.79,305.28,,,,
2020-06-02,306.69,307.46,303.26,307.11,,,,
2020-06-03,308.61,313.08,308.54,311.09,,,,
2020-06-04,308.9,309.53,301.23,305.03,,,,
2020-06-05,307.9,314.9,307.61,309.17,,,,
2020-06-08,308.79,318.22,307.15,317.33,,,,
2020-06-09,313.96,313.96,307.3,310.6,,,,
2020-06-10,310.78,312.61,307.89,308.93,,,,
2020-06-11,304.01,304.1,294.62,296.64,,,,
2020-06-12,302.42,302.42,292.24,296,,,,
2020-06-15,290.56,300.05,288.13,297.85,,,,
2020-06-16,304.99,306.7,297.65,299.22,,,,
2020-06-17,300.48,300.48,295.46,298.3,,,,
2020-06-18,296.59,299,295.2,298.17,,,,
2020-06-19,301.82,301.82,288.92,288.92,,,,
2020-06-22,289.08,294.42,287.1,292.8,,,,
2020-06-23,295.01,295.63,288.97,289.7,,,,
2020-06-24,287.22,288.8,283.72,286.98,,,,
2020-06-25,286.33,286.33,280.15,283.48,,,,
2020-06-26,283.04,286.2,278.63,280.56,,,,
2020-06-29,282.48,285.79,279.67,285.79,,,,
2020-06-30,285.86,288.3,284.08,286.96,,,,
2020-07-01,286.88,294.77,286.86,293.53,,,,
2020-07-02,295.57,297.29,293.43,294.2,,,,
2020-07-06,295.24,296.99,288.27,290.44,,,,
2020-07-07,287.83,290.44,286.12,289.43,,,,
2020-07-08,288.97,292.96,288.47,292.01,,,,
2020-07-09,290.41,290.41,284.1,288.19,,,,
2020-07-10,288.07,294.34,288.07,293.66,,,,
2020-07-13,293.54,296.67,292.5,293.78,,,,
2020-07-14,293.8,298.29,293.8,296.64,,,,
2020-07-15,299.47,301.56,294.91,295.34,,,,
2020-07-16,295.86,299.98,294.94,299.25,,,,
2020-07-17,300.86,306.76,300.71,306.08,,,,
2020-07-20,304.98,305.6,301.47,301.92,,,,
2020-07-21,302.31,306.71,301.86,303.32,,,,
2020-07-22,301.23,309.16,299.07,307.97,,,,
2020-07-23,307.96,310.5,306.62,308.32,,,,
2020-07-24,309.2,312.03,304.72,306.37,,,,
2020-07-27,306.29,306.29,300.43,302.51,,,,
2020-07-28,301.53,309.73,301.53,307.22,,,,
2020-07-29,307.62,309.39,306.37,308.56,,,,
2020-07-30,306.3,308.57,304.86,308.5,,,,
2020-07-31,307.1,309.83,304.67,309.12,,,,
2020-08-03,308.51,308.58,304.03,305.6,,,,
2020-08-04,305.07,310.36,304.82,308.88,,,,
2020-08-05,309.35,309.66,303.86,305.02,,,,
2020-08-06,304.52,307.19,303.06,306.6,,,,
2020-08-07,305.61,313.24,305.56,312.12,,,,
2020-08-10,313.14,314.4,311.02,311.82,,,,
2020-08-11,312.45,312.94,304.42,305.17,,,,
2020-08-12,306.68,311.63,306.04,309.61,,,,
2020-08-13,307.74,309.21,306.24,308.43,,,,
2020-08-14,307.36,308.12,304.93,305.62,,,,
2020-08-17,305.67,307.89,304.23,305.18,,,,
2020-08-18,305.03,306.13,302.22,303.69,,,,
2020-08-19,304.29,304.6,302.26,302.73,,,,
2020-08-20,301.3,302.83,299.29,300.05,,,,
2020-08-21,300.7,301.1,297.57,300.44,,,,
2020-08-24,300.89,303.26,298.59,303.24,,,,
2020-08-25,303.81,303.81,299.36,300.45,,,,
2020-08-26,298.75,298.94,295.91,296.83,,,,
2020-08-27,297.62,299.76,295.86,297.71,,,,
2020-08-28,298.14,298.83,295.52,298.5,,,,
2020-08-31,298.14,301.29,298.14,299.46,,,,
2020-09-01,298.47,298.47,294.88,296.06,,,,
2020-09-02,296.26,306.6,295.47,305.31,,,,
2020-09-03,305.9,308.16,298.74,301.47,,,,
2020-09-04,302.72,303.58,295.97,299.79,,,,
2020-09-08,299.93,300.27,295.21,298.01,,,,
2020-09-09,300.07,305.69,299.81,301.76,,,,
2020-09-10,300.56,300.69,296.29,296.41,,,,
2020-09-11,296.88,298.24,295.04,297.4,,,,
2020-09-14,298.79,302.88,298.44,301.28,,,,
2020-09-15,302.4,307.82,301.8,303.49,,,,
2020-09-16,301.44,304.98,301.27,302.84,,,,
2020-09-17,300.54,302.08,298.13,300.35,,,,
2020-09-18,299.56,300.43,294.43,294.96,,,,
2020-09-21,292.53,294.54,289.37,293.25,,,,
2020-09-22,293.41,296.98,293.15,295.13,,,,
2020-09-23,295.39,295.67,290.25,290.39,,,,
2020-09-24,290.17,295.72,288.38,293.78,,,,
2020-09-25,292.22,298.78,291.55,298.51,,,,
2020-09-28,300.09,302.25,298.82,299.29,,,,
2020-09-29,300.19,302.14,297.73,299.06,,,,
2020-09-30,301.72,303.26,299.26,301.86,,,,
2020-10-01,302.28,305.59,301.99,304.95,,,,
2020-10-02,302,310.03,301.85,308.41,,,,
2020-10-05,309.08,313.2,307.31,312.31,,,,
2020-10-06,312.51,318.45,311.24,314.98,,,,
2020-10-07,316.68,318.28,314.6,316.97,,,,
2020-10-08,318.15,323.18,318.15,322.68,,,,
2020-10-09,324.09,324.56,320.53,322.55,,,,
2020-10-12,322.54,326.9,322.12,324.74,,,,
2020-10-13,322.78,323.3,318.95,322.45,,,,
2020-10-14,322.92,324.26,320.42,321.96,,,,
2020-10-15,318.96,323.61,318.19,321.78,,,,
2020-10-16,322.41,326.52,321.95,325.27,,,,
2020-10-19,325.22,326.84,321.7,322.49,,,,
2020-10-20,324.02,326.21,322.83,324.32,,,,
2020-10-21,323.36,325.74,322.73,323.64,,,,
2020-10-22,323.94,328.74,323.25,328.35,,,,
2020-10-23,329.62,330.43,327.36,329.11,,,,
2020-10-26,326.69,329.53,324.48,328.94,,,,
2020-10-27,329.06,332.1,327.29,328.7,,,,
2020-10-28,325.6,328.37,318.59,319.04,,,,
2020-10-29,317.32,323.9,314.06,319.92,,,,
2020-10-30,318.38,320.12,313.94,316.92,,,,
2020-11-02,319.82,324.31,318.22,323.99,,,,
2020-11-03,328.06,332.16,326.67,328.71,,,,
2020-11-04,327.52,331.6,323.37,323.47,,,,
2020-11-05,326.62,332.44,326.22,326.52,,,,
2020-11-06,327.03,329.44,324.88,325.77,,,,
2020-11-09,336.97,344.81,331.23,331.7,,,,
2020-11-10,333.69,337.23,331.94,336.42,,,,
2020-11-11,337.89,340.53,336.31,337.58,,,,
2020-11-12,335.72,335.97,329.25,331.75,,,,
2020-11-13,333.02,335.59,332.95,334.81,,,,
2020-11-16,338.08,338.82,334.24,338.09,,,,
2020-11-17,336.26,337.56,330.95,331.28,,,,
2020-11-18,333.57,333.57,324.8,324.87,,,,
2020-11-19,324.47,324.47,319.32,321.53,,,,
2020-11-20,321.28,323.88,320.09,321.68,,,,
2020-11-23,322.84,323.43,320.25,321.63,,,,
2020-11-24,324.38,325.87,322.64,325.21,,,,
2020-11-25,324.78,325.77,321.64,325.6,,,,
2020-11-27,325.58,325.58,321.14,322.46,,,,
2020-11-30,321.65,321.74,316.56,317.73,,,,
2020-12-01,320.07,324.45,319.88,320.1,,,,
2020-12-02,319.42,322.28,316.56,322.24,,,,
2020-12-03,320.74,321.72,317.79,318.69,,,,
2020-12-04,318.43,319.67,313.65,315.37,,,,
2020-12-07,314.43,318.69,314.43,317.11,,,,
2020-12-08,315.74,318.22,313.76,316.14,,,,
2020-12-09,315.94,316.72,313.31,315.33,,,,
2020-12-10,315.61,316.27,312.41,313.72,,,,
2020-12-11,312.66,314.65,312.16,314.19,,,,
2020-12-14,316.41,319.14,312.43,312.52,,,,
2020-12-15,313.94,319.59,312.56,318.57,,,,
2020-12-16,319.49,321.1,314.79,314.92,,,,
2020-12-17,316.37,319.45,316.37,317.19,,,,
2020-12-18,317.36,318.3,312.9,314.42,,,,
2020-12-21,311.81,311.81,306.97,310.45,,,,
2020-12-22,310.25,311.04,308.95,309.77,,,,
2020-12-23,311.51,313.71,309.15,309.16,,,,
2020-12-24,309.71,311.52,308.16,311.3,,,,
2020-12-28,312.89,314.74,311.58,312.77,,,,
2020-12-29,313.56,314.92,311.82,312.61,,,,
2020-12-30,312.35,315.21,312.35,314.09,,,,
2020-12-31,314.12,319.27,313.51,319.07,,,,
2021-01-04,318.91,319.3,309.11,310.76,,,,
2021-01-05,311.19,312.38,308.28,310.86,,,,
2021-01-06,313.17,320.59,312.01,318.51,,,,
2021-01-07,320.28,320.75,314.12,314.27,,,,
2021-01-08,314.9,317.52,314.35,317,,,,
2021-01-11,316.02,317.07,311.78,314.05,,,,
2021-01-12,313.67,314.59,308.6,312.42,,,,
2021-01-13,313.43,319.49,312.91,318.48,,,,
2021-01-14,318.7,318.7,315.45,317.29,,,,
2021-01-15,316.22,321.32,315.43,320.35,,,,
2021-01-19,322.1,322.1,318.64,319.15,,,,
2021-01-20,318,322.41,317.33,321.12,,,,
2021-01-21,320.55,320.91,318.66,319.15,,,,
2021-01-22,318.39,320.7,317.01,319.68,,,,
2021-01-25,318.81,326.46,318.38,325.91,,,,
2021-01-26,325.72,325.81,321.48,322.67,,,,
2021-01-27,320.9,322.37,312.77,313.98,,,,
2021-01-28,314.68,322.56,314.07,317.77,,,,
2021-01-29,316.06,319.16,313.83,316.02,,,,
2021-02-01,317.64,320.29,314.97,317.53,,,,
2021-02-02,318.48,324.99,317.43,320.08,,,,
2021-02-03,319.91,321.19,318.39,319.12,,,,
2021-02-04,319.06,321.88,318.04,321.42,,,,
2021-02-05,322.8,324.96,321.49,323.15,,,,
2021-02-08,323.7,323.89,319.53,320.63,,,,
2021-02-09,321.02,321.96,318.34,320.96,,,,
2021-02-10,323.06,323.48,320.06,322.21,,,,
2021-02-11,321.76,322.67,319.53,319.89,,,,
2021-02-12,318.81,320.25,315.76,317.37,,,,
2021-02-16,317.07,317.11,313.36,313.75,,,,
2021-02-17,313.79,314.48,311.89,314.11,,,,
2021-02-18,313.71,317.2,313.5,315.83,,,,
2021-02-19,315.65,315.67,310.89,311.06,,,,
2021-02-22,310.71,310.71,302.15,305.02,,,,
2021-02-23,306.36,308.49,304.7,307.45,,,,
2021-02-24,307.03,307.31,303.83,303.92,,,,
2021-02-25,302.95,304.49,299.52,300.95,,,,
2021-02-26,301.4,303.75,295.3,295.35,,,,
2021-03-01,298.16,305.27,298.16,301.74,,,,
2021-03-02,302.5,303.1,299.34,300.91,,,,
2021-03-03,300.32,300.32,294.84,297.37,,,,
2021-03-04,297.64,302.41,295.3,296.87,,,,
2021-03-05,297.93,302.99,295.45,301.59,,,,
2021-03-08,302.48,308.38,301.67,305.77,,,,
2021-03-09,307.05,310.68,306.91,309.66,,,,
2021-03-10,310.09,312.69,308.72,311.75,,,,
2021-03-11,311.17,314.91,310.86,310.93,,,,
2021-03-12,311.96,315.98,310.91,314.9,,,,
2021-03-15,315.58,319.86,315.58,319.17,,,,
2021-03-16,317.89,320.25,317.58,319.49,,,,
2021-03-17,319.04,319.04,314,314.29,,,,
2021-03-18,314.24,315.19,310.98,313.18,,,,
2021-03-19,313.32,316.7,309.91,313.87,,,,
2021-03-22,313.27,314.89,311.3,313.52,,,,
2021-03-23,313.6,319.4,312.76,318.3,,,,
2021-03-24,316.54,320.43,316.1,318.32,,,,
2021-03-25,319.67,322.61,317.85,321.48,,,,
2021-03-26,321.25,322.99,318.46,322.73,,,,
2021-03-29,322.35,327.67,322.2,326.18,,,,
2021-03-30,324.73,324.73,320.76,323.17,,,,
2021-03-31,323.38,326.07,322.69,325.26,,,,
2021-04-01,324.95,325.73,323.02,325.2,,,,
2021-04-05,326.13,330.8,326.11,328.76,,,,
2021-04-06,327.73,330.56,326.14,330.49,,,,
2021-04-07,330.67,331.82,328.41,330.08,,,,
2021-04-08,330.98,331.91,329.18,329.73,,,,
2021-04-09,330.21,331.49,328.83,329.5,,,,
2021-04-12,329.78,332.11,328.74,329.73,,,,
2021-04-13,328.42,334.3,327.8,333.76,,,,
2021-04-14,332.71,335.17,332.13,335.1,,,,
2021-04-15,335.04,339.07,335.04,338.81,,,,
2021-04-16,339.93,342.97,339.59,341.56,,,,
2021-04-19,342.05,342.43,339.13,339.89,,,,
2021-04-20,340.12,345.14,339.94,344.36,,,,
2021-04-21,344.68,345.9,340.16,341.27,,,,
2021-04-22,341.21,342.31,338.66,338.91,,,,
2021-04-23,339.07,340.16,337.64,338.32,,,,
2021-04-26,338.7,338.7,335.58,336.47,,,,
2021-04-27,336.03,336.14,333.41,333.94,,,,
2021-04-28,334.38,335.05,331.97,333.44,,,,
2021-04-29,333.73,336.56,333.42,336.43,,,,
2021-04-30,337.04,339.05,335.1,339,,,,
2021-05-03,339.44,342.09,338.42,338.87,,,,
2021-05-04,338.54,339.23,335.5,337.69,,,,
2021-05-05,336.99,337.19,330.1,331.91,,,,
2021-05-06,332.52,334.62,330.55,334.37,,,,
2021-05-07,334.3,337.78,334.14,335.2,,,,
2021-05-10,335.91,341.96,335.91,338.6,,,,
2021-05-11,337.99,338.38,332.18,334.56,,,,
2021-05-12,334.08,334.08,326.53,326.69,,,,
2021-05-13,326.76,334.37,326.32,332.53,,,,
2021-05-14,333.29,335.91,333.25,333.82,,,,
2021-05-17,333.63,335.55,330.64,330.94,,,,
2021-05-18,330.41,332.02,329.6,330.93,,,,
2021-05-19,329.45,330.5,326.46,330.36,,,,
2021-05-20,330.72,335.12,330.72,333.07,,,,
2021-05-21,333.63,336.03,332.53,334.86,,,,
2021-05-24,336.32,336.95,334.08,334.18,,,,
2021-05-25,334.1,334.1,329.44,330.25,,,,
2021-05-26,330.33,331.59,329.29,330.25,,,,
2021-05-27,331.08,331.08,327.83,328.07,,,,
2021-05-28,329.2,330.93,328.8,329.58,,,,
2021-06-01,330.58,330.58,326.73,327.53,,,,
2021-06-02,327.99,331.01,326.76,329.17,,,,
2021-06-03,327.13,332.05,326.58,330.9,,,,
2021-06-04,331.89,332.3,330.08,330.4,,,,
2021-06-07,330.86,331.44,330.17,331.02,,,,
2021-06-08,331.63,331.75,326.73,328.02,,,,
2021-06-09,328.67,331.5,328.09,330.82,,,,
2021-06-10,331.08,333.46,330.4,333.06,,,,
2021-06-11,332.91,334.07,331.55,333.99,,,,
2021-06-14,334.05,335.28,332.51,334.37,,,,
2021-06-15,334.7,337.31,333.93,335.54,,,,
2021-06-16,336.48,337.49,330.35,330.53,,,,
2021-06-17,330.2,334.04,329.33,332.14,,,,
2021-06-18,330.91,330.91,323.12,323.41,,,,
2021-06-21,324.99,328.49,322.82,327.85,,,,
2021-06-22,327.26,328.67,325.59,325.63,,,,
2021-06-23,325.32,325.46,321.35,322.21,,,,
2021-06-24,322.63,322.78,320.57,321.89,,,,
2021-06-25,322.07,325.65,321.75,325.54,,,,
2021-06-28,326.95,329.15,326.31,327.53,,,,
2021-06-29,326.58,328.42,321.3,322.11,,,,
2021-06-30,322.09,323.14,320.41,321.58,,,,
2021-07-01,320.84,326.2,320.84,325.22,,,,
2021-07-02,325.59,325.84,323.93,325.48,,,,
2021-07-06,325.4,327.01,321.72,326.92,,,,
2021-07-07,326.88,328.98,325.22,328.83,,,,
2021-07-08,327.77,329.88,326.57,328.03,,,,
2021-07-09,328.71,329.27,325.78,328.55,,,,
2021-07-12,328.02,329.7,326.53,329.47,,,,
2021-07-13,329.19,329.95,325.84,326.96,,,,
2021-07-14,327.13,331.17,325.6,329.69,,,,
2021-07-15,328.73,333.81,328.73,333.63,,,,
2021-07-16,334.26,338.59,333.66,336.94,,,,
2021-07-19,335.53,338.06,327.85,331.59,,,,
2021-07-20,332.14,336.28,332,332.88,,,,
2021-07-21,333.18,333.91,329.09,329.23,,,,
2021-07-22,329.65,331.17,328.82,329.79,,,,
2021-07-23,330.58,334.34,330.24,334.01,,,,
2021-07-26,333.51,334.97,331.87,333.98,,,,
2021-07-27,333.68,340.49,332.04,339.73,,,,
2021-07-28,339.65,340.27,334.92,337.4,,,,
2021-07-29,337.96,339.06,336.2,338.06,,,,
2021-07-30,337.56,340.57,334.43,335.12,,,,
2021-08-02,336.12,339,335.7,337.62,,,,
2021-08-03,338.23,341.29,336.69,339.68,,,,
2021-08-04,338.25,339.61,335.05,339.22,,,,
2021-08-05,339.92,343.26,338.75,343.05,,,,
2021-08-06,342.97,345.11,341.76,342.76,,,,
2021-08-09,343.04,343.63,340.5,342.36,,,,
2021-08-10,342.57,343.89,341.2,342.69,,,,
2021-08-11,343.63,347.37,343.63,345.84,,,,
2021-08-12,344.99,346.95,344.64,345.84,,,,
2021-08-13,346.21,348.25,345.55,347.79,,,,
2021-08-16,348.25,352.47,347.57,350.05,,,,
2021-08-17,349.3,350.22,346.69,350.09,,,,
2021-08-18,350.15,350.77,347.22,348.45,,,,
2021-08-19,348.35,352.5,348.24,349.79,,,,
2021-08-20,349.18,354.31,347.41,354.06,,,,
2021-08-23,354.03,354.03,348.86,349.4,,,,
2021-08-24,349.58,349.58,344.99,347.2,,,,
2021-08-25,347.11,348.95,345.26,347.9,,,,
2021-08-26,347.47,347.73,346.04,346.69,,,,
2021-08-27,347.33,348.24,346.03,346.58,,,,
2021-08-30,346.22,348.09,345.5,347.19,,,,
2021-08-31,346.71,348.69,345.32,346.86,,,,
2021-09-01,347.65,352.47,347.3,351.38,,,,
2021-09-02,351.75,354.25,351.71,354.23,,,,
2021-09-03,353.22,353.74,350.65,351.39,,,,
2021-09-07,350.64,350.64,346.04,346.57,,,,
2021-09-08,346.72,353.78,345.7,352.77,,,,
2021-09-09,351.71,352.77,350.6,350.71,,,,
2021-09-10,350.44,350.44,345.79,345.86,,,,
2021-09-13,348.57,349.13,344.24,345.22,,,,
2021-09-14,346.27,347.21,343.03,343.82,,,,
2021-09-15,343.04,345.57,341.45,343.31,,,,
2021-09-16,343.38,344.62,340.02,340.51,,,,
2021-09-17,339.07,341.46,334.83,335.11,,,,
2021-09-20,334.09,337.38,330.86,334.42,,,,
2021-09-21,335.2,337.63,333.37,333.62,,,,
2021-09-22,334.66,336.04,332.17,333.26,,,,
2021-09-23,333.43,335.6,331.18,331.59,,,,
2021-09-24,331.69,333.56,330.34,331.08,,,,
2021-09-27,330.76,333.89,326.7,327.09,,,,
2021-09-28,326.68,327.31,322.15,323.09,,,,
2021-09-29,323.77,329.42,323.16,327.29,,,,
2021-09-30,328.47,328.55,324.18,324.58,,,,
2021-10-01,326.6,327.15,323.55,324.46,,,,
2021-10-04,324.19,329.96,324.19,328.95,,,,
2021-10-05,329.56,330.61,327.9,328.33,,,,
2021-10-06,327.26,333.54,325.34,333.36,,,,
2021-10-07,334.06,336.57,331.22,331.58,,,,
2021-10-08,331.79,332.09,328.94,329.15,,,,
2021-10-11,328.1,328.29,324.23,324.72,,,,
2021-10-12,325.28,327.74,324.33,326.88,,,,
2021-10-13,327.03,330.85,325.3,330.6,,,,
2021-10-14,331.44,335.33,331.02,334.57,,,,
2021-10-15,335.34,336.39,333.23,333.81,,,,
2021-10-18,331.66,332.34,328.93,330.59,,,,
2021-10-19,333.24,335.21,332.27,334.76,,,,
2021-10-20,336.08,341.3,336.08,339.98,,,,
2021-10-21,340.22,341.36,339.61,340.05,,,,
2021-10-22,340.59,342.33,340.26,341.64,,,,
2021-10-25,341.3,342.37,339.51,340.16,,,,
2021-10-26,340.62,344.73,340.15,342.08,,,,
2021-10-27,343.26,343.63,339.5,339.8,,,,
2021-10-28,339.52,342.07,339.24,342,,,,
2021-10-29,341.57,343.29,338.26,339.84,,,,
2021-11-01,340.02,342.01,338.8,341.18,,,,
2021-11-02,342.12,342.79,339.01,341.35,,,,
2021-11-03,340.97,342.18,337.43,340.25,,,,
2021-11-04,339.85,340.27,334.65,338.3,,,,
2021-11-05,339.05,342.79,339.05,341.3,,,,
2021-11-08,341.52,341.52,334.66,336.35,,,,
2021-11-09,336.83,338.76,335.75,337.81,,,,
2021-11-10,338.03,340.5,337.57,340.19,,,,
2021-11-11,339.86,340.17,336.39,338.15,,,,
2021-11-12,337.7,338.33,336,337.52,,,,
2021-11-15,339.26,341.95,338.25,341.93,,,,
2021-11-16,341.94,342.6,339.97,340.02,,,,
2021-11-17,339.3,340.94,337.66,340.48,,,,
2021-11-18,339.98,340.44,337.55,338.66,,,,
2021-11-19,339.36,341.28,338.28,340.62,,,,
2021-11-22,340.26,344.43,339.57,342.65,,,,
2021-11-23,342.88,344.99,341.02,343.05,,,,
2021-11-24,342.67,343.62,340.84,342.83,,,,
2021-11-26,340.14,342.51,336.72,337.32,,,,
2021-11-29,339.52,343.49,337.62,342.6,,,,
2021-11-30,340.92,340.92,332.31,332.59,,,,
2021-12-01,334.34,341.15,333,333.13,,,,
2021-12-02,333.99,340.27,333.99,337.18,,,,
2021-12-03,338.27,340.67,334.05,340.61,,,,
2021-12-06,342.88,349.34,342.87,345.83,,,,
2021-12-07,345.97,349.17,344.91,348.43,,,,
2021-12-08,348.8,350.26,346.12,348.03,,,,
2021-12-09,348.01,349.3,344.97,347.33,,,,
2021-12-10,348.67,350.86,347.61,349.3,,,,
2021-12-13,349.03,355.26,349.03,353.54,,,,
2021-12-14,353.12,354.21,349.78,351.3,,,,
2021-12-15,351.97,357.42,351.58,357.21,,,,
2021-12-16,356.97,361.14,356.38,358.96,,,,
2021-12-17,358.01,359.2,352.85,353.51,,,,
2021-12-20,350.53,354.14,347.3,353.67,,,,
2021-12-21,355.46,357.18,351.42,353.08,,,,
2021-12-22,352.51,354.97,351.97,354.49,,,,
2021-12-23,354.6,356.22,354.15,354.37,,,,
2021-12-27,354.81,356.18,353.68,356.13,,,,
2021-12-28,356.58,359.47,356.58,359.45,,,,
2021-12-29,359.79,361.89,359.28,361.29,,,,
2021-12-30,361.81,362.91,359.98,362.53,,,,
2021-12-31,361.82,365.09,361.14,363.71,,,,
2022-01-03,363.55,363.55,356.13,360.29,,,,
2022-01-04,360.02,363.65,359.03,359.12,,,,
2022-01-05,358.65,362.89,358.61,358.95,,,,
2022-01-06,359.18,360.3,354.77,355.17,,,,
2022-01-07,354.14,359.58,352.31,357.85,,,,
2022-01-10,357.25,357.98,353.86,355.56,,,,
2022-01-11,355.39,356.35,349.98,352.29,,,,
2022-01-12,351.27,354.35,350.14,353.54,,,,
2022-01-13,353.47,356.5,353.13,355.14,,,,
2022-01-14,354.83,355.78,351.01,352.83,,,,
2022-01-18,350.15,350.64,345.85,348.59,,,,
2022-01-19,348.61,353.14,348.6,350.19,,,,
2022-01-20,351.32,355.57,350.22,350.69,,,,
2022-01-21,351.95,354.04,349.25,350.05,,,,
2022-01-24,349.04,350.51,337.67,346.45,,,,
2022-01-25,344.23,345.21,339.56,341.02,,,,
2022-01-26,342.06,345.39,336.48,338.6,,,,
2022-01-27,340.07,345.55,339.7,341.25,,,,
2022-01-28,340.21,345.66,337.75,345.28,,,,
2022-01-31,343.22,352.13,342.84,351.67,,,,
2022-02-01,350.47,352.69,343.97,347.18,,,,
2022-02-02,346.74,352.75,346.46,352.25,,,,
2022-02-03,351.09,352.71,349.84,350.71,,,,
2022-02-04,348.1,350.91,344.47,347.9,,,,
2022-02-07,347.62,348.68,345.24,347.22,,,,
2022-02-08,348.57,349.75,346.73,347.59,,,,
2022-02-09,349.07,350.66,347.9,349.11,,,,
2022-02-10,345.45,346.94,339.26,340.01,,,,
2022-02-11,340.76,343.83,338.72,340.04,,,,
2022-02-14,340.77,341.63,334,337.33,,,,
2022-02-15,338.96,340.5,334.02,335.48,,,,
2022-02-16,335.64,337.61,332.99,336.07,,,,
2022-02-17,335.08,337.73,332.07,336.28,,,,
2022-02-18,335.71,338.01,333.81,335.21,,,,
2022-02-22,335.73,337.26,332.73,334.96,,,,
2022-02-23,335.4,336.39,328.89,329.21,,,,
2022-02-24,327.82,332.32,325.41,331.62,,,,
2022-02-25,334.67,342.41,334.34,342.03,,,,
2022-02-28,340.13,344.03,339.62,343.5,,,,
2022-03-01,342.93,345.74,338.07,340.63,,,,
2022-03-02,340.45,345.89,340.45,344.75,,,,
2022-03-03,345.76,352.22,345.76,350.68,,,,
2022-03-04,349.62,358.57,349.05,358.37,,,,
2022-03-07,358.95,363.69,356.12,363.06,,,,
2022-03-08,363.17,365.69,357.18,357.23,,,,
2022-03-09,359.15,359.94,353.96,354.46,,,,
2022-03-10,352.59,357.62,351.88,357.03,,,,
2022-03-11,357.29,359.87,355.45,355.7,,,,
2022-03-14,357.8,359.49,353.43,355.32,,,,
2022-03-15,359.08,360.54,356.7,359.76,,,,
2022-03-16,359.56,360.78,354.1,359.15,,,,
2022-03-17,359.03,363.19,358.72,360.79,,,,
2022-03-18,360.4,362.15,356.8,357.55,,,,
2022-03-21,357.73,361.53,357.73,359.97,,,,
2022-03-22,361.01,361.07,357.57,360.3,,,,
2022-03-23,360.08,362.96,358.32,360.9,,,,
2022-03-24,361.47,364.88,361.08,364.49,,,,
2022-03-25,365.58,369.92,364.97,369.89,,,,
2022-03-28,369.99,372.19,367.98,372.17,,,,
2022-03-29,373.1,375.63,371.4,375.62,,,,
2022-03-30,375.89,378.78,374.84,378.76,,,,
2022-03-31,378.36,381.68,378.1,378.12,,,,
2022-04-01,377.97,383.8,375.83,383.62,,,,
2022-04-04,381.85,381.85,376.78,380.58,,,,
2022-04-05,381.32,387.32,381.32,383.11,,,,
2022-04-06,383.78,390.91,382.72,390.76,,,,
2022-04-07,390.13,390.55,386.23,389.78,,,,
2022-04-08,390.93,392.38,387.74,390.94,,,,
2022-04-11,391.33,391.7,385.15,385.53,,,,
2022-04-12,384.84,389.16,383.36,387.1,,,,
2022-04-13,387.5,388.27,383.9,386.45,,,,
2022-04-14,387.2,389.14,386.15,386.48,,,,
2022-04-18,387.29,389.13,382.72,384.59,,,,
2022-04-19,385.32,387.71,384.55,386.94,,,,
2022-04-20,390.13,392.03,389.06,390.02,,,,
2022-04-21,388.72,389.96,383.42,383.81,,,,
2022-04-22,383.45,383.59,377.01,377.35,,,,
2022-04-25,378.08,378.38,368.48,374.63,,,,
2022-04-26,373.76,377.84,370.71,370.73,,,,
2022-04-27,371.03,374.49,367.96,369.02,,,,
2022-04-28,371.01,374.37,368.95,373.1,,,,
2022-04-29,371.31,371.97,361.33,361.88,,,,
2022-05-02,363.34,365.13,353.65,358.1,,,,
2022-05-03,359.85,365.35,357.88,359.43,,,,
2022-05-04,361.4,368.07,360.19,367.4,,,,
2022-05-05,366.02,367.72,360.35,363.46,,,,
2022-05-06,361.69,367.6,361.56,366.37,,,,
2022-05-09,364.08,367.2,360.58,363.54,,,,
2022-05-10,364.39,368.91,355,359.02,,,,
2022-05-11,359.21,367.67,358.73,361.78,,,,
2022-05-12,360.64,361.49,353.84,357.6,,,,
2022-05-13,360,362.04,355.89,361.51,,,,
2022-05-16,362.01,364.24,360.26,362.69,,,,
2022-05-17,364.18,366.42,358.87,366.41,,,,
2022-05-18,366.91,367.6,361.77,362.64,,,,
2022-05-19,361.32,363.47,356.83,361.84,,,,
2022-05-20,362.58,363.85,357.9,362.82,,,,
2022-05-23,366.27,368.87,363.6,367.22,,,,
2022-05-24,368.13,375.26,365.16,374.61,,,,
2022-05-25,374.97,375.44,371.97,374.38,,,,
2022-05-26,376.11,378.09,375.13,375.4,,,,
2022-05-27,374.35,381,373.31,380.97,,,,
2022-05-31,377.95,378.83,374.24,375.72,,,,
2022-06-01,376.84,376.84,371.74,375.11,,,,
2022-06-02,376.58,377.83,369.14,377.37,,,,
2022-06-03,376.09,377.95,375,375.72,,,,
2022-06-06,377.05,380.2,376.91,377.41,,,,
2022-06-07,376.55,379.86,374.05,379.59,,,,
2022-06-08,377.54,377.54,371.42,372.06,,,,
2022-06-09,371.54,373.49,362.78,362.99,,,,
2022-06-10,359.82,363.45,357.33,360.2,,,,
2022-06-13,355.75,356.23,341.98,343.53,,,,
2022-06-14,344.12,345.02,330.95,334.65,,,,
2022-06-15,337.41,342.06,332.9,336.92,,,,
2022-06-16,332.3,332.51,327.8,330.3,,,,
2022-06-17,330.69,332.9,324.52,327.17,,,,
2022-06-21,328.11,335.15,327.8,333.44,,,,
2022-06-22,331.45,339.32,331.45,336.89,,,,
2022-06-23,338.79,345.37,338.52,344.8,,,,
2022-06-24,346.22,351.55,345.45,350.86,,,,
2022-06-27,349.84,354.44,349.08,353.69,,,,
2022-06-28,355.13,357.55,352,352.42,,,,
2022-06-29,352.69,353.86,350.39,352.58,,,,
2022-06-30,350.26,359.07,350.04,356.45,,,,
2022-07-01,357.88,365.77,356.94,365.29,,,,
2022-07-05,363.86,364.53,347.24,352.75,,,,
2022-07-06,353.8,359.44,351.52,356.31,,,,
2022-07-07,357.54,359.27,355.61,355.97,,,,
2022-07-08,355.63,356.31,353.61,354.81,,,,
2022-07-11,354.02,357.52,352.71,357.08,,,,
2022-07-12,355.6,359.74,353.82,355.25,,,,
2022-07-13,352.57,357.53,351.72,353.69,,,,
2022-07-14,347.84,354.3,347.28,353.74,,,,
2022-07-15,354.95,354.95,348.45,354.46,,,,
2022-07-18,353.83,353.83,349.42,349.5,,,,
2022-07-19,351.96,353.68,350.57,351.87,,,,
2022-07-20,352.25,352.42,346.7,347.08,,,,
2022-07-21,347.23,348.14,344.89,348.09,,,,
2022-07-22,350.91,354.16,349.99,352.85,,,,
2022-07-25,352.14,357.31,351.38,357.29,,,,
2022-07-26,356.73,360.4,356.73,359.46,,,,
2022-07-27,358.2,360.66,356.99,359.85,,,,
2022-07-28,366.88,373.23,365.73,372.55,,,,
2022-07-29,372,377.25,372,375.65,,,,
2022-08-01,375.12,376.32,372.16,376.03,,,,
2022-08-02,376.74,379.84,375,375.2,,,,
2022-08-03,374.56,378.5,368.95,377.75,,,,
2022-08-04,377.92,381.04,376.51,378.2,,,,
2022-08-05,377.91,378.97,373.48,377.08,,,,
2022-08-08,379.97,381.82,375.72,377.53,,,,
2022-08-09,379.05,382.28,378.68,381.54,,,,
2022-08-10,383.47,383.91,380.37,383.27,,,,
2022-08-11,383.18,386.57,381.8,382.73,,,,
2022-08-12,384.85,388.67,384.25,388.62,,,,
2022-08-15,388.8,392.3,387.3,391.78,,,,
2022-08-16,390.72,394.29,390.71,392.84,,,,
2022-08-17,391.16,393.82,391.07,392.25,,,,
2022-08-18,392.63,394.79,392.21,393.59,,,,
2022-08-19,393.55,395.11,391.7,393.39,,,,
2022-08-22,391.31,392.2,387.02,387.98,,,,
2022-08-23,387.97,387.97,384.12,385.54,,,,
2022-08-24,385.72,387.33,384.22,386.89,,,,
2022-08-25,388.16,389.2,384.88,389.19,,,,
2022-08-26,390.11,390.64,382.94,383.18,,,,
2022-08-29,381.6,386.88,378.88,384.12,,,,
2022-08-30,383.82,384.22,377.12,378.51,,,,
2022-08-31,378.74,380.94,375.9,375.93,,,,
2022-09-01,376.01,381.71,374.93,381.26,,,,
2022-09-02,382.32,385.78,376.05,377.17,,,,
2022-09-06,379.28,383.31,377.13,378.02,,,,
2022-09-07,380.37,390.42,380.37,389.89,,,,
2022-09-08,388.17,392.01,387.74,389.43,,,,
2022-09-09,391.32,393.25,388.44,391.06,,,,
2022-09-12,392.2,395.23,391.02,394.81,,,,
2022-09-13,391.21,392.2,382.47,384.19,,,,
2022-09-14,384.2,389.42,384.03,387.29,,,,
2022-09-15,382.78,382.94,376.68,377.51,,,,
2022-09-16,377.14,379.01,375.56,376.13,,,,
2022-09-19,375.06,381.17,374.05,381.08,,,,
2022-09-20,378.47,378.67,372.94,375.59,,,,
2022-09-21,378.06,380.58,370.41,370.42,,,,
2022-09-22,369.59,371.48,367.14,369,,,,
2022-09-23,365.39,365.75,360.1,364.66,,,,
2022-09-26,363.56,364.16,352.38,355.81,,,,
2022-09-27,358.15,358.73,348.14,349.75,,,,
2022-09-28,353.88,355.78,349.37,353.59,,,,
2022-09-29,351.9,352.32,338.6,339.19,,,,
2022-09-30,341.43,342.01,332.05,332.52,,,,
2022-10-03,338.49,344.3,335.92,342.46,,,,
2022-10-04,344.05,350.08,343.05,349.83,,,,
2022-10-05,344.83,345.09,338.28,341.96,,,,
2022-10-06,340.86,340.89,330.37,330.68,,,,
2022-10-07,330.23,330.61,321.67,323.77,,,,
2022-10-10,325.17,328.05,324,324.32,,,,
2022-10-11,323.48,327.43,321.65,323.44,,,,
2022-10-12,322.41,323.14,312.34,312.39,,,,
2022-10-13,308.18,321.49,306.73,320.35,,,,
2022-10-14,323.83,325.8,314.12,315.42,,,,
2022-10-17,319.54,325.28,319.54,322.26,,,,
2022-10-18,327.21,329.81,324.98,328.03,,,,
2022-10-19,323.44,326.11,321.13,323.88,,,,
2022-10-20,323.24,323.24,314.27,315.76,,,,
2022-10-21,316.9,323.95,314.82,321.57,,,,
2022-10-24,324.23,326.65,320.82,324.21,,,,
2022-10-25,324.87,331.6,324.69,330.77,,,,
2022-10-26,332.81,334,329.3,330.64,,,,
2022-10-27,333.25,336.93,332.52,332.9,,,,
2022-10-28,334.67,343.05,334.67,342.4,,,,
2022-10-31,341.7,342.65,337.06,339.18,,,,
2022-11-01,340.84,342.25,337.79,340.55,,,,
2022-11-02,339.36,346.21,337,337.08,,,,
2022-11-03,333.8,341.52,332.16,338.58,,,,
2022-11-04,339.91,341.88,334.69,340.51,,,,
2022-11-07,339.78,339.78,328.74,333.91,,,,
2022-11-08,334.57,338.38,333.37,336.21,,,,
2022-11-09,335.64,337.3,332.88,333.38,,,,
2022-11-10,342.21,349.75,338.41,349.24,,,,
2022-11-11,349.15,349.6,341.99,345.24,,,,
2022-11-14,345.09,347.09,340.85,340.85,,,,
2022-11-15,344.17,346.97,340.52,344.51,,,,
2022-11-16,345.38,349.42,345.38,347.51,,,,
2022-11-17,343.45,344.15,339.67,341.28,,,,
2022-11-18,344.71,348.6,344.14,348.1,,,,
2022-11-21,348.18,350.81,347.53,349.83,,,,
2022-11-22,352.02,354.94,350.62,352.78,,,,
2022-11-23,351.78,356.6,351.68,356.44,,,,
2022-11-25,358.17,359.62,357.68,358.67,,,,
2022-11-28,356.2,357.21,353.39,354.83,,,,
2022-11-29,352.62,352.75,350.27,352.24,,,,
2022-11-30,351.4,361.75,351.36,361.25,,,,
2022-12-01,364.27,366.1,359.7,360.58,,,,
2022-12-02,356.7,359.73,355.31,358.89,,,,
2022-12-05,356.17,358.15,355.5,356.75,,,,
2022-12-06,356.41,359.19,355,359.12,,,,
2022-12-07,358.83,361.68,356.07,357.43,,,,
2022-12-08,357.08,360.78,356.02,359.44,,,,
2022-12-09,358.34,360.65,357.34,357.73,,,,
2022-12-12,360.64,365.92,358.27,365.85,,,,
2022-12-13,370.51,372.55,363.01,367,,,,
2022-12-14,368.24,372.13,363.98,366.41,,,,
2022-12-15,365.17,365.52,360.26,361.77,,,,
2022-12-16,358.15,358.56,351.38,355.76,,,,
2022-12-19,355.2,357.69,352.09,354.29,,,,
2022-12-20,354.17,356.31,352,354.51,,,,
2022-12-21,356.08,359.33,355.37,359.32,,,,
2022-12-22,358.27,358.51,351.22,357.04,,,,
2022-12-23,356.2,360.93,356.2,360.8,,,,
2022-12-27,361.23,363.69,359.35,363.03,,,,
2022-12-28,363.56,365.12,358.92,359.52,,,,
2022-12-29,361.08,363.9,360.94,361.96,,,,
2022-12-30,361.68,361.94,355.16,358.48,,,,
2023-01-03,359.25,360.58,353.65,358.5,,,,
2023-01-04,360.31,364.86,359.54,361.86,,,,
2023-01-05,359.06,360.15,352.81,353.82,,,,
2023-01-06,357.91,362.71,357.41,361,,,,
2023-01-09,360.12,366.12,360.12,363.3,,,,
2023-01-10,362.31,363.7,359.37,363.46,,,,
2023-01-11,363.94,366.96,363.41,366.58,,,,
2023-01-12,367.07,367.17,363.72,364.23,,,,
2023-01-13,361.89,363.88,360,362.63,,,,
2023-01-17,363.16,365.52,361.63,362.18,,,,
2023-01-18,363.05,363.11,353.06,353.46,,,,
2023-01-19,353.04,353.61,349.07,349.93,,,,
2023-01-20,349.47,352.1,345,351.99,,,,
2023-01-23,350.68,355.45,349.36,352.14,,,,
2023-01-24,352.72,354.84,348,353.85,,,,
2023-01-25,349.19,349.82,345.52,349.03,,,,
2023-01-26,347.45,350.85,346.67,350.38,,,,
2023-01-27,349.63,351.71,348.35,350.27,,,,
2023-01-30,349.13,352.62,348.36,348.68,,,,
2023-01-31,349.42,351.19,345.44,351.17,,,,
2023-02-01,349.47,354.17,347.06,351.81,,,,
2023-02-02,351.88,356.34,349.24,352.35,,,,
2023-02-03,350.31,350.66,340.59,345.05,,,,
2023-02-06,343.97,348.21,343.18,348.04,,,,
2023-02-07,346.23,348.85,343.07,347.76,,,,
2023-02-08,345.92,345.92,340.28,341.81,,,,
2023-02-09,342.71,344.39,336.49,336.99,,,,
2023-02-10,338.07,343.97,337.11,343.74,,,,
2023-02-13,344.18,346.55,343.97,345.75,,,,
2023-02-14,345.29,347.58,342.36,344.09,,,,
2023-02-15,342.4,346.53,342.4,346.29,,,,
2023-02-16,342.33,344.96,339.75,343.42,,,,
2023-02-17,343.81,348.33,341.54,346.85,,,,
2023-02-21,344.24,344.69,340.08,340.31,,,,
2023-02-22,340.14,342.83,338.07,338.88,,,,
2023-02-23,339.85,340.23,335.72,337.24,,,,
2023-02-24,334.09,338.33,332.83,337.17,,,,
2023-02-27,338.35,341.67,333.89,334.59,,,,
2023-02-28,332.76,334.65,328.68,328.82,,,,
2023-03-01,326.46,327.06,321.65,323.16,,,,
2023-03-02,322.82,329.23,322.12,329.05,,,,
2023-03-03,330.37,334.86,327.28,334.84,,,,
2023-03-06,334.62,337.14,334.52,336.28,,,,
2023-03-07,336.46,337.39,329.22,330.71,,,,
2023-03-08,330.66,333.93,329.41,333.28,,,,
2023-03-09,334,337.12,329.4,330.48,,,,
2023-03-10,331.51,331.79,323.64,325.2,,,,
2023-03-13,324.89,337.43,324.45,330.22,,,,
2023-03-14,332.39,337.05,331.23,334.46,,,,
2023-03-15,333.31,340.91,331.92,338.93,,,,
2023-03-16,337.64,343.24,336.55,341.2,,,,
2023-03-17,340.32,341.01,335.43,337.87,,,,
2023-03-20,339.04,341.59,338.66,340.62,,,,
2023-03-21,340.77,341.06,329.16,333.62,,,,
2023-03-22,332.76,334.78,326.98,327.02,,,,
2023-03-23,326.38,330.22,322.13,323.73,,,,
2023-03-24,324.17,333.86,323.94,333.82,,,,
2023-03-27,335.18,337.11,333.33,334.24,,,,
2023-03-28,333.96,338.63,333.73,335.22,,,,
2023-03-29,337.07,340.52,337.07,340.04,,,,
2023-03-30,340.97,343.02,339.49,341.42,,,,
2023-03-31,342.24,344.05,340.57,344.01,,,,
2023-04-03,342.19,344.06,339.7,341.52,,,,
2023-04-04,341.59,343.88,340.51,343.3,,,,
2023-04-05,345.29,353.15,345.29,352.13,,,,
2023-04-06,354.21,355.27,351.16,354.72,,,,
2023-04-10,352.75,354.04,349.19,354.01,,,,
2023-04-11,353.73,355.24,352.56,354.24,,,,
2023-04-12,354.94,356.46,352.77,353.83,,,,
2023-04-13,352.26,354.92,347.3,353.91,,,,
2023-04-14,350.9,352.03,348.42,349.97,,,,
2023-04-17,350.84,352.48,348.45,351.97,,,,
2023-04-18,351.78,352.74,348.84,350.17,,,,
2023-04-19,350.99,353.81,350.59,352.91,,,,
2023-04-20,352.87,353.92,350.75,352.72,,,,
2023-04-21,355.06,356.05,351.73,353.78,,,,
2023-04-24,353.76,356.12,351.6,355.54,,,,
2023-04-25,354.61,357.07,354.18,355.2,,,,
2023-04-26,352.29,353.52,346.45,346.78,,,,
2023-04-27,347.82,351.19,347.55,350.94,,,,
2023-04-28,350.17,352.35,348.17,350.26,,,,
2023-05-01,349.59,354.27,349.42,350.98,,,,
2023-05-02,351.25,351.25,344.69,346.67,,,,
2023-05-03,348.57,350.18,345.21,345.58,,,,
2023-05-04,346.1,349.45,342.96,348.11,,,,
2023-05-05,347.23,351.2,347.03,350.42,,,,
2023-05-08,349.82,352.4,348.12,349.28,,,,
2023-05-09,348.39,349.53,346.19,348.57,,,,
2023-05-10,350.77,352.69,348.32,351.86,,,,
2023-05-11,350.74,351.55,346.28,347.84,,,,
2023-05-12,349.74,351.54,347.31,349.38,,,,
2023-05-15,350.72,351.13,343.57,345.04,,,,
2023-05-16,345.04,345.15,336.98,337.12,,,,
2023-05-17,337.74,338.15,334.5,335.92,,,,
2023-05-18,333.51,335.04,331.89,334.71,,,,
2023-05-19,336.16,338.11,334.04,334.15,,,,
2023-05-22,335.33,336.73,333.18,334.24,,,,
2023-05-23,333.14,336.43,332.39,333.1,,,,
2023-05-24,332.83,333.67,330.48,331.01,,,,
2023-05-25,330.08,330.08,324.25,326.45,,,,
2023-05-26,325.94,326.39,322.96,326.13,,,,
2023-05-30,326.58,328.37,324.47,324.86,,,,
2023-05-31,325.31,329.35,323,327.97,,,,
2023-06-01,328.3,328.43,323.27,325.4,,,,
2023-06-02,323.73,329.91,322.99,328.7,,,,
2023-06-05,329.49,333.74,328.72,330.17,,,,
2023-06-06,331.4,332.37,329.19,329.95,,,,
2023-06-07,330.67,336.31,328.26,335.56,,,,
2023-06-08,335.2,337.4,332.95,336.93,,,,
2023-06-09,337.29,337.3,334.81,334.98,,,,
2023-06-12,335.96,336.02,333.05,334.42,,,,
2023-06-13,332.16,335.37,331.85,334.21,,,,
2023-06-14,335.47,337.92,333.36,333.98,,,,
2023-06-15,335.39,338.3,334.53,337.51,,,,
2023-06-16,338.46,342.06,338.22,339.29,,,,
2023-06-20,338.93,338.93,335.03,335.33,,,,
2023-06-21,333.82,338.41,330.59,338.15,,,,
2023-06-22,339.79,339.79,334.62,335.59,,,,
2023-06-23,336.23,337.54,330.18,330.51,,,,
2023-06-26,331.26,334.83,329.84,333.75,,,,
2023-06-27,334.4,335.05,332.9,333.89,,,,
2023-06-28,333.67,333.67,328.14,328.95,,,,
2023-06-29,326.35,330.81,325.76,328.8,,,,
2023-06-30,329.56,333.02,329.28,332.8,,,,
2023-07-03,331.27,335.03,330.75,335.02,,,,
2023-07-05,333.7,341.28,333.42,338.7,,,,
2023-07-06,335.86,335.95,332.93,334.61,,,,
2023-07-07,332.26,334.51,331.31,332.14,,,,
2023-07-10,331.32,332.7,328.16,330.75,,,,
2023-07-11,331.24,334.91,330.24,334.86,,,,
2023-07-12,336.34,340.1,335.34,339.77,,,,
2023-07-13,339.3,341.06,338.61,341.06,,,,
2023-07-14,340.14,341.1,337.72,339.66,,,,
2023-07-17,338.82,339.26,335.62,335.66,,,,
2023-07-18,335.67,338.18,330.19,333.05,,,,
2023-07-19,333.96,338.47,333.96,336.45,,,,
2023-07-20,337.55,343.15,335.75,342.67,,,,
2023-07-21,343.75,349.12,343.52,347.8,,,,
2023-07-24,348.06,348.84,345.34,346.82,,,,
2023-07-25,346.61,348.56,345.46,347.57,,,,
2023-07-26,346.58,351.3,345.93,347.41,,,,
2023-07-27,346.38,347.53,340.67,341.41,,,,
2023-07-28,343.69,344.92,338.83,340.51,,,,
2023-07-31,341.73,343.15,339.01,340.62,,,,
2023-08-01,340.34,341.82,336.19,336.34,,,,
2023-08-02,334.94,337.94,334.5,336.32,,,,
2023-08-03,335.2,335.35,328.4,328.62,,,,
2023-08-04,329.55,331.54,323.35,324.65,,,,
2023-08-07,325.85,327.39,324.57,324.58,,,,
2023-08-08,324.21,326.29,321.7,326.18,,,,
2023-08-09,325.68,329.63,325.59,326.74,,,,
2023-08-10,327.83,329.94,324.77,325.71,,,,
2023-08-11,325.81,327.78,324.98,327.38,,,,
2023-08-14,326.79,326.86,323.3,324.66,,,,
2023-08-15,322.64,322.64,319.03,319.17,,,,
2023-08-16,320.23,321.99,319.43,320.63,,,,
2023-08-17,320.59,323.77,319.5,319.56,,,,
2023-08-18,318.91,321.67,318.91,320.8,,,,
2023-08-21,320.44,320.78,316.42,318.89,,,,
2023-08-22,318.67,320.7,317.62,319.73,,,,
2023-08-23,321.43,321.62,318.92,321.18,,,,
2023-08-24,320.78,324.91,318.96,319.15,,,,
2023-08-25,319.94,323.24,319.58,321.65,,,,
2023-08-28,322.5,323.94,321,321.52,,,,
2023-08-29,321.72,323.42,320.41,322.42,,,,
2023-08-30,321.79,323.51,319.86,321.05,,,,
2023-08-31,321.75,322.34,317.72,317.74,,,,
2023-09-01,319.65,320.46,313.63,316.1,,,,
2023-09-05,315.5,316.06,309.57,311.22,,,,
2023-09-06,311.78,312.29,309.94,311.85,,,,
2023-09-07,313.41,318.4,313.41,315.79,,,,
2023-09-08,316.3,319.26,315.53,318.83,,,,
2023-09-11,318.49,321.64,318.49,319.9,,,,
2023-09-12,319.78,321.27,317.84,320.31,,,,
2023-09-13,321.03,325.63,320.93,324.17,,,,
2023-09-14,326.25,329.08,325.77,328.95,,,,
2023-09-15,328.36,330.78,327.12,327.33,,,,
2023-09-18,327.72,328.17,324.9,327.16,,,,
2023-09-19,326.9,328.03,325.3,325.37,,,,
2023-09-20,326.82,329.1,324.75,325.71,,,,
2023-09-21,325.19,326.03,322.16,322.19,,,,
2023-09-22,320.83,323.66,319.5,321.67,,,,
2023-09-25,319.74,321.35,317.8,321.04,,,,
2023-09-26,319.7,319.7,310.54,311.26,,,,
2023-09-27,310.14,311.36,304.57,305.25,,,,
2023-09-28,306.82,306.94,298.17,298.58,,,,
2023-09-29,301.31,303.58,297.5,299.2,,,,
2023-10-02,296.82,297.01,281.85,285.09,,,,
2023-10-03,282.98,289.39,278.89,288.42,,,,
2023-10-04,289.32,290.36,283.76,288.17,,,,
2023-10-05,287.4,288.28,283.81,286.59,,,,
2023-10-06,283.18,291.27,278.06,290.51,,,,
2023-10-09,290.18,293.46,288.91,293.44,,,,
2023-10-10,293.79,297.61,293.62,297.42,,,,
2023-10-11,299,302.56,297.17,302.27,,,,
2023-10-12,301,302.5,295.05,297.75,,,,
2023-10-13,300.17,302.92,298.93,301,,,,
2023-10-16,301.54,305.26,299.4,304.15,,,,
2023-10-17,302.21,305.23,301.13,303.42,,,,
2023-10-18,303.24,304.79,298.79,300.57,,,,
2023-10-19,300.27,302.5,297.49,297.76,,,,
2023-10-20,297.3,299.74,294.58,294.62,,,,
2023-10-23,291.25,296.26,289.75,292.2,,,,
2023-10-24,296.68,300.77,295.64,299.72,,,,
2023-10-25,298.96,301.81,297.96,301.17,,,,
2023-10-26,302.01,306.51,302.01,303.77,,,,
2023-10-27,302.59,304.15,297.27,298.27,,,,
2023-10-30,299.55,302.25,297.11,300.29,,,,
2023-10-31,301.44,303.12,299.4,302.87,,,,
2023-11-01,303.6,308.08,300.41,306.19,,,,
2023-11-02,306.78,313.55,306.39,311.97,,,,
2023-11-03,317.05,317.72,313.81,313.83,,,,
2023-11-06,314.45,315.3,312.69,312.95,,,,
2023-11-07,313.33,313.33,310.26,310.66,,,,
2023-11-08,309.14,309.23,304.81,308.38,,,,
2023-11-09,308.39,309.66,304.05,304.11,,,,
2023-11-10,305.92,306.42,303.81,305.68,,,,
2023-11-13,304.82,305.52,301.49,301.89,,,,
2023-11-14,308.38,313.99,307.88,313.79,,,,
2023-11-15,313.24,317.33,312.13,312.75,,,,
2023-11-16,315.14,316.48,314,314.16,,,,
2023-11-17,315.47,315.55,313.01,314.76,,,,
2023-11-20,313.23,314.97,309.73,313.79,,,,
2023-11-21,314.2,314.93,311.55,314.48,,,,
2023-11-22,315.2,315.71,312.76,315.54,,,,
2023-11-24,315.54,316.5,314.37,316.5,,,,
2023-11-27,316.77,317.52,314.45,316.8,,,,
2023-11-28,316.89,320.17,315.74,317.79,,,,
2023-11-29,317.86,319.18,314.26,315.29,,,,
2023-11-30,316.12,316.9,313.95,316.57,,,,
2023-12-01,316.69,320.51,314.69,320.51,,,,
2023-12-04,318.13,321.81,317.53,319.25,,,,
2023-12-05,319.11,319.35,315.55,316.65,,,,
2023-12-06,318.33,321.07,317.86,321.02,,,,
2023-12-07,321.36,322.47,318.78,320.25,,,,
2023-12-08,320.05,320.78,317.27,319.56,,,,
2023-12-11,318.22,322.03,318.05,321.68,,,,
2023-12-12,322.01,322.01,317.84,320.37,,,,
2023-12-13,320.64,332.37,319.01,332.28,,,,
2023-12-14,334.86,336.16,327.44,328.03,,,,
2023-12-15,325.29,326.2,319.95,322.36,,,,
2023-12-18,322.87,324.8,320.82,321.4,,,,
2023-12-19,322.47,323.66,321.28,323.21,,,,
2023-12-20,322.79,323.58,316.72,316.81,,,,
2023-12-21,317.76,319.41,315.06,317.22,,,,
2023-12-22,318.29,321.42,317.79,318.28,,,,
2023-12-26,317.86,321.47,317.86,320.34,,,,
2023-12-27,319.58,320.54,318.7,319.96,,,,
2023-12-28,319.13,322.62,319.04,322.21,,,,
2023-12-29,321.04,322.4,319.74,321.92,,,,
2024-01-02,320.62,327.16,319.89,326.37,,,,
2024-01-03,326.26,328.23,324.17,327.65,,,,
2024-01-04,328.03,329.74,326.27,326.58,,,,
2024-01-05,325.93,329.37,324.8,327.84,,,,
2024-01-08,327.13,330.34,326.24,330.21,,,,
2024-01-09,328.25,328.96,327,327.71,,,,
2024-01-10,327.46,329.05,326.42,327.5,,,,
2024-01-11,325.8,326.3,318.92,319.82,,,,
2024-01-12,322.45,322.91,320.49,321.7,,,,
2024-01-16,320.26,320.99,317.51,318.32,,,,
2024-01-17,315.63,319.25,311.24,313.48,,,,
2024-01-18,312.11,312.21,308.53,310.18,,,,
2024-01-19,310.44,311.07,307.9,309.79,,,,
2024-01-22,309.73,311.99,306.95,308.19,,,,
2024-01-23,308.64,309.74,307.01,308.9,,,,
2024-01-24,310.99,311.46,304.17,304.64,,,,
2024-01-25,308.7,310.13,305.83,310.09,,,,
2024-01-26,310.94,312.14,310.01,311.1,,,,
2024-01-29,311.15,314.15,309.43,313.09,,,,
2024-01-30,312.16,314.72,310.22,312.97,,,,
2024-01-31,315.45,316.71,310.45,312.07,,,,
2024-02-01,311.08,317.99,309.51,317.95,,,,
2024-02-02,314.43,315.3,310.13,312.21,,,,
2024-02-05,309.08,309.35,305.65,305.87,,,,
2024-02-06,305.33,307.77,304.53,306.82,,,,
2024-02-07,307.84,308.44,305.37,306.98,,,,
2024-02-08,305.56,305.7,301.89,304.44,,,,
2024-02-09,303.38,305.89,303.14,305.72,,,,
2024-02-12,305.71,309.41,304.95,309.22,,,,
2024-02-13,307.71,308.71,299.76,304,,,,
2024-02-14,304.37,306.2,303.26,305.64,,,,
2024-02-15,306.77,310.57,306.72,310.36,,,,
2024-02-16,308.27,311.21,306.79,309.85,,,,
2024-02-20,309.73,313.1,308.92,309.43,,,,
2024-02-21,311.04,314.02,310.2,313.65,,,,
2024-02-22,311.7,312.51,308.9,311.22,,,,
2024-02-23,311.65,314.86,311.17,313.42,,,,
2024-02-26,311.48,311.71,306.3,306.83,,,,
2024-02-27,308.99,312.78,307.51,312.64,,,,
2024-02-28,312.16,314.06,311.69,313.58,,,,
2024-02-29,314.74,316.1,312.14,313.71,,,,
2024-03-01,312.29,312.33,307.72,311.46,,,,
2024-03-04,310.07,317.14,310.07,316.59,,,,
2024-03-05,318.21,322.8,314.51,315.76,,,,
2024-03-06,318.23,320.43,317.41,318.81,,,,
2024-03-07,321.43,321.73,320.18,320.74,,,,
2024-03-08,321.63,322.42,318.82,321.41,,,,
2024-03-11,321.39,323.78,319.85,323.05,,,,
2024-03-12,321.41,322.48,317.96,319.84,,,,
2024-03-13,322.9,324.93,321.48,321.94,,,,
2024-03-14,320.91,322.42,317.17,319.33,,,,
2024-03-15,318.41,321.44,318.04,319.7,,,,
2024-03-18,319.8,323.28,318.39,321.18,,,,
2024-03-19,322.03,324.44,321.15,324.13,,,,
2024-03-20,323.32,326.12,322.63,324.55,,,,
2024-03-21,325.46,327.48,323.83,323.87,,,,
2024-03-22,325.93,326.5,323.96,324.34,,,,
2024-03-25,325.35,326.06,323.92,325.83,,,,
2024-03-26,326.05,327.23,321.96,322.12,,,,
2024-03-27,324.54,331.01,324.54,330.99,,,,
2024-03-28,331.47,333.91,330.25,333.49,,,,
2024-04-01,333.2,333.2,329.27,331.34,,,,
2024-04-02,330.85,333.77,330.75,331.9,,,,
2024-04-03,331.99,332.66,329.43,330.52,,,,
2024-04-04,333.79,333.98,327.71,329.86,,,,
2024-04-05,327.8,331.74,326.23,331.02,,,,
2024-04-08,331.35,333.64,330.51,333.14,,,,
2024-04-09,334.98,335.45,332.9,334.98,,,,
2024-04-10,328.21,330.39,326.33,329.18,,,,
2024-04-11,331.12,331.12,326.34,328.5,,,,
2024-04-12,328.83,329.99,324.56,326.08,,,,
2024-04-15,328.25,329.55,321.81,323.11,,,,
2024-04-16,322.28,322.28,317.66,318.73,,,,
2024-04-17,320.9,326.16,320.23,325.37,,,,
2024-04-18,326.43,328.34,324.15,327.37,,,,
2024-04-19,328.27,332.92,327.69,332.18,,,,
2024-04-22,332.17,336.22,330.18,335.36,,,,
2024-04-23,334.63,338.99,334.62,337,,,,
2024-04-24,333.91,340.04,332.43,339,,,,
2024-04-25,338.45,341.2,335.19,339.91,,,,
2024-04-26,339.87,340.31,336.08,336.09,,,,
2024-04-29,338.7,341.24,338.61,340.77,,,,
2024-04-30,338.41,341.36,336.49,338.8,,,,
2024-05-01,338.09,345.64,337.37,342.68,,,,
2024-05-02,343.82,345.06,341.35,344.41,,,,
2024-05-03,347.48,348.21,344.12,347.36,,,,
2024-05-06,348.31,349.27,346.04,348.94,,,,
2024-05-07,350.62,353.12,349.92,352.84,,,,
2024-05-08,351.94,356.77,351.52,356.54,,,,
2024-05-09,356.13,362.18,355.69,361.95,,,,
2024-05-10,363.92,364.26,360.38,361.36,,,,
2024-05-13,362.35,364.21,360.56,361.31,,,,
2024-05-14,362.84,363.11,360.11,362.06,,,,
2024-05-15,365.78,368.37,365.27,367.15,,,,
2024-05-16,367.18,369.01,365.33,365.81,,,,
2024-05-17,365.67,366.69,363.92,365.85,,,,
2024-05-20,366.48,366.48,364.52,365.07,,,,
2024-05-21,365.18,368.68,365.18,368.62,,,,
2024-05-22,366.63,367.8,363.86,364.26,,,,
2024-05-23,363.08,363.13,357.85,358.05,,,,
2024-05-24,359.15,362.98,358.29,361.6,,,,
2024-05-28,361.91,363.43,360.47,361.17,,,,
2024-05-29,357.99,358.25,355.16,356.41,,,,
2024-05-30,357.7,361.53,356.94,361.43,,,,
2024-05-31,362.08,367.83,360.77,367.47,,,,
2024-06-03,366.7,366.7,361.67,362.83,,,,
2024-06-04,361.75,364.03,358.82,362.75,,,,
2024-06-05,362.3,362.69,360.14,360.63,,,,
2024-06-06,360.09,361.96,356.51,356.91,,,,
2024-06-07,352.92,356.57,352.89,353.03,,,,
2024-06-10,352.9,358.02,352.05,357.53,,,,
2024-06-11,353.88,355.79,352.38,355.26,,,,
2024-06-12,359.44,359.55,351.84,352.88,,,,
2024-06-13,353.19,355.02,350.06,353.7,,,,
2024-06-14,351.84,353.16,350.07,352.79,,,,
2024-06-17,350.62,351.62,348.51,348.78,,,,
2024-06-18,345.99,349.04,345.66,348.84,,,,
2024-06-20,349.46,352.65,349.15,351.95,,,,
2024-06-21,353.09,353.63,349.7,350.06,,,,
2024-06-24,350.1,355.62,349.64,354.43,,,,
2024-06-25,353.87,354.69,349.97,350.96,,,,
2024-06-26,349.39,350.37,347.64,349.61,,,,
2024-06-27,349.21,350.55,347.71,350.12,,,,
2024-06-28,350.14,350.48,344.57,346.33,,,,
2024-07-01,349.2,350.42,343.5,343.95,,,,
2024-07-02,344.54,346.19,344.26,345.46,,,,
2024-07-03,345.87,350.11,345.44,347.63,,,,
2024-07-05,348.04,349.85,346.78,348.28,,,,
2024-07-08,347.99,349.67,347.25,348.53,,,,
2024-07-09,348.41,352.51,348.26,349.5,,,,
2024-07-10,350.78,352.89,348.33,352.8,,,,
2024-07-11,354.73,360.25,354.55,359.26,,,,
2024-07-12,360.27,364.33,359.18,361.87,,,,
2024-07-15,358.58,358.9,352.59,353.22,,,,
2024-07-16,355.51,356.52,354.3,355.95,,,,
2024-07-17,355.74,360.65,354.74,356.08,,,,
2024-07-18,355.36,359.25,355.36,355.85,,,,
2024-07-19,357.22,357.34,354.21,356.24,,,,
2024-07-22,357.91,359.95,357.04,359.34,,,,
2024-07-23,358.4,359.22,356.77,356.99,,,,
2024-07-24,358.61,362.41,357.41,361.12,,,,
2024-07-25,362.45,364.55,356.5,357.95,,,,
2024-07-26,360.66,362.23,359.62,361.49,,,,
2024-07-29,362.48,364.29,359.99,363.1,,,,
2024-07-30,362.74,365.31,362.13,365.08,,,,
2024-07-31,370.53,370.54,366.2,369.64,,,,
2024-08-01,370.08,376.8,370.02,376.49,,,,
2024-08-02,380.46,383.51,371.77,377.01,,,,
2024-08-05,377.55,378.17,366.57,366.87,,,,
2024-08-06,367.74,374.16,367.74,369.89,,,,
2024-08-07,372.59,376.28,370.75,371.92,,,,
2024-08-08,370.74,374.63,369.77,372.49,,,,
2024-08-09,372.83,373.96,367.17,373.46,,,,
2024-08-12,373.25,374.1,371.34,374.07,,,,
2024-08-13,375.75,376.38,373.86,376.02,,,,
2024-08-14,374.7,377.81,372.84,375.66,,,,
2024-08-15,373.92,376.66,372.27,375.58,,,,
2024-08-16,376.03,378.25,374.13,377.07,,,,
2024-08-19,377.18,379.42,376.7,379.31,,,,
2024-08-20,379.28,380.37,377.96,378.37,,,,
2024-08-21,378.84,382.14,378.52,381.17,,,,
2024-08-22,380.69,382.15,379.06,380.52,,,,
2024-08-23,381.91,383.33,380.53,381.64,,,,
2024-08-26,383.11,385.55,382.82,383.95,,,,
2024-08-27,383.44,384.53,380.87,381.11,,,,
2024-08-28,382.01,384.25,380.78,381.09,,,,
2024-08-29,381.7,383.45,378.58,383.17,,,,
2024-08-30,383.23,385.98,381.97,385.51,,,,
2024-09-03,385.4,387.69,383.7,385,,,,
2024-09-04,386.49,391.01,386.35,388.27,,,,
2024-09-05,391.57,391.57,386.14,387.21,,,,
2024-09-06,387.82,388.68,383.53,383.58,,,,
2024-09-09,384.68,387.39,382.9,387.34,,,,
2024-09-10,388.09,390.69,386.72,389.05,,,,
2024-09-11,388.68,390.61,384.68,390.38,,,,
2024-09-12,390.44,391.74,388.8,391.03,,,,
2024-09-13,391.94,396.61,390.91,396.53,,,,
2024-09-16,398.41,400.6,396.79,399.45,,,,
2024-09-17,399.52,400.64,397.94,399.12,,,,
2024-09-18,398.32,399.63,394.66,396.06,,,,
2024-09-19,395.39,395.89,390.65,393.79,,,,
2024-09-20,398.67,405.06,398.34,404.37,,,,
2024-09-23,406.76,408.53,405.24,408.3,,,,
2024-09-24,405.88,410.41,404.61,405.21,,,,
2024-09-25,406.86,408.61,404.01,407.4,,,,
2024-09-26,406.55,408,403.4,404.46,,,,
2024-09-27,406.11,409.59,405.97,408.55,,,,
2024-09-30,409.65,410.57,405.79,410.28,,,,
2024-10-01,410.26,414.18,407.47,413.59,,,,
2024-10-02,410.87,414.53,410.46,413.8,,,,
2024-10-03,415.44,416.79,412.71,413.7,,,,
2024-10-04,409.97,413.49,408.93,413.01,,,,
2024-10-07,411.38,411.87,402.38,403.42,,,,
2024-10-08,404.65,406.37,403.64,403.65,,,,
2024-10-09,402.24,403.55,397.94,400.08,,,,
2024-10-10,400.6,403.72,398.74,398.84,,,,
2024-10-14,403.02,407.89,402.62,407.58,,,,
2024-10-15,409.9,412.35,408.9,409.4,,,,
2024-10-16,410.99,418.29,409.64,417.73,,,,
2024-10-17,418.85,418.88,413.58,413.86,,,,
2024-10-18,413.36,416.46,411.87,416.16,,,,
2024-10-21,417.34,418.36,412.99,414.67,,,,
2024-10-22,412.14,413.91,409.89,413.03,,,,
2024-10-23,413.14,417.24,413.08,417.22,,,,
2024-10-24,417.28,417.89,413.02,414.26,,,,
2024-10-25,416.25,416.36,407.95,408.22,,,,
2024-10-28,410.03,413.18,409.53,411.43,,,,
2024-10-29,406.56,406.79,402.62,402.66,,,,
2024-10-30,404.03,404.84,401.02,401.71,,,,
2024-10-31,402.49,408.73,402.4,405.9,,,,
2024-11-01,405.27,406.83,396.34,396.74,,,,
2024-11-04,392.27,394.54,389.8,391.92,,,,
2024-11-05,391.34,397.75,390.69,397.71,,,,
2024-11-06,394.4,395.42,390.01,393.82,,,,
2024-11-07,395.71,398.21,392.29,394.42,,,,
2024-11-08,396.19,402.47,396.15,401.48,,,,
2024-11-11,401.78,405.06,400.76,402.69,,,,
2024-11-12,402.05,402.32,396.23,398.14,,,,
2024-11-13,399.9,400.48,395.52,397.18,,,,
2024-11-14,397.31,399.51,395.13,395.66,,,,
2024-11-15,395.01,401.7,395.01,401.46,,,,
2024-11-18,400.68,405.61,400.31,404.36,,,,
2024-11-19,402.94,407.15,401.11,407.04,,,,
2024-11-20,407.76,409.16,405.31,407.35,,,,
2024-11-21,407.79,414.81,405.98,414.48,,,,
2024-11-22,415.48,415.85,411.56,411.75,,,,
2024-11-25,414.32,415.67,409.39,412.57,,,,
2024-11-26,413.51,419.23,412.76,419.01,,,,
2024-11-27,420.51,421.57,418.57,418.94,,,,
2024-11-29,420.32,420.34,418.04,418.72,,,,
2024-12-02,418.89,418.95,409.88,410.01,,,,
2024-12-03,412.34,413.56,406.41,406.41,,,,
2024-12-04,406.57,408.8,404.79,406.5,,,,
2024-12-05,406.85,409.84,406.4,407.53,,,,
2024-12-06,407.98,408.55,401.72,402.66,,,,
2024-12-09,402.22,402.69,397.26,397.43,,,,
2024-12-10,395.54,396.15,391.26,394.16,,,,
2024-12-11,395.15,395.38,391.17,391.91,,,,
2024-12-12,393.69,394.9,391.29,391.5,,,,
2024-12-13,391.9,393.84,391.32,391.79,,,,
2024-12-16,391.69,392.96,388.56,388.56,,,,
2024-12-17,385.67,388.6,385.42,387.07,,,,
2024-12-18,386.46,387.21,377.7,377.81,,,,
2024-12-19,378.55,383.78,378.39,379.63,,,,
2024-12-20,377.83,386.32,377.77,385.43,,,,
2024-12-23,384.42,387.18,380.92,386.94,,,,
2024-12-24,386.77,389.1,385.82,389.1,,,,
2024-12-26,387.64,389.22,386.82,388.04,,,,
2024-12-27,385.32,388.1,384.93,386.91,,,,
2024-12-30,384.74,386.28,381.82,385.42,,,,
2024-12-31,385.66,387.17,383.19,384.95,,,,
2025-01-02,387.76,389.88,385.19,387.77,,,,
2025-01-03,390.37,394.12,388.62,392.03,,,,
2025-01-06,391.11,391.69,386.34,387.74,,,,
2025-01-07,388.06,390.36,385.54,386.61,,,,
2025-01-08,385.3,386.73,379.99,386.57,,,,
2025-01-10,388.09,390.63,382.41,384.36,,,,
2025-01-13,383.56,384.05,375.84,379.78,,,,
2025-01-14,381.23,385.92,380.5,384.7,,,,
2025-01-15,391.51,394.24,390.01,390.31,,,,
2025-01-16,389.98,400.39,389.98,400.37,,,,
2025-01-17,400.33,402.65,398.79,400.76,,,,
2025-01-21,404.9,409,404.48,406.97,,,,
2025-01-22,407.3,407.35,397.96,398.11,,,,
2025-01-23,399.62,402.97,399.07,399.97,,,,
2025-01-24,398.83,405.3,398.83,404.23,,,,
2025-01-27,394.8,397,385.5,394.82,,,,
2025-01-28,394.61,394.66,385.93,389.35,,,,
2025-01-29,389.5,394.74,388.92,390.08,,,,
2025-01-30,394.92,398.9,394.45,398.42,,,,
2025-01-31,398.13,398.81,395,395.93,,,,
2025-02-03,390.42,399.39,389.99,397.77,,,,
2025-02-04,394.65,396.22,390.37,394.26,,,,
2025-02-05,398.12,401.05,395,398.34,,,,
2025-02-06,399.3,399.65,395.02,398.1,,,,
2025-02-07,397.79,400.51,396.52,396.89,,,,
2025-02-10,397.58,401.13,395.67,401.12,,,,
2025-02-11,399.26,403.21,396.18,403.1,,,,
2025-02-12,396.95,403.33,396.13,402.53,,,,
2025-02-13,402.83,404.01,400.86,403.11,,,,
2025-02-14,403.03,405.9,400.88,401.05,,,,
2025-02-18,402.38,405.33,401.29,404.81,,,,
2025-02-19,404.51,407.88,403.69,406.63,,,,
2025-02-20,405.28,407.57,401.75,406.7,,,,
2025-02-21,405.91,407.97,404.75,406.63,,,,
2025-02-24,407.64,407.64,402.71,404.56,,,,
2025-02-25,401.76,403.25,396.72,402.49,,,,
2025-02-26,403.14,407.71,402.12,404,,,,
2025-02-27,403.32,403.96,394.86,395,,,,
2025-02-28,397.05,400.79,395.14,400.57,,,,
2025-03-03,399.3,402.45,398.55,401.33,,,,
2025-03-04,401.8,403,393.97,394.47,,,,
2025-03-05,391.78,394.56,388.63,391.78,,,,
2025-03-06,388.48,388.64,382.55,383.74,,,,
2025-03-07,384.28,392.43,383.88,390.81,,,,
2025-03-10,389.47,395.88,389.38,394.87,,,,
2025-03-11,394.84,395.97,389.03,391.26,,,,
2025-03-12,391.12,393.3,387.54,389.82,,,,
2025-03-13,390.73,392.41,388.32,390.87,,,,
2025-03-14,391.66,398.76,390.64,398.27,,,,
2025-03-17,397.79,402.24,396.26,399.86,,,,
2025-03-18,397.73,397.97,394.65,397.24,,,,
2025-03-19,397.1,399.13,396.15,398.41,,,,
2025-03-20,398.51,400.62,397.65,400.06,,,,
2025-03-21,398.65,400.42,395.1,397.43,,,,
2025-03-24,398.68,402.2,397.11,397.39,,,,
2025-03-25,397.07,397.15,389.21,390.99,,,,
2025-03-26,391.46,394.48,391.04,393.74,,,,
2025-03-27,393.26,396.71,392.33,393.6,,,,
2025-03-28,395.84,398.85,395.29,396.59,,,,
2025-03-31,397.04,402.38,397.04,400.81,,,,
2025-04-01,400.05,403.02,397.92,402.02,,,,
2025-04-02,401.44,404.64,399.66,403.8,,,,
2025-04-03,404.19,407.61,400.78,401.34,,,,
2025-04-04,401.94,402.25,376.44,378.94,,,,
2025-04-07,371.88,384,365.05,373.15,,,,
2025-04-08,380.06,382.19,367.13,371.34,,,,
2025-04-09,368.97,387.02,360.97,385.86,,,,
2025-04-10,382.58,387.48,375.4,383.44,,,,
2025-04-11,383.27,389.17,378.5,387.98,,,,
2025-04-14,390.91,396.13,389.05,394.78,,,,
2025-04-15,396.24,398.23,394.67,394.96,,,,
2025-04-16,395.4,397.23,389.91,391.27,,,,
2025-04-17,393.43,400.17,392.82,395.29,,,,
2025-04-21,393.14,393.8,381.37,385.82,,,,
2025-04-22,389.95,397.26,389.79,396.48,,,,
2025-04-23,399.03,402.5,394.46,398.11,,,,
2025-04-24,397.44,400.48,394.99,398.84,,,,
2025-04-25,399.19,399.33,395.74,397.33,,,,
2025-04-28,397.19,400.72,395.01,400.12,,,,
2025-04-29,398.87,403.54,397.9,402.94,,,,
2025-04-30,401.73,402.28,394.12,400.99,,,,
2025-05-01,403.78,407.1,400.85,402.21,,,,
2025-05-02,404.03,406.25,401.23,405.05,,,,
2025-05-05,404.34,405.23,400.15,403.88,,,,
2025-05-06,404.28,411.78,404.07,408.83,,,,
2025-05-07,407.17,412.45,406.88,410.02,,,,
2025-05-08,409.97,411.26,406.18,406.51,,,,
2025-05-09,407.13,407.7,404.57,407.2,,,,
2025-05-12,408.26,409.62,402.91,404.44,,,,
2025-05-13,403.97,407.2,401.96,404.1,,,,
2025-05-14,402.92,403.16,396.09,402.11,,,,
2025-05-15,403.6,411.59,403.41,410.64,,,,
2025-05-16,411.26,416.46,409.99,416.46,,,,
2025-05-19,412.77,417.95,412.58,417.86,,,,
2025-05-20,417.46,420.45,417.46,419.09,,,,
2025-05-21,417.3,418.19,410.35,411.08,,,,
2025-05-22,407.05,407.26,400.6,405.28,,,,
2025-05-23,407.98,410.44,403.3,409.98,,,,
2025-05-27,412.29,414.18,409.98,413.15,,,,
2025-05-28,412.58,412.95,405.68,407.22,,,,
2025-05-29,407.38,410.67,405.7,410.04,,,,
2025-05-30,409.34,414.89,408.64,414.48,,,,
2025-06-02,412.2,415.63,410.5,415.23,,,,
2025-06-03,419.08,419.08,412.98,416.16,,,,
2025-06-04,415.07,415.07,409.05,409.1,,,,
2025-06-05,409.6,410,407.55,408.43,,,,
2025-06-06,409.76,410.77,406.7,410.14,,,,
2025-06-09,409.27,410.83,406.76,407.44,,,,
2025-06-10,408.09,409.22,405.2,408.21,,,,
2025-06-11,409.62,409.99,407.17,408.39,,,,
2025-06-12,408.72,413.64,408.7,413.54,,,,
2025-06-13,412.44,413.45,409.77,410.96,,,,
2025-06-16,412.81,414.83,406.87,408.9,,,,
2025-06-17,408.2,409.2,402.51,405.6,,,,
2025-06-18,406.19,408.51,404.67,406.61,,,,
2025-06-20,407.6,410.88,407.06,407.66,,,,
2025-06-23,409.44,413.39,409.03,412.79,,,,
2025-06-24,412.97,415.62,412.74,414.42,,,,
2025-06-25,413.26,413.29,408.3,408.75,,,,
2025-06-26,409.74,412.38,408.89,412.1,,,,
2025-06-27,413.15,416.36,411.82,413.16,,,,
2025-06-30,410.78,415.14,409.78,414.79,,,,
2025-07-01,415.06,416.45,409.84,416.19,,,,
2025-07-02,414.46,416.54,410.59,412.58,,,,
2025-07-03,412.62,417.31,411.91,415.65,,,,
2025-07-07,415.03,416.74,413.88,416.34,,,,
2025-07-08,412.87,413.4,408.04,411.9,,,,
2025-07-09,413.24,416.66,410.7,416.01,,,,
2025-07-10,413.54,420.02,413.39,419.26,,,,
2025-07-11,416.09,420.28,414.88,418.76,,,,
2025-07-14,418.24,421.66,416.13,420.23,,,,
2025-07-15,420.08,420.14,414.31,416.36,,,,
2025-07-16,416.51,418.08,413.32,416.6,,,,
2025-07-17,416.3,419.53,415.71,418.13,,,,
2025-07-18,419.46,426.78,419.46,425.28,,,,
2025-07-21,426.25,429.26,425.03,426.51,,,,
2025-07-22,427.75,432.12,426.89,432,,,,
2025-07-23,434.76,436.84,426.98,428.6,,,,
2025-07-24,429.29,430.05,427.1,427.98,,,,
2025-07-25,428.13,429.55,427.17,429.07,,,,
2025-07-28,428.47,428.82,423.55,424.58,,,,
2025-07-29,426.47,429.68,425.32,429.54,,,,
2025-07-30,430.66,436.56,430.66,432.51,,,,
2025-07-31,431.39,435.61,431.09,435.08,,,,
2025-08-01,433.54,437.82,431.05,435.58,,,,
2025-08-04,437.45,444.48,437.16,443.15,,,,
2025-08-05,443.75,445.03,437.22,438.5,,,,
2025-08-06,439.05,439.05,434.27,434.54,,,,
2025-08-07,433.4,440.46,432.45,439.09,,,,
2025-08-08,439.84,440.97,436.15,437.11,,,,
2025-08-11,437.82,438.14,433.5,435.54,,,,
2025-08-12,436.43,437.57,433.6,437.46,,,,
2025-08-13,437.91,438.56,434.18,438.21,,,,
2025-08-14,436.38,437.92,434.68,435.1,,,,
2025-08-15,434.95,435.94,430.98,433.49,,,,
2025-08-18,433.79,435.52,430.81,431.35,,,,
2025-08-19,431.11,435.73,430.76,435.61,,,,
2025-08-20,436.26,438.75,434.46,436.13,,,,
2025-08-21,435.97,438.3,431.9,433.05,,,,
2025-08-22,435.38,437.83,434.1,435.36,,,,
2025-08-25,433.75,435.12,430,430.33,,,,
2025-08-26,430.79,432.26,428.8,431.29,,,,
2025-08-27,431.27,432.44,430.15,431.54,,,,
2025-08-28,430.88,431.45,427.1,427.8,,,,
2025-08-29,427.59,428.4,425.45,426.24,,,,
2025-09-02,423.3,425.23,422.09,424.67,,,,
2025-09-03,423.33,424.6,421.46,423.81,,,,
2025-09-04,426.33,427.83,420.93,423.15,,,,
2025-09-05,424.19,425.11,418.42,421.73,,,,
2025-09-08,421.82,421.82,415.8,417.21,,,,
2025-09-09,416.77,421.43,416.49,420.19,,,,
2025-09-10,422.13,427.95,421.55,427.29,,,,
2025-09-11,426.91,429.82,426.48,429.37,,,,
2025-09-12,428.13,432.95,427.76,431.78,,,,
2025-09-15,432.07,434.61,432.05,432.43,,,,
2025-09-16,432.04,432.04,424.49,424.61,,,,
2025-09-17,426.98,429.26,424.89,425.85,,,,
2025-09-18,424.5,428.78,423.23,426.07,,,,
2025-09-19,427.57,430.44,424.85,428.83,,,,
2025-09-22,428.89,433.75,427.8,432.78,,,,
2025-09-23,431.8,435.69,431.41,435.11,,,,
2025-09-24,435.48,438.88,434.57,438.28,,,,
2025-09-25,437.52,438.67,433.98,434.05,,,,
2025-09-26,435.59,441.08,435.21,440.94,,,,
2025-09-29,440.65,442.98,437.66,442.24,,,,
2025-09-30,442.5,444.58,439.83,443.18,,,,
2025-10-01,444.11,448.12,443.48,447.28,,,,
2025-10-02,446.12,446.47,443.15,446.37,,,,
2025-10-03,447.6,455.62,447.31,451.49,,,,
2025-10-06,453.12,456.38,451.08,455.9,,,,
2025-10-07,457.6,459.86,456.46,457.82,,,,
2025-10-08,460.82,461.68,457.56,460.97,,,,
2025-10-09,463.36,463.76,458.99,459.93,,,,
2025-10-10,461.18,463.88,457.51,457.9,,,,
2025-10-13,458.38,463.64,458.12,461.33,,,,
2025-10-14,460.75,467.05,459.89,465.57,,,,
2025-10-15,468.17,473.17,467.81,471.56,,,,
2025-10-16,473.99,476.06,466.48,466.69,,,,
2025-10-17,467.12,468.04,462.97,464.9,,,,
2025-10-20,468.9,469.41,463.02,464.64,,,,
2025-10-21,465.76,465.76,457.85,460.06,,,,
2025-10-22,461.44,461.47,456.86,458.91,,,,
2025-10-23,461.88,462.14,456.21,458.58,,,,
2025-10-24,461.95,466.29,460.91,464.01,,,,
2025-10-27,463.76,465.74,459.63,465.28,,,,
2025-10-28,465.95,465.95,457.11,457.54,,,,
2025-10-29,457.72,460.58,455.72,457.46,,,,
2025-10-30,457.2,461.24,455.4,455.64,,,,
2025-10-31,453.87,454.66,449.89,452.13,,,,
2025-11-03,451.46,453.71,447.17,452.39,,,,
2025-11-04,451.85,452.39,448.67,450.74,,,,
2025-11-05,450.59,453.01,448.87,450.9,,,,
2025-11-06,450.15,453.52,448.75,448.96,,,,
2025-11-07,447.33,455.15,447.33,455.13,,,,
2025-11-10,456.29,458.13,450.7,454.6,,,,
2025-11-11,455.21,456.67,452.25,454.84,,,,
2025-11-12,455,456.33,453.41,455.91,,,,
2025-11-13,454.18,454.35,449.25,449.53,,,,
2025-11-14,448.16,452.98,446.84,449.62,,,,
2025-11-17,450.85,454.83,449.69,453.38,,,,
2025-11-18,453.48,455.88,451.4,451.41,,,,
2025-11-19,451.84,453.11,446.74,447.76,,,,
2025-11-20,452.04,453.89,445.1,445.42,,,,
2025-11-21,445.95,447.28,442.41,445.47,,,,
2025-11-24,446.27,451.75,443.41,450.48,,,,
2025-11-25,451.08,452.22,447.07,448.92,,,,
2025-11-26,451.26,455.39,451.02,454.86,,,,
2025-11-28,455.58,458.41,455.2,458.15,,,,
2025-12-01,454.65,454.69,447.18,447.39,,,,
2025-12-02,449.24,449.29,443.61,444.16,,,,
2025-12-03,444.71,445.66,440.99,442.72,,,,
2025-12-04,441.3,445.3,440.37,441.77,,,,
2025-12-05,441.72,442.19,437.3,437.42,,,,
2025-12-08,437.49,437.49,431.05,431.72,,,,
2025-12-09,433.11,436.01,431.68,431.77,,,,
2025-12-10,431.62,432.45,428.28,431.31,,,,
2025-12-11,431.09,435.62,431.09,434.5,,,,
2025-12-12,435.9,437.81,431.76,432.45,,,,
2025-12-15,434.98,436.85,432.51,436.24,,,,
2025-12-16,436.01,437.16,431.83,434.67,,,,
2025-12-17,434.73,435.32,429.28,431.21,,,,
2025-12-18,434.12,438.08,433.58,435.88,,,,
2025-12-19,435.01,437.66,429.88,430.03,,,,
2025-12-22,429.24,432.29,427.33,431.86,,,,
2025-12-23,431.01,434.52,431.01,433.12,,,,
2025-12-24,433.58,435.72,432.74,435.5,,,,
2025-12-26,435.15,435.8,433.45,434.96,,,,
2025-12-29,435.12,438.15,435.12,435.65,,,,
2025-12-30,435.89,437.37,435.32,436.53,,,,
2025-12-31,436.69,436.88,433.77,433.81,,,,
2026-01-02,435.48,440.94,433.61,438.96,,,,
2026-01-05,439.02,439.73,427.48,433.87,,,,
2026-01-06,434.87,436.55,432.18,435.99,,,,
2026-01-07,435.79,436.04,424.1,425.27,,,,
2026-01-08,425.13,429.6,425.05,426.63,,,,
2026-01-09,432.68,435.68,431.7,431.9,,,,
2026-01-12,430.28,433.85,429.75,432.72,,,,
2026-01-13,433.05,436.41,430.96,435.43,,,,
2026-01-14,434.88,440.07,434.88,438.65,,,,
2026-01-15,440.53,445.21,440.38,443.22,,,,
2026-01-16,438.9,442.16,436.53,440.96,,,,
2026-01-20,438.05,440.39,435.29,436.42,,,,
2026-01-21,439.57,439.57,433.85,437.28,,,,
2026-01-22,438.78,439.59,432.91,434.07,,,,
2026-01-23,433.79,434.46,429.87,432.35,,,,
2026-01-26,434.04,438.52,434.04,435.71,,,,
2026-01-27,435.18,442.47,433.04,441.14,,,,
2026-01-28,441.76,443.71,438.36,440.1,,,,
2026-01-29,442.38,444.67,437.67,440.44,,,,
2026-01-30,439.11,440.59,434.61,439.54,,,,
2026-02-02,439.66,441.49,432.25,432.75,,,,
2026-02-03,434.44,440.93,434.28,439.43,,,,
2026-02-04,441.83,443.18,436.66,437.51,,,,
2026-02-05,438.62,440.24,435.38,437.99,,,,
2026-02-06,442.76,445.34,436.49,440.28,,,,
2026-02-09,439.7,442.15,437.25,441.63,,,,
2026-02-10,443.97,451.81,442.36,448.64,,,,
2026-02-11,450.42,452.77,448.06,452.53,,,,
2026-02-12,454.72,464.09,454.72,459.32,,,,
2026-02-13,458.32,472.52,458.32,471.68,,,,
2026-02-17,474.56,476.69,468.58,469.96,,,,
2026-02-18,471.16,471.16,461.07,461.99,,,,
2026-02-19,462.64,467.76,462.64,467.23,,,,
2026-02-20,470.1,470.32,464.86,469.35,,,,
2026-02-23,470.04,475.58,469.63,472.72,,,,
2026-02-24,472.54,478.42,468.83,477.89,,,,
2026-02-25,478.27,480.39,472.08,479.6,,,,
2026-02-26,479.51,479.73,475.16,477.79,,,,
2026-02-27,476.82,483.45,476.59,482.91,,,,
2026-03-02,479.97,482.68,478.95,479.18,,,,
2026-03-03,472.08,479.84,464.92,476.08,,,,
2026-03-04,475.74,479.52,473,478.03,,,,
2026-03-05,474.77,474.96,470,474.38,,,,
2026-03-06,471.13,474.77,468.73,472.57,,,,
2026-03-09,470.53,474.59,465.55,473.46,,,,
2026-03-10,471.36,475.16,469.59,470.38,,,,
2026-03-11,469.33,469.8,464.8,466.59,,,,
2026-03-12,464.95,475.26,464.76,469.98,,,,
2026-03-13,475.11,477.88,473.38,474.38,,,,
2026-03-16,479.23,479.23,474.24,477.1,,,,
2026-03-17,480.44,480.44,475.54,475.88,,,,
2026-03-18,474.98,476.11,472,472.1,,,,
2026-03-19,471.01,473.38,464.92,469.87,,,,
2026-03-20,469.83,471.08,448.73,450.54,,,,
2026-03-23,455.78,459.38,453.12,455.16,,,,
2026-03-24,453.68,462.89,453.41,458.51,,,,
2026-03-25,462.38,463.91,459.67,459.9,,,,
2026-03-26,459.61,462.32,457.9,460.95,,,,
2026-03-27,461.96,468.33,460.7,463.77,,,,
2026-03-30,470.09,470.95,465.16,466.83,,,,
2026-03-31,465.5,466.44,460.19,466.42,,,,
2026-04-01,465.02,470.41,464.71,468.52,,,,
2026-04-02,468.1,473.5,466.83,471.18,,,,
2026-04-06,469.18,472.55,468.85,469.19,,,,
2026-04-07,468.6,471.87,468.24,470.41,,,,
2026-04-08,470.03,475.3,467.45,475.21,,,,
2026-04-09,474.37,484.75,474.37,479.22,,,,
2026-04-10,478.57,482.32,476.3,477.11,,,,
2026-04-13,476.21,476.55,468.74,471.45,,,,
2026-04-14,471.1,473.13,466.66,472.29,,,,
2026-04-15,469.77,470.49,466.57,467.9,,,,
2026-04-16,466.99,471.24,465.91,471.01,,,,
2026-04-17,468.88,470.19,463.92,469.04,,,,
2026-04-20,468.2,470.9,463.94,464.77,,,,
2026-04-21,466.62,466.72,456.46,456.63,,,,
2026-04-22,461.17,463.4,454.42,455.88,,,,
2026-04-23,460.88,468.89,460.66,468.64,,,,
2026-04-24,468.92,470.6,465.15,469.39,,,,
2026-04-27,471.55,472.46,469.28,469.28,,,,
2026-04-28,472.24,472.24,468.06,469.91,,,,
2026-04-29,469.12,470.03,463.03,464.13,,,,
2026-04-30,466.87,476.38,466.61,475.96,,,,
2026-05-01,475.45,480.41,472.45,472.69,,,,
2026-05-04,470.28,475.84,468.44,471.08,,,,
2026-05-05,473.13,475.53,471,471.13,,,,
2026-05-06,469.68,470.25,463.68,464.32,,,,
2026-05-07,462.4,463.36,457.03,458.1,,,,
2026-05-08,460.28,461.58,453.68,453.94,,,,
2026-05-11,457.62,459.84,455.26,458.37,,,,
2026-05-12,457.28,460.49,454.72,458.83,,,,
2026-05-13,454.73,454.73,450.31,453.06,,,,
2026-05-14,453.59,455.61,452,455.56,,,,
2026-05-15,452.61,452.83,444.32,444.62,,,,
2026-05-18,446.76,447.41,440.84,444.84,,,,
2026-05-19,443.86,449.81,442.19,449.25,,,,
2026-05-20,452.69,454.3,449.88,451.03,,,,
2026-05-21,451.75,455.85,450.21,455.68,,,,
2026-05-22,455.9,460.1,454.93,459.31,,,,
2026-05-26,461.61,462,459.09,459.16,,,,
2026-05-27,457.1,459.35,455.36,456.94,,,,
2026-05-28,455.91,458.11,451.44,451.79,,,,
2026-05-29,451.85,452.39,447.9,449.71,,,,
2026-06-01,444.19,444.98,435.93,436.01,,,,
2026-06-02,437.22,444.95,437.22,444.44,,,,
2026-06-03,444.79,450.12,442.05,442.05,,,,
2026-06-04,443.28,446,438.54,444.74,,,,
2026-06-05,444.75,451.05,444.59,448.31,,,,
2026-06-08,447.56,447.98,439.46,439.68,,,,
2026-06-09,441.28,445.34,439.3,444.67,,,,
2026-06-10,446.35,446.53,442.5,444.64,,,,
2026-06-11,447.07,449.7,444.71,444.96,,,,
2026-06-12,446.81,450.63,446.81,449.95,,,,
2026-06-15,449.25,454.55,446.6,452.04,,,,
2026-06-16,452.26,459.44,452.26,455.14,,,,
2026-06-17,452.85,456.09,447.07,449.25,,,,
2026-06-18,450.71,457.95,449.87,452.2,,,,
2026-06-22,452.14,456.94,452.14,454.45,,,,
2026-06-23,454.31,459.31,452.02,458.21,,,,
2026-06-24,460.81,463.39,458.24,463.02,,,,
2026-06-25,464.73,469.12,462.28,465.94,,,,
2026-06-26,466.85,469.87,466.28,469.87,,,,
2026-06-29,469.35,470.5,465.11,467.66,,,,
2026-06-30,465.41,466.75,460.57,460.68,,,,
2026-07-01,460.08,460.31,453.61,454.67,,,,
2026-07-02,458.2,465.18,457.33,464.97,,,,
2026-07-03,458.2,465.18,457.33,464.97,,,,
2026-07-06,464.6,465.33,458.38,460.04,,,,
2026-07-07,462.93,470.45,462.93,464.24,,,,
2026-07-08,464.26,465.36,460.24,460.84,,,,
2026-07-09,462.75,463.57,457.55,458.32,,,,
2026-07-13,461.93,465.86,461.5,464.24,,,,
2026-07-14,467.11,470.04,462.73,464,,,,
2026-07-15,464.23,466.65,458.8,459.46,,,,
2026-07-16,459.13,463.31,458.38,462.05,,,,
2026-07-17,465.5,468.65,457.72,458.71,,,,
2026-07-20,461.07,463.59,455.25,456.28,,,,
2026-07-21,456.25,457.5,453.49,456.36,,,,
2026-07-22,460.17,467.1,459.51,466.8,,,,
2026-07-23,463.88,470.52,463.78,469.24,,,,
2026-07-24,471.64,473.48,468.29,470.08,,,,
2026-07-27,468.92,469.75,462.83,463.85,,,,
2026-07-28,465.37,471.45,462.16,462.16,,,,
2026-07-29,464.27,464.38,454.45,455.94,,,,
2026-07-30,458.34,459.34,450.65,453.54,,,,
2026-07-31,453.56,454.26,450.02,450.17,,,,
2026-08-03,449.83,453.46,446.2,450.5,,,,
2026-08-04,449.01,449.73,442.72,447.78,,,,
2026-08-05,447.52,447.77,439.56,443.28,,,,
2026-08-07,448.69,448.85,438.08,440.48,,,,
2026-08-10,440.88,441.59,436.93,437.69,,,,
2026-08-11,437.45,443.37,437.45,442.53,,,,
2026-08-12,443.76,445.73,442.78,444.89,,,,
2026-08-13,445.63,448.1,445.34,446.57,,,,
2026-08-14,446.08,450.08,446.02,449.01,,,,
2026-08-17,448.12,448.26,443.92,447.32,,,,
2026-08-18,451.24,452.16,445.1,445.61,,,,
2026-08-19,447.85,449.28,443.5,445.62,,,,
2026-08-20,444.37,447.96,442.93,443.06,,,,
2026-08-21,444.67,444.67,432.72,432.81,,,,
2026-08-24,433.64,437.8,432.49,437.31,,,,
2026-08-25,437.93,440.07,436.1,438.22,,,,
2026-08-27,438.21,442.33,438.21,440.27,,,,
2026-08-28,437.3,437.58,434.41,436.96,,,,
2026-09-01,424.76,428.57,423.24,426.86,,,,
2026-09-02,429.14,431.82,424.97,431.3,,,,
