Date,Open,High,Low,Close,Volume,TradingValue,UpLimit,LowLimit
2012-10-02,372.93,374.71,371.16,372.6,,,,
2012-10-03,373.09,375.23,371.98,373.77,,,,
2012-10-04,374.17,376.55,374.17,375.41,,,,
2012-10-05,375.82,377.55,375.69,376.75,,,,
2012-10-08,376.05,376.24,375.35,375.57,,,,
2012-10-09,375.49,375.83,372.13,372.21,,,,
2012-10-10,372.37,373.92,370.31,370.67,,,,
2012-10-11,371.01,372.25,369.48,369.48,,,,
2012-10-12,369.69,372.09,369.63,370.23,,,,
2012-10-15,370.5,372.62,369.86,372.29,,,,
2012-10-16,372.67,373.54,372.13,373.37,,,,
2012-10-17,373.64,375.56,373.64,374.21,,,,
2012-10-18,374.09,374.26,371.45,372.47,,,,
2012-10-19,372.4,372.45,367.32,367.83,,,,
2012-10-22,367.78,368.22,365.5,367.99,,,,
2012-10-23,366.99,366.99,362.03,363.1,,,,
2012-10-24,363.18,364.7,362.43,363.03,,,,
2012-10-25,364.67,366.62,363.89,365.2,,,,
2012-10-26,365.08,365.49,362.97,364.08,,,,
2012-10-31,364.59,366.99,363.18,364.96,,,,
2012-11-01,365.31,366.64,364.45,364.86,,,,
2012-11-02,365.69,366.37,362.42,362.68,,,,
2012-11-05,362.32,362.65,360.33,362.18,,,,
2012-11-06,362.34,365.65,362.32,364.56,,,,
2012-11-07,364.01,364.01,358.65,360.27,,,,
2012-11-08,359.63,361.18,356.43,356.44,,,,
2012-11-09,356.09,358.9,355.5,356.78,,,,
2012-11-12,356.65,357.38,355.92,356.43,,,,
2012-11-13,356.13,358.73,355.57,355.91,,,,
2012-11-14,356.04,356.72,351.57,352.39,,,,
2012-11-15,352.02,352.34,349.66,351.96,,,,
2012-11-16,351.95,354.63,350.95,354.12,,,,
2012-11-19,354.82,359.99,354.82,359.97,,,,
2012-11-20,360.03,360.13,359.05,359.76,,,,
2012-11-21,361.37,361.99,360.53,361.94,,,,
2012-11-23,362.25,367.24,362.25,367.24,,,,
2012-11-26,366.82,366.82,363.57,364.67,,,,
2012-11-27,364.73,366.46,363.98,364.15,,,,
2012-11-28,364.25,367.5,362.69,367.4,,,,
2012-11-29,367.67,369.65,367.07,368.94,,,,
2012-11-30,369.03,370.73,368.46,370.18,,,,
2012-12-03,370.42,370.9,368.71,368.9,,,,
2012-12-04,368.87,369.36,367.92,367.96,,,,
2012-12-05,368.09,369.94,366.61,368.21,,,,
2012-12-06,368.06,369.53,368.06,368.87,,,,
2012-12-07,369.2,371.23,369.2,371.2,,,,
2012-12-10,371.3,371.79,370.48,370.79,,,,
2012-12-11,371.15,373.81,370.53,371.15,,,,
2012-12-12,371.44,372.22,369.81,370.16,,,,
2012-12-13,370.23,371.46,368.84,369.39,,,,
2012-12-14,369.21,370.24,368.52,368.9,,,,
2012-12-17,368.9,370.49,368.55,369.58,,,,
2012-12-18,369.62,370.31,366.99,369.67,,,,
2012-12-19,369.77,369.77,365.83,365.83,,,,
2012-12-20,366.02,368.02,365.56,368.01,,,,
2012-12-21,367.56,367.56,362.25,364.31,,,,
2012-12-24,364.1,364.1,362.31,363.03,,,,
2012-12-26,362.97,363.17,359.34,360.04,,,,
2012-12-27,359.93,361.09,357.73,360.36,,,,
2012-12-28,359.85,360.16,356.69,356.83,,,,
2012-12-31,356.57,360.94,355.57,360.78,,,,
2013-01-02,361.94,370.29,361.94,370.28,,,,
2013-01-03,370.33,370.42,368.28,369.15,,,,
2013-01-04,369.26,370.74,368.89,370.35,,,,
2013-01-07,370.1,370.1,367,367.9,,,,
2013-01-08,367.69,367.69,366.38,367.03,,,,
2013-01-09,367.21,368.52,367.06,367.85,,,,
2013-01-10,368.05,370.24,368.05,370.24,,,,
2013-01-11,370.45,371.71,370.12,371.48,,,,
2013-01-14,371.59,373.12,371.45,372.76,,,,
2013-01-15,372.56,374.37,371.35,373.93,,,,
2013-01-16,373.79,373.79,372.31,373.31,,,,
2013-01-17,373.6,376.57,373.6,375.65,,,,
2013-01-18,375.61,377.09,374.7,377.07,,,,
2013-01-22,377.12,377.12,375.34,376.93,,,,
2013-01-23,376.92,376.92,375.92,376.82,,,,
2013-01-24,376.88,378.45,376.88,377.8,,,,
2013-01-25,377.98,379.97,377.98,379.71,,,,
2013-01-28,379.85,380.68,378.77,380.06,,,,
2013-01-29,379.9,382.74,379.56,382.27,,,,
2013-01-30,382.19,382.83,381.13,381.66,,,,
2013-01-31,381.59,382.36,380.97,381.12,,,,
2013-02-01,381.47,384.49,381.47,384.09,,,,
2013-02-04,383.75,383.75,380.3,380.63,,,,
2013-02-05,380.98,385.9,380.98,384.95,,,,
2013-02-06,384.56,385.49,383.54,385.49,,,,
2013-02-07,385.32,387.64,384.99,387.53,,,,
2013-02-08,387.63,388.94,386.7,387.35,,,,
2013-02-11,387.31,387.31,386.4,386.96,,,,
2013-02-12,386.9,386.95,385.98,386.41,,,,
2013-02-13,386.54,387.08,385.46,386.66,,,,
2013-02-14,385.69,388.68,385.58,387.22,,,,
2013-02-15,387.5,388.59,386.15,388.08,,,,
2013-02-19,388.38,392.12,388.38,392.12,,,,
2013-02-20,392.01,393.58,391.53,391.56,,,,
2013-02-21,391.78,393.35,390.17,392.64,,,,
2013-02-22,392.89,394.69,392.53,394.67,,,,
2013-02-25,394.94,396.88,389.4,389.41,,,,
2013-02-26,389.69,391.78,388.88,390.76,,,,
2013-02-27,390.49,394.12,389.02,393.14,,,,
2013-02-28,393.34,395.24,392.78,392.78,,,,
2013-03-01,392.22,394.37,391.11,394.01,,,,
2013-03-04,393.79,397.15,393.49,397.13,,,,
2013-03-05,397.82,399.13,397.58,398.41,,,,
2013-03-06,398.56,398.8,397.11,397.59,,,,
2013-03-07,397.81,398.23,397.14,397.49,,,,
2013-03-08,398.06,398.37,396.32,398.17,,,,
2013-03-11,398.19,398.99,397.98,398.46,,,,
2013-03-12,398.65,398.66,397.32,398,,,,
2013-03-13,397.97,398.52,396.83,398.22,,,,
2013-03-14,398.43,400.01,398.43,399.68,,,,
2013-03-15,399.51,399.51,397.16,397.73,,,,
2013-03-18,397.05,398.09,395.43,396.64,,,,
2013-03-19,396.97,399.9,396.97,399.58,,,,
2013-03-20,400.39,404.06,400.39,403.46,,,,
2013-03-21,403.08,404.14,401.89,402.34,,,,
2013-03-22,402.85,406.6,402.85,406.01,,,,
2013-03-25,406.27,407.93,404.61,405.61,,,,
2013-03-26,406.01,409.38,406.01,409.36,,,,
2013-03-27,408.33,408.59,406.65,408.42,,,,
2013-03-28,408.37,410.71,407.54,410.47,,,,
2013-04-01,410.33,410.67,409.06,410.4,,,,
2013-04-02,410.71,415.24,410.71,414.86,,,,
2013-04-03,414.95,415.29,409.35,410.24,,,,
2013-04-04,410.41,412.94,410.4,412.38,,,,
2013-04-05,411.69,411.69,407.95,409.59,,,,
2013-04-08,409.69,414.03,408.09,414.02,,,,
2013-04-09,414.11,415.24,412.36,413.66,,,,
2013-04-10,413.98,417.31,413.98,416.83,,,,
2013-04-11,417.18,420.16,417.18,418.65,,,,
2013-04-12,418.44,420.18,417.87,420.17,,,,
2013-04-15,419.69,420.16,413.8,413.86,,,,
2013-04-16,414.44,421.18,414.44,420.98,,,,
2013-04-17,420.24,420.24,416.25,417.42,,,,
2013-04-18,417.52,419.16,415.79,416.89,,,,
2013-04-19,416.95,423.87,416.95,423.37,,,,
2013-04-22,423.21,425.16,421.37,424.41,,,,
2013-04-23,425.08,427.79,422.81,427.79,,,,
2013-04-24,427.95,428.01,420.01,420.37,,,,
2013-04-25,420.85,422.86,420.42,421.66,,,,
2013-04-26,421.88,422.85,421.05,421.72,,,,
2013-04-29,421.97,423.63,421.65,423.09,,,,
2013-04-30,422.83,422.91,420.44,422.39,,,,
2013-05-01,422.19,424.87,421.15,421.73,,,,
2013-05-02,421.28,424.76,420.56,423.28,,,,
2013-05-03,424.61,426.53,423.92,425.16,,,,
2013-05-06,424.95,424.95,421.64,421.93,,,,
2013-05-07,421.96,425.37,421.96,425.35,,,,
2013-05-08,425.84,425.84,423.98,425.5,,,,
2013-05-09,425.28,426.04,421.6,422.52,,,,
2013-05-10,422.76,424.55,422.06,424.37,,,,
2013-05-13,424.16,426.39,423.21,425.04,,,,
2013-05-14,425.11,429.78,425.11,429.64,,,,
2013-05-15,429.48,434.67,429.16,434.1,,,,
2013-05-16,433.68,433.69,430.67,431.25,,,,
2013-05-17,431.38,432.09,428.84,431.84,,,,
2013-05-20,431.31,431.55,427.1,427.65,,,,
2013-05-21,427.83,428.92,424.97,427.65,,,,
2013-05-22,427.6,432.59,425.64,427.04,,,,
2013-05-23,426.38,426.72,422.72,425.3,,,,
2013-05-24,424.68,429.47,423.44,429.37,,,,
2013-05-28,430.18,434.24,428.73,429.77,,,,
2013-05-29,429.26,429.26,420.87,421.52,,,,
2013-05-30,421.77,423.39,419.75,419.87,,,,
2013-05-31,419.41,419.41,412.3,412.3,,,,
2013-06-03,412.28,416.93,408.6,416.79,,,,
2013-06-04,416.93,419.73,414.13,416.89,,,,
2013-06-05,416.35,416.37,411.84,411.95,,,,
2013-06-06,412.02,413.91,408.67,413.91,,,,
2013-06-07,414.52,420.15,414.52,419.01,,,,
2013-06-10,419.39,419.96,416.76,418.73,,,,
2013-06-11,418.39,420.18,415.01,417.45,,,,
2013-06-12,418.5,420.11,415.1,415.11,,,,
2013-06-13,415.03,419.76,413.36,418.94,,,,
2013-06-14,418.68,421.5,417.15,418.06,,,,
2013-06-17,418.78,423.39,418.78,421.44,,,,
2013-06-18,421.46,423.71,420.55,423.29,,,,
2013-06-19,423.22,424.1,414.86,414.88,,,,
2013-06-20,414.13,414.13,401.63,402.28,,,,
2013-06-21,402.7,409.62,402.64,407.98,,,,
2013-06-24,407.32,409.86,402.19,406.06,,,,
2013-06-25,406.76,407.79,404.35,406.34,,,,
2013-06-26,406.97,412.03,406.97,410.51,,,,
2013-06-27,411.14,416.05,411.14,412.24,,,,
2013-06-28,411.94,413.53,409.64,409.77,,,,
2013-07-01,410.18,415.63,410.18,412.79,,,,
2013-07-02,412.61,415.44,411.7,413.36,,,,
2013-07-03,412.87,413.06,409.48,412.32,,,,
2013-07-05,412.97,414.98,409.5,413.13,,,,
2013-07-08,413.63,417.61,413.63,417.15,,,,
2013-07-09,417.87,421.33,417.87,420.55,,,,
2013-07-10,420.76,422.75,419.99,421.1,,,,
2013-07-11,421.82,428.12,421.82,427.53,,,,
2013-07-12,427.28,428.13,426.14,428.03,,,,
2013-07-15,427.95,428.41,427.36,428.18,,,,
2013-07-16,427.98,427.98,424.85,426.73,,,,
2013-07-17,427.22,428.27,426.59,427.37,,,,
2013-07-18,427.47,430.11,426.44,428.78,,,,
2013-07-19,428.74,431.08,428.24,431.02,,,,
2013-07-22,431.31,431.55,429.64,430.35,,,,
2013-07-23,430.49,430.56,428.9,429.28,,,,
2013-07-24,429.6,429.7,425.83,426.58,,,,
2013-07-25,426.17,429.1,425.69,428.46,,,,
2013-07-26,427.3,428.33,422.94,428.26,,,,
2013-07-29,427.83,428.19,426.31,427.01,,,,
2013-07-30,427.64,429.62,426.13,426.45,,,,
2013-07-31,426.95,428.79,425.66,425.66,,,,
2013-08-01,426.21,430.47,426.21,430.01,,,,
2013-08-02,429.8,430.22,426.97,430.21,,,,
2013-08-05,429.82,430.97,429.05,430.53,,,,
2013-08-06,430.08,430.52,428.4,429.93,,,,
2013-08-07,429.53,429.53,426.85,427.68,,,,
2013-08-08,428.26,430.31,427.53,429.77,,,,
2013-08-09,429.46,429.46,426.83,427.89,,,,
2013-08-12,426.92,427.15,425.02,426.68,,,,
2013-08-13,426.91,427.71,424.88,426.8,,,,
2013-08-14,426.55,426.65,423.68,423.75,,,,
2013-08-15,422.45,422.45,416.64,417.06,,,,
2013-08-16,416.75,416.75,412.61,414.23,,,,
2013-08-19,414.03,414.13,412.41,412.56,,,,
2013-08-20,412.86,414.8,411.95,412.22,,,,
2013-08-21,412.03,412.77,408.82,409.11,,,,
2013-08-22,409.27,411.69,409.23,410.93,,,,
2013-08-23,411.13,413.77,411.13,413.41,,,,
2013-08-26,413.61,413.88,408.76,408.76,,,,
2013-08-27,407.86,407.86,405.29,406.26,,,,
2013-08-28,405.92,405.92,403.32,403.32,,,,
2013-08-29,402.92,406.79,402.16,405.12,,,,
2013-08-30,405.5,406.97,404.76,406.32,,,,
2013-09-03,406.96,409.53,405.35,406.25,,,,
2013-09-04,405.53,409.14,404.88,408.07,,,,
2013-09-05,408.13,409.08,407.08,407.68,,,,
2013-09-06,408.03,410.31,404.64,408.2,,,,
2013-09-09,408.36,411.33,408.36,411.33,,,,
2013-09-10,411.88,412.88,410.26,411.66,,,,
2013-09-11,411.8,414.78,411.4,414.76,,,,
2013-09-12,414.62,415.34,413.85,414.15,,,,
2013-09-13,414.53,417.78,414.53,417.52,,,,
2013-09-16,418.26,422.63,418.26,421.23,,,,
2013-09-17,421.32,423.18,421.21,422.59,,,,
2013-09-18,422.49,428.16,420.45,427.89,,,,
2013-09-19,427.93,427.95,424.96,425.89,,,,
2013-09-20,425.85,425.85,422.72,423.28,,,,
2013-09-23,423.1,423.1,420.28,421.12,,,,
2013-09-24,421.14,421.24,417.99,418.17,,,,
2013-09-25,418.18,419.08,414.48,415.05,,,,
2013-09-26,415.13,417.18,414.85,417.16,,,,
2013-09-27,416.37,416.37,412.82,414.6,,,,
2013-09-30,413.56,413.56,409.55,410.24,,,,
2013-10-01,410.1,412.76,409.62,412.61,,,,
2013-10-02,412.24,412.24,407.92,411.71,,,,
2013-10-03,411.4,411.4,408.49,409.83,,,,
2013-10-04,409.76,411.61,409.19,410.53,,,,
2013-10-07,409.81,410.71,407.71,408.57,,,,
2013-10-08,408.7,411.26,408.35,408.47,,,,
2013-10-09,408.62,411.06,407.73,408.89,,,,
2013-10-10,409.72,416.62,409.72,416.62,,,,
2013-10-11,416.45,417.7,415.27,417.7,,,,
2013-10-14,417.19,419.39,415.49,419.34,,,,
2013-10-15,418.95,419.14,415.27,415.76,,,,
2013-10-16,416.46,421.53,416.46,421.53,,,,
2013-10-17,421.11,426.03,420.46,425.8,,,,
2013-10-18,425.69,427.14,425.18,426.62,,,,
2013-10-21,426.42,426.42,424.03,425.45,,,,
2013-10-22,426.05,432.22,426.05,431.29,,,,
2013-10-23,430.94,432.67,429.82,431.83,,,,
2013-10-24,431.82,432.14,430.4,431.01,,,,
2013-10-25,431.15,432.25,429.67,432.23,,,,
2013-10-28,432.17,438.93,432.17,437.42,,,,
2013-10-29,437.56,441.32,437.41,441.29,,,,
2013-10-30,441.29,441.48,436.78,437.76,,,,
2013-10-31,437.39,438.05,435.11,435.38,,,,
2013-11-01,435.61,437.87,434.94,437.16,,,,
2013-11-04,437.6,439.19,436.13,437.61,,,,
2013-11-05,437.26,439.77,436.08,438.54,,,,
2013-11-06,438.67,443.44,438.67,443.36,,,,
2013-11-07,442.63,442.65,436.23,437.12,,,,
2013-11-08,436.86,438.74,433.77,438.69,,,,
2013-11-11,438.65,439.91,437.62,438.09,,,,
2013-11-12,437.87,438.92,436.5,438.53,,,,
2013-11-13,438.2,442.28,437.6,442.27,,,,
2013-11-14,442.56,445.68,442.32,445.14,,,,
2013-11-15,445.05,446.69,443.9,446.03,,,,
2013-11-18,446.19,446.19,443.63,444.47,,,,
2013-11-19,443.98,444.26,442.12,442.86,,,,
2013-11-20,442.95,444.34,439.69,440.79,,,,
2013-11-21,440.98,441.95,439.88,441.67,,,,
2013-11-22,441.46,444.07,440.79,443.99,,,,
2013-11-25,444.39,445.55,442.56,443.14,,,,
2013-11-26,443.31,444.36,441.8,442.07,,,,
2013-11-27,442.25,442.69,441.18,442.36,,,,
2013-11-29,442.48,444.16,441.14,441.58,,,,
2013-12-02,441.65,441.83,438.15,439.45,,,,
2013-12-03,439.41,441.46,438.92,441.41,,,,
2013-12-04,440.87,440.87,436.21,439.53,,,,
2013-12-05,438.75,438.75,435.21,435.63,,,,
2013-12-06,436.67,442.03,436.67,441.96,,,,
2013-12-09,442.42,444.31,442.26,442.84,,,,
2013-12-10,442.59,442.59,438.13,439.08,,,,
2013-12-11,439.03,442.01,439.03,439.96,,,,
2013-12-12,439.45,439.53,433.52,434.04,,,,
2013-12-13,434.41,434.85,431.95,432.96,,,,
2013-12-16,433.49,435.43,432.04,432.83,,,,
2013-12-17,432.72,432.95,429.95,430.84,,,,
2013-12-18,431.06,438.22,428.7,438.01,,,,
2013-12-19,437.72,437.72,434.69,437.22,,,,
2013-12-20,437.28,440.27,436.82,438.85,,,,
2013-12-23,439.43,439.75,436.75,437.93,,,,
2013-12-24,438.06,439.53,437.93,438.51,,,,
2013-12-26,438.57,440.54,438.57,440.43,,,,
2013-12-27,440.56,442.39,440.56,441.54,,,,
2013-12-30,441.65,442.9,441.47,442.83,,,,
2013-12-31,443.06,443.84,441.34,442.62,,,,
2014-01-02,442.18,442.18,436.83,437.82,,,,
2014-01-03,438.2,439.19,436.51,437.02,,,,
2014-01-06,437.47,438.33,434.25,435.14,,,,
2014-01-07,435.45,438.55,435.45,437.46,,,,
2014-01-08,437.5,437.5,433.21,434.35,,,,
2014-01-09,434.66,436.69,433.45,436.23,,,,
2014-01-10,436.39,438.17,435.3,436.99,,,,
2014-01-13,436.72,438.06,433.77,434.2,,,,
2014-01-14,434.54,436.88,434.54,436.58,,,,
2014-01-15,436.64,437.96,435.4,436.71,,,,
2014-01-16,436.33,437.22,434.44,436.74,,,,
2014-01-17,436.65,436.65,432.96,433.24,,,,
2014-01-21,433.23,435.68,432.01,434.72,,,,
2014-01-22,434.97,435.7,433.85,434.17,,,,
2014-01-23,433.67,433.67,429.04,430.1,,,,
2014-01-24,429.65,431.75,426.24,426.24,,,,
2014-01-27,426.32,427.29,424.37,425.06,,,,
2014-01-28,425.21,428.83,425.21,428.02,,,,
2014-01-29,427,427.07,419.52,420.24,,,,
2014-01-30,420.61,422.59,420.48,420.98,,,,
2014-01-31,419.56,421.69,415,419.15,,,,
2014-02-03,419.27,419.27,409.4,409.84,,,,
2014-02-04,410.04,412.7,410.02,412.1,,,,
2014-02-05,411.78,413.1,410.1,412.43,,,,
2014-02-06,413.25,417.1,413.25,416.86,,,,
2014-02-07,417.28,420.89,417.12,420.66,,,,
2014-02-10,420.67,422.47,419.75,422.47,,,,
2014-02-11,422.42,427.25,421.03,426.98,,,,
2014-02-12,427.01,427.6,423.86,424.91,,,,
2014-02-13,423.22,427.05,421.93,426.7,,,,
2014-02-14,426.37,430.16,424.76,429.19,,,,
2014-02-18,429.28,429.28,424.96,426.38,,,,
2014-02-20,425.19,428.59,424.34,427.22,,,,
2014-02-21,427.38,429.05,426.12,426.31,,,,
2014-02-24,426.68,430.62,426.68,427.87,,,,
2014-02-25,428.05,431.34,428.05,429.55,,,,
2014-02-26,429.74,431.48,428.16,428.71,,,,
2014-02-27,428.41,430.85,428.15,430.74,,,,
2014-02-28,430.65,435.59,430.65,433.77,,,,
2014-03-03,432.64,432.64,429.09,431.55,,,,
2014-03-04,432.21,438.15,432.21,437.58,,,,
2014-03-05,437.2,437.2,435.63,436.11,,,,
2014-03-06,435.89,436.8,435.5,435.93,,,,
2014-03-07,436.39,437.04,434.8,436.55,,,,
2014-03-10,436.34,437.16,435.48,437.12,,,,
2014-03-11,437.25,438.71,436.24,437.15,,,,
2014-03-12,436.3,437.43,435.03,437.4,,,,
2014-03-13,437.89,439.27,434.51,434.9,,,,
2014-03-14,434.69,437.05,434.32,434.89,,,,
2014-03-17,435.49,438.27,435.44,437.92,,,,
2014-03-18,438.02,439.32,437.24,438.67,,,,
2014-03-19,438.59,439.4,433.18,434.86,,,,
2014-03-20,434.59,437.28,433.24,436.74,,,,
2014-03-21,437.05,440.75,436.71,436.9,,,,
2014-03-24,437.18,439.08,435.84,436.47,,,,
2014-03-25,437.55,439.7,437.54,438.84,,,,
2014-03-26,439.26,441.46,438.46,438.46,,,,
2014-03-27,438.26,440.16,437.34,437.67,,,,
2014-03-28,438.04,440.1,438.04,439.31,,,,
2014-03-31,440.22,442.63,440.1,441.92,,,,
2014-04-01,441.72,442.78,440.36,441.67,,,,
2014-04-02,441.69,442.69,440.57,442.2,,,,
2014-04-03,442.28,443.15,441.34,442.51,,,,
2014-04-04,443.19,444.47,440.31,440.57,,,,
2014-04-07,440.38,443.53,440.38,441.79,,,,
2014-04-08,441.77,443.89,440.95,443.55,,,,
2014-04-09,443.69,445.57,443.39,445.54,,,,
2014-04-10,445.75,448.1,441.19,441.54,,,,
2014-04-11,441.16,442.91,438.68,439.21,,,,
2014-04-14,440.21,443.25,439.77,442.47,,,,
2014-04-15,442.96,444.29,441.22,443.88,,,,
2014-04-16,445.08,448.09,445.08,448.02,,,,
2014-04-17,448.21,448.55,445.65,448.37,,,,
2014-04-21,448.14,448.61,446.36,448.49,,,,
2014-04-22,448.55,448.97,447.55,447.91,,,,
2014-04-23,447.87,448.15,446.82,447.15,,,,
2014-04-24,447.42,449.21,446.12,448.53,,,,
2014-04-25,448.35,449.58,447.48,449.26,,,,
2014-04-28,449.72,455.55,449.72,454.57,,,,
2014-04-29,454.64,454.89,452.63,452.67,,,,
2014-04-30,452.3,453.91,451.93,453.85,,,,
2014-05-01,453.71,453.71,450.96,453.3,,,,
2014-05-02,453.14,454.02,452.08,453.11,,,,
2014-05-05,452.13,453.66,450.45,452.67,,,,
2014-05-06,452.18,452.18,449.71,449.72,,,,
2014-05-07,450.4,454.42,450.4,454.19,,,,
2014-05-08,454.24,456.38,453.36,454.69,,,,
2014-05-09,454.59,456.98,454.35,456.84,,,,
2014-05-12,457.35,458.82,456.46,457.15,,,,
2014-05-13,457.41,458.64,457.41,458.09,,,,
2014-05-14,457.9,457.9,455.01,455.47,,,,
2014-05-15,455.11,455.11,450.73,451.4,,,,
2014-05-16,451.47,454.29,451.41,454.22,,,,
2014-05-19,453.65,453.65,451.83,453.07,,,,
2014-05-20,452.66,452.98,450.76,451.23,,,,
2014-05-21,451.75,454.32,451.12,454.14,,,,
2014-05-22,453.9,453.93,452.16,453.36,,,,
2014-05-23,453.57,454.55,453.46,453.97,,,,
2014-05-27,454.32,455.44,453.82,455.24,,,,
2014-05-28,455.15,455.97,454.44,454.8,,,,
2014-05-29,455.32,458.75,455.32,458.48,,,,
2014-05-30,458.35,462.06,458.11,461.78,,,,
2014-06-02,461.41,461.41,460.08,460.6,,,,
2014-06-03,460.35,460.35,458.8,459.05,,,,
2014-06-04,458.83,460.67,458.29,460.46,,,,
2014-06-05,460.38,462.57,459.74,462.06,,,,
2014-06-06,462.26,463.26,462.14,463.23,,,,
2014-06-09,463.01,463.65,461.93,462.67,,,,
2014-06-10,462.29,463.16,461.54,462.9,,,,
2014-06-11,462.52,462.74,460.79,461.45,,,,
2014-06-12,460.85,460.85,456.63,457.51,,,,
2014-06-13,457.55,458.04,456.37,457.53,,,,
2014-06-16,456.94,459.53,455.96,459.08,,,,
2014-06-17,458.78,459.56,457.55,459.04,,,,
2014-06-18,458.75,464.56,458.41,464.49,,,,
2014-06-19,464.53,467.67,464.43,467.46,,,,
2014-06-20,467.6,467.72,465.62,465.82,,,,
2014-06-23,465.8,465.89,462.46,463.23,,,,
2014-06-24,462.95,462.95,460,460.96,,,,
2014-06-25,460.64,460.8,458.86,460.66,,,,
2014-06-26,460.61,460.61,456.98,458.87,,,,
2014-06-27,458.53,459.65,456.93,459.49,,,,
2014-06-30,459.37,461.94,458.01,459.33,,,,
2014-07-01,459.57,461.47,458.27,460.45,,,,
2014-07-02,460.38,462.19,460.38,461.48,,,,
2014-07-03,461.81,464.56,461.75,464.14,,,,
2014-07-07,463.73,465.03,463.15,464.5,,,,
2014-07-08,464.31,465.13,463.45,463.79,,,,
2014-07-09,464.1,466.04,464.1,465.51,,,,
2014-07-10,464.84,465.49,463.4,465.13,,,,
2014-07-11,465.42,465.99,463.59,465.51,,,,
2014-07-14,466.5,468.08,466.5,467.3,,,,
2014-07-15,466.99,466.99,462.96,463.51,,,,
2014-07-16,464.2,465.13,462.28,463.06,,,,
2014-07-17,462.1,463.72,459.75,459.91,,,,
2014-07-18,460.11,464.76,460.11,464.44,,,,
2014-07-21,463.54,463.54,460.96,462.43,,,,
2014-07-22,462.3,462.52,460.49,461.51,,,,
2014-07-23,461.6,462.99,460.78,460.99,,,,
2014-07-24,461.38,463.18,461.38,462.67,,,,
2014-07-25,462.14,462.27,459.64,460.63,,,,
2014-07-28,460.61,460.67,457.73,458.25,,,,
2014-07-29,458.58,459.78,455.84,455.85,,,,
2014-07-30,456.48,457.1,451.21,451.26,,,,
2014-07-31,449.4,449.45,443.51,443.51,,,,
2014-08-01,442.99,448.79,442.93,446.91,,,,
2014-08-04,446.89,449.28,445.94,448.7,,,,
2014-08-05,448.13,449.33,444.73,446.57,,,,
2014-08-06,446.36,451.31,446.36,450.43,,,,
2014-08-07,450.86,451.26,445.75,446.79,,,,
2014-08-08,447.23,451.43,446.75,451.2,,,,
2014-08-11,451.57,456.31,451.57,454.64,,,,
2014-08-12,453.99,454.75,452.94,454.01,,,,
2014-08-13,454.82,456.07,453.47,455.15,,,,
2014-08-14,455.32,457.08,455.32,457.06,,,,
2014-08-15,459.03,460.48,455.14,457.56,,,,
2014-08-18,458.55,460.74,458.55,460.24,,,,
2014-08-19,460.32,461.79,459.05,461.27,,,,
2014-08-20,460.93,461.62,459.79,461.24,,,,
2014-08-21,461.52,463.95,461.44,461.79,,,,
2014-08-22,462.13,463.1,460.72,460.97,,,,
2014-08-25,461.81,464.18,461.81,463.37,,,,
2014-08-26,463.47,464.44,462.91,463.05,,,,
2014-08-27,463.07,463.35,462.22,463.35,,,,
2014-08-28,462.64,463.4,461.54,463.26,,,,
2014-08-29,463.54,463.97,462.25,463.79,,,,
2014-09-02,463.91,465.85,462.37,463.57,,,,
2014-09-03,464.45,464.65,463.33,464.02,,,,
2014-09-04,464.47,466.47,463.98,465.03,,,,
2014-09-05,464.97,467.61,463.86,467.61,,,,
2014-09-08,467.04,467.16,464.09,464.63,,,,
2014-09-09,464.55,464.55,462.72,463.24,,,,
2014-09-10,463.55,465.87,463.24,465.25,,,,
2014-09-11,464.53,465.1,463.51,465.03,,,,
2014-09-12,464.61,464.61,460.8,461.97,,,,
2014-09-15,462.52,464.35,462.36,464.01,,,,
2014-09-16,463.69,468.74,463.33,467.47,,,,
2014-09-17,467.41,468.54,465.72,466.8,,,,
2014-09-18,467.23,468.04,466.5,467.8,,,,
2014-09-19,467.92,469.96,467.92,468.82,,,,
2014-09-22,468.36,469.2,467.41,468.1,,,,
2014-09-23,466.73,466.94,463.73,463.73,,,,
2014-09-24,463.85,469.62,463.85,469.38,,,,
2014-09-25,468.23,468.23,463.36,463.5,,,,
2014-09-26,463.34,465.98,461.73,465.18,,,,
2014-09-29,463.97,465.55,462.28,464.98,,,,
2014-09-30,464.76,466.21,463.72,465.07,,,,
2014-10-01,464.79,464.79,461.54,462.28,,,,
2014-10-02,462.35,464.16,461.06,462.89,,,,
2014-10-03,464.14,468.63,464.14,468.1,,,,
2014-10-06,468.66,469.09,465.71,468.42,,,,
2014-10-07,467.28,469.39,466.09,466.13,,,,
2014-10-08,466.53,472.82,466.03,472.73,,,,
2014-10-09,472.55,475.47,468.28,468.32,,,,
2014-10-10,468.61,475.31,468.61,470.65,,,,
2014-10-13,470.44,471.17,464.02,464.14,,,,
2014-10-14,464.82,465.95,462.75,463.82,,,,
2014-10-15,462.65,462.65,451.65,458.18,,,,
2014-10-16,457.3,457.3,450.54,454.85,,,,
2014-10-17,455.48,461.25,454.57,460.04,,,,
2014-10-20,459.98,467.06,459.36,466.66,,,,
2014-10-21,466.99,468.45,463.38,468.45,,,,
2014-10-22,468.78,472.14,468.3,469.05,,,,
2014-10-23,470.06,471.75,467.96,468.71,,,,
2014-10-24,470.27,472.94,469.82,472.55,,,,
2014-10-27,471.96,475.63,471.78,473.72,,,,
2014-10-28,474.8,475.58,473.57,475.58,,,,
2014-10-29,475.66,476.51,472.18,475.02,,,,
2014-10-30,473.93,478.87,472.26,477.65,,,,
2014-10-31,479.09,481.73,479.09,480.9,,,,
2014-11-03,480.96,482.75,480.13,482.61,,,,
2014-11-04,482.69,485.88,482.42,485.21,,,,
2014-11-05,486.49,490.78,486.27,488.78,,,,
2014-11-06,489.95,490.58,487.47,489.76,,,,
2014-11-07,489.56,491.08,486.91,491.08,,,,
2014-11-10,490.65,493.45,489.29,493.18,,,,
2014-11-11,493.03,493.75,491.46,492.3,,,,
2014-11-12,491.29,493.09,490.25,492.37,,,,
2014-11-13,492.69,496.65,492.24,494.67,,,,
2014-11-14,494.53,494.62,490.35,491.62,,,,
2014-11-17,491.32,494.65,491.32,494.65,,,,
2014-11-18,494.81,497.2,493.95,496.48,,,,
2014-11-19,496.48,498.97,495.74,498.66,,,,
2014-11-20,497.27,497.77,495.64,496.39,,,,
2014-11-21,497.54,500.87,497.41,498.6,,,,
2014-11-24,499.01,500.61,497.43,498.07,,,,
2014-11-25,498.09,499.78,497.39,498.76,,,,
2014-11-26,499.31,500.5,498.67,500.41,,,,
2014-11-28,501.33,507.94,501.33,506.5,,,,
2014-12-01,506.03,506.03,502.66,503.4,,,,
2014-12-02,503.57,505.77,503.29,505.24,,,,
2014-12-03,505.02,505.02,500.1,501.21,,,,
2014-12-04,501,501.62,498.35,500.74,,,,
2014-12-05,501.01,501.53,498.56,501.44,,,,
2014-12-08,500.94,503.06,499.22,500.29,,,,
2014-12-09,499.75,499.75,493.8,498.72,,,,
2014-12-10,498.81,499.99,493.45,493.77,,,,
2014-12-11,494.26,500.63,494.26,497.66,,,,
2014-12-12,496.7,499.71,491.38,491.4,,,,
2014-12-15,492.04,494.93,486.75,488.17,,,,
2014-12-16,487.88,495.9,485.95,486,,,,
2014-12-17,486.5,494.25,486.47,492.95,,,,
2014-12-18,493.79,502.92,493.79,502.92,,,,
2014-12-19,502.99,505.98,501.63,501.89,,,,
2014-12-22,502.22,505.89,502.22,505.81,,,,
2014-12-23,506.59,510.54,506.59,509.6,,,,
2014-12-24,510.68,511.4,508.72,508.72,,,,
2014-12-26,508.98,511.28,508.98,509.71,,,,
2014-12-29,508.92,508.92,505.99,507.87,,,,
2014-12-30,507.43,508.36,505.58,505.77,,,,
2014-12-31,506.28,506.34,499.28,499.58,,,,
2015-01-02,500,501.78,495.04,497.83,,,,
2015-01-05,497.52,498.27,493.4,494,,,,
2015-01-06,494.47,499.26,492.56,493.93,,,,
2015-01-07,494.5,502.97,494.5,502.55,,,,
2015-01-08,503.08,510.56,503.08,510.15,,,,
2015-01-09,510.18,510.23,505.94,506.05,,,,
2015-01-12,506.07,508.18,503.11,504.31,,,,
2015-01-13,504.58,510.44,501.35,504.24,,,,
2015-01-14,503.64,503.64,499.38,502.91,,,,
2015-01-15,503.66,506.58,501.76,503.66,,,,
2015-01-16,503.54,507.94,502.74,507.61,,,,
2015-01-20,507.86,511.68,505.47,509.43,,,,
2015-01-21,509.17,511.43,505.53,510.95,,,,
2015-01-22,511.31,516.61,509.08,516.45,,,,
2015-01-23,516.48,516.48,510.79,510.96,,,,
2015-01-26,510.99,511.49,508,510.87,,,,
2015-01-27,510.78,510.78,502.26,504.61,,,,
2015-01-28,505.25,507.94,498.42,498.82,,,,
2015-01-29,498.96,503.22,496.49,502.68,,,,
2015-01-30,502.19,502.19,492.84,493.24,,,,
2015-02-02,493.35,499.83,490.33,499.71,,,,
2015-02-03,500.03,504.07,499.76,503.96,,,,
2015-02-04,503.88,507.49,503.21,504.43,,,,
2015-02-05,504.55,506.71,504.16,506.57,,,,
2015-02-06,506.65,506.79,502.38,504.2,,,,
2015-02-09,503.75,503.78,499.15,500.71,,,,
2015-02-10,501.12,506.98,501.12,506.39,,,,
2015-02-11,506.88,510.44,505.71,509.29,,,,
2015-02-12,509.44,511.62,508.86,511.61,,,,
2015-02-13,511.26,511.26,507.93,509.04,,,,
2015-02-17,508.92,509.28,505.72,508.98,,,,
2015-02-18,508.81,511.37,507.88,511.32,,,,
2015-02-19,511.33,511.33,507.69,508.15,,,,
2015-02-20,508.17,509.82,504.62,509.59,,,,
2015-02-23,509.72,511.01,509.3,510.99,,,,
2015-02-24,510.93,513.17,509.7,512.57,,,,
2015-02-25,512.61,512.95,510.59,511.21,,,,
2015-02-26,511.2,512.11,510,511.67,,,,
2015-02-27,511.6,514.65,511.42,513.82,,,,
2015-03-02,513.93,514.93,512.98,514.76,,,,
2015-03-03,514.47,514.47,510.32,512.5,,,,
2015-03-04,512.5,512.5,507.26,508.51,,,,
2015-03-05,509.07,510.59,508.58,510.22,,,,
2015-03-06,509.87,509.87,498.93,500.41,,,,
2015-03-09,500.43,503.5,500.43,502.67,,,,
2015-03-10,502.07,502.07,495.18,495.18,,,,
2015-03-11,494.99,495.5,490.87,491.33,,,,
2015-03-12,492.02,497.86,492.02,497.78,,,,
2015-03-13,497.48,497.48,490.86,494.06,,,,
2015-03-16,494.41,500,494.41,499.99,,,,
2015-03-17,499.64,499.64,495.06,496.44,,,,
2015-03-18,496.11,501.56,489.23,499.51,,,,
2015-03-19,499.32,499.37,496.45,497.22,,,,
2015-03-20,497.4,503.55,497.4,503.22,,,,
2015-03-23,503.41,506.83,503.41,504.55,,,,
2015-03-24,504.71,506.63,501.19,501.2,,,,
2015-03-25,504.6,507.48,500.05,500.15,,,,
2015-03-26,499.57,500.56,496.73,498.22,,,,
2015-03-27,497.99,501.3,497.69,501.02,,,,
2015-03-30,501.14,506.09,500.36,505.74,,,,
2015-03-31,505.28,505.66,501.32,501.33,,,,
2015-04-01,501.35,501.6,496.79,501.59,,,,
2015-04-02,501.53,505.71,501.4,504.81,,,,
2015-04-06,504.71,510.99,503.17,508.92,,,,
2015-04-07,508.84,510.66,506.68,506.9,,,,
2015-04-08,506.82,508.43,504.93,507.17,,,,
2015-04-09,507.54,509.42,505.33,508.97,,,,
2015-04-10,508.82,511.12,508.2,509.58,,,,
2015-04-13,509.38,509.96,506.99,507.05,,,,
2015-04-14,506.69,509.17,505.19,508.18,,,,
2015-04-15,508.2,511.16,506.7,506.91,,,,
2015-04-16,506.47,510.72,506.21,508.75,,,,
2015-04-17,508.42,508.42,501.53,504.15,,,,
2015-04-20,504.21,508.98,504.21,506.17,,,,
2015-04-21,506.33,509.28,506.06,506.7,,,,
2015-04-22,506.68,507.67,504.41,507.25,,,,
2015-04-23,506.92,507.23,504.3,504.63,,,,
2015-04-24,504.66,506.05,504.18,504.47,,,,
2015-04-27,504.9,505.51,501.63,501.97,,,,
2015-04-28,501.92,502.81,499.79,502.15,,,,
2015-04-29,501.69,501.94,497.16,498.22,,,,
2015-04-30,497.98,498.7,494.73,496.49,,,,
2015-05-01,496.73,501.01,496.73,500.9,,,,
2015-05-04,501.07,503.09,500.95,501.66,,,,
2015-05-05,501.43,501.92,497.03,498,,,,
2015-05-06,498.28,500.15,496.02,499.05,,,,
2015-05-07,498.93,501.3,496.5,500.05,,,,
2015-05-08,500.14,506.44,500.14,504.63,,,,
2015-05-11,504.51,506.16,502.27,502.28,,,,
2015-05-12,501.29,502.98,498.7,501.5,,,,
2015-05-13,501.73,504.78,500.61,501.24,,,,
2015-05-14,501.99,509.05,501.99,508.91,,,,
2015-05-15,509.08,510.53,508.83,510.53,,,,
2015-05-18,510.15,510.15,508.09,509.13,,,,
2015-05-19,509.14,509.2,505.79,507.43,,,,
2015-05-20,507.34,508.55,506.19,506.23,,,,
2015-05-21,506.07,507.71,504.5,507.01,,,,
2015-05-22,506.96,506.96,504.51,504.66,,,,
2015-05-26,504.6,504.6,499.98,501.07,,,,
2015-05-27,501.2,504.75,501.2,503.91,,,,
2015-05-28,503.72,504.07,501.15,503.37,,,,
2015-05-29,503.21,503.21,499.16,500.09,,,,
2015-06-01,500.24,502,498.36,500.12,,,,
2015-06-02,499.68,499.87,496.4,498.57,,,,
2015-06-03,498.89,500.3,497.42,497.96,,,,
2015-06-04,497.74,498.22,493.34,493.79,,,,
2015-06-05,493.34,493.34,486.97,487.3,,,,
2015-06-08,487.24,488.56,485.79,486.86,,,,
2015-06-09,486.96,491,486.7,489.2,,,,
2015-06-10,489.46,495.16,489.46,493.97,,,,
2015-06-11,494.4,495.3,492.73,493.22,,,,
2015-06-12,493.04,493.04,489.64,491.26,,,,
2015-06-15,491.03,491.03,487.41,487.68,,,,
2015-06-16,487.82,493.13,487.82,492.81,,,,
2015-06-17,492.99,496.32,492.04,495.49,,,,
2015-06-18,496.5,503.01,496.5,500.93,,,,
2015-06-19,500.91,502.86,500.39,500.68,,,,
2015-06-22,500.87,504.33,500.87,502.14,,,,
2015-06-23,501.79,502.26,498.85,499.83,,,,
2015-06-24,499.79,500.23,497.65,497.66,,,,
2015-06-25,498,499.37,496.68,496.68,,,,
2015-06-26,497.03,499.2,496.6,497.52,,,,
2015-06-29,497.37,497.37,489.77,490.01,,,,
2015-06-30,490.63,492.33,488.93,489.27,,,,
2015-07-01,489.64,495.24,489.64,495.1,,,,
2015-07-02,495.32,497.43,493.57,494.86,,,,
2015-07-06,494.71,496.39,492.34,494.71,,,,
2015-07-07,494.89,505.18,494.53,504.59,,,,
2015-07-08,504.04,504.04,499.07,499.31,,,,
2015-07-09,499.85,505.86,499.5,499.56,,,,
2015-07-10,499.94,506.4,499.94,504.86,,,,
2015-07-13,504.86,510.29,504.86,509.87,,,,
2015-07-14,509.88,510.99,509.23,510.75,,,,
2015-07-15,510.57,510.9,508.52,509.09,,,,
2015-07-16,509.25,515.45,509.25,514.74,,,,
2015-07-17,514.76,514.76,511.49,514.33,,,,
2015-07-20,514.35,515.98,513.53,515.48,,,,
2015-07-21,515.47,515.52,512.66,513.73,,,,
2015-07-22,513.72,516.35,513.41,514.59,,,,
2015-07-23,514.63,514.75,511.79,512.38,,,,
2015-07-24,512.35,512.43,509.05,509.62,,,,
2015-07-27,509.56,509.95,506.2,509.27,,,,
2015-07-28,509.5,514.89,509.5,514.73,,,,
2015-07-29,514.82,517.54,514.31,516.46,,,,
2015-07-30,515.78,515.99,511.51,514.66,,,,
2015-07-31,514.93,516.67,514.87,515.2,,,,
2015-08-03,515.2,516.99,514.37,516.77,,,,
2015-08-04,516.67,517.26,513.84,516.57,,,,
2015-08-05,517.4,521.63,517.4,520.94,,,,
2015-08-06,522.15,522.68,516.55,517.2,,,,
2015-08-07,516.95,517.22,512.24,513.97,,,,
2015-08-10,514.72,517.8,514.72,516.25,,,,
2015-08-11,515.7,515.7,512.69,514.36,,,,
2015-08-12,513.45,514.74,507.58,514.64,,,,
2015-08-13,514.72,515.37,511.9,512.64,,,,
2015-08-14,512.62,514.16,511.28,514.14,,,,
2015-08-17,513.81,514.75,510.56,514.47,,,,
2015-08-18,514.29,514.29,511.39,511.88,,,,
2015-08-19,511.23,511.23,504.83,506.73,,,,
2015-08-20,505.82,506.94,502.32,502.47,,,,
2015-08-21,501.74,501.74,489.37,489.37,,,,
2015-08-24,488.93,488.93,455.26,472.95,,,,
2015-08-25,473.48,485.14,467.57,467.66,,,,
2015-08-26,468.62,482.41,468.5,481.89,,,,
2015-08-27,482.79,490.22,479.91,488.86,,,,
2015-08-28,488.52,488.52,484.65,487.8,,,,
2015-08-31,487.68,487.68,482.99,484.29,,,,
2015-09-01,483.78,483.78,471.56,474.03,,,,
2015-09-02,475.11,480.26,475.11,480.24,,,,
2015-09-03,480.65,486.55,480.65,483.56,,,,
2015-09-04,482.48,482.48,473.84,475.61,,,,
2015-09-08,476.72,485.81,476.72,485.71,,,,
2015-09-09,487.29,488.87,476.2,477.24,,,,
2015-09-10,476.83,481.43,475.27,478.31,,,,
2015-09-11,477.71,480.61,475.33,480.52,,,,
2015-09-14,480.65,480.65,477.28,478.85,,,,
2015-09-15,479.87,485.7,477.7,484.74,,,,
2015-09-16,484.86,490.82,484.86,490.23,,,,
2015-09-17,490.04,496.14,489.2,490.35,,,,
2015-09-18,489.79,490.03,483.64,484.45,,,,
2015-09-21,484.81,489.7,484.81,488.59,,,,
2015-09-22,487.6,487.6,480.71,483.09,,,,
2015-09-23,483.27,484.59,481.47,484.03,,,,
2015-09-24,482.96,485.48,480.13,484.52,,,,
2015-09-25,484.84,492.69,484.84,488.02,,,,
2015-09-28,487.89,487.89,479.5,480.2,,,,
2015-09-29,480.22,481.87,477.39,480.19,,,,
2015-09-30,480.92,486.14,480.92,484.91,,,,
2015-10-01,485.08,486.19,480.92,484.82,,,,
2015-10-02,484.14,491.13,479.32,491.13,,,,
2015-10-05,491.7,499.99,491.7,499.5,,,,
2015-10-06,499.35,499.98,496.3,496.66,,,,
2015-10-07,497.32,501.88,497.32,500.94,,,,
2015-10-08,500.71,506.97,499.4,506.74,,,,
2015-10-09,506.64,509.38,506.27,508.1,,,,
2015-10-12,507.99,510.3,507.56,509.29,,,,
2015-10-13,509.17,509.17,505.42,506,,,,
2015-10-14,505.84,507.14,499.37,500.27,,,,
2015-10-15,501.17,505.2,501.17,505.14,,,,
2015-10-16,505.49,510.28,505.49,510.15,,,,
2015-10-19,509.96,512.24,508.99,512.02,,,,
2015-10-20,511.76,512.68,511.04,511.7,,,,
2015-10-21,511.8,514.68,510.36,511.02,,,,
2015-10-22,511.46,522.3,511.46,521.22,,,,
2015-10-23,521.5,523.97,517.92,520.8,,,,
2015-10-26,520.9,521.81,519.07,520,,,,
2015-10-27,519.14,520.45,517.07,520.36,,,,
2015-10-28,520.29,520.34,512.27,517.9,,,,
2015-10-29,517.58,519.09,515.04,517.88,,,,
2015-10-30,517.81,517.81,512.23,512.23,,,,
2015-11-02,512.61,515.01,511.72,514.95,,,,
2015-11-03,514.51,514.51,508.95,512.17,,,,
2015-11-04,512.2,513.07,508.47,510.01,,,,
2015-11-05,509.6,510.94,507.35,509.98,,,,
2015-11-06,509.34,509.34,500.84,504.52,,,,
2015-11-09,503.73,503.73,498.38,500.96,,,,
2015-11-10,500.66,503.03,500.66,502.21,,,,
2015-11-11,502.82,504.71,501.49,501.68,,,,
2015-11-12,500.93,500.93,494.71,494.78,,,,
2015-11-13,494.54,495.45,490.11,490.63,,,,
2015-11-16,490.44,498.7,490.44,498.7,,,,
2015-11-17,498.88,502.55,496.96,498.19,,,,
2015-11-18,498.74,505.53,498.74,505.09,,,,
2015-11-19,505.68,509.05,505.68,506.68,,,,
2015-11-20,507.42,511.49,502.72,503.15,,,,
2015-11-23,503.53,508.21,503.53,507,,,,
2015-11-24,506.38,509.7,504.43,508.09,,,,
2015-11-25,508.08,510.77,508.08,509.41,,,,
2015-11-27,509.63,512.06,508.85,510.69,,,,
2015-11-30,510.84,511.76,505.59,505.71,,,,
2015-12-01,506.55,510.2,506.55,509.85,,,,
2015-12-02,509.25,509.98,505.98,506.55,,,,
2015-12-03,506.84,510.17,502.14,503.87,,,,
2015-12-04,504.62,515.63,504.62,515.31,,,,
2015-12-07,515.32,518.33,514.66,516.82,,,,
2015-12-08,515.48,516.36,512.31,515.23,,,,
2015-12-09,514.65,517.94,508.61,510.37,,,,
2015-12-10,510.51,513.98,509.15,510.6,,,,
2015-12-11,508.73,508.73,503.73,505.11,,,,
2015-12-14,505.39,510.42,503.11,509.85,,,,
2015-12-15,510.67,515.69,510.67,513.31,,,,
2015-12-16,514.41,524.44,514.41,523.49,,,,
2015-12-17,523.16,523.16,516.74,516.81,,,,
2015-12-18,516.65,516.65,507.54,507.57,,,,
2015-12-21,508.19,512.57,508.19,512.45,,,,
2015-12-22,512.95,519.54,512.1,518.73,,,,
2015-12-23,519.45,523.51,519.45,523.03,,,,
2015-12-24,522.59,523.8,522.01,522.25,,,,
2015-12-28,521.75,521.75,519.7,521.58,,,,
2015-12-29,522.15,526.54,522.15,526.08,,,,
2015-12-30,526.15,526.3,523.79,524.21,,,,
2015-12-31,522.84,522.84,517.98,518.42,,,,
2016-01-04,516.81,516.81,506.78,511.68,,,,
2016-01-05,511.87,516.4,511.8,515.27,,,,
2016-01-06,513.47,515.59,510.27,513.58,,,,
2016-01-07,512.22,512.25,505.2,507.05,,,,
2016-01-08,507.71,509.82,502.13,503.22,,,,
2016-01-11,503.62,509.61,503.14,508,,,,
2016-01-12,509,512.26,506.56,510.27,,,,
2016-01-13,510.28,510.91,500.79,501.4,,,,
2016-01-14,501.38,506.83,500.35,503.75,,,,
2016-01-15,502.7,502.7,491.67,495.72,,,,
2016-01-19,497.38,503.45,497.38,501.84,,,,
2016-01-20,501.22,501.22,485.84,494.55,,,,
2016-01-21,495,498.59,491.85,496.61,,,,
2016-01-22,497.81,505.98,497.81,504.68,,,,
2016-01-25,504.63,504.88,500.22,500.66,,,,
2016-01-26,500.82,508.54,500.82,505.22,,,,
2016-01-27,505.76,511,501.7,504.69,,,,
2016-01-28,505.64,511.58,505.53,509.92,,,,
2016-01-29,510.85,520.98,510.85,520.74,,,,
2016-02-01,519.99,523.78,517.46,521.91,,,,
2016-02-02,520.3,520.3,514.01,515.3,,,,
2016-02-03,516.1,517.92,509.24,514.34,,,,
2016-02-04,513.63,513.63,507.15,509.64,,,,
2016-02-05,509.73,511.61,506.23,508.98,,,,
2016-02-08,507.93,509.03,501.5,507.69,,,,
2016-02-09,506.54,513.61,504.06,510.79,,,,
2016-02-10,511.91,515.5,509.37,510.04,,,,
2016-02-11,508.26,508.26,501.04,505.88,,,,
2016-02-12,507.45,513.1,506.81,513.07,,,,
2016-02-16,513.4,517.57,513.12,516.74,,,,
2016-02-17,516.86,523.54,516.86,522.06,,,,
2016-02-18,521.81,521.89,517.19,519.91,,,,
2016-02-19,519.92,521.76,515.78,520.91,,,,
2016-02-22,521.9,524.79,521.84,523.2,,,,
2016-02-23,523.11,524.01,521.78,522.97,,,,
2016-02-24,522.14,525.22,518.01,524.52,,,,
2016-02-25,524.72,530.75,524.72,530.75,,,,
2016-02-26,530.58,531.3,521.83,523.1,,,,
2016-02-29,523.05,526.51,520.94,521.06,,,,
2016-03-01,522.33,526.85,522.33,526.46,,,,
2016-03-02,525.26,527.13,522.98,527.13,,,,
2016-03-03,526.8,529.94,523.42,529.85,,,,
2016-03-04,529.82,533.59,527.84,532.41,,,,
2016-03-07,531.77,531.89,528.26,529.13,,,,
2016-03-08,528.35,533.32,526.89,530.8,,,,
2016-03-09,531.21,535.03,531.21,534.64,,,,
2016-03-10,534.97,537.37,530.08,534.67,,,,
2016-03-11,535.72,536.49,533.58,535.75,,,,
2016-03-14,535.27,536.26,533.53,535.35,,,,
2016-03-15,534.61,537.12,533.35,536.37,,,,
2016-03-16,535.99,538.49,532.24,537.35,,,,
2016-03-17,536.7,542.31,536.7,541.07,,,,
2016-03-18,541.1,542.05,539.31,540.05,,,,
2016-03-21,539.41,542.28,537.76,540.45,,,,
2016-03-22,540.05,540.12,535.77,536.38,,,,
2016-03-23,536.43,538.7,535.35,536.56,,,,
2016-03-24,536.44,536.46,534.32,536.28,,,,
2016-03-28,536.3,539.98,536.3,538.59,,,,
2016-03-29,538.82,542.88,537.8,542.54,,,,
2016-03-30,542.89,546.42,542.89,545.36,,,,
2016-03-31,545.32,546.51,543.22,543.56,,,,
2016-04-01,542.99,550.81,541.5,550.37,,,,
2016-04-04,550.28,550.69,546.97,549.59,,,,
2016-04-05,549.13,549.13,544.98,545.91,,,,
2016-04-06,545.92,550.35,545.92,550.16,,,,
2016-04-07,549.74,549.74,542.77,544.75,,,,
2016-04-08,545.59,548.17,545.59,547.57,,,,
2016-04-11,547.66,549.95,543.35,543.67,,,,
2016-04-12,543.86,547.77,543.86,547.06,,,,
2016-04-13,547.88,548.41,540.52,542.91,,,,
2016-04-14,543.19,543.51,539.6,540.16,,,,
2016-04-15,540.42,543.41,539.31,543.27,,,,
2016-04-18,542.85,545.84,542.11,545.15,,,,
2016-04-19,545.54,546.51,543.57,545.97,,,,
2016-04-20,545.67,545.67,538.28,538.48,,,,
2016-04-21,538.23,538.23,529.61,529.61,,,,
2016-04-22,529.9,531.91,527.73,531.71,,,,
2016-04-25,531.39,535.55,529.62,535.52,,,,
2016-04-26,536.17,537.4,532.64,533.84,,,,
2016-04-27,535.19,537.71,531.78,536.19,,,,
2016-04-28,535.79,539.6,535.06,536.3,,,,
2016-04-29,535.68,536.42,532.26,535.63,,,,
2016-05-02,535.87,541.86,535.87,541.15,,,,
2016-05-03,541.04,542.51,539.05,540.52,,,,
2016-05-04,539.74,543.11,537.57,542.06,,,,
2016-05-05,541.96,545.34,540.63,542.44,,,,
2016-05-06,541.71,545,539.95,544.94,,,,
2016-05-09,545.25,549.39,545.25,548.01,,,,
2016-05-10,548.32,553.35,548.32,553.32,,,,
2016-05-11,553.27,553.27,548.59,548.75,,,,
2016-05-12,549.22,552.76,549.22,551.73,,,,
2016-05-13,551.59,551.59,543.53,544.92,,,,
2016-05-16,544.8,548.83,542.85,547.65,,,,
2016-05-17,546.77,546.77,535.76,537.37,,,,
2016-05-18,536.08,536.08,528.95,531.77,,,,
2016-05-19,531.2,536.25,530.22,535.97,,,,
2016-05-20,535.96,537.2,532.83,533.6,,,,
2016-05-23,533.68,535.22,533.26,533.65,,,,
2016-05-24,534.22,539.37,534.22,538.42,,,,
2016-05-25,538.49,541.27,538.1,539.31,,,,
2016-05-26,539.47,542.36,539.47,541.1,,,,
2016-05-27,541.3,542.64,540.22,541.75,,,,
2016-05-31,542.18,543.52,537.17,539.07,,,,
2016-06-01,538.87,543.06,538.87,543.06,,,,
2016-06-02,542.71,543.95,540.62,543.95,,,,
2016-06-03,543.97,547.64,543.65,547.32,,,,
2016-06-06,547.64,549.44,545.52,547.47,,,,
2016-06-07,547.82,549.6,546.62,547.21,,,,
2016-06-08,546.71,550.76,546.26,550.31,,,,
2016-06-09,549.79,552.97,549.66,552.34,,,,
2016-06-10,551.17,553.84,549.77,552.86,,,,
2016-06-13,552.69,553.14,547.85,548.02,,,,
2016-06-14,547.42,549.95,544.26,549.53,,,,
2016-06-15,549.82,551.18,547.51,547.92,,,,
2016-06-16,547.52,551.43,545.79,551.27,,,,
2016-06-17,551.26,551.37,545.33,548.77,,,,
2016-06-20,549.67,554.17,549.67,549.99,,,,
2016-06-21,550.81,553.14,550.81,551.65,,,,
2016-06-22,551.96,553.89,551.34,551.62,,,,
2016-06-23,552.24,555.28,552.24,555.28,,,,
2016-06-24,553.61,553.61,542.97,544.56,,,,
2016-06-27,543.24,544.43,539.86,543.28,,,,
2016-06-28,544.48,546.49,541.63,546.49,,,,
2016-06-29,547.29,552.96,547.29,552.8,,,,
2016-06-30,553.26,565.02,553.26,564.99,,,,
2016-07-01,565.1,566.16,562.78,563.26,,,,
2016-07-05,563.16,569.3,562.68,566.13,,,,
2016-07-06,565.77,567.08,562.82,566.11,,,,
2016-07-07,566.2,568.92,564.15,565.48,,,,
2016-07-08,565.79,571.32,565.61,571.15,,,,
2016-07-11,571.01,572.79,568.16,571.45,,,,
2016-07-12,571.37,571.37,568.05,568.34,,,,
2016-07-13,568.46,571.94,567.92,571.26,,,,
2016-07-14,571.45,574.63,570.75,571.69,,,,
2016-07-15,571.84,573.9,570.17,571.61,,,,
2016-07-18,571.66,571.71,569.74,570.7,,,,
2016-07-19,570.17,570.17,567.2,569.76,,,,
2016-07-20,570.58,570.65,566.98,567.47,,,,
2016-07-21,567.22,567.22,563.5,565.72,,,,
2016-07-22,566.16,568.51,566.16,568.3,,,,
2016-07-25,568.25,568.25,565.12,567.51,,,,
2016-07-26,567.68,568.54,562.82,563.08,,,,
2016-07-27,562.94,562.94,553.5,554.93,,,,
2016-07-28,555.24,558.3,553.25,557.56,,,,
2016-07-29,557.51,560.89,557.05,560.03,,,,
2016-08-01,559.81,561.8,558.13,560.71,,,,
2016-08-02,560.68,562.18,557.74,560.1,,,,
2016-08-03,560.42,560.42,555.38,557.2,,,,
2016-08-04,557.67,560.14,556.44,558.11,,,,
2016-08-05,559,561.92,558.01,559.42,,,,
2016-08-08,559.07,559.51,556.72,558.54,,,,
2016-08-09,559.07,562.01,558.51,559.89,,,,
2016-08-10,560.63,562.89,560.63,561.97,,,,
2016-08-11,563.09,564.55,561.62,561.62,,,,
2016-08-12,561.97,564.15,561.97,563.36,,,,
2016-08-15,563.35,564.01,562.36,562.49,,,,
2016-08-16,560.72,561.29,559.69,559.86,,,,
2016-08-17,559.68,561.98,557.54,561.72,,,,
2016-08-18,561.65,563.64,561.57,563.31,,,,
2016-08-19,562.81,562.97,560.53,561.86,,,,
2016-08-22,562.05,562.9,560.56,562.22,,,,
2016-08-23,562.93,563.76,561.13,561.21,,,,
2016-08-24,560.47,560.69,558.2,560.31,,,,
2016-08-25,560.03,560.45,557.21,557.95,,,,
2016-08-26,559.04,560.93,554.03,555.33,,,,
2016-08-29,555.68,558.54,555.68,558.38,,,,
2016-08-30,558.71,558.71,554.59,555.57,,,,
2016-08-31,555.47,556.48,553.92,556.26,,,,
2016-09-01,555.93,556.72,553.22,556.55,,,,
2016-09-02,558.65,561.74,558.61,560.25,,,,
2016-09-06,560.51,561.73,557.87,561.7,,,,
2016-09-07,560.66,560.75,555.62,556.58,,,,
2016-09-08,555.94,556.12,552.75,554.03,,,,
2016-09-09,550.95,550.95,538.55,538.55,,,,
2016-09-12,539.3,549.55,539.3,548.76,,,,
2016-09-13,546.78,546.78,540.19,541.17,,,,
2016-09-14,541.49,543.52,538.32,539.58,,,,
2016-09-15,538.76,544.57,538.14,543.93,,,,
2016-09-16,543.28,543.28,539.26,542.31,,,,
2016-09-19,542.7,544.37,541.37,541.52,,,,
2016-09-20,542.98,544.8,542.8,542.82,,,,
2016-09-21,543,546.96,540.22,545.85,,,,
2016-09-22,547.97,551.51,547.75,550.72,,,,
2016-09-23,550.49,550.86,547.94,547.94,,,,
2016-09-26,546.44,546.54,542.6,542.85,,,,
2016-09-27,543.89,546.82,542.97,545.51,,,,
2016-09-28,545.87,547.38,543.75,546.13,,,,
2016-09-29,545.49,546.33,540.76,541.27,,,,
2016-09-30,543.64,548.31,543.64,546.54,,,,
2016-10-03,545.75,545.75,541.96,543.26,,,,
2016-10-04,543.32,543.53,537.35,538.37,,,,
2016-10-05,538.83,539.49,536.23,537.41,,,,
2016-10-06,536.55,539.57,534.55,538.04,,,,
2016-10-07,539.39,539.55,533.37,537.03,,,,
2016-10-10,538.7,539.84,535.89,537.12,,,,
2016-10-11,536.73,536.79,532.29,534.02,,,,
2016-10-12,534.41,538.29,534.07,536.72,,,,
2016-10-13,535.41,538.56,533.3,536.79,,,,
2016-10-14,537.48,539.73,536.49,537.26,,,,
2016-10-17,537.73,538.25,534.79,535.02,,,,
2016-10-18,537.97,538.91,536.57,536.62,,,,
2016-10-19,536.5,536.5,532.23,533.05,,,,
2016-10-20,533.17,534.2,531.09,532.24,,,,
2016-10-21,531.52,535.73,531.34,534.92,,,,
2016-10-24,536.56,540.13,536.56,538.76,,,,
2016-10-25,538.83,542.05,538.83,540.35,,,,
2016-10-26,540.98,542.25,539.49,540.34,,,,
2016-10-27,541.14,542.05,537.05,537.61,,,,
2016-10-28,537.57,541.77,537.41,540.13,,,,
2016-10-31,540.45,542.6,540,541.27,,,,
2016-11-01,541.44,542.17,537.29,538.71,,,,
2016-11-02,538.07,540.56,537.77,537.77,,,,
2016-11-03,538.98,538.98,533.55,534.3,,,,
2016-11-04,532.74,533.86,528.95,529.04,,,,
2016-11-07,532.49,538.29,532.49,538.27,,,,
2016-11-08,537.9,541.99,533.66,540.71,,,,
2016-11-09,534.75,534.76,526.87,533.54,,,,
2016-11-10,531.59,531.59,517.54,518.63,,,,
2016-11-11,518.42,519.66,514.91,517.8,,,,
2016-11-14,517.23,518.18,514.53,516.4,,,,
2016-11-15,517.11,520.27,516.52,519.99,,,,
2016-11-16,519.97,521.83,518.98,519.93,,,,
2016-11-17,518.45,519.88,516.61,519.06,,,,
2016-11-18,518.43,519.17,516.35,517.06,,,,
2016-11-21,517.29,520.84,515.99,520.77,,,,
2016-11-22,521.78,524.27,521.66,523.42,,,,
2016-11-23,522.38,522.84,519.69,520.37,,,,
2016-11-25,521.75,524.51,521.75,524.48,,,,
2016-11-28,523.95,526.51,523.1,525.33,,,,
2016-11-29,525.4,526.15,524,525.46,,,,
2016-11-30,524.02,524.31,516.8,516.81,,,,
2016-12-01,515.36,515.68,511,513.32,,,,
2016-12-02,514.35,517.32,514.35,516.93,,,,
2016-12-05,517,518.3,516.16,517.32,,,,
2016-12-06,517.72,519.12,517.25,519.01,,,,
2016-12-07,518.81,526.86,518.74,526.68,,,,
2016-12-08,525.11,526.58,523.42,524.31,,,,
2016-12-09,525.53,531.78,525.42,531.43,,,,
2016-12-12,531.18,534.48,531.18,534.06,,,,
2016-12-13,533.75,537.73,533.75,536.35,,,,
2016-12-14,537.62,538.48,529.32,530.77,,,,
2016-12-15,530.81,534.64,529.19,533.35,,,,
2016-12-16,534.16,536.15,533.6,536.06,,,,
2016-12-19,536.46,537.76,535.18,536.86,,,,
2016-12-20,535.57,535.57,532.65,535.23,,,,
2016-12-21,534.91,537.63,534.8,535.24,,,,
2016-12-22,534.26,534.83,533.43,534.56,,,,
2016-12-23,534.66,535.64,534.1,535.33,,,,
2016-12-27,535.3,536.24,534.97,535.43,,,,
2016-12-28,534.9,534.91,532.01,532.16,,,,
2016-12-29,532.11,534.77,532.11,534.27,,,,
2016-12-30,534.65,534.94,530.61,531.79,,,,
2017-01-03,533.33,533.71,530.62,533.32,,,,
2017-01-04,534.23,536.04,533.38,533.68,,,,
2017-01-05,532.68,536.08,531.73,535.04,,,,
2017-01-06,534.41,536.11,532.4,535.28,,,,
2017-01-09,532.91,533.3,530.89,531.6,,,,
2017-01-10,531.44,531.44,527.82,528.41,,,,
2017-01-11,527.88,530.4,527.86,529.69,,,,
2017-01-12,529.31,530.23,528.49,529.36,,,,
2017-01-13,529.76,530.39,527.88,529.18,,,,
2017-01-17,530.02,536.64,530.02,536.31,,,,
2017-01-18,536.79,537.98,535.74,537.75,,,,
2017-01-19,536.93,537.17,534.77,535.76,,,,
2017-01-20,538.83,541.09,536.61,539.42,,,,
2017-01-23,538.55,539.41,537.53,538.78,,,,
2017-01-24,539.69,543.39,539.59,542.87,,,,
2017-01-25,543.8,544.88,542.8,542.96,,,,
2017-01-26,542.75,543.22,540.56,540.72,,,,
2017-01-27,540.47,540.52,536.16,537.31,,,,
2017-01-30,536.26,537.91,535.84,537.64,,,,
2017-01-31,537.44,539.55,537.05,539.51,,,,
2017-02-01,537.84,538.68,535.44,536.44,,,,
2017-02-02,539.96,542.46,539.07,540.69,,,,
2017-02-03,542.64,545.56,541.71,543.55,,,,
2017-02-06,543.47,543.47,541.19,541.25,,,,
2017-02-07,542.55,546.43,542.23,545.71,,,,
2017-02-08,545.23,548.6,545.23,547.9,,,,
2017-02-09,547.02,550.52,545.88,550,,,,
2017-02-10,549.31,550.77,548.12,549.65,,,,
2017-02-13,550.94,550.94,548.51,549.92,,,,
2017-02-14,549.08,551.03,546.75,550.41,,,,
2017-02-15,550.35,555.42,550.23,554.94,,,,
2017-02-16,554.63,555.85,551.89,555.33,,,,
2017-02-17,554.6,559.18,554.27,559.01,,,,
2017-02-21,559.94,565.26,559.94,564.63,,,,
2017-02-22,564.4,564.63,562.58,563.91,,,,
2017-02-23,564.9,567.6,564.15,565.3,,,,
2017-02-24,564.94,567.63,564.46,567.63,,,,
2017-02-27,565.77,565.77,563.59,564.51,,,,
2017-02-28,563.49,566.76,563.31,565.79,,,,
2017-03-01,566.55,569.13,564.81,567.94,,,,
2017-03-02,567.73,568.98,566.32,567.84,,,,
2017-03-03,566.37,566.37,563.35,565.64,,,,
2017-03-06,563.12,564.1,562.46,563.18,,,,
2017-03-07,562.09,563.8,561.95,562.56,,,,
2017-03-08,561.12,562.01,560.48,560.95,,,,
2017-03-09,561.56,562.85,560.92,562.17,,,,
2017-03-10,564.52,565.1,563.02,564.66,,,,
2017-03-13,563.3,564.79,562.47,563.9,,,,
2017-03-14,563.32,564.71,562.21,562.96,,,,
2017-03-15,563.61,568.38,563.41,567.19,,,,
2017-03-16,566.9,567.61,565.75,567.46,,,,
2017-03-17,568.42,569.99,566.28,566.53,,,,
2017-03-20,566.85,567.91,566.3,567.19,,,,
2017-03-21,567.27,568.65,565.83,566.17,,,,
2017-03-22,567.66,568.27,564.16,565.38,,,,
2017-03-23,564.21,566.69,563.21,563.96,,,,
2017-03-24,563.49,563.64,561.05,562.48,,,,
2017-03-27,560.98,562.98,560.64,562.2,,,,
2017-03-28,560.93,564.98,560.72,563.76,,,,
2017-03-29,563.06,565.09,562.54,564.48,,,,
2017-03-30,563.83,564.89,562.89,563.1,,,,
2017-03-31,562.33,563.91,561.77,561.79,,,,
2017-04-03,562.28,563.12,559.82,560.92,,,,
2017-04-04,561.4,562.44,560.14,562.38,,,,
2017-04-05,562.6,564.92,560.68,561.48,,,,
2017-04-06,562.25,563.14,560.49,561.03,,,,
2017-04-07,561.68,563.93,561.38,562.47,,,,
2017-04-10,562.75,564.96,561.68,563.96,,,,
2017-04-11,563.78,564.72,562.39,564.26,,,,
2017-04-12,563.9,567.06,563.77,566.81,,,,
2017-04-13,566.26,566.6,563.79,563.79,,,,
2017-04-17,564.46,567.84,564.46,567.83,,,,
2017-04-18,567.32,572.2,567.32,570.72,,,,
2017-04-19,570.54,571.05,566.84,567.44,,,,
2017-04-20,565.41,567.3,564.64,566.03,,,,
2017-04-21,565.78,566.51,564.48,564.69,,,,
2017-04-24,567.89,570.94,567.46,570.14,,,,
2017-04-25,570.52,573.02,570.04,572.03,,,,
2017-04-26,571.76,571.76,567.28,567.39,,,,
2017-04-27,567.64,568.64,565.88,566.56,,,,
2017-04-28,565.63,566.76,563.69,566.54,,,,
2017-05-01,566.67,567.07,563.65,563.65,,,,
2017-05-02,563.98,564.3,560.18,560.55,,,,
2017-05-03,560.91,562.06,559.47,561.29,,,,
2017-05-04,562.17,568.26,562.17,565.65,,,,
2017-05-05,566.97,567.34,565.05,567.04,,,,
2017-05-08,567.1,567.3,565.56,566.86,,,,
2017-05-09,567.4,567.61,563.81,564.62,,,,
2017-05-10,564.3,565.39,563.96,564.89,,,,
2017-05-11,563.86,565.51,563.06,565.39,,,,
2017-05-12,564.77,565.19,563.69,564.06,,,,
2017-05-15,564.2,566.51,564.16,566.26,,,,
2017-05-16,567.85,568.31,564.83,565.22,,,,
2017-05-17,563.96,566.28,563.09,564.25,,,,
2017-05-18,564.71,566.07,562.86,564.62,,,,
2017-05-19,565.2,568.81,564.42,567.65,,,,
2017-05-22,567.98,571.75,567.81,571.16,,,,
2017-05-23,571.47,574.27,571.41,571.57,,,,
2017-05-24,572.62,574.56,571.5,574.33,,,,
2017-05-25,575.3,579.54,575.01,578.37,,,,
2017-05-26,578.73,580.36,578.47,580.26,,,,
2017-05-30,579,580.56,578.09,580.17,,,,
2017-05-31,580.73,583.05,580.56,581.55,,,,
2017-06-01,581.97,585.77,579.96,585.77,,,,
2017-06-02,586.55,587.79,584.61,587.79,,,,
2017-06-05,587.01,588.43,585.17,588.35,,,,
2017-06-06,587.81,588.17,585.6,586.78,,,,
2017-06-07,586.17,587.08,585.23,586.34,,,,
2017-06-08,585.84,585.96,580.16,581.73,,,,
2017-06-09,581.35,582.19,579.71,581.46,,,,
2017-06-12,581.54,583.67,579.8,581.14,,,,
2017-06-13,579.75,581.68,578.04,581.34,,,,
2017-06-14,583.23,586.23,582.93,584.83,,,,
2017-06-15,582.18,584.76,580.22,583.84,,,,
2017-06-16,578.38,578.95,572.99,578.04,,,,
2017-06-19,578.8,580.91,575.75,580.91,,,,
2017-06-20,580.87,581.72,578.68,578.73,,,,
2017-06-21,578.44,579.45,576.08,576.46,,,,
2017-06-22,575.71,575.71,572.54,572.66,,,,
2017-06-23,572.92,574.65,572.46,572.93,,,,
2017-06-26,574.32,577.18,574.32,575.19,,,,
2017-06-27,574.62,574.8,570.08,570.08,,,,
2017-06-28,572.77,574.6,572.07,572.35,,,,
2017-06-29,572.68,572.85,563.8,565.63,,,,
2017-06-30,567.33,568.84,566.8,566.83,,,,
2017-07-03,568.23,569.36,566.13,566.18,,,,
2017-07-05,566.33,567.32,565.26,565.78,,,,
2017-07-06,565.09,565.61,562.65,562.7,,,,
2017-07-07,563.5,564.14,560.89,562.39,,,,
2017-07-10,562.51,562.98,557.85,558.52,,,,
2017-07-11,558.67,558.89,555.5,556.86,,,,
2017-07-12,559.19,561.92,559.19,559.94,,,,
2017-07-13,561.03,561.15,559.43,559.98,,,,
2017-07-14,561.67,564.95,561.67,564.15,,,,
2017-07-17,564.3,565.3,563.14,564.54,,,,
2017-07-18,564.26,565.63,563.63,564.67,,,,
2017-07-19,564.83,566.4,563.37,566.4,,,,
2017-07-20,565.37,568.05,564.73,565.98,,,,
2017-07-21,565.17,567.53,563.79,567.44,,,,
2017-07-24,566.91,567.33,565.18,565.36,,,,
2017-07-25,567.63,569.64,566.9,569.5,,,,
2017-07-26,569.14,570.63,567.51,569.7,,,,
2017-07-27,570.01,574.81,569.31,574.78,,,,
2017-07-28,574.49,575.37,560.99,569.53,,,,
2017-07-31,568.92,570.38,567.74,569.04,,,,
2017-08-01,570.01,571.21,568.12,568.49,,,,
2017-08-02,568.07,568.86,565.33,568.08,,,,
2017-08-03,569.27,570.8,566.86,567.21,,,,
2017-08-04,568.36,569.01,565.29,566.14,,,,
2017-08-07,566.32,570.49,566.27,570.24,,,,
2017-08-08,569.43,570.24,567.79,568.1,,,,
2017-08-09,567.37,569,566.68,568.89,,,,
2017-08-10,566.98,568.88,566.15,566.21,,,,
2017-08-11,567.03,568.89,565.97,566.56,,,,
2017-08-14,567.97,570.68,567.79,569.63,,,,
2017-08-15,570.2,573.24,569.82,572.23,,,,
2017-08-16,572.74,574.92,572.48,574.03,,,,
2017-08-17,572.38,574.68,568.78,568.87,,,,
2017-08-18,568.61,569.04,566.32,566.82,,,,
2017-08-21,566.69,570.19,566.5,569.29,,,,
2017-08-22,569.56,570.97,568.44,569.5,,,,
2017-08-23,568.89,569.19,566.91,567.56,,,,
2017-08-24,567.71,567.71,559.35,559.93,,,,
2017-08-25,561.74,563.84,561.27,561.3,,,,
2017-08-28,561.64,561.83,558.36,560.17,,,,
2017-08-29,559.21,562.45,558.85,561.7,,,,
2017-08-30,560.59,562.41,560.39,561.53,,,,
2017-08-31,561.65,562.6,560.91,561.81,,,,
2017-09-01,562.68,564.24,562.01,564.14,,,,
2017-09-05,563.3,565.29,562.01,565.22,,,,
2017-09-06,565.86,567.7,564.44,567.17,,,,
2017-09-07,567.56,568.8,566.25,568.3,,,,
2017-09-08,567.07,567.07,562.84,564.63,,,,
2017-09-11,566.17,569.09,565.82,568.44,,,,
2017-09-12,568.64,569.54,567.98,569.22,,,,
2017-09-13,568.89,571.65,568.89,569.63,,,,
2017-09-14,568.21,568.21,565.82,567.56,,,,
2017-09-15,568.08,568.87,566.45,568.86,,,,
2017-09-18,568.5,570.3,567.82,569.09,,,,
2017-09-19,569.42,569.76,566.53,567.52,,,,
2017-09-20,566.4,567.01,559.66,562.45,,,,
2017-09-21,561.86,562.17,556.71,556.99,,,,
2017-09-22,557,557.93,555.14,555.71,,,,
2017-09-25,556.45,559.94,556.45,559.47,,,,
2017-09-26,559.52,561.12,558.54,559.96,,,,
2017-09-27,559.43,559.62,552.86,555.88,,,,
2017-09-28,555.57,557.36,554.93,555.98,,,,
2017-09-29,556.48,557.11,554.9,555.39,,,,
2017-10-02,555.68,557.55,554.02,554.28,,,,
2017-10-03,554.55,556.18,553.84,554.79,,,,
2017-10-04,553.93,559,552.75,556.82,,,,
2017-10-05,558.28,560.62,558.08,559.08,,,,
2017-10-06,557.05,557.05,552.81,553.77,,,,
2017-10-09,554.9,555.26,551.33,552.3,,,,
2017-10-10,555.18,558.97,554.41,557.76,,,,
2017-10-11,558.29,560.3,558.08,559.09,,,,
2017-10-12,558.92,561.69,557.96,561.35,,,,
2017-10-13,563.07,563.77,561.94,562.1,,,,
2017-10-16,562.17,562.79,561.33,562.33,,,,
2017-10-17,561.31,561.5,558.69,560.25,,,,
2017-10-18,560.2,560.61,558.15,559.69,,,,
2017-10-19,557.1,557.24,554.51,556.25,,,,
2017-10-20,555.45,555.5,553.2,555.16,,,,
2017-10-23,555.49,557.25,553.94,554.55,,,,
2017-10-24,554.58,554.74,552.02,552.68,,,,
2017-10-25,552.39,553.41,547.82,551.05,,,,
2017-10-26,553.06,555.45,551.29,551.75,,,,
2017-10-27,550.26,550.26,545.68,547.02,,,,
2017-10-30,546.19,546.19,541.66,541.98,,,,
2017-10-31,544.51,547.66,543.88,546.55,,,,
2017-11-01,547.08,549.59,546.71,548.13,,,,
2017-11-02,548.17,548.6,545.05,546.97,,,,
2017-11-03,547.18,549.05,546.8,547.29,,,,
2017-11-06,546.37,546.37,541.43,541.49,,,,
2017-11-07,541.25,547.48,540.27,547.48,,,,
2017-11-08,548.54,553.37,548.22,553.37,,,,
2017-11-09,552.01,554.86,550.49,553.18,,,,
2017-11-10,552.35,559.23,552.33,558.57,,,,
2017-11-13,558.82,564.31,558.82,561.92,,,,
2017-11-14,560.9,564.06,559.5,563.65,,,,
2017-11-15,562.25,562.25,557.31,557.56,,,,
2017-11-16,562.77,567.99,562.53,566.28,,,,
2017-11-17,564.83,566.32,562.92,563.97,,,,
2017-11-20,563.19,565.16,562.85,563.56,,,,
2017-11-21,564.39,567.56,563.8,565.14,,,,
2017-11-22,565.4,565.6,562.86,564.25,,,,
2017-11-24,565.6,566.22,564,564.14,,,,
2017-11-27,564.5,565.48,563.73,564.45,,,,
2017-11-28,565.95,568.96,563.97,568.87,,,,
2017-11-29,568.62,573.9,568.55,571.74,,,,
2017-11-30,573.02,577.57,571.57,576.07,,,,
2017-12-01,576.08,577.71,569.05,577.48,,,,
2017-12-04,577.71,583.22,576.64,582.84,,,,
2017-12-05,583.24,584.59,580.39,581.96,,,,
2017-12-06,581.96,589.03,558.96,585.24,,,,
2017-12-07,584.21,584.21,579.31,579.8,,,,
2017-12-08,580,581.06,577.29,581.06,,,,
2017-12-11,580.13,581.28,577.89,581.13,,,,
2017-12-12,581.27,583.25,579.27,581.02,,,,
2017-12-13,581.47,585.69,581.29,584.1,,,,
2017-12-14,583.86,584.8,581.8,581.84,,,,
2017-12-15,584.85,589.29,584.85,588.34,,,,
2017-12-18,589.33,592.57,587.75,587.85,,,,
2017-12-19,590.8,591.52,588.88,588.91,,,,
2017-12-20,588.78,588.94,583.51,586.7,,,,
2017-12-21,587.8,588.9,585.91,586.28,,,,
2017-12-22,586.95,588.08,586.63,587.29,,,,
2017-12-26,587.58,589.96,587.58,588.82,,,,
2017-12-27,589.68,590.79,587.95,588.78,,,,
2017-12-28,589.04,589.33,586.3,587.64,,,,
2017-12-29,588.02,590.81,587.39,587.39,,,,
2018-01-02,588.46,589.12,583.9,584.18,,,,
2018-01-03,584.56,585.68,583.31,583.83,,,,
2018-01-04,584.8,587.95,583.94,585.34,,,,
2018-01-05,586.4,588.14,584.92,588,,,,
2018-01-08,587.07,589.64,586.93,589.34,,,,
2018-01-09,590.18,590.83,587.92,588.02,,,,
2018-01-10,586.87,586.87,581.4,585.41,,,,
2018-01-11,586.21,586.59,583.63,584.86,,,,
2018-01-12,586.08,587.5,583.53,584.75,,,,
2018-01-16,586.15,589.41,585.29,587.02,,,,
2018-01-17,589.31,596.14,588.86,593.86,,,,
2018-01-18,594.14,594.46,590.72,592,,,,
2018-01-19,592.76,599.09,592.74,598.6,,,,
2018-01-22,598.48,602.71,598.32,602.69,,,,
2018-01-23,599.56,602.19,597.9,600.89,,,,
2018-01-24,601.75,602.71,599.18,601.5,,,,
2018-01-25,602.45,605.25,598.4,601.63,,,,
2018-01-26,600.48,605.24,600.07,605.24,,,,
2018-01-29,605.83,606.9,601.92,602.18,,,,
2018-01-30,598.89,603.08,596.75,598.08,,,,
2018-01-31,598.79,600.45,593.32,595.65,,,,
2018-02-01,594.14,596.43,591.39,592.95,,,,
2018-02-02,591.32,591.32,581.77,582.45,,,,
2018-02-05,580.05,582.6,560.4,560.72,,,,
2018-02-06,554.01,567.63,548.6,566.48,,,,
2018-02-07,564.96,574.82,563.66,564.22,,,,
2018-02-08,565.46,565.79,551.56,551.64,,,,
2018-02-09,555.4,556.6,541.99,552.74,,,,
2018-02-12,555.05,561.27,554.78,558.65,,,,
2018-02-13,557.2,562.63,556.47,561.13,,,,
2018-02-14,559.36,562.4,555.21,560.44,,,,
2018-02-15,562.83,569.43,560.13,569.33,,,,
2018-02-16,569.19,574.14,566.63,571.63,,,,
2018-02-20,564.85,564.97,558.15,558.76,,,,
2018-02-21,559.9,560.99,551.84,551.84,,,,
2018-02-22,553.02,557.54,552.45,553.11,,,,
2018-02-23,554.49,558.89,552.68,558.8,,,,
2018-02-26,560.2,562.84,558.26,562.51,,,,
2018-02-27,562.91,563.9,554.72,554.75,,,,
2018-02-28,557.15,557.94,548.95,548.98,,,,
2018-03-01,548.04,552.39,542.56,547.07,,,,
2018-03-02,544.92,552.59,544.92,551.55,,,,
2018-03-05,550,557.28,549.54,556.78,,,,
2018-03-06,557.42,557.88,552.95,557.27,,,,
2018-03-07,552.91,554.31,549.34,552.09,,,,
2018-03-08,552.05,557.18,551.33,557.17,,,,
2018-03-09,558.69,560.7,556.67,560.68,,,,
2018-03-12,561.12,563.8,558.64,559.45,,,,
2018-03-13,561.23,562.39,558.38,559.37,,,,
2018-03-14,559.55,559.85,551.29,552.29,,,,
2018-03-15,552.36,554.24,547.19,548.73,,,,
2018-03-16,549.15,552.08,548.59,548.78,,,,
2018-03-19,548.84,549.26,541.49,543.31,,,,
2018-03-20,545.14,546.15,539.92,541.44,,,,
2018-03-21,538.57,539.96,533.17,534.29,,,,
2018-03-22,532.1,537.06,529.78,530.01,,,,
2018-03-23,531.61,533.96,522.83,523.4,,,,
2018-03-26,527.22,531.1,525.51,530.44,,,,
2018-03-27,531.78,536.2,528.39,530.87,,,,
2018-03-28,532.9,540.72,532.82,538.19,,,,
2018-03-29,541.52,545.17,540.88,541.73,,,,
2018-04-02,540.27,540.46,526.2,528.46,,,,
2018-04-03,530.45,537.06,529.3,535.69,,,,
2018-04-04,532.04,545.94,532.04,543.83,,,,
2018-04-05,545.93,547.46,542.01,545.55,,,,
2018-04-06,543.63,548.19,537.32,540.22,,,,
2018-04-09,541.92,544.77,538.02,539.21,,,,
2018-04-10,541.4,543.29,538,541,,,,
2018-04-11,539.19,542.47,539.03,539.84,,,,
2018-04-12,541.67,543.68,538.61,538.81,,,,
2018-04-13,540.26,542.56,538.95,541.5,,,,
2018-04-16,543.29,550.46,542.38,547.29,,,,
2018-04-17,549.04,549.41,545.64,548.54,,,,
2018-04-18,548.4,549.02,542.77,543.81,,,,
2018-04-19,536.1,536.2,524.02,526.75,,,,
2018-04-20,526.27,527.11,516.43,517.88,,,,
2018-04-23,517.81,518.53,514.93,517.08,,,,
2018-04-24,518.46,518.46,510,513.77,,,,
2018-04-25,512.87,516.5,511.27,514.48,,,,
2018-04-26,515.79,519.3,513.72,517.29,,,,
2018-04-27,516.47,521.86,516.06,520.27,,,,
2018-04-30,521.73,523.42,516.24,517.25,,,,
2018-05-01,514.44,515.08,509.1,512.69,,,,
2018-05-02,511.42,511.48,501.81,502.82,,,,
2018-05-03,503.38,505.37,500.2,502.63,,,,
2018-05-04,502.17,512.17,501.71,509.65,,,,
2018-05-07,510.16,510.96,505.19,506.42,,,,
2018-05-08,505.53,505.53,501.94,504.11,,,,
2018-05-09,503.55,506.21,502.4,504.92,,,,
2018-05-10,506.52,510.15,506.4,507.9,,,,
2018-05-11,508.74,511.02,505.96,507.34,,,,
2018-05-14,508.61,509.07,506.31,507.26,,,,
2018-05-15,505.49,506.33,502.28,505.07,,,,
2018-05-16,505.63,509.83,505.63,508.94,,,,
2018-05-17,510.22,511.48,508.58,510.35,,,,
2018-05-18,509.82,509.82,505.3,507.12,,,,
2018-05-21,508.96,510.93,507.94,509.32,,,,
2018-05-22,510.37,512.6,507.44,508.14,,,,
2018-05-23,507.35,510.79,506.56,510.59,,,,
2018-05-24,510.24,511.03,507.33,509.88,,,,
2018-05-25,510.09,513.68,509.12,510.53,,,,
2018-05-29,508.22,511.59,507.2,509.62,,,,
2018-05-30,511.2,517.47,509.79,516.33,,,,
2018-05-31,515.42,515.42,505.96,508.01,,,,
2018-06-01,508.82,510.14,506.57,507.88,,,,
2018-06-04,509.5,512.63,509.16,512.06,,,,
2018-06-05,512.34,512.57,508.12,509.59,,,,
2018-06-06,510.07,510.33,506.94,510.31,,,,
2018-06-07,509.34,516.16,508.37,513.42,,,,
2018-06-08,514.28,520.19,514.28,520.11,,,,
2018-06-11,520.69,525.28,520.29,524.12,,,,
2018-06-12,524.76,525.29,521.79,525.07,,,,
2018-06-13,525.31,525.74,521.75,523.19,,,,
2018-06-14,522.74,523.78,521.2,523.2,,,,
2018-06-15,523.09,530.36,522.66,530.12,,,,
2018-06-18,526.96,527.49,520.08,522.29,,,,
2018-06-19,521.17,526.12,520.69,525,,,,
2018-06-20,526.07,526.43,523.44,525.57,,,,
2018-06-21,525.39,527.66,524.54,525.95,,,,
2018-06-22,526.98,531.22,526.98,530.4,,,,
2018-06-25,528.63,533.68,528.63,532.75,,,,
2018-06-26,532.8,534,528.38,530.37,,,,
2018-06-27,530.51,534.26,527.44,528.97,,,,
2018-06-28,527.78,530.85,527.78,529.85,,,,
2018-06-29,530.34,532.22,527.27,529.08,,,,
2018-07-02,527.59,529.29,522.79,526.29,,,,
2018-07-03,527.99,530.14,526.63,527.29,,,,
2018-07-05,529.01,534.99,528.7,534.97,,,,
2018-07-06,534.84,538.47,534.09,536.62,,,,
2018-07-09,536.56,537.41,533.79,534.07,,,,
2018-07-10,535.91,541.07,534.81,540.78,,,,
2018-07-11,540.3,540.57,537.23,538.92,,,,
2018-07-12,540,541.5,536.61,538.35,,,,
2018-07-13,538.28,542.38,538.28,541.73,,,,
2018-07-16,541.46,541.47,537.51,538.96,,,,
2018-07-17,538.81,544.03,538.81,543.17,,,,
2018-07-18,542.92,543.38,538.93,539.66,,,,
2018-07-19,537.74,541.12,533.76,538.98,,,,
2018-07-20,538.27,542.64,537.44,542.14,,,,
2018-07-23,541.21,542.65,537.51,539.29,,,,
2018-07-24,538.5,541.25,537.3,540.23,,,,
2018-07-25,541.01,544.66,539.83,543.77,,,,
2018-07-26,547.08,551.19,546.32,546.61,,,,
2018-07-27,546.32,550.14,545.47,547.5,,,,
2018-07-30,545.86,548.42,544.96,547.13,,,,
2018-07-31,548.06,551.62,545.77,549.6,,,,
2018-08-01,548.55,548.55,544.21,544.76,,,,
2018-08-02,544.26,551.35,543.89,550.67,,,,
2018-08-03,551.65,559.66,551.54,557.13,,,,
2018-08-06,557.06,559.4,556.39,557.46,,,,
2018-08-07,557.08,557.08,552.59,554.3,,,,
2018-08-08,553.29,553.92,549.96,550.02,,,,
2018-08-09,549.38,550.79,547.44,548.16,,,,
2018-08-10,546.4,548.51,545.19,546.42,,,,
2018-08-13,546.98,548.22,543.73,546.01,,,,
2018-08-14,546.47,550.42,546.47,549.51,,,,
2018-08-15,547.43,552.48,545.14,551.91,,,,
2018-08-16,558.23,561.59,556.82,560.31,,,,
2018-08-17,559.73,564.66,559.62,564.08,,,,
2018-08-20,564.47,566.91,563.19,563.93,,,,
2018-08-21,564.27,564.27,557.54,559.59,,,,
2018-08-22,559.94,559.94,555.54,556.09,,,,
2018-08-23,554.95,556.32,553.52,554.9,,,,
2018-08-24,553.97,555.62,552.48,553.97,,,,
2018-08-27,555.82,556.67,552.38,554.34,,,,
2018-08-28,554.78,555.92,551.83,552.56,,,,
2018-08-29,553.11,554.12,551.98,553.01,,,,
2018-08-30,551.98,553.85,550.22,551.43,,,,
2018-08-31,551.18,552.93,548.79,551.48,,,,
2018-09-04,550.49,552.76,549.06,550.25,,,,
2018-09-05,548.89,556.93,548.89,556.72,,,,
2018-09-06,555.67,558.31,554.52,557.96,,,,
2018-09-07,555.97,557.55,553.31,556.93,,,,
2018-09-10,558.09,562.48,558.09,558.89,,,,
2018-09-11,558.42,558.78,555.66,556.73,,,,
2018-09-12,556.87,565.27,556.59,563.72,,,,
2018-09-13,562.51,562.88,558.67,561.71,,,,
2018-09-14,561.09,561.13,557.32,560.42,,,,
2018-09-17,560.29,562.48,558.63,562.39,,,,
2018-09-18,562.07,562.62,557.98,559.93,,,,
2018-09-19,560.28,561.89,558.3,559.1,,,,
2018-09-20,560.59,566.09,560.59,565.6,,,,
2018-09-21,565.86,567.81,565.86,567.05,,,,
2018-09-24,565.38,566.1,557.83,558.54,,,,
2018-09-25,559.78,560.4,554.17,554.47,,,,
2018-09-26,554.99,559.13,554.37,554.78,,,,
2018-09-27,553.87,557.97,551.7,553.69,,,,
2018-09-28,554.02,555.68,553.11,554.91,,,,
2018-10-01,555.95,556.56,554.05,554.55,,,,
2018-10-02,554.41,559.06,553.75,557.97,,,,
2018-10-03,559.23,559.85,551.31,552.05,,,,
2018-10-04,550.25,551.53,546.54,550.83,,,,
2018-10-05,549.59,551.99,549.01,549.89,,,,
2018-10-08,549.93,558.08,549.93,557.28,,,,
2018-10-09,557.93,558.92,555.01,556.21,,,,
2018-10-10,554.87,558.8,549.12,549.13,,,,
2018-10-11,548.74,551.48,534.76,536.41,,,,
2018-10-12,538.7,540.83,534.47,539.23,,,,
2018-10-15,538.66,546.45,538.54,542.48,,,,
2018-10-16,543.96,549.04,541.86,548.18,,,,
2018-10-17,546.91,552.08,545.86,550.82,,,,
2018-10-18,550.13,555.99,547.82,549.54,,,,
2018-10-19,556.99,563.66,556.99,562.26,,,,
2018-10-22,563.1,563.84,556.27,557.95,,,,
2018-10-23,555.78,561.9,552.77,560.21,,,,
2018-10-24,559.95,570.67,559.64,562.98,,,,
2018-10-25,561.47,566.64,556.74,564.13,,,,
2018-10-26,560.66,562.25,551.44,554.62,,,,
2018-10-29,557.69,564.5,555.73,560.56,,,,
2018-10-30,563.79,572.14,563.07,571.61,,,,
2018-10-31,571.69,571.69,561.94,566.68,,,,
2018-11-01,566.12,571.58,564.58,569.41,,,,
2018-11-02,569.66,570.44,561.92,567.86,,,,
2018-11-05,567.58,575.93,567.16,574.73,,,,
2018-11-06,574.12,577.98,572.75,577.9,,,,
2018-11-07,580.06,581.46,575.26,581.12,,,,
2018-11-08,578.75,582.15,578.42,581.23,,,,
2018-11-09,581.65,585.95,581.65,584.21,,,,
2018-11-12,581.5,585.24,579.25,580.43,,,,
2018-11-13,580.04,582.82,576.01,578.31,,,,
2018-11-14,579.29,579.69,572.16,574.68,,,,
2018-11-15,573.56,573.56,568.12,572.77,,,,
2018-11-16,572.54,576.41,570.59,574.05,,,,
2018-11-19,574.64,577.59,570.98,572.94,,,,
2018-11-20,572.06,573.77,562.11,563.23,,,,
2018-11-21,563.41,564.28,557.46,558.54,,,,
2018-11-23,557.81,562.81,556.88,560.44,,,,
2018-11-26,561.94,563.99,558.3,560.66,,,,
2018-11-27,560.32,566.1,559.76,565.79,,,,
2018-11-28,565.18,571.37,563.61,571.36,,,,
2018-11-29,569.9,573.58,569.24,571.54,,,,
2018-11-30,571.68,576.48,570.13,576.42,,,,
2018-12-03,575.99,575.99,569.59,575.92,,,,
2018-12-04,576.75,578.84,565.76,566.51,,,,
2018-12-06,563.88,566.05,554.05,565.95,,,,
2018-12-07,565.58,567.76,556.33,558.64,,,,
2018-12-10,561.22,561.42,550.2,558.74,,,,
2018-12-11,562.65,567.37,560.19,563.47,,,,
2018-12-12,566.96,568.65,562.2,562.56,,,,
2018-12-13,562.84,567.82,562.84,566.43,,,,
2018-12-14,561.43,561.89,554.3,555.59,,,,
2018-12-17,554.52,555.52,539.82,542.9,,,,
2018-12-18,544.11,545.47,533.48,536.55,,,,
2018-12-19,537.93,542.45,528.48,530.92,,,,
2018-12-20,529.12,529.12,516.23,521.66,,,,
2018-12-21,521.03,532.3,515.88,515.96,,,,
2018-12-24,514.51,515.75,500.59,500.59,,,,
2018-12-26,502.12,514.82,496.77,514.82,,,,
2018-12-27,511.34,520.11,504.17,520.08,,,,
2018-12-28,522.22,525.66,517.75,519.79,,,,
2018-12-31,520.64,522.09,516.97,521.88,,,,
2019-01-02,517.65,520.61,513.47,519.68,,,,
2019-01-03,517.85,523.46,515.18,515.9,,,,
2019-01-04,518.8,526.98,518.27,526.98,,,,
2019-01-07,525.28,529.35,521.45,525.52,,,,
2019-01-08,527.49,531.62,526.21,530.59,,,,
2019-01-09,529.6,530.6,524.45,525.46,,,,
2019-01-10,524.44,529.44,523.3,528.66,,,,
2019-01-11,529.93,530.44,527.17,530.26,,,,
2019-01-14,528.84,529.96,526.8,527.67,,,,
2019-01-15,528.35,533.22,527.26,532.71,,,,
2019-01-16,531.81,532.43,527.81,529.85,,,,
2019-01-17,529.45,532.97,528.75,531.94,,,,
2019-01-18,534.48,540.08,534.48,538.36,,,,
2019-01-22,536.99,537.47,528.52,532.94,,,,
2019-01-23,537.7,540.71,534.49,539.17,,,,
2019-01-24,536.6,536.6,528.29,532.15,,,,
2019-01-25,534.1,536.34,529.85,530.87,,,,
2019-01-28,529.74,533.33,527.62,533.33,,,,
2019-01-29,534.13,535.46,532.16,534.21,,,,
2019-01-30,534.66,539.3,533.81,538.15,,,,
2019-01-31,539.02,549.78,537.37,547.94,,,,
2019-02-01,548.51,549.22,544.27,546.48,,,,
2019-02-04,547.01,549.81,545.15,549.8,,,,
2019-02-05,550.06,551.36,548.38,549.7,,,,
2019-02-06,548.96,550.87,548.31,550.05,,,,
2019-02-07,547.82,550.09,545.8,549.64,,,,
2019-02-08,548.8,552.63,546.64,552.62,,,,
2019-02-11,552.78,554.47,551.48,553.8,,,,
2019-02-12,555.27,560.13,554.27,558.65,,,,
2019-02-13,559.65,561.3,558.23,560.05,,,,
2019-02-14,554.14,555.68,550.49,553.24,,,,
2019-02-15,557.49,559.33,556.94,558.54,,,,
2019-02-19,559.71,563.35,558.6,561.32,,,,
2019-02-20,560.83,562.7,559.18,560.9,,,,
2019-02-21,560.37,563.74,558.45,562.47,,,,
2019-02-22,561.05,561.16,556.62,560.87,,,,
2019-02-25,563.01,563.64,557.42,558,,,,
2019-02-26,558.5,560.64,557.03,558.24,,,,
2019-02-27,556.98,557.93,555.37,557.75,,,,
2019-02-28,558.6,561.76,557,559.56,,,,
2019-03-01,561.29,561.86,554.89,558.61,,,,
2019-03-04,560.34,560.95,553.88,557.96,,,,
2019-03-05,557.99,559.69,556.71,557.73,,,,
2019-03-06,558.06,559.2,555.05,557.19,,,,
2019-03-07,556.18,557.27,552.62,554.07,,,,
2019-03-08,554.76,557.01,551.88,554.75,,,,
2019-03-11,555.57,562.55,555.57,562.12,,,,
2019-03-12,562.49,564.46,560.9,561.99,,,,
2019-03-13,563.13,567.71,562.49,565.93,,,,
2019-03-14,565.12,565.78,563.3,564.34,,,,
2019-03-15,565.24,569.13,564.99,567.16,,,,
2019-03-18,567.48,569.7,567.28,568.68,,,,
2019-03-19,569.55,571.34,565.96,567.99,,,,
2019-03-20,567.78,569.07,564.1,565.82,,,,
2019-03-21,565.23,573.4,565.05,572.56,,,,
2019-03-22,572.06,575.04,570.83,571.22,,,,
2019-03-25,569.29,572.67,567.72,571.15,,,,
2019-03-26,572.72,577.9,572.72,576.02,,,,
2019-03-27,575.55,577.5,570.79,573.72,,,,
2019-03-28,574.32,577.93,574.32,576.14,,,,
2019-03-29,577.36,580.64,575.7,580.11,,,,
2019-04-01,580.9,581.08,577.54,578.9,,,,
2019-04-02,576.82,577.33,573.96,574.01,,,,
2019-04-03,573.35,573.78,568.64,570.42,,,,
2019-04-04,571.18,573.35,570.25,572.51,,,,
2019-04-05,572.38,574.52,571.38,574.07,,,,
2019-04-08,574.33,576.6,573.39,576.53,,,,
2019-04-09,575.09,576.13,573.38,575.66,,,,
2019-04-10,576.18,578,575.67,577.51,,,,
2019-04-11,577.98,579.1,576.26,578.16,,,,
2019-04-12,578.41,580.49,576.89,579.79,,,,
2019-04-15,580.3,584.24,580.3,583.78,,,,
2019-04-16,584.11,585.84,581.54,583.44,,,,
2019-04-17,585.39,586.62,583.05,585.56,,,,
2019-04-18,586.54,589.4,582.61,585.35,,,,
2019-04-22,584.91,588.48,583.9,585.13,,,,
2019-04-23,584.6,585.89,582.17,584.46,,,,
2019-04-24,584.49,587.06,583.57,584.96,,,,
2019-04-25,580.66,581.5,578.41,580.6,,,,
2019-04-26,580.89,585.94,580.87,585.93,,,,
2019-04-29,585.65,587.01,584.79,586.44,,,,
2019-04-30,587.56,594.15,586.29,593.64,,,,
2019-05-01,594.18,594.18,586.6,586.68,,,,
2019-05-02,585.85,588.56,583.09,586.12,,,,
2019-05-03,589.05,591.59,587.79,590.44,,,,
2019-05-06,586.54,590.21,585.79,589.48,,,,
2019-05-07,586.81,587.45,580.13,583.58,,,,
2019-05-08,582.77,586.07,580.19,582.69,,,,
2019-05-09,580.42,582.98,576.79,581.44,,,,
2019-05-10,580.67,589.37,577.34,588.24,,,,
2019-05-13,584.2,584.37,580.76,583.37,,,,
2019-05-14,584.14,589.71,583.6,585.54,,,,
2019-05-15,584.65,591.62,584.27,590.2,,,,
2019-05-16,592.37,598.27,591.91,594.62,,,,
2019-05-17,592.5,596.34,591.8,593.5,,,,
2019-05-20,592.14,595.27,591.48,592.18,,,,
2019-05-21,593.4,593.65,589.72,590.35,,,,
2019-05-22,590.14,594.62,589.52,593.6,,,,
2019-05-23,591.32,593.34,589.9,593.21,,,,
2019-05-24,594.3,594.79,588.85,590.84,,,,
2019-05-28,590.37,591.88,580.07,580.27,,,,
2019-05-29,577.29,578.54,573.48,576.17,,,,
2019-05-30,577.18,580.08,575.92,578.06,,,,
2019-05-31,574.79,574.79,568.98,569.93,,,,
2019-06-03,571.14,578.11,570.45,577.48,,,,
2019-06-04,579.64,582.06,578.77,581.98,,,,
2019-06-05,583.98,588.94,582.1,588.49,,,,
2019-06-06,588.67,594.74,587.73,593.26,,,,
2019-06-07,595.19,601.68,595.19,599.31,,,,
2019-06-10,599.63,600.15,597.51,599.32,,,,
2019-06-11,600.46,603.02,600.16,601.76,,,,
2019-06-12,602.24,605.76,601.29,602.01,,,,
2019-06-13,602.2,604.27,599.29,602.65,,,,
2019-06-14,603.07,604.59,602.09,602.85,,,,
2019-06-17,602.85,603.78,598.67,601.58,,,,
2019-06-18,604.76,605.26,597.55,598.13,,,,
2019-06-19,598.06,601.7,595.07,600.58,,,,
2019-06-20,602.11,606.43,601.24,605.44,,,,
2019-06-21,605.13,606.66,602.94,603.48,,,,
2019-06-24,604.78,607.81,604.27,605.09,,,,
2019-06-25,604.99,606.22,603.24,604.77,,,,
2019-06-26,602.1,602.2,596.26,596.4,,,,
2019-06-27,596.21,598.11,594.21,596.93,,,,
2019-06-28,600.23,600.95,595.78,597.34,,,,
2019-07-01,600.41,601.92,597,600.1,,,,
2019-07-02,601.19,605.24,600.26,605.19,,,,
2019-07-03,606.79,613.75,606.79,613.4,,,,
2019-07-05,610.81,610.96,605.12,610.37,,,,
2019-07-08,610.56,612.49,609.58,611.41,,,,
2019-07-09,610.64,611.29,605.46,607.84,,,,
2019-07-10,609.53,613.23,609.47,612.31,,,,
2019-07-11,613.26,614.15,610.66,613.83,,,,
2019-07-12,614.53,617.1,613.94,615.88,,,,
2019-07-15,616.44,618.1,615.33,617.13,,,,
2019-07-16,617.34,619.64,615.07,617.2,,,,
2019-07-17,617.32,618.27,615.03,616.39,,,,
2019-07-18,618.57,623,615.29,621.45,,,,
2019-07-19,622.39,623.93,617.16,617.25,,,,
2019-07-22,617.81,618.42,613.08,613.96,,,,
2019-07-23,619.08,620.38,616.14,617.82,,,,
2019-07-24,617.03,617.52,612.86,613.89,,,,
2019-07-25,612.04,615.55,611.35,613.65,,,,
2019-07-26,614.66,621.22,613.74,620.94,,,,
2019-07-29,621.16,623.45,620.83,622.5,,,,
2019-07-30,625.06,627.34,622.41,623.64,,,,
2019-07-31,622.52,622.52,605.11,611.23,,,,
2019-08-01,613.19,619.92,608.27,608.27,,,,
2019-08-02,608.4,612.3,606.55,608.99,,,,
2019-08-05,606.45,607.12,589.58,592.59,,,,
2019-08-06,593.91,601.04,592.9,598.32,,,,
2019-08-07,595.39,607.27,589.61,605.27,,,,
2019-08-08,603.7,613.19,602.07,612.59,,,,
2019-08-09,612.48,613.7,604.94,609.05,,,,
2019-08-12,607.96,609.57,603.01,605.05,,,,
2019-08-13,604,614.58,603.78,612.34,,,,
2019-08-14,607.76,611.66,602.3,602.63,,,,
2019-08-15,607.87,613.86,606.3,611.74,,,,
2019-08-16,614,621.13,614,618.62,,,,
2019-08-19,623.69,625.43,621.99,624.42,,,,
2019-08-20,623.85,624.02,616.64,616.85,,,,
2019-08-21,619.68,621.53,617.17,618.97,,,,
2019-08-22,618.83,623.29,617.68,621.65,,,,
2019-08-23,620.57,622.85,608.38,611.45,,,,
2019-08-26,614.19,619.64,613.45,618.33,,,,
2019-08-27,621.22,622.86,614.48,616.53,,,,
2019-08-28,616.34,622.61,615.62,622.33,,,,
2019-08-29,625.51,626.33,619.07,622.31,,,,
2019-08-30,624.48,625.74,619.26,621.27,,,,
2019-09-03,619.43,624.75,617.47,624.42,,,,
2019-09-04,626.52,630.31,624.84,630.18,,,,
2019-09-05,632.34,632.38,624.98,625.55,,,,
2019-09-06,627.37,629.28,626.2,628.52,,,,
2019-09-09,628.22,628.69,625.03,626.83,,,,
2019-09-10,624.03,624.03,619.79,623.01,,,,
2019-09-11,622,625.55,619.98,625.55,,,,
2019-09-12,627.81,630.45,626.55,627.45,,,,
2019-09-13,625.34,627.14,621.47,622.72,,,,
2019-09-16,619.84,620.21,615.25,616.76,,,,
2019-09-17,616.9,623.19,616.9,620.14,,,,
2019-09-18,620.4,621.39,615.52,620.29,,,,
2019-09-19,620.03,621.31,619.15,620.27,,,,
2019-09-20,620.04,623.27,618.7,618.9,,,,
2019-09-23,619.12,623.49,619.12,621.15,,,,
2019-09-24,622.68,627.16,620.75,622.58,,,,
2019-09-25,626.52,627.06,622.28,623.79,,,,
2019-09-26,626.11,629.05,625.18,626.9,,,,
2019-09-27,628.32,628.72,622.63,626.39,,,,
2019-09-30,627.17,632.14,627.17,629.38,,,,
2019-10-01,629.94,631.63,625.42,627.61,,,,
2019-10-02,625.51,625.63,613.35,615.86,,,,
2019-10-03,618.03,622.32,613.23,620.29,,,,
2019-10-04,621.03,630.04,620.5,629.91,,,,
2019-10-07,628.79,629.35,624.35,624.92,,,,
2019-10-08,623.51,624.96,619.03,619.12,,,,
2019-10-09,621.87,625.31,620.81,623.81,,,,
2019-10-10,623.17,626.83,621.07,625.09,,,,
2019-10-11,626.66,628.2,623.42,624.47,,,,
2019-10-14,624.45,625.9,621.26,621.8,,,,
2019-10-15,622.54,623.52,617.98,619.31,,,,
2019-10-16,619.36,620.33,617.48,619.84,,,,
2019-10-17,621.79,623.77,620.23,622.28,,,,
2019-10-18,623.96,625.91,622.96,623.45,,,,
2019-10-21,623.09,625.74,622.65,625.49,,,,
2019-10-22,630.14,630.55,625.43,625.67,,,,
2019-10-23,625.29,628.85,625.29,628.62,,,,
2019-10-24,628.46,631.46,627.24,630.4,,,,
2019-10-25,629.31,629.64,626.29,627.09,,,,
2019-10-28,627.5,629.32,624.4,625.95,,,,
2019-10-29,625.08,628.56,623.53,625.69,,,,
2019-10-30,625.93,629.53,624.42,628.6,,,,
2019-10-31,628.11,630.72,623.48,627.29,,,,
2019-11-01,628.39,629.88,626.27,627.3,,,,
2019-11-04,627.85,628.56,619.7,621.43,,,,
2019-11-05,621.03,624.94,619.03,622.98,,,,
2019-11-06,624.48,627.37,622.79,626.25,,,,
2019-11-07,627.32,627.36,623.05,623.85,,,,
2019-11-08,624,625.45,621.49,623.97,,,,
2019-11-11,623.9,624.86,621.7,622.74,,,,
2019-11-12,623.63,624.27,621.86,624.18,,,,
2019-11-13,625.3,630.52,624.75,629.53,,,,
2019-11-14,631.96,632.33,626.74,628.7,,,,
2019-11-15,629.58,629.58,626.75,629.27,,,,
2019-11-18,628.62,635.76,628.62,632.65,,,,
2019-11-19,632.98,634.1,629.9,631.08,,,,
2019-11-20,631.05,633.85,629.75,632.24,,,,
2019-11-21,631.37,632.78,627.9,628.86,,,,
2019-11-22,630.08,630.32,625.8,627.97,,,,
2019-11-25,629.34,630.3,625.73,629.08,,,,
2019-11-26,629.84,634.33,628.45,634.26,,,,
2019-11-27,635.1,635.9,633.13,635,,,,
2019-11-29,634.58,635.77,633.32,634.09,,,,
2019-12-02,633.46,635.81,630.15,635.73,,,,
2019-12-03,634.34,634.77,630.25,634.57,,,,
2019-12-04,634.07,638.8,633.55,638.77,,,,
2019-12-05,637.66,637.88,633.77,637.57,,,,
2019-12-06,640.07,642.33,638.93,639.92,,,,
2019-12-09,639.68,642.19,639.68,640.88,,,,
2019-12-10,640.17,641.31,637.92,638.63,,,,
2019-12-11,639.69,641.06,637.71,639.6,,,,
2019-12-12,639.8,643.8,638,639.1,,,,
2019-12-13,637.5,642.22,636.59,641.18,,,,
2019-12-16,643.08,645.08,642.42,643.49,,,,
2019-12-17,642.95,644.01,641.87,643.01,,,,
2019-12-18,643.78,645.22,640.05,640.66,,,,
2019-12-19,641.39,645.65,641.39,644.75,,,,
2019-12-20,649.53,651.63,646.45,648.97,,,,
2019-12-23,649.61,649.96,646.26,646.79,,,,
2019-12-24,646.62,647.41,645.77,646.51,,,,
2019-12-26,646.91,648.48,645.63,647.39,,,,
2019-12-27,648.26,650.23,648.11,649.97,,,,
2019-12-30,648.81,649.83,645.65,646.58,,,,
2019-12-31,646.24,647.59,643.64,646.97,,,,
2020-01-02,647.79,648.05,640.24,641.67,,,,
2020-01-03,638.23,643.69,637.83,640.55,,,,
2020-01-06,639.69,642.97,638.65,642.07,,,,
2020-01-07,640.65,640.92,637.09,637.39,,,,
2020-01-08,637.7,642.97,637.3,640.26,,,,
2020-01-09,642.6,645.12,641.14,644.96,,,,
2020-01-10,645.7,646.3,643.49,644.13,,,,
2020-01-13,644.31,648.53,644.16,648.53,,,,
2020-01-14,647.69,649.04,647.08,648.68,,,,
2020-01-15,648.08,654.69,648.08,652.87,,,,
2020-01-16,653.7,655.58,653.6,654.89,,,,
2020-01-17,655.57,657.7,655.33,656.56,,,,
2020-01-21,655.33,659.27,653.51,658.8,,,,
2020-01-22,658.6,660.84,658.6,659.44,,,,
2020-01-23,657.29,659.75,654.02,657.7,,,,
2020-01-24,658.48,659.35,651.29,653.43,,,,
2020-01-27,648,654.37,647.11,651.35,,,,
2020-01-28,651.19,653.76,650.98,652.12,,,,
2020-01-29,652.15,653,648.72,648.73,,,,
2020-01-30,648.82,656.24,647.95,655.54,,,,
2020-01-31,654.58,658.54,646.47,648.25,,,,
2020-02-03,650.63,652.98,647.48,648.19,,,,
2020-02-04,651.99,656.2,650.48,651.73,,,,
2020-02-05,653.6,657.39,653.12,656.67,,,,
2020-02-06,657.26,662.35,656.24,658.84,,,,
2020-02-07,658.42,661.08,657,660.01,,,,
2020-02-10,659.88,663.78,659.88,662.48,,,,
2020-02-11,662.95,662.95,659.64,660.09,,,,
2020-02-12,660.42,660.8,658.12,659.83,,,,
2020-02-13,660.09,664.91,657.16,663.48,,,,
2020-02-14,663.91,665.35,663.01,665.35,,,,
2020-02-18,664.22,665.55,661.46,662.61,,,,
2020-02-19,663.07,664.8,662.04,662.06,,,,
2020-02-20,660.75,663.33,656.76,662.73,,,,
2020-02-21,660.82,665.58,660.55,664.57,,,,
2020-02-24,655.65,659.77,647.7,648.06,,,,
2020-02-25,648.32,652.12,634.58,636.73,,,,
2020-02-26,638.63,644.65,633.37,633.63,,,,
2020-02-27,628.25,633.56,607.71,607.86,,,,
2020-02-28,597.02,597.02,575.44,595.21,,,,
2020-03-02,598.39,628.13,597.93,627.84,,,,
2020-03-03,628.06,639.19,614.83,619.62,,,,
2020-03-04,625.12,650.33,625.12,650.13,,,,
2020-03-05,637.54,645.88,631.19,637.18,,,,
2020-03-06,619.06,635.57,615.88,632.29,,,,
2020-03-09,613.11,621.52,598.86,604.41,,,,
2020-03-10,615.87,623.22,594.89,622.09,,,,
2020-03-11,607.28,609.77,584.67,591.64,,,,
2020-03-12,562.18,573.76,534.82,537,,,,
2020-03-13,557.75,582.34,542.09,582.16,,,,
2020-03-16,531.74,570.75,522.98,541.45,,,,
2020-03-17,555.45,589.15,551.67,586.9,,,,
2020-03-18,565.79,584.55,546.45,568.91,,,,
2020-03-19,568.09,569.04,548.04,552.37,,,,
2020-03-20,551.22,553.2,511.81,516.28,,,,
2020-03-23,510.94,520.92,491.31,500.95,,,,
2020-03-24,520.5,528.42,512.39,525.19,,,,
2020-03-25,521.1,541.36,514.63,524.29,,,,
2020-03-26,530.4,556.87,529.36,554.03,,,,
2020-03-27,544.16,565.46,543.17,550.05,,,,
2020-03-30,558.49,573.13,557.91,571.52,,,,
2020-03-31,569.25,572.46,558.84,560.33,,,,
2020-04-01,544.62,559.46,544.49,550.08,,,,
2020-04-02,543.62,568.74,542.43,566,,,,
2020-04-03,563.66,571.12,560.61,569.07,,,,
2020-04-06,581.41,595,575.32,591.38,,,,
2020-04-07,596.96,604.32,584.11,584.27,,,,
2020-04-08,588.06,594.76,581.82,592.48,,,,
2020-04-09,592.2,605.97,592.2,597.14,,,,
2020-04-13,593.09,598.06,587.08,592.61,,,,
2020-04-14,602.92,618.61,600.35,617.69,,,,
2020-04-15,610.07,613.44,603.82,608.04,,,,
2020-04-16,611.32,615.14,603.96,612.9,,,,
2020-04-17,619.94,623.7,611.86,622.12,,,,
2020-04-20,614.75,619.7,609.13,609.15,,,,
2020-04-21,600.16,603.87,593.66,595.34,,,,
2020-04-22,601.24,604.92,596.97,601.74,,,,
2020-04-23,599.11,603.33,594.77,595.61,,,,
2020-04-24,598.68,603.98,597.16,602.26,,,,
2020-04-27,605.29,606.43,601.65,604.23,,,,
2020-04-28,610.43,611.79,604.72,606.88,,,,
2020-04-29,607.73,609.86,600.78,604.41,,,,
2020-04-30,602.22,602.62,593.55,597.56,,,,
2020-05-01,593.99,598.8,588.37,590.51,,,,
2020-05-04,590.68,591.84,584.67,590.54,,,,
2020-05-05,592.38,597.38,590.5,591.32,,,,
2020-05-06,592.79,593.62,584.69,584.82,,,,
2020-05-07,589.76,589.76,581.35,582.4,,,,
2020-05-08,588.85,596.39,588.08,595.63,,,,
2020-05-11,593.5,599.06,592.33,594.47,,,,
2020-05-12,596.84,599.72,589.31,589.31,,,,
2020-05-13,588.68,591.7,580.52,583.95,,,,
2020-05-14,581.74,583.47,572.99,582.12,,,,
2020-05-15,582.52,588.5,580.04,586.53,,,,
2020-05-18,595.94,598.93,592.14,596.29,,,,
2020-05-19,596.28,596.68,585.73,585.85,,,,
2020-05-20,590.74,592.64,586.86,592.22,,,,
2020-05-21,591.17,591.7,584.87,586.04,,,,
2020-05-22,586.36,588.27,584.8,587.98,,,,
2020-05-26,596.52,597.11,590.17,591.11,,,,
2020-05-27,595.13,600.31,592.37,600.31,,,,
2020-05-28,605.65,608.3,601.92,604.8,,,,
2020-05-29,602.43,607.18,597.74,605.78,,,,
2020-06-01,605.92,611.64,605.26,609.54,,,,
2020-06-02,609.96,611.41,606.28,610.76,,,,
2020-06-03,612.85,614.48,611.58,612.01,,,,
2020-06-04,610.13,613.39,605.41,608.4,,,,
2020-06-05,613.77,619.97,611.53,617.24,,,,
2020-06-08,615.39,623.19,615.06,623.16,,,,
2020-06-09,621.21,621.21,614.41,617.5,,,,
2020-06-10,619.74,621.19,615.18,616.58,,,,
2020-06-11,610.57,613.28,592.49,593.11,,,,
2020-06-12,598.69,599.79,586.92,592.04,,,,
2020-06-15,586.26,599.22,582.49,598.32,,,,
2020-06-16,609.67,611.04,600.55,607.87,,,,
2020-06-17,608.95,611.27,605.01,606.67,,,,
2020-06-18,604.67,610.44,603.39,609.93,,,,
2020-06-19,615.33,616.58,605.25,606.01,,,,
2020-06-22,605.25,606.7,602.36,604.38,,,,
2020-06-23,608.87,610.62,602.96,603.54,,,,
2020-06-24,599.87,600.2,591.5,593.62,,,,
2020-06-25,592.78,598.55,589.52,598.04,,,,
2020-06-26,598.19,599.26,585.19,585.69,,,,
2020-06-29,589.95,597.58,588.83,596.52,,,,
2020-06-30,597.08,603.08,595.63,601.33,,,,
2020-07-01,601.36,605.18,601.14,601.63,,,,
2020-07-02,606.99,610.44,603.22,604.43,,,,
2020-07-06,608.17,610.54,604.32,607.63,,,,
2020-07-07,604.42,617.12,604.04,613.74,,,,
2020-07-08,614.81,615.58,609.65,612.46,,,,
2020-07-09,611.95,613.52,604.6,607.85,,,,
2020-07-10,608.78,620.3,608.74,619.33,,,,
2020-07-13,621.89,626.36,616.05,617.88,,,,
2020-07-14,616.2,628.5,615.03,627.32,,,,
2020-07-15,630.02,634.8,625.61,627.39,,,,
2020-07-16,627.48,629.84,625.72,628.77,,,,
2020-07-17,631.43,632.69,629.24,631.38,,,,
2020-07-20,630.09,630.61,623.51,625.3,,,,
2020-07-21,630,637.79,629.67,631.43,,,,
2020-07-22,633.76,636.88,626.52,636.28,,,,
2020-07-23,637.62,639.91,635.34,637.44,,,,
2020-07-24,638.02,643.77,633.82,636.52,,,,
2020-07-27,635.68,640.27,634.87,639.98,,,,
2020-07-28,640.46,645.4,639.85,641.87,,,,
2020-07-29,643,645.07,640.32,642.86,,,,
2020-07-30,640.67,645.16,638.6,642.89,,,,
2020-07-31,640.61,642.25,634.3,642.01,,,,
2020-08-03,641.64,642.65,637.33,640.4,,,,
2020-08-04,640.3,649.1,638.72,649.09,,,,
2020-08-05,650.33,651.36,645.73,647.64,,,,
2020-08-06,644.98,648.92,644.98,647.75,,,,
2020-08-07,646.76,651.54,646.14,651.18,,,,
2020-08-10,651.58,655.49,650.29,654.13,,,,
2020-08-11,657.49,659.01,647.72,649.53,,,,
2020-08-12,651.94,660.71,651.94,658.21,,,,
2020-08-13,656.62,658.95,655.23,656.96,,,,
2020-08-14,656.39,658.94,654.37,656.81,,,,
2020-08-17,658.01,662.52,657.42,660.5,,,,
2020-08-18,661.41,664.87,658.47,662.85,,,,
2020-08-19,662.36,663.09,656.74,657.98,,,,
2020-08-20,655.61,657.35,653.37,656.31,,,,
2020-08-21,655.95,659.3,653.95,658.05,,,,
2020-08-24,659.72,663.67,657.6,663.58,,,,
2020-08-25,664.78,665.26,659.71,662.73,,,,
2020-08-26,660.44,664.33,658.17,663.41,,,,
2020-08-27,664.65,670.47,664.65,667.47,,,,
2020-08-28,669.86,673.88,664.58,673.67,,,,
2020-08-31,671.14,673.26,668.71,671.53,,,,
2020-09-01,671.07,672.7,667.02,672.24,,,,
2020-09-02,675.17,687.34,674.72,684.99,,,,
2020-09-03,685.62,691.92,667.3,672.07,,,,
2020-09-04,674.21,676.87,662.37,670.48,,,,
2020-09-08,668.73,669.01,653.96,656.61,,,,
2020-09-09,660.22,672.89,659.77,666.37,,,,
2020-09-10,666.48,668.1,656.77,658.03,,,,
2020-09-11,659.68,665.05,657.3,662.06,,,,
2020-09-14,663.15,668.16,662.25,665.15,,,,
2020-09-15,667.25,669.31,663.44,664.47,,,,
2020-09-16,666.22,668.89,660.84,661.08,,,,
2020-09-17,656.43,660.55,652.3,656.76,,,,
2020-09-18,656.89,658.67,646.39,650.71,,,,
2020-09-21,647.72,648.43,638.9,646.37,,,,
2020-09-22,646.75,653.54,646.31,650.53,,,,
2020-09-23,652.32,653.57,639.77,640.35,,,,
2020-09-24,640.57,648.39,636.1,645.24,,,,
2020-09-25,641.2,648.57,639.77,647.9,,,,
2020-09-28,653.51,659.05,653.34,655.3,,,,
2020-09-29,655.88,657.09,649.74,651.25,,,,
2020-09-30,653.54,662.89,653.31,659.14,,,,
2020-10-01,660.64,663.99,656.9,662.44,,,,
2020-10-02,656.52,661.49,653.51,658.43,,,,
2020-10-05,660.54,664,659.17,663.53,,,,
2020-10-06,664.61,667.47,657.13,659.12,,,,
2020-10-07,661.95,669.51,661.84,666.94,,,,
2020-10-08,668.54,671.39,666.75,670.87,,,,
2020-10-09,672.89,678.9,672.89,676.06,,,,
2020-10-12,679.04,687.66,678.84,684.04,,,,
2020-10-13,683.27,685.77,680.81,683.98,,,,
2020-10-14,683.65,686.73,677.71,680.44,,,,
2020-10-15,675.87,682.45,675.58,680.54,,,,
2020-10-16,682.2,686.68,681.08,681.08,,,,
2020-10-19,681.48,684.06,670.45,671.96,,,,
2020-10-20,675.43,679.87,669.99,671.25,,,,
2020-10-21,670.37,675.79,670.37,672.06,,,,
2020-10-22,670.87,672.85,667.53,670.57,,,,
2020-10-23,672.79,674.4,669.92,671.61,,,,
2020-10-26,666.32,667.59,657.31,663.07,,,,
2020-10-27,663.05,667.14,661.2,661.46,,,,
2020-10-28,653.59,655.75,641.86,642.15,,,,
2020-10-29,640.52,648.63,634.67,642.43,,,,
2020-10-30,640.3,642.63,632.13,639.46,,,,
2020-11-02,649.05,652.69,644.94,649.88,,,,
2020-11-03,655.4,666.41,655.4,660.41,,,,
2020-11-04,662.49,671.98,660.07,660.78,,,,
2020-11-05,666.5,672.08,663.88,665.98,,,,
2020-11-06,666.74,671.77,665.78,668.93,,,,
2020-11-09,681.12,690.16,665.24,665.86,,,,
2020-11-10,666.54,680.96,665.21,679.08,,,,
2020-11-11,683.29,688.01,678.82,684.93,,,,
2020-11-12,684.28,684.92,677.76,683.51,,,,
2020-11-13,685.23,693.62,683.99,692.85,,,,
2020-11-16,697.03,698.75,693.76,698.69,,,,
2020-11-17,694.56,698.78,692.88,694.36,,,,
2020-11-18,695.42,698.02,685.21,685.31,,,,
2020-11-19,684.24,688.12,682,687.24,,,,
2020-11-20,686.46,689.12,682.41,682.83,,,,
2020-11-23,683.44,684.93,678.86,683.18,,,,
2020-11-24,686.3,690.07,685.46,687.8,,,,
2020-11-25,688.1,689.76,686.32,687.22,,,,
2020-11-27,688.85,688.85,685.05,686.83,,,,
2020-11-30,685.56,686.92,679.42,686.37,,,,
2020-12-01,689.49,693.17,687.93,692.41,,,,
2020-12-02,691.15,693.52,684.84,687.22,,,,
2020-12-03,684.55,688.76,684.13,687.61,,,,
2020-12-04,688.23,692.98,687.51,692.93,,,,
2020-12-07,692.11,692.84,687.36,690.63,,,,
2020-12-08,689.05,695.99,686.61,694.42,,,,
2020-12-09,695.58,696.18,690.25,692.13,,,,
2020-12-10,692.07,693.27,687.2,688.71,,,,
2020-12-11,686.53,692.4,686.39,690.72,,,,
2020-12-14,693.48,696.34,687.6,687.93,,,,
2020-12-15,689.4,692.47,688.45,689.49,,,,
2020-12-16,689.68,693.62,688.05,690.32,,,,
2020-12-17,692.28,695.52,692.28,694.52,,,,
2020-12-18,694.81,697.47,690.83,696.03,,,,
2020-12-21,689.5,689.89,681.62,688.75,,,,
2020-12-22,686.55,687.16,681.9,682.91,,,,
2020-12-23,684.62,687.59,683.41,684.98,,,,
2020-12-24,684.89,688.4,683.51,687.75,,,,
2020-12-28,690.76,695.46,689.9,693.29,,,,
2020-12-29,696.43,697.4,690.17,691.64,,,,
2020-12-30,692.23,693.37,690.28,690.8,,,,
2020-12-31,691.31,696.94,688.43,696.32,,,,
2021-01-04,695.33,695.97,680.56,688.69,,,,
2021-01-05,687.85,690.18,682.47,688.76,,,,
2021-01-06,687.36,692.15,686.04,688.3,,,,
2021-01-07,688.68,690.13,683.46,686.07,,,,
2021-01-08,686.24,690.06,683.04,689.47,,,,
2021-01-11,687.76,690.45,682.4,683.41,,,,
2021-01-12,683.92,684.76,678.08,681.31,,,,
2021-01-13,680.81,684.8,680.24,682.41,,,,
2021-01-14,683.11,683.23,677.71,678.51,,,,
2021-01-15,675.85,678.93,673.3,675.75,,,,
2021-01-19,678.83,679.57,672.21,672.76,,,,
2021-01-20,670.79,675.96,668.23,674.44,,,,
2021-01-21,673.58,673.58,670.5,671.69,,,,
2021-01-22,671.42,673.8,668.26,669.71,,,,
2021-01-25,668.15,677.71,667.26,675.78,,,,
2021-01-26,675.85,683.23,673.68,682.05,,,,
2021-01-27,679.21,686.24,668.14,669.8,,,,
2021-01-28,669.64,679.78,669.15,672.95,,,,
2021-01-29,669.47,670.22,659.03,659.25,,,,
2021-02-01,660,662.87,657.4,659.37,,,,
2021-02-02,661.63,669.14,660.49,663.93,,,,
2021-02-03,663.5,666.56,660.67,665.02,,,,
2021-02-04,665.77,670.13,664.51,669.95,,,,
2021-02-05,672.83,678.04,672.83,675.92,,,,
2021-02-08,677.78,679.94,674.55,678.96,,,,
2021-02-09,679.73,680.69,676.64,678.05,,,,
2021-02-10,681.78,682.92,675.66,677.09,,,,
2021-02-11,677.11,678.14,673.09,674.17,,,,
2021-02-12,673.98,675.64,671.68,675.23,,,,
2021-02-16,676.53,676.53,671.73,674.05,,,,
2021-02-17,671.67,677.86,670.75,676.69,,,,
2021-02-18,670.09,677.45,669.7,675.81,,,,
2021-02-19,675.54,675.57,666.87,667.53,,,,
2021-02-22,665.8,669.48,664.13,668.04,,,,
2021-02-23,668.91,674.16,666.23,667.86,,,,
2021-02-24,666.65,669.84,664.48,667.68,,,,
2021-02-25,666.61,670.32,658.91,660.18,,,,
2021-02-26,660.95,661,649.09,649.39,,,,
2021-03-01,654.41,660.97,654.34,655.71,,,,
2021-03-02,655.67,659.29,654.29,654.56,,,,
2021-03-03,652.76,655.95,650.81,650.97,,,,
2021-03-04,651.9,659.32,644.47,647.5,,,,
2021-03-05,649.78,663.28,647.54,661.44,,,,
2021-03-08,662.37,671,660.79,663.55,,,,
2021-03-09,666.15,669.29,663.4,663.54,,,,
2021-03-10,664.72,675.14,662.11,672.08,,,,
2021-03-11,672.07,675.22,670.1,670.87,,,,
2021-03-12,672.95,676.61,671.98,675.66,,,,
2021-03-15,677.86,679.19,674.32,678.64,,,,
2021-03-16,678.24,681.24,677.81,679.09,,,,
2021-03-17,679.66,682.17,675.98,678.73,,,,
2021-03-18,676.24,679.26,672.11,675.52,,,,
2021-03-19,674.65,679.03,673.77,677.2,,,,
2021-03-22,675.73,685.16,675.73,685.05,,,,
2021-03-23,684.91,690.93,682.88,687.78,,,,
2021-03-24,684.5,689.01,683.3,684.7,,,,
2021-03-25,686,692.4,682.56,691.35,,,,
2021-03-26,692.26,704.19,690.5,703.6,,,,
2021-03-29,701.89,711.65,701.89,710.88,,,,
2021-03-30,709.25,710.3,701.51,702.81,,,,
2021-03-31,702.73,705.36,699.37,699.46,,,,
2021-04-01,699.18,701.13,693.03,697.77,,,,
2021-04-05,699.25,710.4,699.25,706.73,,,,
2021-04-06,705.95,711.86,704.78,709.08,,,,
2021-04-07,710.68,711.3,706.52,707.72,,,,
2021-04-08,708.32,709.98,706.71,708.25,,,,
2021-04-09,708.26,709.94,703.62,707.92,,,,
2021-04-12,708.75,711.51,707.79,711.11,,,,
2021-04-13,707.89,710.27,706.76,707.62,,,,
2021-04-14,707.35,707.98,704.28,707.05,,,,
2021-04-15,708.83,714.04,708.75,712.74,,,,
2021-04-16,715.48,718.48,713.04,717.35,,,,
2021-04-19,717.8,718.65,711.88,713.95,,,,
2021-04-20,711.18,720.44,708.46,718.05,,,,
2021-04-21,719.66,723.68,719.66,721.37,,,,
2021-04-22,719.15,720.16,714.02,715.25,,,,
2021-04-23,714.19,716.27,711.02,714.11,,,,
2021-04-26,713.98,714,705.09,705.85,,,,
2021-04-27,705.13,707.14,702.49,705.59,,,,
2021-04-28,707.9,710.17,705.17,705.87,,,,
2021-04-29,706.48,714.39,705.9,713.38,,,,
2021-04-30,713.24,714.31,710.45,713.69,,,,
2021-05-03,714.58,722.75,714.58,720.05,,,,
2021-05-04,719.66,721.36,713.93,716.19,,,,
2021-05-05,715.61,716.97,712.86,715.45,,,,
2021-05-06,716.81,725.07,716.81,724.93,,,,
2021-05-07,723.5,727.38,722.34,724.97,,,,
2021-05-10,727.83,735.28,727.59,730.55,,,,
2021-05-11,730.59,732.01,720.8,724.19,,,,
2021-05-12,723.36,723.36,714.38,714.63,,,,
2021-05-13,714.25,727.79,713.52,724.6,,,,
2021-05-14,727.28,732.14,727.1,727.74,,,,
2021-05-17,728.69,731.49,725.44,726.65,,,,
2021-05-18,728.58,730.7,724.4,724.73,,,,
2021-05-19,721.45,723.17,717.07,722.35,,,,
2021-05-20,722.11,730.93,721.73,728.49,,,,
2021-05-21,729.96,733.29,727.25,728.27,,,,
2021-05-24,729.84,733.34,728.05,730.53,,,,
2021-05-25,731.28,731.28,726.63,731.01,,,,
2021-05-26,731.65,732.03,728.2,729.72,,,,
2021-05-27,730.78,733.11,724.4,725.44,,,,
2021-05-28,725.47,728.81,725.37,725.46,,,,
2021-06-01,728.1,730.36,721.15,723.31,,,,
2021-06-02,724.56,727.38,722.77,726.54,,,,
2021-06-03,724.11,730.75,723.34,730.25,,,,
2021-06-04,731.59,734.48,730.51,732.67,,,,
2021-06-07,732.85,733.82,728.2,731.38,,,,
2021-06-08,731.81,732.41,725.02,725.16,,,,
2021-06-09,723.8,727.62,721.95,722.05,,,,
2021-06-10,722.82,728.39,722.82,726.74,,,,
2021-06-11,728.53,728.53,723.87,727.42,,,,
2021-06-14,726.17,726.59,721.72,726.46,,,,
2021-06-15,727.71,728.4,723.96,724.42,,,,
2021-06-16,724.75,725.8,714.97,715.46,,,,
2021-06-17,715.27,719.54,713.58,718.08,,,,
2021-06-18,714.54,714.54,706.08,706.19,,,,
2021-06-21,708.62,714.45,708.62,713.99,,,,
2021-06-22,713.92,718.01,713.05,715.24,,,,
2021-06-23,714.6,714.6,711.12,711.18,,,,
2021-06-24,710.57,714.62,710.1,713.52,,,,
2021-06-25,713.63,719.76,712.85,719.22,,,,
2021-06-28,719.66,721.59,718.06,719.45,,,,
2021-06-29,719.7,721.02,715.3,716.47,,,,
2021-06-30,717.32,722.61,717.32,721.62,,,,
2021-07-01,722.47,724.09,718.79,719.58,,,,
2021-07-02,720.87,724.3,720.87,721.8,,,,
2021-07-06,720.76,721.04,715.58,718.84,,,,
2021-07-07,718.81,725.6,718.72,722.83,,,,
2021-07-08,720.23,723.54,717.76,720.65,,,,
2021-07-09,722.78,726.17,722.31,724.85,,,,
2021-07-12,724.24,724.62,720.52,723.34,,,,
2021-07-13,723.22,727.49,721.72,723.07,,,,
2021-07-14,724.03,730.87,723.33,729.69,,,,
2021-07-15,729.05,732.84,726.81,732.75,,,,
2021-07-16,734.3,736.69,732.81,733.88,,,,
2021-07-19,731.29,736.16,725.15,731.64,,,,
2021-07-20,731.22,738.15,729.14,731.06,,,,
2021-07-21,735.13,735.19,729.37,730.05,,,,
2021-07-22,729.07,730.29,723.7,728.17,,,,
2021-07-23,729.3,738.15,727.8,737.09,,,,
2021-07-26,735.82,739.61,734.29,738.46,,,,
2021-07-27,738.61,743.21,735.89,740.06,,,,
2021-07-28,738.81,739.51,732.42,733.65,,,,
2021-07-29,735.93,739.41,735.69,737.85,,,,
2021-07-30,738.9,742.96,738.05,738.72,,,,
2021-08-02,739.25,740.24,735.64,736.57,,,,
2021-08-03,737.51,741.5,735.33,740.21,,,,
2021-08-04,737.96,739.47,730.55,730.88,,,,
2021-08-05,734.9,736.17,733.09,735.04,,,,
2021-08-06,736.71,737.51,733.26,734.67,,,,
2021-08-09,736.43,738.3,735.12,737,,,,
2021-08-10,738.26,742.5,737.25,742.19,,,,
2021-08-11,744.07,747.59,743.5,744.49,,,,
2021-08-12,744.2,745.18,742.62,743.87,,,,
2021-08-13,744.9,750.76,744.21,749.91,,,,
2021-08-16,750.41,754.88,748.85,754.67,,,,
2021-08-17,753.78,757.76,751.47,755,,,,
2021-08-18,753.36,754.95,745.05,745.38,,,,
2021-08-19,742.41,753.24,741.76,751.74,,,,
2021-08-20,751.85,756.13,749.49,753.12,,,,
2021-08-23,753.47,754.54,750.22,750.45,,,,
2021-08-24,750.55,750.55,743.95,744.78,,,,
2021-08-25,744.11,745.57,741.09,744.05,,,,
2021-08-26,743.75,743.75,738.02,740.33,,,,
2021-08-27,741.11,744.37,738.9,742.89,,,,
2021-08-30,743.18,747.42,742.55,746.86,,,,
2021-08-31,747.07,749.09,745.4,748.14,,,,
2021-09-01,749.32,752.46,747.08,751.91,,,,
2021-09-02,753.09,755.83,752.08,754.64,,,,
2021-09-03,752.65,755.36,750.52,754.28,,,,
2021-09-07,752.65,752.66,745.45,746.11,,,,
2021-09-08,744.95,752.56,744.58,751.89,,,,
2021-09-09,751.06,751.5,746.92,747.33,,,,
2021-09-10,748.45,748.88,743.47,744.81,,,,
2021-09-13,746.7,752.57,744.18,746.07,,,,
2021-09-14,746.46,747.25,740.43,741.57,,,,
2021-09-15,741.49,745.85,739.86,744.55,,,,
2021-09-16,743.64,745.93,735.97,742.06,,,,
2021-09-17,740.73,742.69,737.97,738.16,,,,
2021-09-20,734.13,737.04,724.8,730.41,,,,
2021-09-21,732.18,738.49,728.43,729.61,,,,
2021-09-22,732.89,735.86,730.06,731.5,,,,
2021-09-23,732.83,737.41,731.95,734.33,,,,
2021-09-24,734.12,738.31,733.83,735.86,,,,
2021-09-27,735.43,737.51,731.54,731.89,,,,
2021-09-28,730.46,730.46,719.16,721.74,,,,
2021-09-29,722.13,731.59,721.51,728.04,,,,
2021-09-30,729.43,730.38,714.58,714.58,,,,
2021-10-01,716.49,719.68,709.51,716.41,,,,
2021-10-04,716.01,721.19,708.4,713.86,,,,
2021-10-05,714.7,720.82,714.01,717.3,,,,
2021-10-06,714.89,725.01,712.79,724.49,,,,
2021-10-07,728.4,734.17,726.76,727.54,,,,
2021-10-08,728.21,729.42,725.08,726.43,,,,
2021-10-11,726.58,730.09,725.71,726.17,,,,
2021-10-12,726.88,732.14,724.86,726.44,,,,
2021-10-13,727.49,729.86,721.82,727.91,,,,
2021-10-14,730.38,737.25,730.38,736.16,,,,
2021-10-15,738.63,738.97,732.51,734.91,,,,
2021-10-18,731.96,734.06,726.83,731.43,,,,
2021-10-19,731.52,731.96,726.96,731.84,,,,
2021-10-20,732.68,738.44,732.13,736.3,,,,
2021-10-21,736.78,736.93,733.91,735.12,,,,
2021-10-22,736.09,741.9,736.09,740.73,,,,
2021-10-25,740.95,742.68,735.45,740.87,,,,
2021-10-26,740.29,744.68,740.03,743.04,,,,
2021-10-27,746.19,746.87,738.95,739.17,,,,
2021-10-28,739.63,742.17,738.38,742,,,,
2021-10-29,739.94,743.92,739.27,741.09,,,,
2021-11-01,741.73,743.47,739.07,741.67,,,,
2021-11-02,742.3,748.35,740.43,746.8,,,,
2021-11-03,747.42,753.59,746.69,753.46,,,,
2021-11-04,751.63,756.18,749.45,755.03,,,,
2021-11-05,757.86,760.18,756.42,759.16,,,,
2021-11-08,759.14,759.63,749.21,752.05,,,,
2021-11-09,752.18,755.84,750.3,755.07,,,,
2021-11-10,756,759.03,754.56,757.21,,,,
2021-11-11,757.36,757.9,755.33,757.27,,,,
2021-11-12,758.74,761.09,756.32,757.39,,,,
2021-11-15,758.01,762.1,757.66,761.05,,,,
2021-11-16,760.2,762.74,756.26,756.5,,,,
2021-11-17,756,757.43,753.79,755.04,,,,
2021-11-18,754.03,754.14,749.22,752.34,,,,
2021-11-19,755.2,755.2,749.74,750.13,,,,
2021-11-22,750.57,761.24,750.18,755.94,,,,
2021-11-23,755.97,762.04,754.77,761.2,,,,
2021-11-24,760.5,761.4,755.72,759.03,,,,
2021-11-26,754.7,757.73,747.25,748.44,,,,
2021-11-29,749.48,755.34,746.95,752.33,,,,
2021-11-30,747.64,747.71,731,731.76,,,,
2021-12-01,736.29,743.86,728.64,728.73,,,,
2021-12-02,729.68,739.49,729.66,734.58,,,,
2021-12-03,737.8,744.98,736.9,744.85,,,,
2021-12-06,748.89,759.23,748.89,756.77,,,,
2021-12-07,757.72,762.2,756.82,758.5,,,,
2021-12-08,758.84,760.85,749.02,755.69,,,,
2021-12-09,754.02,759.12,751.58,756.13,,,,
2021-12-10,760.13,771.69,760.13,771.24,,,,
2021-12-13,769.98,783.15,769.71,780.52,,,,
2021-12-14,779.52,781.96,775.03,780.03,,,,
2021-12-15,780.71,790.06,780.67,789.26,,,,
2021-12-16,789.23,796.64,788.53,793.61,,,,
2021-12-17,792.65,794.45,779.96,780.14,,,,
2021-12-20,774.51,780.91,773.88,780.44,,,,
2021-12-21,780.3,781.13,775.26,779.59,,,,
2021-12-22,778.26,783.81,775.36,783.67,,,,
2021-12-23,784.7,787.58,784.07,785.12,,,,
2021-12-27,785.83,793.3,785.83,793.22,,,,
2021-12-28,792.84,798.78,792.84,798.18,,,,
2021-12-29,799.23,803.64,797.64,801.54,,,,
2021-12-30,802.89,804.15,798.57,798.96,,,,
2021-12-31,798.84,805.81,798.12,804.6,,,,
2022-01-03,799.76,804.92,793.34,804.55,,,,
2022-01-04,804.66,811.8,804.41,808.33,,,,
2022-01-05,808.04,815.38,808.04,808.07,,,,
2022-01-06,809.11,813.07,805.72,806.4,,,,
2022-01-07,805.94,810.71,803.21,807.65,,,,
2022-01-10,807.36,807.96,799.12,801.77,,,,
2022-01-11,801.09,801.09,792.44,800.62,,,,
2022-01-12,799.94,801.71,797.35,800.99,,,,
2022-01-13,801.86,804.23,799.17,802.78,,,,
2022-01-14,800.33,805.22,797.33,804.27,,,,
2022-01-18,797.9,798.64,790.36,792.25,,,,
2022-01-19,792.68,803,792.68,797.67,,,,
2022-01-20,795.97,803.04,791.15,791.89,,,,
2022-01-21,794.48,802.17,790.79,792.02,,,,
2022-01-24,789.72,793.8,772.69,789.21,,,,
2022-01-25,784.15,784.95,771.3,780.26,,,,
2022-01-26,778.52,785.07,770.24,775.02,,,,
2022-01-27,777.05,791.83,776.46,779.49,,,,
2022-01-28,776.88,789.13,769.15,788.58,,,,
2022-01-31,785.17,793.01,782.76,792.38,,,,
2022-02-01,791.57,793.94,783.57,791.88,,,,
2022-02-02,792.27,802.28,792.27,801.25,,,,
2022-02-03,798.88,805.26,796.07,801.36,,,,
2022-02-04,799.39,799.71,787.47,791.72,,,,
2022-02-07,794.8,796.37,788.48,792.54,,,,
2022-02-08,793.02,797.7,791.32,795.15,,,,
2022-02-09,796.77,800.76,794.1,795.29,,,,
2022-02-10,791.01,794.6,784.21,787.08,,,,
2022-02-11,789.13,792.4,781.95,784.66,,,,
2022-02-14,784.9,787.23,772.15,782.41,,,,
2022-02-15,785.85,791.91,780.41,783.83,,,,
2022-02-16,783.66,788.28,777.99,785.37,,,,
2022-02-17,782.84,794.62,782.05,792.51,,,,
2022-02-18,791.53,796.71,789.08,793.39,,,,
2022-02-22,793.25,794.54,782,786.77,,,,
2022-02-23,789.14,789.79,779.43,780.29,,,,
2022-02-24,774.58,774.58,752.97,766.96,,,,
2022-02-25,770.02,791.71,770.02,790.89,,,,
2022-02-28,779.76,783.23,771.43,780.49,,,,
2022-03-01,778.83,784.38,771.61,775.79,,,,
2022-03-02,776.6,787.08,774.88,783.54,,,,
2022-03-03,786.13,794.05,786.03,789.16,,,,
2022-03-04,783.33,791.42,777.62,790.3,,,,
2022-03-07,786.26,788.48,774.39,775.53,,,,
2022-03-08,775.42,777.93,754.59,755.07,,,,
2022-03-09,762.78,766.42,756.69,760.07,,,,
2022-03-10,755.86,757.75,746.46,753.27,,,,
2022-03-11,755.21,760.16,743.87,744.6,,,,
2022-03-14,747.62,756,744.42,748.81,,,,
2022-03-15,756.19,766.49,754.08,765.39,,,,
2022-03-16,766.05,770.31,755.67,766.42,,,,
2022-03-17,766.12,772.47,763.74,770.98,,,,
2022-03-18,770.96,773.85,766.66,773.04,,,,
2022-03-21,774.47,780.87,769.72,773.95,,,,
2022-03-22,776.26,780.43,772.83,779.02,,,,
2022-03-23,778.93,780.69,771.24,772.12,,,,
2022-03-24,773.51,776.93,771.79,776.88,,,,
2022-03-25,778.48,784.36,777.5,783.16,,,,
2022-03-28,783.35,786.39,778.82,786.39,,,,
2022-03-29,789.99,795.02,786.74,793.62,,,,
2022-03-30,790.7,794.85,787.61,794.85,,,,
2022-03-31,793.9,797.63,791.46,791.47,,,,
2022-04-01,793.3,802.06,791.77,801.38,,,,
2022-04-04,799.31,799.31,789.8,798.82,,,,
2022-04-05,796.5,807.87,796.5,799.36,,,,
2022-04-06,798.93,811.63,796.19,810.46,,,,
2022-04-07,811.35,821.95,811.15,820,,,,
2022-04-08,822.28,825.97,818.74,823.24,,,,
2022-04-11,824.49,827.62,818.19,819.38,,,,
2022-04-12,819.92,825.07,816.53,819.22,,,,
2022-04-13,819.46,825.91,819.06,824.86,,,,
2022-04-14,826.19,830.37,824.22,824.51,,,,
2022-04-18,822.39,826.01,815.47,817.81,,,,
2022-04-19,818.77,831.16,817.55,829.84,,,,
2022-04-20,832.2,844.23,832.2,841.99,,,,
2022-04-21,843.88,849.55,840.67,841.1,,,,
2022-04-22,843.14,843.87,826.89,827.69,,,,
2022-04-25,829.47,833.3,816.45,831.07,,,,
2022-04-26,830.2,833.41,818.59,818.77,,,,
2022-04-27,821.33,829.59,818.32,820.98,,,,
2022-04-28,821.02,833.8,817.74,832.69,,,,
2022-04-29,831.17,831.4,809.38,810.5,,,,
2022-05-02,815.54,816.93,788.27,800.04,,,,
2022-05-03,799.34,805.23,792.83,798.13,,,,
2022-05-04,798.18,816.45,795.7,815.41,,,,
2022-05-05,813.25,813.25,794.28,799.96,,,,
2022-05-06,798.24,804.78,792.61,799.62,,,,
2022-05-09,795.18,807.2,790.25,800.02,,,,
2022-05-10,803.31,806.19,790.94,793.97,,,,
2022-05-11,794.66,803.96,790.52,791.23,,,,
2022-05-12,791.78,796.82,782.35,790.76,,,,
2022-05-13,793.65,802.74,789.47,802,,,,
2022-05-16,802.22,809.43,798.06,805.64,,,,
2022-05-17,800.67,800.79,789.78,796.36,,,,
2022-05-18,787.24,787.24,743.45,745.55,,,,
2022-05-19,740.23,740.23,726.95,730.82,,,,
2022-05-20,734.87,734.87,721,732.76,,,,
2022-05-23,739.18,750.91,738.77,748.13,,,,
2022-05-24,747.12,761.8,746.99,760.56,,,,
2022-05-25,760.09,763.19,754.62,760.84,,,,
2022-05-26,764.27,773.1,763.62,769.45,,,,
2022-05-27,769.53,777.88,768.95,777.86,,,,
2022-05-31,774.88,777.32,764.35,772.2,,,,
2022-06-01,773.75,773.99,757.02,762.06,,,,
2022-06-02,763.76,772.7,751.11,772.53,,,,
2022-06-03,770.3,772.42,762.98,764.48,,,,
2022-06-06,768.8,772.13,762.36,764.9,,,,
2022-06-07,756.69,769.15,755.24,768.11,,,,
2022-06-08,764.08,765.48,758.07,758.71,,,,
2022-06-09,758.33,765.34,747.08,747.32,,,,
2022-06-10,739.69,750.28,734.52,744.53,,,,
2022-06-13,732.85,738.15,725.54,728.27,,,,
2022-06-14,728.65,730.07,713.61,718.89,,,,
2022-06-15,723.42,729.32,711.74,719.48,,,,
2022-06-16,709.89,719.98,705.68,714.75,,,,
2022-06-17,715.45,719.83,709.03,711.82,,,,
2022-06-21,716.84,732.72,716.84,730.94,,,,
2022-06-22,728.12,735.14,724.76,730.45,,,,
2022-06-23,734.35,745.37,734.35,744.75,,,,
2022-06-24,749.42,758.99,748.34,758.61,,,,
2022-06-27,758.21,760.69,754.59,756.91,,,,
2022-06-28,759.1,763.62,746.07,746.82,,,,
2022-06-29,748.27,753.4,747.67,750.49,,,,
2022-06-30,745.52,753.16,741.43,750.05,,,,
2022-07-01,750.18,761.15,749.22,760.77,,,,
2022-07-05,756.92,758.46,744.26,756.46,,,,
2022-07-06,758.22,763.66,755.81,758.08,,,,
2022-07-07,757.31,759.71,753.94,758.66,,,,
2022-07-08,758.98,763.18,754.98,757.23,,,,
2022-07-11,756.55,761.43,753.66,756.14,,,,
2022-07-12,757.06,763.84,751.26,753.79,,,,
2022-07-13,750.28,760.33,747.35,753.86,,,,
2022-07-14,746.57,756.13,744.23,755.1,,,,
2022-07-15,758.79,762.37,754.92,758.09,,,,
2022-07-18,758.19,760.38,749.54,750.62,,,,
2022-07-19,757.35,759.73,754.66,758.75,,,,
2022-07-20,758.98,759.55,749.66,753.22,,,,
2022-07-21,751.69,757.55,750.25,755.96,,,,
2022-07-22,758.48,763.34,756.88,761.15,,,,
2022-07-25,762.55,766.39,760.53,764.63,,,,
2022-07-26,754.88,761.89,753.1,761.01,,,,
2022-07-27,759.53,768.94,754.3,766.95,,,,
2022-07-28,767.09,780.83,766,779.12,,,,
2022-07-29,770.65,774.63,768.04,773.5,,,,
2022-08-01,772.5,785.58,772.5,782.83,,,,
2022-08-02,783.46,783.68,776.13,777.06,,,,
2022-08-03,776.49,783.3,774.35,781.6,,,,
2022-08-04,780.4,781.61,772.79,775.44,,,,
2022-08-05,771.54,774.56,767.07,774.28,,,,
2022-08-08,777.07,779.65,772.21,773.78,,,,
2022-08-09,776.02,776.18,771.47,773.16,,,,
2022-08-10,779.3,780.88,775.99,778.9,,,,
2022-08-11,781.74,784.16,775.4,776.4,,,,
2022-08-12,779.19,783.78,776.36,783.55,,,,
2022-08-15,783.44,792.34,782.56,791.8,,,,
2022-08-16,795.81,804.67,795.81,801.36,,,,
2022-08-17,798.56,802.51,798.14,799.49,,,,
2022-08-18,799.32,802.49,797.04,801.52,,,,
2022-08-19,800.4,802.55,797.36,798.74,,,,
2022-08-22,795.32,796.3,788.84,789.91,,,,
2022-08-23,786.95,787.58,783.08,786.33,,,,
2022-08-24,787.05,790,785.2,788.21,,,,
2022-08-25,788.33,791.92,785.14,791.8,,,,
2022-08-26,792.92,793.73,771.58,772.14,,,,
2022-08-29,767.74,775.6,765.78,771.04,,,,
2022-08-30,772.28,772.33,761.55,763.4,,,,
2022-08-31,764.95,767.07,758.98,758.98,,,,
2022-09-01,756.68,764.64,753.52,764.38,,,,
2022-09-02,768.2,771.62,750.6,753.74,,,,
2022-09-06,754.04,759.15,747.85,748.96,,,,
2022-09-07,751,763.19,750.84,762.22,,,,
2022-09-08,758.67,763.59,751.97,760.92,,,,
2022-09-09,762.78,773.23,760,768.24,,,,
2022-09-12,770.1,773.84,768.12,771.41,,,,
2022-09-13,765.08,766.16,743.98,745.9,,,,
2022-09-14,747.14,748.73,740.72,745.11,,,,
2022-09-15,744.49,744.66,736.34,738.51,,,,
2022-09-16,737.71,741.31,736.03,740.39,,,,
2022-09-19,738.33,745.52,737.96,745.24,,,,
2022-09-20,741.5,742.86,735.49,741.26,,,,
2022-09-21,746.7,752.96,738.7,738.72,,,,
2022-09-22,738.68,742.33,736.16,737.29,,,,
2022-09-23,733.14,733.14,716.65,724.5,,,,
2022-09-26,722.68,730.9,721.18,724.55,,,,
2022-09-27,727.24,731.7,710.67,711.81,,,,
2022-09-28,715.26,723.78,708.5,720.27,,,,
2022-09-29,719.01,720.23,704.25,708.45,,,,
2022-09-30,710.3,711.14,695.69,695.78,,,,
2022-10-03,699.59,709.64,697.31,707.87,,,,
2022-10-04,712.98,722.33,712.36,718.73,,,,
2022-10-05,715.89,718.03,707.17,714.4,,,,
2022-10-06,713.63,715.44,702.35,703.95,,,,
2022-10-07,702.38,702.77,690.31,693.02,,,,
2022-10-10,695.54,697.89,689.39,695.04,,,,
2022-10-11,695.74,707.63,694.85,701.5,,,,
2022-10-12,707.17,713.34,704.83,704.85,,,,
2022-10-13,696.18,718.87,695.29,716.18,,,,
2022-10-14,719.77,721.37,702.3,703.05,,,,
2022-10-17,708.82,714.61,708.82,710.88,,,,
2022-10-18,719.43,725.24,716.35,720.21,,,,
2022-10-19,719.73,725.09,714.56,717.44,,,,
2022-10-20,716.77,718.47,706.55,707.22,,,,
2022-10-21,707.24,719.91,704.72,718.21,,,,
2022-10-24,723.53,732.73,721.83,731.08,,,,
2022-10-25,732.54,741.31,728.7,740.34,,,,
2022-10-26,742.68,750.6,739.85,745.15,,,,
2022-10-27,747.02,750.39,744.57,745.43,,,,
2022-10-28,747.54,763.53,746.84,761.97,,,,
2022-10-31,760.07,761.83,755.73,757.25,,,,
2022-11-01,759.29,762.85,752.55,755.15,,,,
2022-11-02,755.51,760.93,741.79,742.08,,,,
2022-11-03,736.67,743.03,734.62,739.6,,,,
2022-11-04,747.08,752.31,738.32,748.01,,,,
2022-11-07,749.21,756.18,748.49,754.52,,,,
2022-11-08,755.89,761.64,749.49,757.1,,,,
2022-11-09,756.25,759.81,748.03,748.54,,,,
2022-11-10,760.25,768.29,753.9,766.93,,,,
2022-11-11,768.45,768.88,754.11,765.85,,,,
2022-11-14,766.03,771.29,758.73,758.89,,,,
2022-11-15,769.52,772.87,761.69,767.14,,,,
2022-11-16,769.4,774.71,768.86,770.67,,,,
2022-11-17,766.16,770.98,764.57,770.79,,,,
2022-11-18,776.65,779.9,773.89,778.78,,,,
2022-11-21,780.6,787.58,779.26,786.39,,,,
2022-11-22,791.73,792.43,789.24,792.03,,,,
2022-11-23,793.56,795.99,791.83,794.68,,,,
2022-11-25,794.82,795.71,793.73,795.14,,,,
2022-11-28,793.61,796.89,791.67,792.68,,,,
2022-11-29,790.85,791.87,785.56,789.76,,,,
2022-11-30,787.79,804.18,784.18,804.18,,,,
2022-12-01,801.6,802.35,796.44,800.38,,,,
2022-12-02,794.98,804.75,793.66,803.89,,,,
2022-12-05,795.9,796.38,792.28,794.23,,,,
2022-12-06,796,797.72,785.02,788.85,,,,
2022-12-07,790.08,793.72,788.98,791.81,,,,
2022-12-08,790.5,795.38,789.08,795.26,,,,
2022-12-09,792.92,794.79,788.96,789.18,,,,
2022-12-12,791.28,797.56,788.28,797.34,,,,
2022-12-13,806.73,806.73,791.57,796.01,,,,
2022-12-14,797.67,803.24,791.15,795.43,,,,
2022-12-15,789.54,790.92,776.34,782.22,,,,
2022-12-16,777.64,780.58,771.71,778.1,,,,
2022-12-19,778.86,784.09,773.02,777.78,,,,
2022-12-20,776.21,780.34,772.99,777.64,,,,
2022-12-21,779.77,786.8,779.41,784.02,,,,
2022-12-22,781.98,782.12,773.23,781.76,,,,
2022-12-23,781.59,786.27,779.51,785.87,,,,
2022-12-27,788.36,790.96,785.3,789.55,,,,
2022-12-28,791.3,792.56,779.43,779.62,,,,
2022-12-29,782.54,785.37,781.45,782.78,,,,
2022-12-30,781.17,781.55,773.41,779.13,,,,
2023-01-03,779.97,779.97,768.77,777.29,,,,
2023-01-04,778.42,783.93,774.62,779.53,,,,
2023-01-05,777.34,778.4,770.22,771.85,,,,
2023-01-06,779.77,795.62,779.77,792.74,,,,
2023-01-09,791.53,797.27,784.44,784.59,,,,
2023-01-10,785.16,786.32,780.68,783.33,,,,
2023-01-11,786.24,788.12,777.19,783.83,,,,
2023-01-12,785.25,785.69,775.8,777.62,,,,
2023-01-13,775.76,781.4,775.42,781.2,,,,
2023-01-17,783.43,787.83,780.39,781.17,,,,
2023-01-18,778.89,779.26,759.43,760.45,,,,
2023-01-19,760.38,760.6,752.6,752.72,,,,
2023-01-20,753.24,758.9,748.17,758.85,,,,
2023-01-23,759.88,765.18,757.99,761.11,,,,
2023-01-24,767.08,768.16,756.72,764.03,,,,
2023-01-25,760.57,766.2,756.07,766.19,,,,
2023-01-26,765.91,765.91,761.54,764.07,,,,
2023-01-27,763.7,765.78,758.5,762.14,,,,
2023-01-30,761.35,767.97,761.11,762.71,,,,
2023-01-31,764.61,770.92,762.15,770.91,,,,
2023-02-01,769.96,780.35,766.99,776.77,,,,
2023-02-02,773.67,775.23,766.73,770.11,,,,
2023-02-03,771.47,771.76,761.55,766.84,,,,
2023-02-06,766.19,768.41,764.36,767.03,,,,
2023-02-07,761.07,765.51,756.35,764.28,,,,
2023-02-08,760.7,761.19,756.99,757.91,,,,
2023-02-09,763.37,764.94,754.59,755.67,,,,
2023-02-10,757.28,763.09,753.96,762.7,,,,
2023-02-13,764.99,771.77,764.99,771.64,,,,
2023-02-14,771.06,771.26,762.05,764.47,,,,
2023-02-15,762.94,765.96,759.66,765.89,,,,
2023-02-16,760.54,764.57,755.84,759.8,,,,
2023-02-17,760.04,769.9,759.59,769.6,,,,
2023-02-21,765.69,770.81,762.69,767.01,,,,
2023-02-22,767.98,772.45,762.96,764.96,,,,
2023-02-23,765.66,767.3,758.8,763.31,,,,
2023-02-24,758.55,759.88,753.78,758.81,,,,
2023-02-27,762.23,764.16,755.9,757.41,,,,
2023-02-28,753.96,755.86,751.09,751.73,,,,
2023-03-01,749.12,750,740.32,746.03,,,,
2023-03-02,745.46,756.77,744.86,755.09,,,,
2023-03-03,754.61,756.5,749.13,755.69,,,,
2023-03-06,753.87,759.03,753.74,758.17,,,,
2023-03-07,758.94,760.78,749.33,750.78,,,,
2023-03-08,750.47,752.37,747.12,751.67,,,,
2023-03-09,754.76,755.31,742.54,744.56,,,,
2023-03-10,746.14,748.91,738.23,741.17,,,,
2023-03-13,740.56,755.65,740.56,744.68,,,,
2023-03-14,746.79,751.29,743.79,750.65,,,,
2023-03-15,745.98,756.48,744.59,755.75,,,,
2023-03-16,754.24,756.02,750.08,755.19,,,,
2023-03-17,754.91,755.03,746.65,750.63,,,,
2023-03-20,753.8,761.28,753.8,760.78,,,,
2023-03-21,763.1,763.41,754.63,759.84,,,,
2023-03-22,759.96,763.71,752.31,752.38,,,,
2023-03-23,753.13,756.38,746.26,749.13,,,,
2023-03-24,750.92,761.96,750.65,761.34,,,,
2023-03-27,764.8,768.98,764.8,765.48,,,,
2023-03-28,766.2,771.2,766.01,767.18,,,,
2023-03-29,771.44,771.74,769.34,771.29,,,,
2023-03-30,774.22,775.99,771.47,773.93,,,,
2023-03-31,777.72,780.43,776.75,780.38,,,,
2023-04-03,781.06,785.93,778.24,784.39,,,,
2023-04-04,784.63,787.22,781.03,782.48,,,,
2023-04-05,785.28,789.72,785.28,786.82,,,,
2023-04-06,784.89,788.89,782.72,787.45,,,,
2023-04-10,784.46,787.36,780.04,787.34,,,,
2023-04-11,788.44,791.45,788.16,789.24,,,,
2023-04-12,788.74,791.9,784.83,785.7,,,,
2023-04-13,786.56,790.64,782.77,790.06,,,,
2023-04-14,788.35,791.42,783.26,785.47,,,,
2023-04-17,787.67,790.14,785.82,790.1,,,,
2023-04-18,790.44,793.36,787.87,792.68,,,,
2023-04-19,794.11,794.62,790.36,792.29,,,,
2023-04-20,788.81,794.81,788.67,792.75,,,,
2023-04-21,799.42,802.85,796.93,798.68,,,,
2023-04-24,799.89,802.51,799.47,801.87,,,,
2023-04-25,802.96,807.19,800.19,800.94,,,,
2023-04-26,796.85,800.22,794.4,795.05,,,,
2023-04-27,794.14,803.88,794.14,803.31,,,,
2023-04-28,804.52,808.53,803.61,807.2,,,,
2023-05-01,806.85,811.16,805.74,807.92,,,,
2023-05-02,807,807.4,797.12,805.32,,,,
2023-05-03,803.14,805.81,798.65,798.98,,,,
2023-05-04,800.28,800.41,794,796.63,,,,
2023-05-05,797.12,804.55,796.91,803.74,,,,
2023-05-08,802.17,802.68,799.02,801.94,,,,
2023-05-09,801.05,801.97,797.97,799.5,,,,
2023-05-10,800.58,803.21,792.7,798.32,,,,
2023-05-11,798.79,801.15,793.75,800.82,,,,
2023-05-12,800.86,803.9,799.7,803.68,,,,
2023-05-15,805.67,805.92,798.11,801.49,,,,
2023-05-16,798.98,799.71,793.23,794.47,,,,
2023-05-17,796.1,796.53,788.96,793.66,,,,
2023-05-18,790.71,792.12,785.15,790.14,,,,
2023-05-19,791.76,792.19,786.98,790.19,,,,
2023-05-22,789.8,789.8,777.94,778.59,,,,
2023-05-23,776.58,776.58,771.93,773.06,,,,
2023-05-24,773.43,773.68,767.33,768.05,,,,
2023-05-25,762.06,764.78,756.94,762.16,,,,
2023-05-26,761.29,765.94,758.95,764.84,,,,
2023-05-30,760.46,762.27,754.13,756.55,,,,
2023-05-31,757.32,761.36,753.47,757.09,,,,
2023-06-01,756.05,757.81,752.7,756.44,,,,
2023-06-02,757.23,767.4,756.84,766.99,,,,
2023-06-05,766.23,771.13,762.9,764.31,,,,
2023-06-06,765.07,766.12,756.27,760.72,,,,
2023-06-07,756.93,760.33,753.97,758.22,,,,
2023-06-08,758.5,764.03,757.8,763.84,,,,
2023-06-09,762.04,765.14,760,762.95,,,,
2023-06-12,764.01,764.5,759.2,763,,,,
2023-06-13,762.14,767.32,761.28,766.19,,,,
2023-06-14,768.71,772.97,767.12,770.46,,,,
2023-06-15,772.81,779.5,771.35,777.63,,,,
2023-06-16,779.44,782.24,777.5,777.99,,,,
2023-06-20,778.66,779.31,772.12,772.16,,,,
2023-06-21,771.68,777.48,769.27,775.15,,,,
2023-06-22,779.75,779.97,776.2,779.13,,,,
2023-06-23,779.34,779.47,773.95,774.52,,,,
2023-06-26,774,775.59,768.94,774.79,,,,
2023-06-27,774.05,778.14,773.23,777.41,,,,
2023-06-28,775.13,775.13,768.84,772.81,,,,
2023-06-29,769.89,772.76,766.55,771.63,,,,
2023-06-30,773.46,779.93,773.46,778.82,,,,
2023-07-03,777.13,784.19,775.65,784.19,,,,
2023-07-05,781.88,784.09,780.66,783.46,,,,
2023-07-06,779.45,781.66,777.5,780.76,,,,
2023-07-07,778.09,778.52,770.03,770.3,,,,
2023-07-10,772.46,777.88,769.73,770.56,,,,
2023-07-11,771.21,772.82,767.01,771.61,,,,
2023-07-12,773.83,775.63,771.89,773.42,,,,
2023-07-13,774.75,778.16,771.81,776.83,,,,
2023-07-14,776.81,780.75,774.84,779.52,,,,
2023-07-17,776.93,779.55,774.44,777.21,,,,
2023-07-18,776.79,782.88,774.07,776.21,,,,
2023-07-19,778.09,784.34,778.09,783.42,,,,
2023-07-20,784.49,790.77,782.46,789.64,,,,
2023-07-21,791.26,794.59,790.12,792.31,,,,
2023-07-24,792.88,796.81,791.61,795.36,,,,
2023-07-25,795.9,795.93,791.44,794.95,,,,
2023-07-26,793.67,798.92,792.39,796.63,,,,
2023-07-27,798.14,799.86,790.09,790.16,,,,
2023-07-28,796.32,801.16,796.07,797.98,,,,
2023-07-31,797.46,799.4,791.49,794.32,,,,
2023-08-01,794.29,796.29,789.7,790.27,,,,
2023-08-02,787.96,797.63,787.96,792.25,,,,
2023-08-03,792.19,794.07,790.12,790.9,,,,
2023-08-04,792.08,793.68,782.12,782.82,,,,
2023-08-07,785.34,790.44,784.76,789.49,,,,
2023-08-08,789.63,789.88,782.1,784.29,,,,
2023-08-09,784.27,789.53,783.61,785.3,,,,
2023-08-10,787.81,792.53,782.66,783.7,,,,
2023-08-11,784.12,786.95,782.29,785.16,,,,
2023-08-14,787.14,788.22,779.67,781.06,,,,
2023-08-15,779.14,780.14,772.47,773.12,,,,
2023-08-16,776.64,777.95,770,770.97,,,,
2023-08-17,772.28,773.03,761.64,763.15,,,,
2023-08-18,761.68,767.52,761.14,765.98,,,,
2023-08-21,764.15,765.49,758.05,761.08,,,,
2023-08-22,758.57,759.49,756,757.05,,,,
2023-08-23,759.63,761.79,758.42,761.79,,,,
2023-08-24,760.14,766.27,755.82,755.92,,,,
2023-08-25,758.28,762.02,755.46,760.16,,,,
2023-08-28,762.85,764.93,761.12,763.63,,,,
2023-08-29,764.84,767.08,759.98,766.77,,,,
2023-08-30,768.01,770.15,765.85,768.11,,,,
2023-08-31,764.91,767.72,763.91,763.99,,,,
2023-09-01,766.41,766.99,755.08,757.65,,,,
2023-09-05,757.29,759.25,751.25,751.36,,,,
2023-09-06,750.93,752.26,748.41,749.91,,,,
2023-09-07,752.54,754.81,749.4,752.45,,,,
2023-09-08,752.16,753.69,750.72,753.62,,,,
2023-09-11,755.64,760.65,755.19,759.88,,,,
2023-09-12,760.51,760.91,753.43,754.5,,,,
2023-09-13,755.3,758.36,753.78,756.43,,,,
2023-09-14,757.45,763.33,757.07,762.61,,,,
2023-09-15,761.42,763.8,756.11,756.39,,,,
2023-09-18,759.04,759.04,753.52,757.03,,,,
2023-09-19,756.34,756.55,751.44,755.14,,,,
2023-09-20,757.29,761.03,753.93,756.31,,,,
2023-09-21,755.47,756.09,746.22,746.41,,,,
2023-09-22,746.83,748.31,742.24,742.89,,,,
2023-09-25,741.23,741.67,736.3,739.72,,,,
2023-09-26,736.86,737.76,732.67,733.06,,,,
2023-09-27,731.72,734.49,723.75,727.42,,,,
2023-09-28,728.87,731.23,726.27,729.21,,,,
2023-09-29,732.21,732.93,723.5,727.36,,,,
2023-10-02,726.35,726.75,717.77,722.67,,,,
2023-10-03,720.74,724.09,716.62,717.62,,,,
2023-10-04,719.37,723.32,715.14,722.87,,,,
2023-10-05,721.91,721.99,707.45,707.91,,,,
2023-10-06,704.2,706.69,688.51,704.51,,,,
2023-10-09,702.72,704.98,696.47,704.98,,,,
2023-10-10,710.02,715.94,708.83,712.57,,,,
2023-10-11,714.66,716.61,704.35,708.01,,,,
2023-10-12,709.48,709.54,697.57,699.88,,,,
2023-10-13,700.65,706.95,700.06,705.78,,,,
2023-10-16,710.04,715.16,707.16,712.68,,,,
2023-10-17,710.89,717.38,710.8,716.29,,,,
2023-10-18,719.65,724.12,717.64,719.09,,,,
2023-10-19,719,720.4,712.85,713.52,,,,
2023-10-20,715.31,717.85,710.73,710.82,,,,
2023-10-23,709.37,714.03,707.2,708.88,,,,
2023-10-24,710.99,716.86,710.77,715.66,,,,
2023-10-25,714.76,721,712.67,717.99,,,,
2023-10-26,718.8,720.72,713.27,713.48,,,,
2023-10-27,712.66,714.49,701.73,703.8,,,,
2023-10-30,707.51,716.08,707.29,714.73,,,,
2023-10-31,716,718.06,712.02,717.39,,,,
2023-11-01,718.46,719.58,713.14,716.98,,,,
2023-11-02,718.37,726.8,716.21,725.98,,,,
2023-11-03,731.14,732.61,726.32,726.66,,,,
2023-11-06,726.49,730.61,726.3,727.93,,,,
2023-11-07,728.07,732.29,727.01,729.45,,,,
2023-11-08,730.68,731.86,724.49,726.37,,,,
2023-11-09,727.6,727.62,721.73,723.45,,,,
2023-11-10,725.57,729.03,721.04,728.23,,,,
2023-11-13,727.88,732.64,727.86,730.89,,,,
2023-11-14,733.95,739.61,733.65,737.43,,,,
2023-11-15,741.76,743.8,740.26,742.58,,,,
2023-11-16,735.5,737.97,732.24,733.69,,,,
2023-11-17,734.56,734.56,730.2,732.38,,,,
2023-11-20,731.04,733.68,729.39,732.32,,,,
2023-11-21,733.41,735.38,729.45,734.9,,,,
2023-11-22,737.16,740.59,736.71,740.11,,,,
2023-11-24,741.5,743.58,741.11,742.94,,,,
2023-11-27,743.17,743.74,740.63,741.16,,,,
2023-11-28,741.04,746.3,740.92,744.14,,,,
2023-11-29,744.62,744.62,737.37,738.13,,,,
2023-11-30,737.66,744.52,732.99,744.26,,,,
2023-12-01,744.25,747.27,741.57,747.05,,,,
2023-12-04,744.61,750.31,744.61,747.79,,,,
2023-12-05,747.39,748.3,741.19,741.87,,,,
2023-12-06,740.76,741.77,736.89,740.2,,,,
2023-12-07,742.01,744.87,739.14,742.59,,,,
2023-12-08,741.75,741.81,736.46,737.75,,,,
2023-12-11,742.3,745.14,740.67,744.87,,,,
2023-12-12,746.63,747.27,743.25,747.17,,,,
2023-12-13,747.69,760.76,745.46,760.76,,,,
2023-12-14,760.93,761.97,748.94,749.45,,,,
2023-12-15,748.49,751.68,746.78,749.43,,,,
2023-12-18,752.69,760.37,751.52,757.52,,,,
2023-12-19,757.13,759.64,755.75,759.22,,,,
2023-12-20,753.07,755.03,743.63,743.89,,,,
2023-12-21,747.1,749.25,742.82,749.01,,,,
2023-12-22,750.55,755.85,749.87,754.16,,,,
2023-12-26,753.19,759.28,753.08,757.5,,,,
2023-12-27,757.12,761.01,756.97,760.86,,,,
2023-12-28,760.06,762.17,758.85,761.08,,,,
2023-12-29,760.25,762.96,759.35,762.32,,,,
2024-01-02,760.66,772.16,759.83,771.02,,,,
2024-01-03,772.26,773.32,764.36,765.53,,,,
2024-01-04,764.6,769.37,763.25,764.4,,,,
2024-01-05,765.22,767.05,757.72,762.55,,,,
2024-01-08,763.24,768.18,762.36,767.99,,,,
2024-01-09,764.69,769.84,762.65,769.84,,,,
2024-01-10,769.49,773.03,766.61,768.87,,,,
2024-01-11,768.27,769.3,763.69,768.72,,,,
2024-01-12,772.41,772.88,768.69,771.38,,,,
2024-01-16,771.07,772.05,764.4,767.65,,,,
2024-01-17,765.22,769.38,764.71,766.7,,,,
2024-01-18,762.67,766.29,759.78,765.87,,,,
2024-01-19,765.77,766.19,759.6,763.37,,,,
2024-01-22,760.32,763.03,758.72,759.82,,,,
2024-01-23,763.57,768.92,763.57,768.01,,,,
2024-01-24,767.37,767.37,758.33,758.56,,,,
2024-01-25,761.21,765.62,758.49,765.57,,,,
2024-01-26,768.12,770.57,767.51,769.72,,,,
2024-01-29,771.21,774.24,768.69,773.75,,,,
2024-01-30,773,778.66,770.05,778.06,,,,
2024-01-31,779.4,780.53,772.07,772.8,,,,
2024-02-01,773.08,788.13,770.81,788.04,,,,
2024-02-02,786.63,789.47,782.31,786.09,,,,
2024-02-05,784.42,786.66,781.08,781.41,,,,
2024-02-06,781.2,783.68,778.88,783.19,,,,
2024-02-07,786.16,786.41,782,782.59,,,,
2024-02-08,781.56,785.41,778.97,782.31,,,,
2024-02-09,779.82,779.82,774.25,775.65,,,,
2024-02-12,775.22,780.8,772.19,780.57,,,,
2024-02-13,779.91,782.14,767.97,772.89,,,,
2024-02-14,771.77,772.12,767.37,771.4,,,,
2024-02-15,773.31,776.74,773.19,775.57,,,,
2024-02-16,774.2,780.68,771.83,776.82,,,,
2024-02-20,782.95,790.62,782.78,785.59,,,,
2024-02-21,788.04,789.08,784.29,787.84,,,,
2024-02-22,784.94,791.6,781.95,790.78,,,,
2024-02-23,792.06,797.44,790.13,793.18,,,,
2024-02-26,793.87,794.14,789.91,790.88,,,,
2024-02-27,789.98,791.43,788.71,790.75,,,,
2024-02-28,790.03,792.4,788.35,791.46,,,,
2024-02-29,793.21,793.85,787.73,789.2,,,,
2024-03-01,786.65,789.81,783.83,788.91,,,,
2024-03-04,787.21,790.89,785.92,789.81,,,,
2024-03-05,794.44,797.73,790.79,792.53,,,,
2024-03-06,795.58,800.31,795.58,798.89,,,,
2024-03-07,802.71,803.86,800.21,802.83,,,,
2024-03-08,796.65,798.78,793.6,796.14,,,,
2024-03-11,796.14,801.54,795.67,800.76,,,,
2024-03-12,802.16,807.92,801.87,805.84,,,,
2024-03-13,806.6,807.99,804.47,806.88,,,,
2024-03-14,807.05,807.62,798.27,800.6,,,,
2024-03-15,796.64,800.79,796.64,799.72,,,,
2024-03-18,800.81,808.78,800.81,806.26,,,,
2024-03-19,807.65,809.7,806.95,809.1,,,,
2024-03-20,809.21,811.42,806.99,810.99,,,,
2024-03-21,810.99,814.25,808.47,811.31,,,,
2024-03-22,811.96,811.96,806.75,806.75,,,,
2024-03-25,806.82,808.57,803.17,804.58,,,,
2024-03-26,804.83,807.16,804.41,805.07,,,,
2024-03-27,808.43,812.84,808.43,812.84,,,,
2024-03-28,815.69,816.47,813.27,814.23,,,,
2024-04-01,814.18,815.31,807.81,807.99,,,,
2024-04-02,807.37,808.65,801.93,803.36,,,,
2024-04-03,802.26,802.73,793.18,794.53,,,,
2024-04-04,798.57,799.23,790.07,790.75,,,,
2024-04-05,789.79,794.64,788.52,792.47,,,,
2024-04-08,790.66,793.86,790.66,791.04,,,,
2024-04-09,793.17,795.26,788.97,795.11,,,,
2024-04-10,788.9,793.29,786.52,792.37,,,,
2024-04-11,795.65,796.16,787.83,790.16,,,,
2024-04-12,787.09,789.05,781.84,782.99,,,,
2024-04-15,787.46,789.08,778.25,779.45,,,,
2024-04-16,780.85,782.29,778.25,780.01,,,,
2024-04-17,784.73,785.57,779.3,783.56,,,,
2024-04-18,785.57,788.21,783.64,786.8,,,,
2024-04-19,786.46,794.64,784.85,794.27,,,,
2024-04-22,796.8,803.94,792.35,801.71,,,,
2024-04-23,803.13,804.09,799.78,802.95,,,,
2024-04-24,798.38,811.31,793.71,810.38,,,,
2024-04-25,813.4,816.28,805.54,808.02,,,,
2024-04-26,805.35,810.82,805.13,806.49,,,,
2024-04-29,807.43,808.92,803.96,808.88,,,,
2024-04-30,807.8,808.13,803.33,805.51,,,,
2024-05-01,803.61,806.63,797.22,800.59,,,,
2024-05-02,803.11,810.01,800.18,806.96,,,,
2024-05-03,807.07,811.31,803.06,809.66,,,,
2024-05-06,811.65,812.01,805.27,810.3,,,,
2024-05-07,814.26,819.46,813.34,819.1,,,,
2024-05-08,819.54,820.64,815.72,816.85,,,,
2024-05-09,816.98,823.17,816.69,823.06,,,,
2024-05-10,823.13,829.07,822.6,828.29,,,,
2024-05-13,830.22,832.17,824.54,826.01,,,,
2024-05-14,826.85,827.64,820.03,824.17,,,,
2024-05-15,823.72,825.93,823.4,824.35,,,,
2024-05-16,832.09,838.81,830.62,836.57,,,,
2024-05-17,836.54,836.54,832.78,834.43,,,,
2024-05-20,833.38,833.64,828.02,828.73,,,,
2024-05-21,831.07,834.06,829.57,833.68,,,,
2024-05-22,829.18,833.86,827.22,831.52,,,,
2024-05-23,828.45,830.04,821.03,821.55,,,,
2024-05-24,824.43,826.43,823,823.43,,,,
2024-05-28,820.4,822.23,813.29,816.48,,,,
2024-05-29,812.6,814.83,809.98,810.32,,,,
2024-05-30,811.53,814.48,810.61,812.39,,,,
2024-05-31,810.28,824.86,807.65,824.23,,,,
2024-06-03,821.4,828,819.6,824.2,,,,
2024-06-04,824.35,833.16,822.75,831.89,,,,
2024-06-05,831.97,832.16,823.93,830.07,,,,
2024-06-06,830.35,835.77,828.19,833.01,,,,
2024-06-07,831.89,834.05,827.05,828.01,,,,
2024-06-10,828.71,829.21,821.33,826.2,,,,
2024-06-11,824.53,825.38,819.18,825.38,,,,
2024-06-12,826.75,826.78,814.9,817.13,,,,
2024-06-13,815.93,818.4,812.92,817.99,,,,
2024-06-14,814.97,818.19,812.53,818.05,,,,
2024-06-17,816.2,827.47,813.9,826.15,,,,
2024-06-18,825.26,828.1,823.67,826.87,,,,
2024-06-20,825.87,829.56,823.37,825.12,,,,
2024-06-21,826.64,830.84,824.58,825.33,,,,
2024-06-24,827.24,835.09,825.6,833.57,,,,
2024-06-25,831.35,832.26,825.8,828.17,,,,
2024-06-26,823.34,829.31,821.67,827.8,,,,
2024-06-27,827.62,828.08,820.53,823.67,,,,
2024-06-28,822.41,824.5,817.81,819.86,,,,
2024-07-01,823.2,827.25,813.31,814.34,,,,
2024-07-02,814.82,819.62,812.52,819.4,,,,
2024-07-03,817.59,821.14,816.02,818.44,,,,
2024-07-05,818.48,828.9,816.95,828.34,,,,
2024-07-08,828.63,829.51,824.58,826.58,,,,
2024-07-09,826.98,828.32,824.29,824.63,,,,
2024-07-10,825.02,828.59,824.14,828.34,,,,
2024-07-11,826.5,828.42,822.53,825.46,,,,
2024-07-12,829.26,833.77,826.42,828.96,,,,
2024-07-15,829.43,830.4,823.55,823.95,,,,
2024-07-16,824.24,831.88,823.38,831.75,,,,
2024-07-17,834.18,844.71,833.73,843.66,,,,
2024-07-18,840.15,847.77,839.38,839.6,,,,
2024-07-19,841.36,841.64,834.43,836.42,,,,
2024-07-22,838.29,838.29,832.2,836.12,,,,
2024-07-23,837.81,839.46,832.78,833.47,,,,
2024-07-24,831.94,834.66,827.57,833.79,,,,
2024-07-25,836.87,845.33,833.51,833.54,,,,
2024-07-26,835.59,842.02,834.33,840.98,,,,
2024-07-29,840.59,843.25,835.3,841.57,,,,
2024-07-30,839.12,839.19,828.19,836.01,,,,
2024-07-31,836.02,839.88,831.24,834.36,,,,
2024-08-01,835.86,844.58,833.68,843.46,,,,
2024-08-02,850.1,855.85,834.44,850.74,,,,
2024-08-05,846.86,850.75,830.53,834.25,,,,
2024-08-06,836.82,847.88,836.46,838.82,,,,
2024-08-07,840.96,850.76,838.88,839.21,,,,
2024-08-08,837.22,848.15,836.28,846.66,,,,
2024-08-09,845.83,849.7,841.65,848.26,,,,
2024-08-12,848.01,848.8,842.05,844.01,,,,
2024-08-13,844.47,848.25,839.98,847.87,,,,
2024-08-14,846.79,854.06,845.91,851.72,,,,
2024-08-15,863.29,865.4,857.45,860.14,,,,
2024-08-16,858.32,862.48,857.34,861.82,,,,
2024-08-19,862.74,866.63,862.48,864.59,,,,
2024-08-20,864.45,869.27,863.07,869.19,,,,
2024-08-21,875.77,880.63,872.08,874.6,,,,
2024-08-22,876.65,876.65,869.5,873.61,,,,
2024-08-23,875.78,875.9,870.05,875.63,,,,
2024-08-26,877.71,883.61,876.8,881.94,,,,
2024-08-27,884.32,885.72,880.94,883.9,,,,
2024-08-28,885.14,885.33,877.03,880.28,,,,
2024-08-29,880.43,880.56,874.46,876.13,,,,
2024-08-30,877.53,883.38,875.1,882.6,,,,
2024-09-03,881.94,892.46,881.87,889.32,,,,
2024-09-04,890.21,894.45,887.03,893.91,,,,
2024-09-05,894.88,895.46,886.11,890.29,,,,
2024-09-06,890.22,893.29,887.01,887.5,,,,
2024-09-09,888.52,896.74,886.47,894.77,,,,
2024-09-10,894.76,898.92,892.84,894.81,,,,
2024-09-11,892.94,892.94,878.73,886.91,,,,
2024-09-12,885.94,893.15,883.66,891.87,,,,
2024-09-13,891.51,898.26,890.14,897.32,,,,
2024-09-16,901.66,903.36,896.03,899.94,,,,
2024-09-17,898.63,899.61,890.48,891.56,,,,
2024-09-18,891.25,895.52,884.1,887.62,,,,
2024-09-19,890.63,890.63,881.11,882.51,,,,
2024-09-20,882.25,886.62,879.56,886.21,,,,
2024-09-23,885.29,894.75,883.81,891.23,,,,
2024-09-24,889.26,892.14,886.78,887.83,,,,
2024-09-25,891.14,892.31,885.64,887.53,,,,
2024-09-26,885.43,891.55,884.3,887.13,,,,
2024-09-27,887.41,891.59,885.42,887,,,,
2024-09-30,890.58,892.65,884.04,887.78,,,,
2024-10-01,888.18,889.54,882.26,885.4,,,,
2024-10-02,881.78,881.78,876.4,878.48,,,,
2024-10-03,875.67,875.94,868.84,871.08,,,,
2024-10-04,867.84,873.63,867.5,873.04,,,,
2024-10-07,872.2,872.54,862.6,863.46,,,,
2024-10-08,864.89,870.02,862.94,869.27,,,,
2024-10-09,869.77,876.57,868.47,876.07,,,,
2024-10-10,876.87,876.99,869.16,871.38,,,,
2024-10-11,873.5,876.77,869.91,875.91,,,,
2024-10-14,876.39,880.38,874.9,879.57,,,,
2024-10-15,881.94,891.93,881.65,885.24,,,,
2024-10-16,881.31,884.4,879.86,883.36,,,,
2024-10-17,884.66,885.88,877.39,879.76,,,,
2024-10-18,877.02,882.05,874.44,881.31,,,,
2024-10-21,881.28,882.15,873.42,874.17,,,,
2024-10-22,874.63,883.35,873.86,882.24,,,,
2024-10-23,876.6,882.15,875.89,881.16,,,,
2024-10-24,880.71,882.31,876.8,879.25,,,,
2024-10-25,879.96,880.76,871.65,872.55,,,,
2024-10-28,875.17,876.89,872.97,873.55,,,,
2024-10-29,869.9,871.38,864.76,865.16,,,,
2024-10-30,862.9,866.84,861.55,862.88,,,,
2024-10-31,860.99,866.52,860.73,861.7,,,,
2024-11-01,863.18,864.38,860.37,861.13,,,,
2024-11-04,862.7,865.59,860.89,863.53,,,,
2024-11-05,861.79,869.59,861.18,869.49,,,,
2024-11-06,871.86,871.86,852.44,855.82,,,,
2024-11-07,857.41,863.62,856.43,858.99,,,,
2024-11-08,860.56,874.43,860.05,871.43,,,,
2024-11-11,869.96,877.41,866.1,866.77,,,,
2024-11-12,868.99,871.23,866.15,867.59,,,,
2024-11-13,866.34,871.03,865.07,869.99,,,,
2024-11-14,868.13,873.04,867.09,868.07,,,,
2024-11-15,866.56,867.2,860.15,860.88,,,,
2024-11-18,862.59,868.02,861.06,866.57,,,,
2024-11-19,868.58,872.16,864.02,869.49,,,,
2024-11-20,864.34,868.08,860.31,867.9,,,,
2024-11-21,868.91,879.67,867.12,878.64,,,,
2024-11-22,882.96,888.26,882.76,887.58,,,,
2024-11-25,892.92,895.03,887.42,890.83,,,,
2024-11-26,892.18,897.44,890.72,896.6,,,,
2024-11-27,899.78,902.59,895.54,897.19,,,,
2024-11-29,895.74,901.85,894.98,900.88,,,,
2024-12-02,900.36,900.99,894.41,899.98,,,,
2024-12-03,900.51,900.51,894.26,895.8,,,,
2024-12-04,892.23,894.68,889.52,894.29,,,,
2024-12-05,895.16,899.9,893.07,897.8,,,,
2024-12-06,897.92,902.44,893.65,893.89,,,,
2024-12-09,893.75,895.54,887.79,889.44,,,,
2024-12-10,888.12,895.67,886.27,893.85,,,,
2024-12-11,896.03,899.52,887.56,888.24,,,,
2024-12-12,894.71,895.01,888.76,889.8,,,,
2024-12-13,886.29,893.6,882.25,888.06,,,,
2024-12-16,888.16,893.61,884.42,884.83,,,,
2024-12-17,882.66,887.86,882.06,883.73,,,,
2024-12-18,879.46,883.02,870.71,871.03,,,,
2024-12-19,870.32,874.2,864.51,864.62,,,,
2024-12-20,861.77,871.88,860.14,865.68,,,,
2024-12-23,862.92,863.88,852.13,860.74,,,,
2024-12-24,859.23,867.87,858.82,867.68,,,,
2024-12-26,864.84,868.7,864.21,867.98,,,,
2024-12-27,862.92,867.1,859.69,862.9,,,,
2024-12-30,858.89,859.08,849.8,852.53,,,,
2024-12-31,853.42,856.73,849.5,853.65,,,,
2025-01-02,856.22,858.99,847.31,850.02,,,,
2025-01-03,851.7,854.97,847.96,850.85,,,,
2025-01-06,847.87,851.29,841.44,842.51,,,,
2025-01-07,845.05,849.02,839.08,840.22,,,,
2025-01-08,839.82,844.51,836.59,844.07,,,,
2025-01-10,840.55,843.61,833.24,834.54,,,,
2025-01-13,833.69,836.25,830.26,834.06,,,,
2025-01-14,834.13,835.96,830.23,834.09,,,,
2025-01-15,837.77,841.29,831.24,833.3,,,,
2025-01-16,831.5,839.07,828.71,837.89,,,,
2025-01-17,840.48,846.15,839.38,845.02,,,,
2025-01-21,847.08,852.9,845.87,849.08,,,,
2025-01-22,853.78,853.85,846.13,846.84,,,,
2025-01-23,845.15,850.48,842.1,850.29,,,,
2025-01-24,849.21,853.83,848.98,853.33,,,,
2025-01-27,861.88,878.71,861.88,877.61,,,,
2025-01-28,874.32,878.18,862.89,864.42,,,,
2025-01-29,865.29,870.41,865.18,866.7,,,,
2025-01-30,870.73,877.63,870.18,876.01,,,,
2025-01-31,870.08,875.22,868.73,869.7,,,,
2025-02-03,863.97,877.73,861.63,875.65,,,,
2025-02-04,873.03,873.05,866.97,871.2,,,,
2025-02-05,870.24,879.29,868.11,878.94,,,,
2025-02-06,890.5,891.82,882.32,886.71,,,,
2025-02-07,886.59,887.94,881.11,883.2,,,,
2025-02-10,885.67,890.25,881.01,890.13,,,,
2025-02-11,892.9,898.57,888.9,898.22,,,,
2025-02-12,891.86,900.72,891.59,900.31,,,,
2025-02-13,902.33,909.77,900.18,909.02,,,,
2025-02-14,908.1,908.1,898.15,898.5,,,,
2025-02-18,896.2,899.58,890.87,899.58,,,,
2025-02-19,900.59,906.76,899.67,906.65,,,,
2025-02-20,892.43,899.12,890.35,897.96,,,,
2025-02-21,897.34,907.45,894.95,906.95,,,,
2025-02-24,903.39,911.43,903.29,907.89,,,,
2025-02-25,912.68,925.44,912.41,923.24,,,,
2025-02-26,919.88,920.47,905.38,906.1,,,,
2025-02-27,904.42,912.24,903.55,906.26,,,,
2025-02-28,914.49,919,907.73,918.34,,,,
2025-03-03,914.81,926.79,914.35,923.91,,,,
2025-03-04,924.47,929.51,906.56,907.45,,,,
2025-03-05,904.76,914.71,904.74,911.38,,,,
2025-03-06,908.5,912.12,904.58,910.41,,,,
2025-03-07,902.34,909.72,901.66,904.89,,,,
2025-03-10,904.72,915.38,894.58,898.67,,,,
2025-03-11,896.9,897.09,886.56,888.05,,,,
2025-03-12,882.81,884.39,869.17,870.08,,,,
2025-03-13,870.18,872.28,862.28,863.93,,,,
2025-03-14,861.79,866.84,858.2,866.37,,,,
2025-03-17,867.77,882.46,867.74,879.8,,,,
2025-03-18,879.5,880.51,867.84,868.39,,,,
2025-03-19,867.08,870.54,863.06,869.44,,,,
2025-03-20,867.56,870.66,863.45,864.91,,,,
2025-03-21,862.31,865.8,859.84,864.15,,,,
2025-03-24,865.91,870.21,865.6,869.83,,,,
2025-03-25,867.29,868.59,858.69,861.45,,,,
2025-03-26,863.57,875.3,863.47,873.72,,,,
2025-03-27,875.46,884.28,875.1,882.48,,,,
2025-03-28,884.62,885.01,874.2,878.39,,,,
2025-03-31,879.54,895.52,879.07,892.71,,,,
2025-04-01,893.1,896.41,889.48,895.23,,,,
2025-04-02,894.79,897.93,889.12,893.6,,,,
2025-04-03,890.85,908.76,890.85,899.76,,,,
2025-04-04,895.02,898.18,857.96,858.85,,,,
2025-04-07,836.13,868.11,831.59,848.74,,,,
2025-04-08,861.66,865.5,829.05,837.25,,,,
2025-04-09,836.12,878,833.33,872.54,,,,
2025-04-10,871.87,882.95,859.01,874.34,,,,
2025-04-11,875.39,890.46,868.99,885.26,,,,
2025-04-14,888.64,903.92,884.82,899.76,,,,
2025-04-15,900.98,903.64,893.39,893.77,,,,
2025-04-16,897.07,898.23,879.67,883.48,,,,
2025-04-17,886.96,907.36,886.75,902.78,,,,
2025-04-21,902.79,903.52,880.46,890.72,,,,
2025-04-22,895.26,909.8,893.96,905.03,,,,
2025-04-23,906.44,910.93,893.52,901.2,,,,
2025-04-24,894.14,894.42,887.49,892.58,,,,
2025-04-25,894.79,896.53,881.15,890.47,,,,
2025-04-28,891.25,894.69,883.5,889.13,,,,
2025-04-29,884.82,896.63,880.58,895.95,,,,
2025-04-30,900.01,905.49,888.64,902.34,,,,
2025-05-01,894.66,899.21,892.47,895.27,,,,
2025-05-02,900.51,903.68,896.82,900.62,,,,
2025-05-05,901.22,902.47,895.04,900.79,,,,
2025-05-06,896.79,901.9,895.03,899.27,,,,
2025-05-07,898.89,904.81,897.44,901.11,,,,
2025-05-08,899.67,904.28,893.47,896.69,,,,
2025-05-09,893.31,895.51,890.11,891.19,,,,
2025-05-12,889.21,892.98,882.8,891.79,,,,
2025-05-13,889.71,890.92,877.29,880.7,,,,
2025-05-14,878.42,881.48,875.3,877.41,,,,
2025-05-15,877.3,895.53,872.96,894.95,,,,
2025-05-16,895.98,905.05,895.01,904.64,,,,
2025-05-19,902.17,908.99,899.06,908.41,,,,
2025-05-20,909.01,912.84,907.58,910.55,,,,
2025-05-21,906.84,909.14,900.48,902.17,,,,
2025-05-22,901.4,903.45,895.05,898.46,,,,
2025-05-23,896.89,903.35,892.61,901.29,,,,
2025-05-27,904.48,910.23,903.15,909.56,,,,
2025-05-28,908.84,912.58,903.5,904.45,,,,
2025-05-29,903.68,907.88,899.88,906.85,,,,
2025-05-30,906.61,921.23,905.4,917.35,,,,
2025-06-02,914.43,919.25,910.05,919.05,,,,
2025-06-03,917.59,919.53,910.56,917.64,,,,
2025-06-04,917.61,918.79,910.86,912.24,,,,
2025-06-05,911.55,911.55,898.59,901.34,,,,
2025-06-06,903.89,906.06,899.94,902.95,,,,
2025-06-09,900.43,903.1,896.53,900.81,,,,
2025-06-10,901.01,904.28,898.66,902.26,,,,
2025-06-11,900.87,901.09,896.26,898.86,,,,
2025-06-12,897.94,903.28,894.3,903.08,,,,
2025-06-13,900.27,904.46,890.6,892.67,,,,
2025-06-16,894.83,901.58,891.05,892.84,,,,
2025-06-17,890.44,891.97,885.41,885.78,,,,
2025-06-18,886.96,888.96,884.24,884.9,,,,
2025-06-20,887.49,893.01,886.65,890.42,,,,
2025-06-23,891.19,902.52,890.31,902.01,,,,
2025-06-24,901.93,903.19,897.71,901.7,,,,
2025-06-25,899.19,899.54,888.67,889.17,,,,
2025-06-26,890.97,892.89,885.18,887.57,,,,
2025-06-27,887.26,895.51,887.26,893.07,,,,
2025-06-30,892.65,898.46,889.99,897.1,,,,
2025-07-01,898.74,910.65,898.74,903.9,,,,
2025-07-02,903.44,905.03,898.5,903.84,,,,
2025-07-03,904.82,905.8,900.67,905.6,,,,
2025-07-07,904.91,906.95,900.51,906.56,,,,
2025-07-08,901.06,903.62,895.54,896.66,,,,
2025-07-09,898.02,898.02,886.46,891.73,,,,
2025-07-10,891.06,895.87,889.28,892.77,,,,
2025-07-11,889.48,891.14,885.67,889.39,,,,
2025-07-14,887.99,890.95,884.46,890.53,,,,
2025-07-15,889.22,889.73,881.88,883.18,,,,
2025-07-16,883.62,886.18,878.38,884.81,,,,
2025-07-17,889.04,893.39,886.63,892.48,,,,
2025-07-18,893.11,895.69,888.42,889.17,,,,
2025-07-21,889.61,893.76,889.15,889.49,,,,
2025-07-22,883.94,895.52,882.77,891.55,,,,
2025-07-23,891,893.3,888.95,890.92,,,,
2025-07-24,891.84,892.97,887.59,888.03,,,,
2025-07-25,888.61,889.96,885.69,889.29,,,,
2025-07-28,886.23,886.91,879.31,881.36,,,,
2025-07-29,882.91,890.19,878.16,888.13,,,,
2025-07-30,888.88,890.46,877.57,879.77,,,,
2025-07-31,873.76,881.94,873.28,874.57,,,,
2025-08-01,880.31,884.08,878.2,879.17,,,,
2025-08-04,879.1,884.37,879.02,882.83,,,,
2025-08-05,882.44,886.16,879.53,881.46,,,,
2025-08-06,883.74,899.2,882.13,896.75,,,,
2025-08-07,898.94,904.45,896.04,903.3,,,,
2025-08-08,904.7,909.81,904.7,906.51,,,,
2025-08-11,907.63,909.79,901.47,908.09,,,,
2025-08-12,909.23,909.92,905.76,909.61,,,,
2025-08-13,905.37,908.34,901.38,905.61,,,,
2025-08-14,903.62,904.07,898.73,898.95,,,,
2025-08-15,900.34,902.72,896.03,899.56,,,,
2025-08-18,900,903.5,898.8,900.29,,,,
2025-08-19,901.57,910.73,901.54,909.25,,,,
2025-08-20,911.05,922.9,909.76,916.49,,,,
2025-08-21,908.57,908.71,902.51,905.66,,,,
2025-08-22,908.63,912.62,900.52,902.47,,,,
2025-08-25,899.05,901.14,886.84,887.81,,,,
2025-08-26,886.23,887.09,881.36,883.77,,,,
2025-08-27,882.56,886.24,881.5,885.73,,,,
2025-08-28,885.58,885.58,879.21,881.61,,,,
2025-08-29,883.06,888.18,881.52,887.23,,,,
2025-09-02,891.03,892.61,883.91,887.88,,,,
2025-09-03,884.87,888.22,880.54,888.08,,,,
2025-09-04,890.18,893.47,886.9,888.86,,,,
2025-09-05,888.33,893.46,885.68,890.24,,,,
2025-09-08,889.42,889.42,882.85,888.77,,,,
2025-09-09,887.14,893.54,886.34,892.27,,,,
2025-09-10,888.98,890.27,879.48,882.85,,,,
2025-09-11,885.17,893.15,883.9,891.19,,,,
2025-09-12,889.42,891.87,886.58,888.9,,,,
2025-09-15,888.34,888.94,878.34,878.72,,,,
2025-09-16,879.99,883.29,877.69,880.81,,,,
2025-09-17,883.6,892.97,883.6,888.7,,,,
2025-09-18,881.56,885.67,879,879.51,,,,
2025-09-19,881.21,881.3,876.08,877.34,,,,
2025-09-22,874.9,875.09,868.32,869.56,,,,
2025-09-23,869.75,873.26,864.73,872.66,,,,
2025-09-24,872.19,877.55,872.19,873.83,,,,
2025-09-25,878.23,878.53,867.94,868.7,,,,
2025-09-26,867.18,869.12,863.65,867.75,,,,
2025-09-29,867.98,868.85,862.79,868.76,,,,
2025-09-30,868.27,872.96,866.65,871.1,,,,
2025-10-01,871.01,871.25,863.72,869.13,,,,
2025-10-02,865.08,867.29,862.48,864.57,,,,
2025-10-03,862.69,867.64,862.69,864.05,,,,
2025-10-06,861.79,862.41,856.94,858.92,,,,
2025-10-07,859.4,867.31,854.66,866.3,,,,
2025-10-08,865.33,865.41,859.81,861.8,,,,
2025-10-09,866.46,867.04,861.52,867.04,,,,
2025-10-10,869.84,876.61,869.05,869.22,,,,
2025-10-13,863.81,868.24,861.33,866.07,,,,
2025-10-14,869.31,881.33,866.46,880.95,,,,
2025-10-15,880.41,887.99,880.04,882.26,,,,
2025-10-16,884.5,886.85,873.12,875.4,,,,
2025-10-17,880.36,886.68,878.82,886.21,,,,
2025-10-20,887.52,889.38,883.37,885.34,,,,
2025-10-21,887.44,887.44,878.74,882.38,,,,
2025-10-22,882.57,893.22,879.42,888.02,,,,
2025-10-23,889.06,889.06,880.18,884.41,,,,
2025-10-24,889.45,889.96,880.79,880.99,,,,
2025-10-27,881.68,881.68,875.64,878.6,,,,
2025-10-28,874.81,877.01,870.18,870.23,,,,
2025-10-29,863.68,865.33,851.48,852.79,,,,
2025-10-30,852.51,856.69,851.54,852.79,,,,
2025-10-31,846.97,851.35,845.08,848.7,,,,
2025-11-03,846.59,846.95,840.44,844.73,,,,
2025-11-04,848.2,850.58,843.53,849.14,,,,
2025-11-05,848.82,850.81,843.32,847.03,,,,
2025-11-06,843.27,846.47,837.44,844.85,,,,
2025-11-07,850.59,857.49,848.25,855.43,,,,
2025-11-10,851.41,853.58,846.77,852.55,,,,
2025-11-11,855.54,864.37,854.21,862.82,,,,
2025-11-12,862.51,864.84,860.93,860.94,,,,
2025-11-13,861.09,865.11,858.72,860.92,,,,
2025-11-14,860.22,862.13,854.26,860.51,,,,
2025-11-17,860.79,863.09,854.4,855.42,,,,
2025-11-18,857.21,861.89,854.26,856.7,,,,
2025-11-19,854.7,856.25,847.47,851.51,,,,
2025-11-20,856.09,864.25,854.24,860.94,,,,
2025-11-21,864.34,874.71,862.64,867.57,,,,
2025-11-24,866.5,867.7,854.49,856.08,,,,
2025-11-25,859.45,869.08,858.95,868.83,,,,
2025-11-26,869.46,879.42,869.26,877.29,,,,
2025-11-28,875.85,882.63,875.83,882.17,,,,
2025-12-01,880.51,883.58,878.1,880.5,,,,
2025-12-02,879.12,879.13,869.12,876.98,,,,
2025-12-03,878.27,884.33,877.38,878.35,,,,
2025-12-04,874.64,877.12,866.44,871.95,,,,
2025-12-05,870,875.66,868.7,869.66,,,,
2025-12-08,866.78,867.19,860.59,861.84,,,,
2025-12-09,863.25,866.14,860.53,865.14,,,,
2025-12-10,866.89,869.18,862.61,865.13,,,,
2025-12-11,867.68,872.74,867.31,871.26,,,,
2025-12-12,871.37,879.6,870.1,879.34,,,,
2025-12-15,881.57,885.17,877.98,881.62,,,,
2025-12-16,883.95,884.55,874.8,877.74,,,,
2025-12-17,878.9,884.28,878.9,881.72,,,,
2025-12-18,877.9,882.39,875.11,875.71,,,,
2025-12-19,875.48,875.59,871.28,871.4,,,,
2025-12-22,868.49,872.22,865.95,867.82,,,,
2025-12-23,866.58,866.88,862.31,864.28,,,,
2025-12-24,865.13,871.88,864.86,871.09,,,,
2025-12-26,869.39,872.83,868.47,870.56,,,,
2025-12-29,870.41,873.4,869.38,871.55,,,,
2025-12-30,869.43,871.81,868.74,869.7,,,,
2025-12-31,868.21,869.52,864.76,864.89,,,,
2026-01-02,864.17,866.03,860.14,863.52,,,,
2026-01-05,861.72,863.46,854.79,860.69,,,,
2026-01-06,859.52,864.34,858.85,861.81,,,,
2026-01-07,861.94,864.02,852.78,852.99,,,,
2026-01-08,851.97,875.06,851.61,872.23,,,,
2026-01-09,873.13,883.27,871.8,881.77,,,,
2026-01-12,885.9,895.28,883.25,894.26,,,,
2026-01-13,893.49,904.4,893.49,903.88,,,,
2026-01-14,904.02,915.78,904.02,914.57,,,,
2026-01-15,913.72,916.62,911.63,914.26,,,,
2026-01-16,910.89,915.55,907.86,914.28,,,,
2026-01-20,911.5,916.96,905.99,915.41,,,,
2026-01-21,913.64,919.71,907.85,917.71,,,,
2026-01-22,916.69,920.03,914.1,916.46,,,,
2026-01-23,915.76,922.89,915.76,922.4,,,,
2026-01-26,924.24,927.08,920.26,921.94,,,,
2026-01-27,922.17,926.07,916.55,925.02,,,,
2026-01-28,923.29,926.95,913.98,917.81,,,,
2026-01-29,917.61,923.51,915.59,917.53,,,,
2026-01-30,917.91,930.23,913.92,929.89,,,,
2026-02-02,933.71,946.59,927.85,944.58,,,,
2026-02-03,942.41,967.19,942.31,960.74,,,,
2026-02-04,966.38,976.27,966.38,970.85,,,,
2026-02-05,978.43,981.29,969.4,973.25,,,,
2026-02-06,973.63,987.02,973.63,986.03,,,,
2026-02-09,985.67,988.31,971.47,977.57,,,,
2026-02-10,976.24,980.4,969.61,971.44,,,,
2026-02-11,971.07,990.37,968.22,985.05,,,,
2026-02-12,988.12,1006.07,988.12,997.71,,,,
2026-02-13,995.78,1006.2,991.44,999.63,,,,
2026-02-17,1001.87,1005.31,979.83,984.52,,,,
2026-02-18,982.78,986.35,976.71,979.32,,,,
2026-02-19,981.45,988.7,972.99,975.6,,,,
2026-02-20,974.29,976.94,968.82,976.59,,,,
2026-02-23,975.21,992.79,975.06,990.87,,,,
2026-02-24,991.77,999.28,986.64,997.67,,,,
2026-02-25,994.19,996.42,984.31,991.86,,,,
2026-02-26,994.79,997.87,985.89,988.15,,,,
2026-02-27,991.55,1003.33,991.55,1003.08,,,,
2026-03-02,998.86,1001.1,989.25,989.51,,,,
2026-03-03,985.71,987.2,972.12,979.92,,,,
2026-03-04,979.99,980.71,969.93,974.74,,,,
2026-03-05,963.47,963.91,946.51,951.08,,,,
2026-03-06,943.74,954.61,940.98,953.87,,,,
2026-03-09,951.48,961.33,946.16,959.28,,,,
2026-03-10,955.86,965.95,951.67,958.01,,,,
2026-03-11,955.18,955.18,941.7,945.64,,,,
2026-03-12,938.7,950.64,937.06,946.51,,,,
2026-03-13,951.72,955.05,949.72,951.63,,,,
2026-03-16,956.03,958.11,950.53,952.32,,,,
2026-03-17,956.57,959.21,947.47,947.78,,,,
2026-03-18,939.54,940.57,924.19,924.7,,,,
2026-03-19,925.61,927.91,915.24,916.93,,,,
2026-03-20,917.9,920.23,907.14,908.88,,,,
2026-03-23,918.57,918.57,909.23,912.24,,,,
2026-03-24,910.44,923.95,907.39,913.01,,,,
2026-03-25,916.41,919.09,907,917.76,,,,
2026-03-26,918.38,924.72,912.06,913.03,,,,
2026-03-27,915.57,925.24,911.72,920.11,,,,
2026-03-30,924.62,932.54,920.79,925.4,,,,
2026-03-31,927.17,929.93,917.58,925.56,,,,
2026-04-01,922.38,923.82,913.17,920.26,,,,
2026-04-02,923.8,927.26,917.66,926.32,,,,
2026-04-06,926.04,933.12,922.52,932.96,,,,
2026-04-07,931.15,931.36,914.65,916.56,,,,
2026-04-08,913.62,936.02,912.78,935.93,,,,
2026-04-09,932.38,946.6,928.56,944.2,,,,
2026-04-10,942.56,942.86,928.24,930.66,,,,
2026-04-13,929.2,929.28,916.32,920.99,,,,
2026-04-14,912.86,921.92,911.46,918.91,,,,
2026-04-15,915.38,917.98,908.24,915.1,,,,
2026-04-16,913.97,923.72,913.97,918.18,,,,
2026-04-17,916.87,931.11,914.21,930.3,,,,
2026-04-20,932.82,936.33,925,928.22,,,,
2026-04-21,928.32,928.42,921.32,923.83,,,,
2026-04-22,925.69,933.03,924.28,929.01,,,,
2026-04-23,933.87,947.4,933.85,945.13,,,,
2026-04-24,949.21,949.21,937.96,941.2,,,,
2026-04-27,938.72,942.45,929.62,930.07,,,,
2026-04-28,945.17,946.12,935.12,939.27,,,,
2026-04-29,935.6,939.91,930.58,937,,,,
2026-04-30,941.87,954.58,940.36,952.85,,,,
2026-05-01,958.23,962.68,947.22,951.96,,,,
2026-05-04,944.88,954.79,941.3,945.02,,,,
2026-05-05,944.73,954.42,942.28,949.81,,,,
2026-05-06,952.57,953.36,946.35,950.62,,,,
2026-05-07,946.51,952.37,940.35,949.3,,,,
2026-05-08,953.03,956.21,949.39,949.81,,,,
2026-05-11,950.55,950.55,935.83,942.58,,,,
2026-05-12,947.65,964.02,941.81,957.26,,,,
2026-05-13,953.97,967.91,953.69,959.99,,,,
2026-05-14,963.35,967.35,961.55,964.75,,,,
2026-05-15,970.53,970.53,960.06,961.66,,,,
2026-05-18,962.94,975.07,961.23,974.59,,,,
2026-05-19,974.67,984.49,967.93,978.43,,,,
2026-05-20,973.37,977.57,963.79,968.94,,,,
2026-05-21,955.87,958.28,943.3,953.16,,,,
2026-05-22,952.27,955.73,948.11,952.32,,,,
2026-05-26,950.95,953,934.53,935.8,,,,
2026-05-27,939.57,950.74,939.37,944.92,,,,
2026-05-28,947.14,947.7,939.32,940.24,,,,
2026-05-29,935.01,937.71,918.94,921.47,,,,
2026-06-01,915.15,917.5,906.23,909.62,,,,
2026-06-02,908.24,912.73,904.22,908.73,,,,
2026-06-03,907.96,921.32,907.96,915.76,,,,
2026-06-04,928.29,933.08,913.25,915.18,,,,
2026-06-05,920.49,942.28,920.49,930.22,,,,
2026-06-08,925.82,931.17,925.81,927.37,,,,
2026-06-09,927.44,943.16,924.46,936.48,,,,
2026-06-10,944,953.35,938.58,952.3,,,,
2026-06-11,955.15,957.83,947.18,947.78,,,,
2026-06-12,950.95,954.32,946.34,954.29,,,,
2026-06-15,946.52,952.71,943.33,949.26,,,,
2026-06-16,951.75,960.49,944.76,952.05,,,,
2026-06-17,946.37,948.96,928.59,932.29,,,,
