Date,Open,High,Low,Close,Volume,TradingValue,UpLimit,LowLimit
2011-03-17,8190.5,8282.69,8150.73,8282.69,,,,
2011-03-18,8343.79,8399.17,8312.88,8394.75,,,,
2011-03-21,8421.66,8508.2,8394.22,8467.71,,,,
2011-03-22,8523.27,8552.82,8508.04,8508.04,,,,
2011-03-23,8529.93,8551.12,8481.96,8545.08,,,,
2011-03-24,8589.71,8603.43,8550.6,8576.4,,,,
2011-03-25,8645.37,8658.05,8587.84,8610.39,,,,
2011-03-28,8587.99,8604.24,8549.26,8553.06,,,,
2011-03-29,8538.44,8596.57,8522.57,8596.57,,,,
2011-03-30,8605.83,8671.59,8605.83,8646.31,,,,
2011-03-31,8683.69,8685.44,8608.05,8683.3,,,,
2011-04-01,8697.84,8705.13,8654.4,8705.13,,,,
2011-04-06,8772.13,8860.02,8767.21,8851.98,,,,
2011-04-07,8884.84,8901.72,8828.92,8901.72,,,,
2011-04-08,8904.44,8929.06,8862.49,8894.54,,,,
2011-04-11,8922.75,8922.75,8836.38,8880.27,,,,
2011-04-12,8839.22,8839.22,8708.86,8732.59,,,,
2011-04-13,8727.95,8780.2,8700.08,8780.2,,,,
2011-04-14,8787.75,8835.39,8772.3,8802.73,,,,
2011-04-15,8828.63,8834.07,8716.7,8718.12,,,,
2011-04-18,8752.56,8764.65,8703.11,8714.48,,,,
2011-04-19,8643.4,8658.97,8592.23,8638.55,,,,
2011-04-20,8704.48,8813.28,8698.97,8813.28,,,,
2011-04-21,8893.07,8992.08,8892.06,8957.65,,,,
2011-04-22,8980.43,8992.67,8956.07,8969.43,,,,
2011-04-25,9015.91,9037.09,8950.75,8950.75,,,,
2011-04-26,8894.01,8966.86,8866.74,8948.14,,,,
2011-04-27,9012.28,9060.5,9012.28,9049.25,,,,
2011-04-28,9088.97,9099.75,9021.36,9040.77,,,,
2011-04-29,9050.49,9058.78,8943.99,9007.87,,,,
2011-05-03,9014.33,9018.7,8895.25,8946.08,,,,
2011-05-04,8937.3,8947.35,8864.55,8947.35,,,,
2011-05-05,8930.24,9029.58,8907.97,9018.61,,,,
2011-05-06,8997.73,9018.4,8954.81,8977.23,,,,
2011-05-09,9001.8,9081.26,8984.43,9035.48,,,,
2011-05-10,9048.25,9055.91,9007.93,9023.28,,,,
2011-05-11,9073.88,9082.01,9014.36,9020.4,,,,
2011-05-12,8977.77,9052.98,8963.24,9033.68,,,,
2011-05-13,9039.55,9059.46,8986.18,9006.61,,,,
2011-05-16,8996.7,8996.7,8911.71,8911.71,,,,
2011-05-17,8917.25,8928.99,8854.14,8884.09,,,,
2011-05-18,8885.4,8946.99,8885.4,8944.84,,,,
2011-05-19,8952.25,9026.18,8888.21,8892.88,,,,
2011-05-20,8944.38,8944.38,8822.75,8837.03,,,,
2011-05-23,8767.3,8776.46,8695.34,8747.51,,,,
2011-05-24,8730.23,8756.9,8673.38,8756.61,,,,
2011-05-25,8732.3,8763.64,8682.49,8727.09,,,,
2011-05-26,8797.29,8807.08,8751.52,8788.4,,,,
2011-05-27,8806.29,8860.03,8803.59,8810,,,,
2011-05-30,8757.66,8844.03,8748.13,8823.68,,,,
2011-05-31,8860.58,9003.6,8860.58,8988.84,,,,
2011-06-01,8999.84,9089.47,8999.84,9062.35,,,,
2011-06-02,8981.71,9036.27,8977.67,8991.36,,,,
2011-06-03,9024.54,9052.18,8997.35,9046.28,,,,
2011-06-07,9025.21,9059.19,8981.44,9057.1,,,,
2011-06-08,9044.85,9070.25,9007.53,9007.53,,,,
2011-06-09,9020.6,9045.44,8996.08,9000.94,,,,
2011-06-10,9042.35,9053.39,8837.82,8837.82,,,,
2011-06-13,8791.67,8811.97,8703.52,8712.95,,,,
2011-06-14,8737.24,8836.51,8737.24,8829.21,,,,
2011-06-15,8833.86,8876.14,8733.6,8831.45,,,,
2011-06-16,8739.84,8739.84,8654.43,8654.43,,,,
2011-06-17,8671.45,8702,8618.85,8636.1,,,,
2011-06-20,8679.15,8685.33,8518.66,8530.68,,,,
2011-06-21,8571.93,8617.96,8523.04,8597.62,,,,
2011-06-22,8663.86,8679.37,8598.08,8621.04,,,,
2011-06-23,8601.15,8619.39,8559.33,8567.28,,,,
2011-06-24,8567.46,8569.59,8508.16,8532.83,,,,
2011-06-27,8456.36,8519.21,8433.46,8500.16,,,,
2011-06-28,8536.13,8572.62,8478.69,8478.86,,,,
2011-06-29,8540.35,8598.22,8499.24,8573.38,,,,
2011-06-30,8582.08,8652.59,8576.65,8652.59,,,,
2011-07-01,8684.39,8744.2,8659.57,8739.82,,,,
2011-07-04,8801.51,8808.47,8772.33,8774.72,,,,
2011-07-05,8777.22,8794.14,8743.45,8784.44,,,,
2011-07-06,8790.94,8842.17,8768.35,8824.44,,,,
2011-07-07,8795,8795.88,8757.47,8773.42,,,,
2011-07-08,8782.72,8839.14,8740,8749.55,,,,
2011-07-11,8749.55,8749.55,8633.55,8665.85,,,,
2011-07-12,8581.43,8595.07,8479.9,8491.01,,,,
2011-07-13,8480.26,8539.18,8452.86,8488.06,,,,
2011-07-14,8495.51,8531.96,8410.44,8481.35,,,,
2011-07-15,8494.7,8579.8,8462.05,8574.91,,,,
2011-07-18,8550.16,8580.33,8473.91,8538.57,,,,
2011-07-19,8528.2,8554.41,8490.79,8524.57,,,,
2011-07-20,8612.53,8706.17,8612.53,8706.17,,,,
2011-07-21,8705.84,8725.97,8683.05,8717.14,,,,
2011-07-22,8770.95,8794.48,8741.09,8765.32,,,,
2011-07-25,8764.68,8786.03,8661.76,8683.51,,,,
2011-07-26,8700.59,8794.24,8689.15,8794.24,,,,
2011-07-27,8775.18,8819.93,8754.51,8817.49,,,,
2011-07-28,8739.83,8790.68,8702.84,8767.2,,,,
2011-07-29,8737.72,8771.64,8638.67,8644.18,,,,
2011-08-01,8629.97,8707.87,8629.97,8701.38,,,,
2011-08-02,8629.09,8629.09,8557.7,8584.72,,,,
2011-08-03,8466.35,8472.27,8360.73,8456.86,,,,
2011-08-04,8472.37,8496.07,8317.27,8317.27,,,,
2011-08-05,7962.87,7975.82,7844.77,7853.13,,,,
2011-08-08,7769.6,7799.49,7451.29,7552.8,,,,
2011-08-09,7261.54,7599.14,7148.76,7493.12,,,,
2011-08-10,7717.58,7751.59,7632.34,7736.32,,,,
2011-08-11,7566.39,7761.4,7499.54,7719.09,,,,
2011-08-12,7825.8,7853.53,7637.02,7637.02,,,,
2011-08-15,7769.17,7819.39,7748.46,7819.39,,,,
2011-08-16,7886.93,7896.19,7778.65,7798.59,,,,
2011-08-17,7807.67,7821.99,7732.32,7741.76,,,,
2011-08-18,7721.19,7721.19,7561.02,7614.97,,,,
2011-08-19,7414.36,7429.96,7316.83,7342.96,,,,
2011-08-22,7348.71,7468.74,7248.69,7312.59,,,,
2011-08-23,7369.43,7564.64,7349.57,7550.23,,,,
2011-08-24,7592.51,7594.81,7432.52,7502.93,,,,
2011-08-25,7559.47,7564.87,7409.02,7410.87,,,,
2011-08-26,7438.52,7503.38,7389.57,7445.1,,,,
2011-08-29,7482.92,7608.77,7474.31,7578.01,,,,
2011-08-30,7654.37,7675.17,7599.27,7646.19,,,,
2011-08-31,7665.22,7741.36,7602.68,7741.36,,,,
2011-09-01,7799.18,7886.04,7755.55,7757.76,,,,
2011-09-02,7801.28,7801.28,7703.1,7757.06,,,,
2011-09-05,7637.9,7637.9,7538.58,7551.57,,,,
2011-09-06,7496.24,7522.94,7357.76,7367.19,,,,
2011-09-07,7468.29,7529.01,7428.7,7529.01,,,,
2011-09-08,7601.29,7626.78,7520.76,7548.37,,,,
2011-09-09,7568.22,7651.27,7547,7610.57,,,,
2011-09-13,7530,7538.04,7382,7391.37,,,,
2011-09-14,7455.5,7477.86,7186.75,7228.47,,,,
2011-09-15,7374.58,7430.29,7348.21,7385.68,,,,
2011-09-16,7494.29,7606.7,7494.29,7577.4,,,,
2011-09-19,7572.83,7572.94,7468.77,7480.88,,,,
2011-09-20,7485.6,7544.88,7389.39,7492.85,,,,
2011-09-21,7515.66,7574.78,7465.98,7535.88,,,,
2011-09-22,7419.49,7419.49,7287.76,7305.5,,,,
2011-09-23,7101.34,7126.81,6997.61,7046.22,,,,
2011-09-26,7026.49,7058.43,6877.12,6877.12,,,,
2011-09-27,7031.13,7119.14,7027.89,7089.95,,,,
2011-09-28,7148.38,7154.4,7099.73,7146.98,,,,
2011-09-29,7090.12,7218.57,7061.01,7182.61,,,,
2011-09-30,7222.16,7251.87,7163.75,7225.38,,,,
2011-10-03,7128.66,7128.66,6998.37,7013.97,,,,
2011-10-04,6937.24,7047.99,6889.99,7047.87,,,,
2011-10-05,7061.17,7091.01,6989.15,6989.15,,,,
2011-10-06,7094.61,7170.92,7094.61,7132,,,,
2011-10-07,7210.92,7253.09,7196.22,7211.96,,,,
2011-10-11,7348.86,7398.71,7348.86,7398.71,,,,
2011-10-12,7390.06,7407.08,7323.54,7382.35,,,,
2011-10-13,7423.18,7444.33,7372.41,7428.33,,,,
2011-10-14,7430.5,7430.5,7353.8,7358.08,,,,
2011-10-17,7412.88,7475.06,7401.3,7461.12,,,,
2011-10-18,7352.12,7379.08,7322.01,7359.48,,,,
2011-10-19,7393.73,7393.73,7316.58,7353.37,,,,
2011-10-20,7347.93,7361.22,7240.15,7244.32,,,,
2011-10-21,7272.51,7272.51,7205.21,7254.51,,,,
2011-10-24,7352.43,7472.5,7352.43,7470.3,,,,
2011-10-25,7506.08,7506.08,7468.53,7491.21,,,,
2011-10-26,7437.77,7548.51,7425.99,7535.82,,,,
2011-10-27,7548.36,7590.88,7504.96,7565.21,,,,
2011-10-28,7693.24,7743.37,7602.63,7616.06,,,,
2011-10-31,7637.48,7658.97,7557.05,7587.69,,,,
2011-11-01,7547.24,7656.26,7505.96,7622.01,,,,
2011-11-02,7500.54,7599.54,7448.28,7598.45,,,,
2011-11-03,7603.45,7603.45,7460.31,7460.31,,,,
2011-11-04,7581.61,7635.75,7578.36,7603.23,,,,
2011-11-07,7623.16,7638.03,7586.86,7621.72,,,,
2011-11-08,7652.47,7683.09,7600.79,7600.79,,,,
2011-11-09,7646.12,7654.15,7561.86,7561.86,,,,
2011-11-10,7431.26,7434.37,7274.84,7308.68,,,,
2011-11-11,7369.73,7385.98,7288.49,7367.29,,,,
2011-11-14,7472.16,7544.23,7472.16,7525.65,,,,
2011-11-15,7515.5,7528.78,7475.33,7491.06,,,,
2011-11-16,7520.95,7541.68,7385.13,7387.52,,,,
2011-11-17,7333.57,7392.82,7284.3,7387.81,,,,
2011-11-18,7296.09,7327.67,7233.78,7233.78,,,,
2011-11-21,7166.26,7183.47,7042.64,7042.64,,,,
2011-11-22,7064.61,7082.4,6970.72,7000.03,,,,
2011-11-23,6967.66,6981.54,6806.43,6806.43,,,,
2011-11-24,6748.92,6885.24,6744.26,6864.39,,,,
2011-11-25,6906.34,6950.5,6751.48,6784.52,,,,
2011-11-28,6844.3,6920.79,6844.3,6898.78,,,,
2011-11-29,6966.58,6998.06,6934.87,6988.65,,,,
2011-11-30,7001.59,7001.59,6860.05,6904.12,,,,
2011-12-01,7132.41,7199.26,7129.07,7178.69,,,,
2011-12-02,7164,7186.66,7109.71,7140.68,,,,
2011-12-05,7149.58,7149.59,7057.33,7098.08,,,,
2011-12-06,7075.84,7075.84,6956.28,6956.28,,,,
2011-12-07,7004.18,7046.39,6992.27,7033,,,,
2011-12-08,7018.64,7018.64,6907.95,6982.9,,,,
2011-12-09,6891.47,6927.99,6831.39,6893.3,,,,
2011-12-12,6975.62,7002.09,6923.88,6949.04,,,,
2011-12-13,6883.08,6919.68,6850.88,6896.31,,,,
2011-12-14,6912.54,6926.09,6860.39,6922.57,,,,
2011-12-15,6874.18,6874.18,6764.59,6764.59,,,,
2011-12-16,6783.02,6810.08,6757.33,6785.09,,,,
2011-12-19,6780.64,6780.64,6609.11,6633.33,,,,
2011-12-20,6654.67,6696.93,6646.3,6662.64,,,,
2011-12-21,6878.63,6966.48,6878.63,6966.48,,,,
2011-12-22,6968.22,6989.59,6940.85,6966.35,,,,
2011-12-23,7035.1,7122.28,7035.1,7110.73,,,,
2011-12-26,7125.04,7125.67,7078.06,7092.58,,,,
2011-12-27,7085.5,7107.67,7043.64,7085.03,,,,
2011-12-28,7086.1,7093.47,7036.92,7056.67,,,,
2011-12-29,7026.86,7074.82,6998.97,7074.82,,,,
2011-12-30,7109.85,7139.03,7054.79,7072.08,,,,
2012-01-02,7071.35,7073.48,6948.67,6952.21,,,,
2012-01-03,7005.39,7073.79,7005.39,7053.38,,,,
2012-01-04,7093.07,7116.22,7064.58,7082.97,,,,
2012-01-05,7099.35,7130.86,7073.32,7130.86,,,,
2012-01-06,7129.53,7139.04,7090.47,7120.51,,,,
2012-01-09,7103.09,7103.09,7050.25,7093.04,,,,
2012-01-10,7128.86,7181.74,7128.86,7178.87,,,,
2012-01-11,7203.1,7212.36,7184.38,7188.21,,,,
2012-01-12,7202.38,7209.74,7173.87,7186.58,,,,
2012-01-13,7226.24,7249.94,7169.92,7181.54,,,,
2012-01-16,7241.92,7258.84,7091.35,7103.62,,,,
2012-01-17,7144.2,7221.08,7118.36,7221.08,,,,
2012-01-18,7235.54,7245.13,7194.55,7233.69,,,,
2012-01-30,7382.72,7443.03,7382.72,7407.41,,,,
2012-01-31,7436.52,7517.08,7421.01,7517.08,,,,
2012-02-01,7520.36,7566.08,7488.97,7549.21,,,,
2012-02-02,7613.79,7652.46,7578.76,7652.46,,,,
2012-02-03,7658.68,7674.99,7608.41,7674.99,,,,
2012-02-04,7731.55,7787.89,7727.29,7741.24,,,,
2012-02-06,7752.28,7752.28,7677.56,7687.98,,,,
2012-02-07,7680.36,7751.76,7673.91,7707.44,,,,
2012-02-08,7766.38,7869.91,7766.38,7869.91,,,,
2012-02-09,7863.36,7910.78,7840.38,7910.78,,,,
2012-02-10,7922.61,7941.63,7848.78,7862.27,,,,
2012-02-13,7849.21,7917.96,7837.58,7912.91,,,,
2012-02-14,7937.28,7937.28,7829.76,7884.08,,,,
2012-02-15,7919.41,8011.87,7902.08,8005.24,,,,
2012-02-16,7983.75,8010.5,7851.62,7869.7,,,,
2012-02-17,7956.91,8013.46,7862.11,7894.36,,,,
2012-02-20,7959.99,7985.5,7913.65,7954.82,,,,
2012-02-21,7953.06,7973.47,7870.26,7921.5,,,,
2012-02-22,7908.38,8018.54,7897.65,8001.68,,,,
2012-02-23,7981.92,7991.92,7935.42,7937.3,,,,
2012-02-24,7971.62,7974.58,7899.62,7959.34,,,,
2012-02-29,8046.14,8121.44,8046.14,8121.44,,,,
2012-03-01,8127.57,8151.7,8103.75,8118.34,,,,
2012-03-02,8161.87,8170.72,8114.14,8144.04,,,,
2012-03-03,8119.94,8134.94,8087.2,8114.44,,,,
2012-03-05,8105.27,8115.49,7998.96,8004.74,,,,
2012-03-06,8006.85,8028.02,7860.87,7937.97,,,,
2012-03-07,7846.49,7937.11,7824.45,7903.08,,,,
2012-03-08,7952.94,8000.93,7905.5,7984.56,,,,
2012-03-09,8012.59,8027.08,7965.68,8016.01,,,,
2012-03-12,8028.87,8028.87,7927.55,7927.55,,,,
2012-03-13,7990.6,8045.61,7974.38,8031.51,,,,
2012-03-14,8132.96,8170.31,8113.76,8125.26,,,,
2012-03-15,8141.93,8142.98,8088.1,8121.62,,,,
2012-03-16,8130.28,8130.52,8054.94,8054.94,,,,
2012-03-19,8113.46,8123.15,7997.05,8043.92,,,,
2012-03-20,8062.91,8062.91,7965.96,7972.7,,,,
2012-03-21,7993.46,8013.67,7940.19,7981.94,,,,
2012-03-22,7997.66,8075.97,7995.57,8059.94,,,,
2012-03-23,8067.93,8076.61,8030.88,8076.61,,,,
2012-03-26,8073.93,8073.93,7958.72,7967.62,,,,
2012-03-27,8033.22,8033.22,7978.74,8029.46,,,,
2012-03-28,8074.64,8085.43,8013.8,8038.07,,,,
2012-03-29,7997.87,7997.87,7808.55,7872.66,,,,
2012-03-30,7832.22,7933,7775.75,7933,,,,
2012-04-02,7905.88,7928.43,7859.56,7862.9,,,,
2012-04-03,7896.72,7907.62,7723.39,7760.85,,,,
2012-04-05,7603.31,7667.04,7528.03,7639.82,,,,
2012-04-06,7667.9,7713.24,7638.05,7706.26,,,,
2012-04-09,7587.68,7650.89,7529.39,7600.87,,,,
2012-04-10,7659.03,7692.94,7605.67,7640.68,,,,
2012-04-11,7592.94,7666.07,7573.05,7656.67,,,,
2012-04-12,7669.46,7673.84,7599,7662.92,,,,
2012-04-13,7734.55,7788.27,7733.18,7788.27,,,,
2012-04-16,7747.36,7749.49,7714.14,7729.86,,,,
2012-04-17,7736.7,7752.1,7585.87,7585.87,,,,
2012-04-18,7676.48,7683.95,7590.98,7605,,,,
2012-04-19,7602.28,7632.73,7528.04,7622.69,,,,
2012-04-20,7601.57,7605.22,7507.15,7507.15,,,,
2012-04-23,7488.82,7521.42,7430.93,7481.09,,,,
2012-04-24,7457.02,7533.55,7444.79,7498.84,,,,
2012-04-25,7552.78,7569.25,7525.69,7563.18,,,,
2012-04-26,7596.53,7600.45,7509.88,7521.35,,,,
2012-04-27,7569.29,7598.45,7459.75,7480.5,,,,
2012-04-30,7439.22,7501.72,7422.14,7501.72,,,,
2012-05-02,7511.76,7679.07,7511.76,7676.81,,,,
2012-05-03,7671.06,7681.23,7643.09,7659.53,,,,
2012-05-04,7619.73,7704.87,7614.99,7700.95,,,,
2012-05-07,7608.35,7608.35,7515.69,7538.08,,,,
2012-05-08,7572.16,7572.31,7522.29,7545.71,,,,
2012-05-09,7485.33,7513.71,7448.9,7475.71,,,,
2012-05-10,7479.14,7523.37,7470.81,7484.01,,,,
2012-05-11,7472.56,7473.55,7382.95,7401.37,,,,
2012-05-14,7389.89,7412.59,7346.86,7377.18,,,,
2012-05-15,7328.74,7396.42,7291.44,7395.64,,,,
2012-05-16,7376.71,7399.83,7234.57,7234.57,,,,
2012-05-17,7304.4,7356.77,7274.32,7356.77,,,,
2012-05-18,7252.24,7253.1,7149.36,7151.19,,,,
2012-05-21,7164.9,7220.1,7164.9,7192.23,,,,
2012-05-22,7257.96,7274.89,7232.52,7274.89,,,,
2012-05-23,7213.6,7213.6,7130.52,7147.75,,,,
2012-05-24,7155.74,7190.55,7090.47,7124.89,,,,
2012-05-25,7116.33,7139.76,7066.39,7071.63,,,,
2012-05-28,7067.55,7136,7047.32,7136,,,,
2012-05-29,7179.58,7349.85,7178.67,7342.29,,,,
2012-05-30,7331.64,7331.64,7222.88,7261.8,,,,
2012-05-31,7184.91,7301.5,7132.8,7301.5,,,,
2012-06-01,7213.69,7218.75,7106.09,7106.09,,,,
2012-06-04,6907.13,6937.33,6857.35,6894.66,,,,
2012-06-05,6988.52,7037.57,6967.31,7000.45,,,,
2012-06-06,7037.92,7076.28,7004.4,7056.15,,,,
2012-06-07,7133.78,7139.16,7052.36,7080.31,,,,
2012-06-08,7033.51,7063.08,6979.82,6999.65,,,,
2012-06-11,7081.72,7137.98,7081.72,7120.23,,,,
2012-06-12,7036.44,7076.37,7026.27,7072.08,,,,
2012-06-13,7103.2,7109.34,7059.85,7088.83,,,,
2012-06-14,7096.86,7114.07,7070.36,7075.1,,,,
2012-06-15,7094,7166.08,7085.92,7155.83,,,,
2012-06-18,7263.81,7302.82,7262.8,7281.5,,,,
2012-06-19,7286.54,7288.98,7239.42,7273.13,,,,
2012-06-20,7309.23,7334.63,7281.74,7334.63,,,,
2012-06-21,7301.79,7311.39,7259.11,7279.05,,,,
2012-06-22,7210.8,7229.73,7185.31,7222.05,,,,
2012-06-25,7222.61,7222.61,7157.9,7166.38,,,,
2012-06-26,7145.22,7156.99,7117.17,7137.93,,,,
2012-06-27,7137.99,7199.32,7127.98,7183.01,,,,
2012-06-28,7230.47,7236.71,7165.34,7169.61,,,,
2012-06-29,7183.45,7296.28,7177.59,7296.28,,,,
2012-07-02,7332.09,7359.99,7318.22,7345.16,,,,
2012-07-03,7363.37,7431.7,7357.67,7418.36,,,,
2012-07-04,7414.56,7442.55,7397.8,7422.59,,,,
2012-07-05,7412.55,7426.62,7376.45,7387.78,,,,
2012-07-06,7392.78,7406.62,7328.03,7368.59,,,,
2012-07-09,7301.72,7333.28,7293.11,7309.96,,,,
2012-07-10,7305.76,7328.75,7228.88,7251.35,,,,
2012-07-11,7207.08,7261.59,7202.38,7257.91,,,,
2012-07-12,7240.88,7242.78,7130.93,7130.93,,,,
2012-07-13,7113.14,7153.85,7103.71,7104.27,,,,
2012-07-16,7135.94,7147.38,7085.38,7090.04,,,,
2012-07-17,7056.8,7133.05,7051.76,7127,,,,
2012-07-18,7132.65,7132.65,7046.09,7049.05,,,,
2012-07-19,7109.33,7163.75,7098.18,7148.57,,,,
2012-07-20,7136.48,7164.68,7130.71,7164.68,,,,
2012-07-23,7105.99,7105.99,6996.18,7028.73,,,,
2012-07-24,7004.44,7015.76,6968.78,7008.35,,,,
2012-07-25,6932.12,7036.95,6922.73,6979.13,,,,
2012-07-26,7012.94,7023.98,6963.57,6970.69,,,,
2012-07-27,7060.43,7124.49,7045.31,7124.49,,,,
2012-07-30,7159.21,7184.31,7146.07,7158.88,,,,
2012-07-31,7140.53,7270.49,7140.53,7270.49,,,,
2012-08-01,7242.58,7273.62,7223.17,7267.96,,,,
2012-08-03,7220.51,7235.63,7186.78,7217.51,,,,
2012-08-06,7311.74,7340.56,7276.6,7286.33,,,,
2012-08-07,7289.89,7300.99,7265.96,7295.46,,,,
2012-08-08,7331.59,7357.42,7302.9,7319.8,,,,
2012-08-09,7341.87,7435,7341.87,7433.7,,,,
2012-08-10,7443.36,7458.23,7409.43,7441.12,,,,
2012-08-13,7495.81,7495.81,7423.84,7436.3,,,,
2012-08-14,7447.03,7520.65,7447.03,7479.25,,,,
2012-08-15,7489.81,7489.81,7442.72,7467.74,,,,
2012-08-16,7475.68,7515.02,7456.4,7490.21,,,,
2012-08-17,7502.85,7516.71,7467.92,7467.92,,,,
2012-08-20,7482.05,7485.16,7422.44,7431.91,,,,
2012-08-21,7459.5,7536.32,7459.5,7506.81,,,,
2012-08-22,7495.87,7501.26,7461.07,7496.58,,,,
2012-08-23,7486.58,7519.03,7475.09,7505.17,,,,
2012-08-24,7479.57,7494.36,7454.85,7477.53,,,,
2012-08-27,7504.45,7523.54,7457.75,7468.22,,,,
2012-08-28,7440.56,7445.08,7359.83,7361.94,,,,
2012-08-29,7379.48,7405.3,7368.4,7391.15,,,,
2012-08-30,7372.06,7404.94,7360.1,7371.44,,,,
2012-08-31,7363.25,7406.52,7363.25,7397.06,,,,
2012-09-03,7430.4,7462.15,7389.68,7450.53,,,,
2012-09-04,7471.31,7479.01,7440.03,7451.35,,,,
2012-09-05,7429.93,7429.93,7364.68,7367.44,,,,
2012-09-06,7383.04,7390.76,7313.56,7326.72,,,,
2012-09-07,7434.43,7446.1,7409.88,7424.91,,,,
2012-09-10,7435.34,7482.74,7435.34,7482.74,,,,
2012-09-11,7497.23,7509.16,7468.18,7485.13,,,,
2012-09-12,7518.68,7571.42,7515.04,7570.45,,,,
2012-09-13,7577.16,7594.76,7557.28,7578.8,,,,
2012-09-14,7660.38,7738.05,7660.38,7738.05,,,,
2012-09-17,7768.45,7778.06,7725.9,7762.22,,,,
2012-09-18,7740.57,7757.04,7714.43,7734.26,,,,
2012-09-19,7739.52,7781.91,7726.35,7781.91,,,,
2012-09-20,7781.81,7785.47,7704.61,7727.55,,,,
2012-09-21,7763.29,7765.01,7737.03,7754.59,,,,
2012-09-24,7760.33,7781.55,7706.95,7768.3,,,,
2012-09-25,7766.44,7789.39,7720.44,7734.13,,,,
2012-09-26,7702.77,7708.9,7649.5,7669.63,,,,
2012-09-27,7665.89,7699.23,7658.51,7683.8,,,,
2012-09-28,7704.23,7721.29,7665.35,7715.16,,,,
2012-10-01,7702.12,7707.89,7657.88,7675.72,,,,
2012-10-02,7703.1,7726.61,7683.03,7718.68,,,,
2012-10-03,7727.48,7727.53,7680.98,7684.63,,,,
2012-10-04,7678.48,7689.08,7621.38,7682.34,,,,
2012-10-05,7694.05,7721.93,7675.48,7690.65,,,,
2012-10-08,7707.97,7707.97,7612.87,7615.89,,,,
2012-10-09,7593.58,7631.96,7590.75,7592.01,,,,
2012-10-11,7494.58,7501.22,7448.06,7451.72,,,,
2012-10-12,7456.51,7478.51,7398.8,7437.04,,,,
2012-10-15,7433.22,7433.68,7392.61,7418.9,,,,
2012-10-16,7437.79,7471.02,7437.79,7471.02,,,,
2012-10-17,7505.41,7518.36,7450.29,7464.4,,,,
2012-10-18,7474.07,7495.45,7448.06,7465.41,,,,
2012-10-19,7443.61,7449.22,7402.66,7408.76,,,,
2012-10-22,7333.24,7373.04,7310.79,7373.04,,,,
2012-10-23,7367.46,7375.5,7326.39,7337.48,,,,
2012-10-24,7288.14,7348.45,7274.88,7314.88,,,,
2012-10-25,7329.5,7339.21,7260,7262.08,,,,
2012-10-26,7291.98,7298.48,7132.77,7134.06,,,,
2012-10-29,7147.2,7165.1,7091.19,7091.67,,,,
2012-10-30,7131.15,7206.35,7131.15,7182.59,,,,
2012-10-31,7220.02,7222.84,7139.17,7166.05,,,,
2012-11-01,7141.97,7188.23,7050.05,7179.64,,,,
2012-11-02,7232.2,7235.13,7199.57,7210.47,,,,
2012-11-05,7200.77,7216.3,7161.7,7185.36,,,,
2012-11-06,7223.02,7236.68,7165.58,7236.68,,,,
2012-11-07,7249.75,7287.18,7220.04,7287.18,,,,
2012-11-08,7229,7242.63,7190.99,7242.63,,,,
2012-11-09,7206.16,7302.27,7170.29,7293.22,,,,
2012-11-12,7303.93,7307.59,7264.02,7267.75,,,,
2012-11-13,7262.65,7262.65,7129.87,7136.05,,,,
2012-11-14,7141.58,7165.86,7107.78,7159.75,,,,
2012-11-15,7132.02,7158.74,7066.28,7143.84,,,,
2012-11-16,7125.24,7194.28,7108.84,7130.07,,,,
2012-11-19,7134.71,7162.12,7125.21,7129.04,,,,
2012-11-20,7179.1,7189.1,7141.16,7145.77,,,,
2012-11-21,7150.24,7169.4,7061.87,7088.49,,,,
2012-11-22,7116.8,7134.78,7097.38,7105.76,,,,
2012-11-23,7148.97,7326.01,7148.97,7326.01,,,,
2012-11-26,7372.38,7407.37,7370.28,7407.37,,,,
2012-11-27,7408.74,7436.78,7384.97,7430.2,,,,
2012-11-28,7418.42,7434.93,7385.91,7434.93,,,,
2012-11-29,7468.93,7521.52,7466.49,7503.55,,,,
2012-11-30,7519.07,7590.69,7515.15,7580.17,,,,
2012-12-03,7582.65,7628.29,7562.19,7599.91,,,,
2012-12-04,7572.11,7600.98,7536.66,7600.98,,,,
2012-12-05,7575.63,7650.12,7567.46,7649.05,,,,
2012-12-06,7660.97,7673.62,7616.79,7623.26,,,,
2012-12-07,7640.25,7672.92,7631.63,7642.26,,,,
2012-12-10,7658.39,7669.05,7603.25,7609.5,,,,
2012-12-11,7621,7630.66,7556.67,7613.69,,,,
2012-12-12,7653.9,7696.02,7645.54,7690.19,,,,
2012-12-13,7713.69,7757.09,7699.41,7757.09,,,,
2012-12-14,7722.88,7723.74,7686.32,7698.77,,,,
2012-12-17,7664.97,7683.32,7603.51,7631.28,,,,
2012-12-18,7620.29,7643.74,7616.04,7643.74,,,,
2012-12-19,7671.13,7685.63,7647.01,7677.47,,,,
2012-12-20,7646.13,7646.13,7574.56,7595.46,,,,
2012-12-21,7592.57,7608.81,7491.52,7519.93,,,,
2012-12-22,7537.52,7546.9,7520.8,7540.14,,,,
2012-12-24,7542.66,7566.09,7520.62,7535.52,,,,
2012-12-25,7556.24,7654.6,7543.83,7636.57,,,,
2012-12-26,7646.51,7683.09,7633.83,7634.19,,,,
2012-12-27,7634.8,7661.01,7622.73,7648.41,,,,
2012-12-28,7700.87,7708.31,7665.04,7699.5,,,,
2013-01-02,7738.05,7793.48,7715.26,7779.22,,,,
2013-01-03,7826.34,7855.16,7815.29,7836.84,,,,
2013-01-04,7818.27,7818.27,7773.06,7805.99,,,,
2013-01-07,7797.05,7797.05,7725.47,7755.09,,,,
2013-01-08,7737.07,7751.8,7692.98,7721.66,,,,
2013-01-09,7726.4,7763.97,7703.23,7738.64,,,,
2013-01-10,7780.98,7825.06,7760.09,7811.64,,,,
2013-01-11,7843.57,7845.36,7801.69,7819.15,,,,
2013-01-14,7795.68,7823.97,7731.32,7823.97,,,,
2013-01-15,7823.51,7823.51,7744.39,7765.02,,,,
2013-01-16,7766.09,7769.18,7700.43,7700.43,,,,
2013-01-17,7748.57,7774.97,7603.27,7616.64,,,,
2013-01-18,7697.28,7732.87,7676.11,7732.87,,,,
2013-01-21,7725.36,7739.37,7674.18,7724.92,,,,
2013-01-22,7746.79,7759.47,7699.25,7759.1,,,,
2013-01-23,7773.2,7773.2,7730.1,7744.18,,,,
2013-01-24,7717.04,7724.68,7653.62,7695.99,,,,
2013-01-25,7695.25,7704.31,7637.2,7672.58,,,,
2013-01-28,7685.67,7717.35,7685.67,7714.67,,,,
2013-01-29,7744.15,7802,7739.6,7802,,,,
2013-01-30,7832.95,7847.21,7804.71,7832.98,,,,
2013-01-31,7832.87,7850.02,7800.9,7850.02,,,,
2013-02-01,7853.75,7866.23,7832,7855.97,,,,
2013-02-04,7882.76,7929.97,7880.29,7923.16,,,,
2013-02-05,7896.67,7896.67,7863.91,7886.94,,,,
2013-02-06,7925.26,7941.65,7906.65,7906.65,,,,
2013-02-18,8000.69,8005.73,7927.95,7943.53,,,,
2013-02-19,7974.4,7974.4,7946.09,7960.88,,,,
2013-02-20,8021.31,8029.1,7995.16,8029.1,,,,
2013-02-21,8020.52,8020.52,7957.46,7957.46,,,,
2013-02-22,7947.88,7970.24,7913.16,7947.72,,,,
2013-02-23,7979.15,7997.94,7965.89,7986.89,,,,
2013-02-25,7986.87,7995.11,7947.68,7947.68,,,,
2013-02-26,7891.41,7927.49,7871.23,7880.9,,,,
2013-02-27,7886.03,7912.85,7873.29,7897.98,,,,
2013-03-01,7917.72,7964.63,7917.72,7964.63,,,,
2013-03-04,7966.22,7966.22,7849.52,7867.34,,,,
2013-03-05,7910.44,7939.85,7882.56,7932.71,,,,
2013-03-06,7958.11,7982.39,7936.86,7950.3,,,,
2013-03-07,7950.9,7984.29,7942.37,7960.51,,,,
2013-03-08,7981,8029.14,7981,8015.14,,,,
2013-03-11,8021.88,8089.21,8001.85,8038.72,,,,
2013-03-12,8039,8063.23,7986.59,7994.71,,,,
2013-03-13,8018.9,8047.56,7962.42,7995.51,,,,
2013-03-14,8002.42,8002.71,7946.29,7951.76,,,,
2013-03-15,7989.67,7999.92,7924.94,7927.49,,,,
2013-03-18,7886.69,7888.16,7807.61,7811.34,,,,
2013-03-19,7843.47,7863.77,7823.81,7838.47,,,,
2013-03-20,7834.73,7844.54,7786.56,7798.03,,,,
2013-03-21,7828.95,7843.16,7811.84,7811.84,,,,
2013-03-22,7811.52,7832.59,7796.22,7796.22,,,,
2013-03-25,7862.58,7877.05,7854.47,7856.12,,,,
2013-03-26,7873.7,7876.68,7845.56,7856.36,,,,
2013-03-27,7872.75,7894.26,7857.32,7894.12,,,,
2013-03-28,7905.71,7905.71,7844.84,7866.88,,,,
2013-03-29,7904.5,7931.7,7883.81,7918.61,,,,
2013-04-01,7934.25,7937.73,7896.57,7899.24,,,,
2013-04-02,7897.16,7924.46,7879.55,7913.18,,,,
2013-04-03,7949.12,7954.15,7913.77,7942.35,,,,
2013-04-08,7831.22,7843.1,7747.47,7752.79,,,,
2013-04-09,7766.62,7781.13,7714.93,7728.54,,,,
2013-04-10,7772.95,7772.95,7739.99,7752.8,,,,
2013-04-11,7788.58,7857.98,7788.58,7857.98,,,,
2013-04-12,7861.12,7864.86,7810.54,7821.63,,,,
2013-04-15,7815.32,7835.12,7753.24,7763.53,,,,
2013-04-16,7690.91,7801.05,7688.62,7801.05,,,,
2013-04-17,7822.81,7822.81,7791.53,7809.07,,,,
2013-04-18,7781.48,7826.13,7757.33,7791.35,,,,
2013-04-19,7868.9,7933.72,7862.92,7930.8,,,,
2013-04-22,7976.1,7996.55,7950.01,7970.38,,,,
2013-04-23,7955.92,7968.79,7913.6,7942.77,,,,
2013-04-24,7977.4,8025.45,7968.28,8023.71,,,,
2013-04-25,8015.38,8026.46,7994.19,8021.75,,,,
2013-04-26,8034.47,8081.37,8020.47,8022.06,,,,
2013-04-29,8043.71,8046.22,8014.27,8029.74,,,,
2013-04-30,8065.92,8115.59,8065.92,8093.66,,,,
2013-05-02,8111.43,8139.49,8095.7,8128.51,,,,
2013-05-03,8157.51,8175.33,8121.07,8135.03,,,,
2013-05-06,8188.48,8197.52,8153.96,8169.05,,,,
2013-05-07,8177.58,8181.8,8145.1,8163.06,,,,
2013-05-08,8177.94,8284.09,8177.94,8267.09,,,,
2013-05-09,8314.37,8322.69,8279.46,8285.89,,,,
2013-05-10,8284.38,8297.33,8258.62,8280.26,,,,
2013-05-13,8285.45,8296.54,8230.65,8248.32,,,,
2013-05-14,8272.2,8295.41,8233.98,8251.82,,,,
2013-05-15,8264.1,8320.32,8251.51,8318.59,,,,
2013-05-16,8362.49,8414.88,8346.45,8390.05,,,,
2013-05-17,8377.26,8402.34,8356.79,8368.19,,,,
2013-05-20,8364.95,8385.68,8347.33,8377.05,,,,
2013-05-21,8381.36,8420.68,8361.96,8383.05,,,,
2013-05-22,8414.06,8439.15,8376.21,8398.84,,,,
2013-05-23,8367.85,8373.09,8235.5,8237.83,,,,
2013-05-24,8273.21,8277.56,8172.54,8209.78,,,,
2013-05-27,8218.88,8280.1,8210.32,8280.1,,,,
2013-05-28,8289.15,8303.71,8261.54,8263.05,,,,
2013-05-29,8303.2,8344.21,8303.2,8337.9,,,,
2013-05-30,8316.97,8316.97,8228.8,8243.29,,,,
2013-05-31,8318.77,8334.44,8237.08,8254.8,,,,
2013-06-03,8177.97,8225.79,8149.45,8201.02,,,,
2013-06-04,8243.22,8250.17,8180.39,8191.22,,,,
2013-06-05,8195.52,8216.31,8161.1,8181.91,,,,
2013-06-06,8135.56,8162.25,8088.31,8096.14,,,,
2013-06-07,8113.95,8146.78,8071.98,8095.2,,,,
2013-06-10,8161.51,8190.87,8142.71,8160.55,,,,
2013-06-11,8178.95,8178.95,8116.15,8116.15,,,,
2013-06-13,8041.5,8057.33,7951.66,7951.66,,,,
2013-06-14,7978.75,7989.19,7912.37,7937.74,,,,
2013-06-17,7953.65,7999.43,7940.72,7992.89,,,,
2013-06-18,7994.81,8024.95,7955.74,8011.02,,,,
2013-06-19,8033.32,8056.19,8005.57,8007.39,,,,
2013-06-20,7952.36,7962.76,7890.93,7898.91,,,,
2013-06-21,7778.84,7815.79,7739.09,7793.31,,,,
2013-06-24,7788.45,7815.1,7744.49,7758.03,,,,
2013-06-25,7750.34,7792.27,7663.23,7663.23,,,,
2013-06-26,7789.34,7821.14,7742.2,7784.8,,,,
2013-06-27,7841.32,7884.13,7834.33,7883.9,,,,
2013-06-28,7928.54,8062.21,7891.06,8062.21,,,,
2013-07-01,8011.95,8063.47,7974.15,8036,,,,
2013-07-02,8061.84,8064.12,8012.79,8015.86,,,,
2013-07-03,7991.53,7995.3,7899.08,7911.42,,,,
2013-07-04,7919.26,7927.08,7877.06,7893.72,,,,
2013-07-05,7932.3,8018.93,7926.35,8001.82,,,,
2013-07-08,7980.11,7992.16,7885,7886.34,,,,
2013-07-09,7891.53,7975.64,7891.37,7971.18,,,,
2013-07-10,7974.99,8057.92,7974.99,8011.69,,,,
2013-07-11,8080.97,8179.54,8080.97,8179.54,,,,
2013-07-12,8187.86,8220.49,8169.92,8220.49,,,,
2013-07-15,8178.26,8254.68,8175.55,8254.68,,,,
2013-07-16,8243.62,8260.11,8222.17,8260.11,,,,
2013-07-17,8239.1,8260.25,8208.71,8258.95,,,,
2013-07-18,8238.28,8265.7,8181.99,8194.88,,,,
2013-07-19,8117.94,8139.81,8046.7,8062.03,,,,
2013-07-22,8092.03,8137.37,8092.03,8105.45,,,,
2013-07-23,8152.72,8220.89,8145.09,8214.65,,,,
2013-07-24,8222.85,8233.1,8172.23,8196.19,,,,
2013-07-25,8173.19,8203.49,8140.41,8163.58,,,,
2013-07-26,8188.36,8222.82,8135.73,8149.4,,,,
2013-07-29,8146.14,8163.89,8074.29,8084.5,,,,
2013-07-30,8113.17,8176.74,8112.91,8163.55,,,,
2013-07-31,8163.44,8170.57,8107.6,8107.94,,,,
2013-08-01,8110.73,8113.4,8056.22,8056.22,,,,
2013-08-02,8114.51,8162.91,8087.1,8099.88,,,,
2013-08-05,8104.2,8143.44,8075.99,8138.63,,,,
2013-08-06,8129.85,8129.85,8028.93,8038.91,,,,
2013-08-07,7993.57,7993.57,7921.29,7921.29,,,,
2013-08-08,7910.2,7932.35,7894.18,7907.67,,,,
2013-08-09,7955,7955,7853.97,7856.14,,,,
2013-08-12,7878.22,7908.68,7862.04,7903.38,,,,
2013-08-13,7935.79,7986.27,7935.79,7986.27,,,,
2013-08-14,7978.74,7981.56,7926.23,7951.33,,,,
2013-08-15,7903.01,7916.02,7850.27,7887.26,,,,
2013-08-16,7854.68,7949.43,7850.49,7925,,,,
2013-08-19,7937.45,7944.74,7888.87,7900.21,,,,
2013-08-20,7896.38,7924.52,7829.78,7832.65,,,,
2013-08-21,7896.38,7924.52,7829.78,7832.65,,,,
2013-08-22,7779.44,7825.56,7737.33,7814.38,,,,
2013-08-23,7863.73,7895.13,7845.92,7873.31,,,,
2013-08-26,7906.52,7913.74,7874.05,7894.97,,,,
2013-08-27,7875.93,7895.23,7820.84,7820.84,,,,
2013-08-28,7776.87,7834.11,7761.76,7824.54,,,,
2013-08-29,7841.99,7931.05,7841.99,7917.66,,,,
2013-08-30,7949.99,8021.89,7936.82,8021.89,,,,
2013-09-02,8010.15,8052.71,7993.13,8038.86,,,,
2013-09-03,8095.66,8102.66,8067.62,8088.37,,,,
2013-09-04,8066.67,8094.12,8041.49,8083.44,,,,
2013-09-05,8109.24,8169.1,8107.22,8169.1,,,,
2013-09-06,8180.53,8182.56,8155.5,8164.2,,,,
2013-09-09,8176.47,8192.11,8117.87,8192.11,,,,
2013-09-10,8217.21,8238.91,8155.87,8208.77,,,,
2013-09-11,8174.54,8208.99,8137.07,8208.99,,,,
2013-09-12,8180.38,8226.61,8177.03,8225.36,,,,
2013-09-13,8210.15,8228.67,8162.14,8168.2,,,,
2013-09-14,8169.41,8176.76,8142.48,8142.48,,,,
2013-09-16,8189.61,8255.34,8189.61,8255.34,,,,
2013-09-17,8241.03,8249.78,8218.94,8249.78,,,,
2013-09-18,8248.18,8263.05,8209.18,8209.18,,,,
2013-09-23,8226.8,8293.03,8221.34,8292.83,,,,
2013-09-24,8295.5,8310.94,8265.55,8299.12,,,,
2013-09-25,8283.6,8285.28,8253.43,8283.9,,,,
2013-09-26,8290.1,8290.1,8184.68,8184.68,,,,
2013-09-27,8222.13,8244.86,8207.72,8230.68,,,,
2013-09-30,8174.86,8204.4,8137.11,8173.87,,,,
2013-10-01,8173.99,8222.38,8172.79,8187.02,,,,
2013-10-02,8215.96,8228.81,8204.34,8216.52,,,,
2013-10-03,8231.68,8376.79,8231.68,8359.02,,,,
2013-10-04,8345.82,8376.06,8336.61,8364.55,,,,
2013-10-07,8354.91,8361.5,8323.79,8333.66,,,,
2013-10-08,8340.33,8375.65,8311.59,8375.65,,,,
2013-10-09,8352.25,8378.37,8330.79,8344.73,,,,
2013-10-11,8407.45,8433.53,8349.37,8349.37,,,,
2013-10-14,8339.99,8343.65,8269.16,8273.96,,,,
2013-10-15,8320.48,8368.02,8320.48,8367.88,,,,
2013-10-16,8384.03,8384.03,8332.18,8332.18,,,,
2013-10-17,8390.88,8415.16,8364.89,8374.68,,,,
2013-10-18,8416.33,8441.19,8390.32,8441.19,,,,
2013-10-21,8456.68,8459.3,8400.06,8419.32,,,,
2013-10-22,8407.62,8425.31,8376.27,8418.27,,,,
2013-10-23,8419.8,8438.95,8380.15,8393.62,,,,
2013-10-24,8364.45,8413.72,8346.52,8413.72,,,,
2013-10-25,8380.31,8390.25,8322.15,8346.62,,,,
2013-10-28,8365.43,8414.81,8348.42,8407.83,,,,
2013-10-29,8394.85,8432.9,8380.21,8420.98,,,,
2013-10-30,8429.4,8465.06,8419.21,8465.06,,,,
2013-10-31,8437.76,8469.58,8424.47,8450.06,,,,
2013-11-01,8474.47,8476.63,8378.94,8388.18,,,,
2013-11-04,8371.83,8371.83,8333.63,8354.14,,,,
2013-11-05,8354.92,8372.8,8262.2,8262.2,,,,
2013-11-06,8275.07,8297.57,8232.5,8281.97,,,,
2013-11-07,8298.06,8298.06,8250.72,8283.71,,,,
2013-11-08,8235.3,8266.72,8216.33,8229.59,,,,
2013-11-11,8228.9,8242.41,8168.92,8182.56,,,,
2013-11-12,8233.62,8233.62,8160.17,8195.26,,,,
2013-11-13,8199.26,8199.26,8104.26,8104.26,,,,
2013-11-14,8137.82,8161.7,8100.73,8134.91,,,,
2013-11-15,8168.9,8210.1,8160.28,8177.12,,,,
2013-11-18,8201.85,8226.61,8186.47,8191.46,,,,
2013-11-19,8215,8260.82,8215,8260.21,,,,
2013-11-20,8250.31,8262.91,8204.46,8204.46,,,,
2013-11-21,8197.86,8203.45,8093.82,8099.45,,,,
2013-11-22,8107.98,8142.72,8107.98,8116.78,,,,
2013-11-25,8182.9,8217.62,8182.9,8187.51,,,,
2013-11-26,8200.7,8281.38,8187.28,8248.02,,,,
2013-11-27,8287.63,8312.32,8279.51,8295.88,,,,
2013-11-28,8320.65,8377.81,8320.65,8362.43,,,,
2013-11-29,8374.14,8414.79,8365.32,8406.83,,,,
2013-12-02,8429.24,8437.13,8391.82,8414.61,,,,
2013-12-03,8407.74,8418.23,8390.73,8392.55,,,,
2013-12-04,8379.44,8435.23,8375.79,8418,,,,
2013-12-05,8430.53,8437.6,8362.39,8375.54,,,,
2013-12-06,8372.61,8410.19,8361.99,8367.72,,,,
2013-12-09,8439.76,8477.87,8433.81,8444.62,,,,
2013-12-10,8451.81,8459.49,8421.59,8443.39,,,,
2013-12-11,8450.96,8501.77,8413.52,8433.77,,,,
2013-12-12,8405.62,8406.93,8361.33,8361.33,,,,
2013-12-13,8355.01,8391.82,8346.83,8376.94,,,,
2013-12-16,8368.83,8374.21,8313.87,8313.87,,,,
2013-12-17,8351.98,8384.26,8351.98,8352.93,,,,
2013-12-18,8361.75,8375.52,8333.31,8349.04,,,,
2013-12-19,8400.39,8426.08,8378.78,8407.4,,,,
2013-12-20,8400.21,8439.37,8392.38,8408.53,,,,
2013-12-23,8441.16,8477.47,8441.16,8456.46,,,,
2013-12-24,8473.02,8478.09,8450.49,8450.49,,,,
2013-12-25,8461.49,8484.05,8457.87,8467.76,,,,
2013-12-26,8467.73,8492.71,8465.85,8485.89,,,,
2013-12-27,8490.73,8543.5,8488.44,8535.04,,,,
2013-12-30,8552.13,8623.43,8552.13,8623.43,,,,
2013-12-31,8636.5,8647.24,8593.75,8611.51,,,,
2014-01-02,8618.6,8632.81,8587.54,8612.54,,,,
2014-01-03,8584.74,8584.74,8537.86,8546.54,,,,
2014-01-06,8553,8568.24,8488.64,8500.01,,,,
2014-01-07,8515.36,8547.19,8512.3,8512.3,,,,
2014-01-08,8548.61,8587.08,8548.61,8556.01,,,,
2014-01-09,8555.8,8569.11,8506.02,8514.68,,,,
2014-01-10,8559.18,8559.18,8521.5,8529.35,,,,
2014-01-13,8587.49,8607.23,8558.96,8566.2,,,,
2014-01-14,8545.46,8568.31,8523.46,8548.14,,,,
2014-01-15,8567.81,8619.56,8567.81,8602.55,,,,
2014-01-16,8653.54,8668.95,8610.24,8612.11,,,,
2014-01-17,8628.49,8628.86,8580.49,8596,,,,
2014-01-20,8595.59,8636.21,8584.5,8621.56,,,,
2014-01-21,8639.71,8650.14,8599.9,8599.9,,,,
2014-01-22,8598.98,8633.57,8596.99,8625.3,,,,
2014-01-23,8644.56,8647.87,8595.1,8595.1,,,,
2014-01-24,8581.49,8608.64,8577.14,8598.31,,,,
2014-01-27,8519.48,8519.48,8442.19,8462.57,,,,
2014-02-05,8290.17,8313.83,8230.46,8264.48,,,,
2014-02-06,8286.16,8333.56,8284.77,8311.01,,,,
2014-02-07,8383.99,8409.03,8356.93,8387.35,,,,
2014-02-10,8416.42,8447.02,8391.95,8391.95,,,,
2014-02-11,8413.86,8439.33,8401.54,8430.56,,,,
2014-02-12,8471.51,8510.87,8471.51,8510.87,,,,
2014-02-13,8506.22,8511.02,8467.7,8467.7,,,,
2014-02-14,8524.54,8566.99,8508.24,8513.68,,,,
2014-02-17,8537.83,8558.5,8512.6,8519.55,,,,
2014-02-18,8530.81,8556.23,8506.06,8556.23,,,,
2014-02-19,8565.06,8577.01,8543.15,8577.01,,,,
2014-02-20,8555.27,8567.5,8513.08,8524.62,,,,
2014-02-21,8571.29,8612.08,8571.29,8601.86,,,,
2014-02-24,8603.61,8612.21,8541.65,8560.61,,,,
2014-02-25,8581.14,8598.73,8564.51,8575.62,,,,
2014-02-26,8569.04,8626.68,8563.87,8600.86,,,,
2014-02-27,8626.51,8647.9,8615.41,8639.58,,,,
2014-03-03,8627.15,8628.05,8545.24,8601.98,,,,
2014-03-04,8583.58,8595.59,8554.54,8554.54,,,,
2014-03-05,8622.19,8652.22,8622.19,8632.93,,,,
2014-03-06,8660.29,8719.17,8660.29,8713.79,,,,
2014-03-07,8754.74,8787.62,8698.6,8713.96,,,,
2014-03-10,8706.43,8712.88,8651.54,8665.24,,,,
2014-03-11,8694.96,8716.31,8684.63,8702.33,,,,
2014-03-12,8671.4,8684.73,8651.99,8684.73,,,,
2014-03-13,8737.81,8768.66,8732.15,8747.79,,,,
2014-03-14,8697.73,8709.56,8677.81,8687.63,,,,
2014-03-17,8697.26,8708.4,8662.49,8700.1,,,,
2014-03-18,8747.38,8759.55,8713.51,8731.94,,,,
2014-03-19,8745.02,8749.8,8682.75,8689.46,,,,
2014-03-20,8638.59,8638.59,8580.4,8597.33,,,,
2014-03-21,8642.82,8642.82,8562.57,8577.17,,,,
2014-03-24,8540.27,8605.38,8508.01,8605.38,,,,
2014-03-25,8589.19,8689.3,8589.19,8689.3,,,,
2014-03-26,8741.03,8746.71,8717.79,8737.27,,,,
2014-03-27,8737.56,8780.42,8723.82,8779.57,,,,
2014-03-28,8779.91,8812.41,8751.07,8774.64,,,,
2014-03-31,8802.93,8849.28,8769.97,8849.28,,,,
2014-04-01,8847.34,8873.15,8826.16,8873.15,,,,
2014-04-02,8906.52,8922.79,8883.14,8905.45,,,,
2014-04-03,8902.94,8913.74,8871.16,8888.54,,,,
2014-04-07,8844.91,8876.44,8828.59,8876.44,,,,
2014-04-08,8878.88,8899.12,8860.7,8888.25,,,,
2014-04-09,8912.39,8936.57,8912.39,8930.57,,,,
2014-04-10,8964.34,8978.52,8898.3,8948.1,,,,
2014-04-11,8900.13,8909.97,8848.24,8908.05,,,,
2014-04-14,8897.23,8899.51,8852.66,8857.42,,,,
2014-04-15,8898.65,8918.94,8889.44,8916.71,,,,
2014-04-16,8921.07,8968.56,8894.29,8923.82,,,,
2014-04-17,8942.23,8962.66,8921.56,8944.16,,,,
2014-04-18,8994.77,9002.7,8945.56,8966.66,,,,
2014-04-21,8961.52,8965.58,8938.47,8951.19,,,,
2014-04-22,8956.22,8989.06,8955.19,8974.71,,,,
2014-04-23,9009.59,9022.28,8947.86,8956.92,,,,
2014-04-24,8968.82,8971.94,8926.55,8945.45,,,,
2014-04-25,8945.81,8951.06,8749.51,8774.12,,,,
2014-04-28,8680.14,8825.93,8671.65,8809.71,,,,
2014-04-29,8845.6,8884.48,8833.37,8872.11,,,,
2014-04-30,8885.7,8890.09,8791.44,8791.44,,,,
2014-05-02,8846.86,8875.9,8839.92,8867.32,,,,
2014-05-05,8895.87,8911.08,8844.45,8870.43,,,,
2014-05-06,8888.45,8927.39,8853.72,8912.39,,,,
2014-05-07,8903.72,8911.03,8856.98,8893.22,,,,
2014-05-08,8925.21,8941.46,8891.74,8930.9,,,,
2014-05-09,8943.14,8945.63,8878.32,8889.69,,,,
2014-05-12,8893.72,8898.31,8803.43,8808.61,,,,
2014-05-13,8865.61,8886.66,8809.06,8817.94,,,,
2014-05-14,8842.05,8875.16,8812.19,8875.16,,,,
2014-05-15,8852.92,8880.65,8839.44,8880.65,,,,
2014-05-16,8857.12,8896.72,8816.92,8888.45,,,,
2014-05-19,8901.54,8912.35,8877.46,8899.9,,,,
2014-05-20,8922.08,8930.79,8887.79,8887.79,,,,
2014-05-21,8894.16,8905.04,8848.53,8862.42,,,,
2014-05-22,8899.82,8969.63,8899.82,8969.63,,,,
2014-05-23,8960.79,9008.22,8960.79,9008.22,,,,
2014-05-26,9040.49,9053.75,9026.77,9036.12,,,,
2014-05-27,9045.08,9059.19,9035.69,9055.29,,,,
2014-05-28,9072.04,9125.14,9069.89,9121.71,,,,
2014-05-29,9123.46,9131.66,9093.57,9109,,,,
2014-05-30,9130.66,9139.57,9075.91,9075.91,,,,
2014-06-03,9106.61,9128.34,9070.45,9123.46,,,,
2014-06-04,9135.01,9140.55,9114.18,9119.96,,,,
2014-06-05,9127.56,9140.72,9094.13,9140.72,,,,
2014-06-06,9167.83,9174.77,9122.56,9134.46,,,,
2014-06-09,9153.93,9166.58,9138.93,9162.74,,,,
2014-06-10,9181.9,9222.37,9171.75,9222.37,,,,
2014-06-11,9218.5,9229.8,9204.76,9229.8,,,,
2014-06-12,9209.99,9220.89,9186.79,9204.65,,,,
2014-06-13,9192.73,9207.74,9171.51,9196.39,,,,
2014-06-16,9196.23,9214.19,9179.56,9202.93,,,,
2014-06-17,9223.02,9249.87,9200.86,9240.6,,,,
2014-06-18,9257.65,9316.64,9204.35,9279.93,,,,
2014-06-19,9288.69,9324.4,9283.38,9316.81,,,,
2014-06-20,9330.35,9339.83,9273.79,9273.79,,,,
2014-06-23,9293.06,9302.65,9225.73,9228.35,,,,
2014-06-24,9232.35,9276.24,9232.35,9246.2,,,,
2014-06-25,9250.13,9255.87,9229.8,9242.16,,,,
2014-06-26,9273.36,9320.94,9271.35,9320.94,,,,
2014-06-27,9316.89,9330.95,9303.57,9306.83,,,,
2014-06-30,9332.44,9393.07,9327.89,9393.07,,,,
2014-07-01,9393.07,9463.06,9374.28,9441.92,,,,
2014-07-02,9482,9547.05,9421.87,9484.96,,,,
2014-07-03,9468.78,9538.65,9449.78,9526.23,,,,
2014-07-04,9525.93,9550.11,9482.94,9510.05,,,,
2014-07-07,9497.27,9520.2,9454.67,9520.2,,,,
2014-07-08,9515.18,9540.57,9499.17,9530.98,,,,
2014-07-09,9510,9522.99,9478.76,9489.98,,,,
2014-07-10,9512.89,9568.75,9512.89,9565.12,,,,
2014-07-11,9561.71,9591.27,9478.07,9495.84,,,,
2014-07-14,9497.81,9545.99,9488.12,9520.3,,,,
2014-07-15,9558.42,9593.68,9547.94,9569.17,,,,
2014-07-16,9570.33,9574.13,9471.65,9484.73,,,,
2014-07-17,9420.11,9461.86,9373.87,9408.24,,,,
2014-07-18,9335.38,9421.34,9335.38,9400.97,,,,
2014-07-21,9453.78,9480.14,9426.3,9440.97,,,,
2014-07-22,9453.23,9499.36,9418.74,9499.36,,,,
2014-07-23,9453.23,9499.36,9418.74,9499.36,,,,
2014-07-24,9508.26,9538.07,9483.52,9527.54,,,,
2014-07-25,9519.99,9528.7,9412.48,9439.29,,,,
2014-07-28,9415.9,9460.43,9385.56,9420.18,,,,
2014-07-29,9457.8,9483.75,9357.32,9391.88,,,,
2014-07-30,9409.62,9456.03,9398.82,9447.02,,,,
2014-07-31,9436.04,9438.97,9313.87,9315.85,,,,
2014-08-01,9223.75,9274.64,9201.83,9266.51,,,,
2014-08-04,9280.29,9330.19,9258.18,9330.19,,,,
2014-08-05,9316.82,9316.82,9141.44,9141.44,,,,
2014-08-06,9148.36,9163.81,9070.09,9143.97,,,,
2014-08-07,9162.65,9172.88,9108.85,9131.44,,,,
2014-08-08,9120.2,9120.2,9014.89,9085.96,,,,
2014-08-11,9109.83,9184.96,9107.21,9172.91,,,,
2014-08-12,9188.85,9198.1,9146.98,9163.12,,,,
2014-08-13,9155.02,9231.66,9147.14,9231.31,,,,
2014-08-14,9276.41,9282.01,9218.55,9230.61,,,,
2014-08-15,9243.67,9243.67,9172.91,9206.81,,,,
2014-08-18,9222.73,9222.73,9128.66,9141.31,,,,
2014-08-19,9188.63,9255.09,9188.63,9243.78,,,,
2014-08-20,9278.15,9294.49,9249.31,9288.05,,,,
2014-08-21,9286.82,9289.02,9217.97,9253.38,,,,
2014-08-22,9273.07,9380.6,9271.87,9380.1,,,,
2014-08-25,9393.24,9409.35,9369.24,9390.62,,,,
2014-08-26,9394.28,9418.77,9386.49,9393.96,,,,
2014-08-27,9426.29,9491.75,9426.29,9485.59,,,,
2014-08-28,9499.22,9502.42,9453.49,9478.37,,,,
2014-08-29,9459.81,9470.15,9425.35,9436.27,,,,
2014-09-01,9474.41,9532.66,9472.96,9513.06,,,,
2014-09-02,9503.65,9503.65,9388.13,9399.72,,,,
2014-09-03,9434.88,9455.78,9396.79,9450.35,,,,
2014-09-04,9439.76,9439.76,9389.29,9428.89,,,,
2014-09-05,9446.45,9451.39,9365.7,9407.94,,,,
2014-09-09,9452.14,9465.93,9426.99,9434.77,,,,
2014-09-10,9410.62,9410.62,9309.05,9357.61,,,,
2014-09-11,9376.38,9381.05,9322.95,9322.95,,,,
2014-09-12,9324.74,9333.28,9223.18,9223.18,,,,
2014-09-15,9206.41,9242.23,9175.61,9217.46,,,,
2014-09-16,9218.85,9219.42,9133.4,9133.4,,,,
2014-09-17,9171.04,9252.38,9159.85,9195.17,,,,
2014-09-18,9211.8,9237.88,9201.91,9237.03,,,,
2014-09-19,9268.44,9289.22,9235.44,9240.45,,,,
2014-09-22,9220.54,9220.54,9106.27,9134.65,,,,
2014-09-23,9134.29,9147.21,9084.9,9084.9,,,,
2014-09-24,9071.8,9123.11,9071.8,9098.49,,,,
2014-09-25,9126.76,9149.41,8982.51,9011.59,,,,
2014-09-26,8957.56,9001.98,8913.51,8989.82,,,,
2014-09-29,9018.46,9018.46,8948.09,8960.76,,,,
2014-09-30,8954.58,8998.83,8860.17,8966.92,,,,
2014-10-01,8958.87,9014.26,8918.96,8990.26,,,,
2014-10-02,8959.37,9010.27,8913.01,8975.19,,,,
2014-10-03,9010.3,9113.8,8998.27,9106.28,,,,
2014-10-06,9118.28,9122.54,9065.34,9095.14,,,,
2014-10-07,9065.67,9074.8,8993.45,9040.81,,,,
2014-10-08,8989.99,9038.61,8955.18,8955.18,,,,
2014-10-09,9021.31,9054.67,8946.16,8966.44,,,,
2014-10-13,8767.42,8795.77,8711.39,8711.39,,,,
2014-10-14,8691.83,8768.39,8684.19,8768.39,,,,
2014-10-15,8769.39,8776.91,8635.41,8655.51,,,,
2014-10-16,8602.65,8676.46,8501.29,8633.69,,,,
2014-10-17,8688.71,8699.77,8512.88,8512.88,,,,
2014-10-20,8617.08,8679.85,8611.17,8663.14,,,,
2014-10-21,8676.32,8676.32,8636.67,8654.64,,,,
2014-10-22,8744.91,8775.35,8729.77,8748.83,,,,
2014-10-23,8735.38,8751.67,8714.88,8731.07,,,,
2014-10-24,8740.28,8750.42,8629.24,8646.01,,,,
2014-10-27,8671.51,8689.67,8607.23,8627.78,,,,
2014-10-28,8692.52,8788.28,8692.52,8773.55,,,,
2014-10-29,8821.85,8903.68,8821.85,8903.68,,,,
2014-10-30,8890.19,8892.99,8842.8,8888.07,,,,
2014-10-31,8909.34,8974.76,8885.21,8974.76,,,,
2014-11-03,9009.38,9029.71,8965.5,9004.86,,,,
2014-11-04,9030.96,9046.22,8980.96,8989.18,,,,
2014-11-05,8997.76,9013.06,8941.18,8962.6,,,,
2014-11-06,8968.79,8979.97,8887.36,8891.02,,,,
2014-11-07,8881.19,8925.62,8867.78,8912.62,,,,
2014-11-10,8937.59,9062.89,8937.59,9049.98,,,,
2014-11-11,9067.54,9069.44,9021.54,9034.14,,,,
2014-11-12,9030.13,9030.13,8894.11,8918.95,,,,
2014-11-13,8947.97,8980.67,8927.09,8980.67,,,,
2014-11-14,8992.4,8996.38,8950.23,8982.88,,,,
2014-11-17,9003.37,9024,8878.38,8884.39,,,,
2014-11-18,8916.08,8944.26,8828.15,8859.07,,,,
2014-11-19,8896.16,8988.64,8879.29,8963.24,,,,
2014-11-20,8984.93,9078.87,8984.93,9078.87,,,,
2014-11-21,9104.34,9111.18,9071.86,9091.53,,,,
2014-11-24,9144.42,9165.71,9104.54,9122.33,,,,
2014-11-25,9125.27,9153.55,9098.32,9116.24,,,,
2014-11-26,9125.08,9146.04,9112.19,9122.39,,,,
2014-11-27,9153.49,9217.73,9153.49,9165.31,,,,
2014-11-28,9163.19,9201.8,9158.28,9187.15,,,,
2014-12-01,9038.41,9164.54,8998.55,9117.71,,,,
2014-12-02,9098.36,9104.84,9009.69,9034.79,,,,
2014-12-03,9073.47,9188.32,9045.2,9175.26,,,,
2014-12-04,9212.85,9251.85,9195.15,9225.11,,,,
2014-12-05,9220.25,9240.51,9192.29,9206.57,,,,
2014-12-08,9231.24,9241.63,9174.51,9187.29,,,,
2014-12-09,9163.43,9177.14,9127.12,9128.9,,,,
2014-12-10,9115.33,9140.49,9015.52,9032.16,,,,
2014-12-11,9003.84,9046.4,8971.53,9013.07,,,,
2014-12-12,9041.54,9084.27,9022.56,9027.33,,,,
2014-12-15,8987.95,8997.08,8943.04,8985.63,,,,
2014-12-16,8967.82,9031.07,8950.91,8950.91,,,,
2014-12-17,8961.64,8972.12,8826.03,8828.36,,,,
2014-12-18,8912.78,8946.42,8876.88,8878.63,,,,
2014-12-19,8981.85,9035.77,8953.17,8999.52,,,,
2014-12-22,9032.42,9099.85,9024.01,9095,,,,
2014-12-23,9123.78,9138.15,9093.43,9097.71,,,,
2014-12-24,9096.48,9186.18,9096.48,9186.18,,,,
2014-12-25,9186.83,9198.04,9153.77,9158.7,,,,
2014-12-26,9171.91,9214.07,9158.39,9214.07,,,,
2014-12-27,9222.47,9228.65,9197.13,9218.5,,,,
2014-12-29,9216.43,9313.33,9216.43,9286.28,,,,
2014-12-30,9299.1,9338.06,9262.7,9268.43,,,,
2014-12-31,9260.46,9307.26,9252.31,9307.26,,,,
2015-01-05,9292.31,9292.31,9182.02,9274.11,,,,
2015-01-06,9209.93,9209.93,9043.44,9048.34,,,,
2015-01-07,9051.94,9108.66,9050.54,9080.09,,,,
2015-01-08,9154.03,9246.62,9154.03,9238.03,,,,
2015-01-09,9247.4,9284.57,9215.58,9215.58,,,,
2015-01-12,9198.02,9229.65,9178.3,9178.3,,,,
2015-01-13,9162.77,9253.82,9161.71,9231.8,,,,
2015-01-14,9235.9,9242.2,9161.71,9180.23,,,,
2015-01-15,9197.32,9219.43,9149.1,9165.09,,,,
2015-01-16,9245.77,9256.86,9109.46,9138.29,,,,
2015-01-19,9183.76,9247.09,9151.82,9174.06,,,,
2015-01-20,9188.76,9259.31,9177.48,9251.69,,,,
2015-01-21,9283.79,9319.71,9275.68,9319.71,,,,
2015-01-22,9336.81,9386.56,9336.81,9369.51,,,,
2015-01-23,9422,9471.8,9422,9470.94,,,,
2015-01-26,9474.56,9478.53,9436.47,9477.67,,,,
2015-01-27,9505.56,9523.73,9471.19,9521.59,,,,
2015-01-28,9503.2,9515.29,9471.31,9510.92,,,,
2015-01-29,9479.36,9482.13,9403.75,9426.9,,,,
2015-01-30,9452.85,9466.65,9361.91,9361.91,,,,
2015-02-02,9368.83,9410.43,9352.19,9386.99,,,,
2015-02-03,9394.47,9460.17,9394.47,9448.73,,,,
2015-02-04,9477.52,9533.88,9477.52,9513.92,,,,
2015-02-05,9511.06,9517.42,9472.42,9512.05,,,,
2015-02-06,9521.88,9521.88,9448.65,9456.18,,,,
2015-02-09,9465.12,9465.12,9413.18,9421.5,,,,
2015-02-10,9405.59,9435.07,9390.13,9393.7,,,,
2015-02-11,9430.17,9488.72,9430.17,9462.22,,,,
2015-02-12,9496.39,9500.35,9447.19,9496.31,,,,
2015-02-13,9500.04,9542.09,9499.97,9529.51,,,,
2015-02-24,9582.39,9638.48,9582.39,9629.37,,,,
2015-02-25,9655.72,9699.54,9653.77,9699.54,,,,
2015-02-26,9687.48,9688.07,9610.59,9622.1,,,,
2015-03-02,9665.11,9690.43,9588.36,9601.36,,,,
2015-03-03,9628.06,9642.95,9571.64,9605.77,,,,
2015-03-04,9596.24,9635.18,9580.78,9621.73,,,,
2015-03-05,9627.04,9631.04,9564.44,9595.09,,,,
2015-03-06,9587.59,9645.77,9574.55,9645.77,,,,
2015-03-09,9617.04,9617.04,9549.76,9562.98,,,,
2015-03-10,9566.25,9583.78,9520.33,9536.53,,,,
2015-03-11,9503.28,9561.81,9472.54,9523.18,,,,
2015-03-12,9537.23,9608.02,9530.74,9596,,,,
2015-03-13,9608.44,9633.51,9579.35,9579.35,,,,
2015-03-16,9583.45,9590.76,9512.91,9512.91,,,,
2015-03-17,9555.1,9629.8,9539.44,9539.44,,,,
2015-03-18,9563.74,9653.43,9561.5,9653.43,,,,
2015-03-19,9668.01,9745.59,9668.01,9736.73,,,,
2015-03-20,9706.35,9749.69,9705.32,9749.69,,,,
2015-03-23,9759.88,9775.63,9729.81,9758.09,,,,
2015-03-24,9759.96,9768.71,9701.33,9731.66,,,,
2015-03-25,9739.25,9743.58,9653.47,9667.83,,,,
2015-03-26,9579.63,9619.12,9540.03,9619.12,,,,
2015-03-27,9593.07,9608.44,9503.72,9503.72,,,,
2015-03-30,9533.38,9556.25,9503.53,9521.87,,,,
2015-03-31,9568.38,9594.75,9527.87,9586.44,,,,
2015-04-01,9575.11,9575.11,9503.53,9507.66,,,,
2015-04-02,9535.98,9628.95,9535.98,9600.32,,,,
2015-04-07,9619.97,9653.97,9613.33,9641.9,,,,
2015-04-08,9646.07,9654.67,9562,9571.97,,,,
2015-04-09,9597.21,9663.05,9559.71,9568.04,,,,
2015-04-10,9626.88,9648.34,9582.84,9617.7,,,,
2015-04-13,9622.64,9666.52,9622.59,9666.52,,,,
2015-04-14,9646.28,9664.1,9631.19,9642.22,,,,
2015-04-15,9629.7,9654.15,9508.14,9540.06,,,,
2015-04-16,9578.71,9656.87,9578.71,9656.87,,,,
2015-04-17,9608.6,9615.52,9570.93,9570.93,,,,
2015-04-20,9541.83,9572.65,9508.57,9552.85,,,,
2015-04-21,9554.8,9598.86,9512.64,9533.98,,,,
2015-04-22,9549.61,9630.79,9549.61,9613,,,,
2015-04-23,9655.3,9814.88,9655.3,9797.49,,,,
2015-04-24,9839.71,9961.31,9839.71,9913.28,,,,
2015-04-27,9941.18,10002.58,9937.04,9973.12,,,,
2015-04-28,9998.08,10014.28,9918.01,9956.83,,,,
2015-04-29,9934.82,9978.87,9842.5,9853.83,,,,
2015-04-30,9841.15,9894.9,9820.05,9820.05,,,,
2015-05-04,9853.51,9871.65,9800.48,9845.04,,,,
2015-05-05,9849.13,9855.64,9788.13,9820.13,,,,
2015-05-06,9780.39,9829.43,9735.94,9818.2,,,,
2015-05-07,9789.82,9789.82,9704.11,9704.11,,,,
2015-05-08,9724.29,9760.51,9692,9692,,,,
2015-05-11,9763.94,9797.19,9635.88,9663.72,,,,
2015-05-12,9637.71,9702.67,9637.21,9680.73,,,,
2015-05-13,9697.17,9743.33,9687.66,9724.11,,,,
2015-05-14,9730.33,9734.55,9600.24,9610.83,,,,
2015-05-15,9638.06,9644.83,9552.86,9579.48,,,,
2015-05-18,9603.75,9612.44,9550.76,9606.1,,,,
2015-05-19,9623.95,9722.8,9623.95,9716.77,,,,
2015-05-20,9726.02,9736.09,9662.86,9685.31,,,,
2015-05-21,9647.53,9647.53,9536.16,9578.56,,,,
2015-05-22,9606.51,9674.77,9606.51,9638.8,,,,
2015-05-25,9654.28,9654.28,9589.32,9645.17,,,,
2015-05-26,9688.31,9724.36,9649.62,9669.41,,,,
2015-05-27,9666.89,9710.29,9648.71,9693.54,,,,
2015-05-28,9741.57,9766.21,9704.93,9712.84,,,,
2015-05-29,9727.59,9747.27,9693,9701.07,,,,
2015-06-01,9688.13,9692.34,9589.09,9625.69,,,,
2015-06-02,9619.88,9657.02,9584.56,9614.26,,,,
2015-06-03,9617.75,9645.48,9550.44,9556.52,,,,
2015-06-04,9537.09,9558.77,9325.01,9348.63,,,,
2015-06-05,9328.02,9371.41,9272.94,9340.13,,,,
2015-06-08,9324.22,9419.22,9258.98,9368.43,,,,
2015-06-09,9346.11,9363.52,9191.87,9191.87,,,,
2015-06-10,9246.66,9334.5,9246.66,9298.5,,,,
2015-06-11,9330.99,9358.48,9251.18,9302.49,,,,
2015-06-12,9304.75,9339.33,9263.41,9301.93,,,,
2015-06-15,9304.66,9324.94,9252.34,9259.48,,,,
2015-06-16,9272.7,9272.7,9177.95,9212.78,,,,
2015-06-17,9232.81,9242.22,9170.09,9189.83,,,,
2015-06-18,9189.44,9243.84,9187.87,9218.37,,,,
2015-06-22,9247.76,9371.48,9247.76,9341.77,,,,
2015-06-23,9375.78,9438.39,9375.78,9391.14,,,,
2015-06-24,9390.27,9409.44,9364.38,9397.31,,,,
2015-06-25,9415.78,9500.57,9415.78,9476.34,,,,
2015-06-26,9481.95,9489.91,9442.94,9462.57,,,,
2015-06-29,9358.96,9358.96,9227.11,9236.1,,,,
2015-06-30,9223.27,9323.02,9204.45,9323.02,,,,
2015-07-01,9311.76,9404.76,9298.36,9375.23,,,,
2015-07-02,9372.46,9400.68,9350.05,9379.24,,,,
2015-07-03,9369.5,9369.5,9265.14,9358.23,,,,
2015-07-06,9309.86,9347.54,9255.96,9255.96,,,,
2015-07-07,9278.33,9332.97,9244.46,9250.16,,,,
2015-07-08,9225.91,9225.91,8946.75,8976.11,,,,
2015-07-09,8861.28,8946.24,8750.92,8914.13,,,,
2015-07-10,8861.28,8946.24,8750.92,8914.13,,,,
2015-07-13,8946.72,9041.88,8946.72,9033.92,,,,
2015-07-14,9061.58,9124.76,9041.76,9041.76,,,,
2015-07-15,9063.54,9089.47,9005.1,9054.2,,,,
2015-07-16,9062.76,9085.31,9021.82,9042.21,,,,
2015-07-17,9060.92,9079.23,9018,9045.98,,,,
2015-07-20,9085,9124.88,8952.64,8975,,,,
2015-07-21,8997.56,9010.71,8940.38,9005.96,,,,
2015-07-22,8955.59,8968.39,8896.1,8918.7,,,,
2015-07-23,8865.36,8895.88,8751.71,8791.12,,,,
2015-07-24,8809.65,8811.76,8733.43,8767.86,,,,
2015-07-27,8733.24,8733.24,8553.09,8556.68,,,,
2015-07-28,8566.42,8635.88,8532,8582.49,,,,
2015-07-29,8587.7,8619.41,8516.23,8563.48,,,,
2015-07-30,8567.23,8697.18,8567.23,8651.49,,,,
2015-07-31,8670.92,8676.29,8591.37,8665.34,,,,
2015-08-03,8636.53,8636.53,8482.92,8524.41,,,,
2015-08-04,8538.44,8590.3,8433.92,8510.86,,,,
2015-08-05,8504.94,8563.01,8486.27,8542.27,,,,
2015-08-06,8564.55,8586.24,8404.67,8449.56,,,,
2015-08-07,8409.01,8458.04,8368.4,8442.29,,,,
2015-08-10,8410.63,8484.18,8374.08,8466.84,,,,
2015-08-11,8542.13,8586.22,8393.08,8394.14,,,,
2015-08-12,8365.15,8376.59,8235.95,8283.38,,,,
2015-08-13,8284.96,8348.39,8271.69,8311.74,,,,
2015-08-14,8315.14,8343.98,8283.35,8305.64,,,,
2015-08-17,8307.9,8308.54,8213.42,8213.42,,,,
2015-08-18,8237.08,8277.22,8166.77,8177.22,,,,
2015-08-19,8182.81,8182.81,7987.57,8021.84,,,,
2015-08-20,8008.68,8063.8,7951.72,8029.81,,,,
2015-08-21,7941.95,7941.95,7786.92,7786.92,,,,
2015-08-24,7719.63,7719.63,7203.07,7410.34,,,,
2015-08-25,7427.36,7677.93,7368.47,7675.64,,,,
2015-08-26,7636.12,7762.45,7547.61,7715.59,,,,
2015-08-27,7762.63,7856.4,7762.63,7824.55,,,,
2015-08-28,7923.77,8039.76,7923.77,8019.18,,,,
2015-08-31,8026.62,8174.92,7961.77,8174.92,,,,
2015-09-01,8117.5,8119.9,8002.18,8017.56,,,,
2015-09-02,7970.4,8068.06,7907.31,8035.29,,,,
2015-09-03,8071.37,8101.13,8007.48,8095.95,,,,
2015-09-04,8087.62,8128.23,7990.86,8000.6,,,,
2015-09-07,7990.76,8053.2,7957.8,7986.56,,,,
2015-09-08,7993.1,8031.26,7978.78,8001.5,,,,
2015-09-09,8097.22,8296.13,8097.22,8286.92,,,,
2015-09-10,8247.64,8274.82,8214.5,8268.68,,,,
2015-09-11,8271.25,8313.18,8233.14,8305.82,,,,
2015-09-14,8332.57,8360.03,8259.31,8307.29,,,,
2015-09-15,8320.22,8327.95,8226.07,8259.99,,,,
2015-09-16,8298.13,8342.36,8276.94,8333.29,,,,
2015-09-17,8377.31,8467.15,8377.31,8445.5,,,,
2015-09-18,8427.52,8488.53,8399.71,8462.14,,,,
2015-09-21,8404.5,8404.5,8285.43,8307.04,,,,
2015-09-22,8331.44,8365.92,8325.78,8365.92,,,,
2015-09-23,8310.82,8310.82,8186.22,8193.42,,,,
2015-09-24,8224.23,8257.14,8101.9,8123.1,,,,
2015-09-25,8131.49,8152.5,8061.87,8132.35,,,,
2015-09-30,8097.15,8181.24,8059.68,8181.24,,,,
2015-10-01,8194.3,8317.79,8170.78,8295.94,,,,
2015-10-02,8290.43,8320.66,8253.75,8305.03,,,,
2015-10-05,8342.99,8364.59,8316.83,8352.36,,,,
2015-10-06,8409.31,8482.83,8390.89,8394.1,,,,
2015-10-07,8398.53,8495.23,8385.04,8495.23,,,,
2015-10-08,8528.46,8544.93,8434.5,8445.96,,,,
2015-10-12,8478.34,8578.22,8478.34,8573.72,,,,
2015-10-13,8571.57,8574.11,8518.41,8567.92,,,,
2015-10-14,8545.14,8553.87,8515.53,8522.51,,,,
2015-10-15,8573.38,8652.47,8573.38,8601.52,,,,
2015-10-16,8596.43,8627.83,8574.64,8604.95,,,,
2015-10-19,8628.79,8670.32,8603.08,8631.5,,,,
2015-10-20,8651.08,8663.12,8618.48,8653.6,,,,
2015-10-21,8668.08,8690.39,8591.42,8609.23,,,,
2015-10-22,8600.4,8631.17,8594.21,8608.46,,,,
2015-10-23,8671.52,8740.08,8662.03,8673.81,,,,
2015-10-26,8706.81,8757.14,8706.81,8745.36,,,,
2015-10-27,8724,8733.53,8662.77,8701.32,,,,
2015-10-28,8679.24,8714.01,8632.38,8665.99,,,,
2015-10-29,8682.58,8704.59,8568.13,8571.08,,,,
2015-10-30,8578.25,8586.9,8503.69,8554.31,,,,
2015-11-02,8571.53,8614.77,8524.01,8614.77,,,,
2015-11-03,8643.21,8728.06,8643.21,8713.19,,,,
2015-11-04,8759.94,8864.17,8754.18,8857.02,,,,
2015-11-05,8858.73,8871.87,8828.04,8850.18,,,,
2015-11-06,8857.61,8857.61,8671.89,8693.57,,,,
2015-11-09,8702.67,8746.28,8623.7,8642.48,,,,
2015-11-10,8614.55,8614.55,8529.54,8536.9,,,,
2015-11-11,8543.63,8557.69,8415.01,8415.01,,,,
2015-11-12,8426.76,8467.31,8374.07,8428.09,,,,
2015-11-13,8402.11,8453.04,8329.5,8329.5,,,,
2015-11-16,8278.12,8312.06,8217.34,8295.4,,,,
2015-11-17,8369.14,8471.89,8369.14,8419.42,,,,
2015-11-18,8432.25,8455.14,8326.72,8340.47,,,,
2015-11-19,8382.09,8477.2,8357.2,8477.2,,,,
2015-11-20,8472.65,8484.06,8434.33,8465.45,,,,
2015-11-23,8480.59,8503.08,8450.01,8485.73,,,,
2015-11-24,8472.24,8497.83,8397.44,8400.14,,,,
2015-11-25,8407.54,8426.62,8352.17,8386.13,,,,
2015-11-26,8411.16,8510.7,8411.16,8484.9,,,,
2015-11-27,8493.18,8505.08,8397.49,8398.4,,,,
2015-11-30,8339.83,8339.83,8239,8320.61,,,,
2015-12-01,8359.27,8463.3,8339.5,8463.3,,,,
2015-12-02,8475.96,8497.19,8441.28,8457.4,,,,
2015-12-03,8424.54,8484.52,8393.29,8456.06,,,,
2015-12-04,8423.7,8423.7,8355.75,8398.6,,,,
2015-12-07,8432.47,8535.36,8432.47,8454.27,,,,
2015-12-08,8442.06,8453.63,8335.67,8343.86,,,,
2015-12-09,8329.86,8343.37,8229.62,8229.62,,,,
2015-12-10,8214.27,8228.43,8133.42,8216.17,,,,
2015-12-11,8217.33,8253.11,8108.68,8115.89,,,,
2015-12-14,8058.67,8068.98,7980.59,8040.16,,,,
2015-12-15,8074.48,8140.06,8073.35,8073.35,,,,
2015-12-16,8144.03,8204.2,8121.06,8184.66,,,,
2015-12-17,8214.62,8319.67,8214.62,8319.67,,,,
2015-12-18,8272.41,8317.48,8241.32,8257.32,,,,
2015-12-21,8228.05,8289.59,8191.53,8282.17,,,,
2015-12-22,8283.03,8316.44,8261.72,8292.74,,,,
2015-12-23,8296.58,8359.25,8296.58,8315.7,,,,
2015-12-24,8351.2,8393.41,8324.36,8324.36,,,,
2015-12-25,8328.94,8364.3,8320.1,8363.28,,,,
2015-12-28,8374.18,8394.6,8358.49,8358.49,,,,
2015-12-29,8349.27,8351.16,8286.84,8293.91,,,,
2015-12-30,8313.37,8342.34,8262.52,8279.99,,,,
2015-12-31,8273.77,8338.06,8258.73,8338.06,,,,
2016-01-04,8315.79,8326.33,8109.09,8114.26,,,,
2016-01-05,8105,8142.64,8055.96,8075.11,,,,
2016-01-06,8064.25,8076.54,7948.43,7990.39,,,,
2016-01-07,7963.24,7980.5,7770.16,7852.06,,,,
2016-01-08,7811.2,7906.55,7788.71,7893.97,,,,
2016-01-11,7855.8,7855.8,7726.22,7788.42,,,,
2016-01-12,7807.93,7851.81,7732.11,7768.45,,,,
2016-01-13,7799.56,7865.98,7786.33,7824.61,,,,
2016-01-14,7752.09,7752.09,7662.34,7742.88,,,,
2016-01-15,7809,7842.34,7708.66,7762.01,,,,
2016-01-18,7678.67,7834.25,7627.89,7811.18,,,,
2016-01-19,7816.45,7854.88,7786.77,7854.88,,,,
2016-01-20,7835.17,7835.17,7687.6,7699.12,,,,
2016-01-21,7713.17,7748.37,7664.01,7664.01,,,,
2016-01-22,7729.01,7774.12,7706.14,7756.18,,,,
2016-01-25,7813.73,7899.66,7813.73,7894.15,,,,
2016-01-26,7832.1,7848.63,7799.58,7828.67,,,,
2016-01-27,7863.66,7888.63,7830.33,7849.83,,,,
2016-01-28,7825.22,7921.06,7821.12,7905.1,,,,
2016-01-29,7880.78,8080.6,7876.82,8080.6,,,,
2016-01-30,8107.23,8149.5,8106.63,8145.21,,,,
2016-02-01,8164.24,8166.8,8110.87,8156.96,,,,
2016-02-02,8141.52,8156.25,8091.14,8131.24,,,,
2016-02-03,8117.22,8117.22,8036.6,8063,,,,
2016-02-15,7976.65,8074.8,7953.99,8066.51,,,,
2016-02-16,8090.91,8227.19,8090.91,8212.07,,,,
2016-02-17,8240.73,8253.8,8196.13,8214.25,,,,
2016-02-18,8261.74,8337.97,8261.74,8314.67,,,,
2016-02-19,8291.83,8325.04,8280.39,8325.04,,,,
2016-02-22,8315.79,8396.62,8296.18,8326.68,,,,
2016-02-23,8333.59,8361.79,8311.94,8334.64,,,,
2016-02-24,8332.66,8382.25,8264.39,8282.86,,,,
2016-02-25,8304.18,8388.63,8304.18,8365.86,,,,
2016-02-26,8380.53,8432.74,8347.8,8411.16,,,,
2016-03-01,8381.38,8489.01,8378.06,8485.69,,,,
2016-03-02,8544.66,8586.25,8540.17,8544.05,,,,
2016-03-03,8569.05,8630.77,8561.74,8611.79,,,,
2016-03-04,8611.37,8648.94,8584.06,8643.55,,,,
2016-03-07,8656.74,8727.88,8632.21,8659.55,,,,
2016-03-08,8655.86,8668.51,8575.7,8664.31,,,,
2016-03-09,8649.1,8657.17,8588.41,8634.11,,,,
2016-03-10,8633.66,8680.43,8614.97,8660.7,,,,
2016-03-11,8663.29,8707.97,8640.96,8706.14,,,,
2016-03-14,8746.48,8777.05,8739.57,8747.9,,,,
2016-03-15,8745.57,8759.94,8589.41,8611.18,,,,
2016-03-16,8637.63,8699.14,8637.63,8699.14,,,,
2016-03-17,8763.51,8826.84,8716.88,8734.54,,,,
2016-03-18,8747.05,8810.71,8747.05,8810.71,,,,
2016-03-21,8826.16,8840.75,8747.59,8812.7,,,,
2016-03-22,8806.02,8814.37,8713.24,8785.68,,,,
2016-03-23,8777.88,8814.5,8734.55,8766.09,,,,
2016-03-24,8745.42,8765.96,8676.87,8743.38,,,,
2016-03-25,8758.14,8765.62,8699.89,8704.97,,,,
2016-03-28,8713.72,8737.86,8676.03,8690.45,,,,
2016-03-29,8687.06,8711.11,8585.71,8617.35,,,,
2016-03-30,8624.93,8744.47,8624.93,8737.04,,,,
2016-03-31,8757.22,8803.91,8695.08,8744.83,,,,
2016-04-01,8700.38,8704.53,8628.94,8657.55,,,,
2016-04-06,8605.16,8605.16,8496.89,8513.3,,,,
2016-04-07,8523.25,8529.44,8436.54,8490.25,,,,
2016-04-08,8464.78,8546.31,8452.05,8541.5,,,,
2016-04-11,8518.96,8568.44,8476.57,8562.59,,,,
2016-04-12,8561.21,8613.56,8520.14,8531.18,,,,
2016-04-13,8562.79,8653.08,8561.9,8652.08,,,,
2016-04-14,8684.93,8719.15,8653.84,8667.71,,,,
2016-04-15,8634.23,8700.39,8613.25,8700.39,,,,
2016-04-18,8681.8,8686.98,8650.13,8666.01,,,,
2016-04-19,8701.75,8743.35,8627.29,8633.72,,,,
2016-04-20,8649.09,8695.22,8502.55,8514.48,,,,
2016-04-21,8549.14,8568.65,8508.92,8568.65,,,,
2016-04-22,8560.21,8580.33,8501.03,8535.75,,,,
2016-04-25,8541.14,8560.28,8513.73,8560.28,,,,
2016-04-26,8556.37,8622.42,8554.55,8581.57,,,,
2016-04-27,8561.37,8597.64,8537.03,8563.05,,,,
2016-04-28,8586.92,8595.99,8456.38,8473.87,,,,
2016-04-29,8424.04,8424.04,8352.23,8377.9,,,,
2016-05-03,8362.35,8363.59,8268.41,8294.12,,,,
2016-05-04,8282.52,8285.96,8153.57,8185.47,,,,
2016-05-05,8182.05,8207.98,8122.34,8167.96,,,,
2016-05-06,8169.54,8170.68,8104.16,8146.43,,,,
2016-05-09,8156.65,8177.36,8106.13,8131.83,,,,
2016-05-10,8119.71,8168.13,8075.58,8156.29,,,,
2016-05-11,8182.92,8204.51,8115.44,8135.56,,,,
2016-05-12,8122.78,8162.44,8105.49,8108.05,,,,
2016-05-13,8095.93,8095.93,7999.98,8053.69,,,,
2016-05-16,8035.21,8091.48,8003.93,8067.6,,,,
2016-05-17,8081.89,8151.2,8047.31,8140.48,,,,
2016-05-18,8115.61,8159.68,8061.26,8159.68,,,,
2016-05-19,8159.93,8166.96,8067.33,8095.98,,,,
2016-05-20,8108.68,8165.98,8080.65,8131.26,,,,
2016-05-23,8150.38,8356.96,8119.71,8344.44,,,,
2016-05-24,8329.69,8354.62,8298,8300.66,,,,
2016-05-25,8352.84,8417.27,8352.84,8396.2,,,,
2016-05-26,8400.89,8410.74,8376.6,8394.12,,,,
2016-05-27,8415.59,8463.61,8415.59,8463.61,,,,
2016-05-30,8476.62,8563.4,8462.15,8535.87,,,,
2016-05-31,8532.21,8545.73,8488.9,8535.59,,,,
2016-06-01,8516.08,8603.63,8514.12,8597.16,,,,
2016-06-02,8598.47,8635.03,8553.54,8556.02,,,,
2016-06-03,8565.18,8601.05,8559.77,8587.36,,,,
2016-06-04,8582.6,8594.35,8570.69,8591.57,,,,
2016-06-06,8605.15,8664.12,8557.68,8597.11,,,,
2016-06-07,8622.21,8692.73,8621.46,8679.9,,,,
2016-06-08,8704.66,8754.82,8690.59,8715.48,,,,
2016-06-13,8634.24,8634.24,8520.21,8536.22,,,,
2016-06-14,8513.51,8577.31,8503.42,8576.12,,,,
2016-06-15,8566.43,8608.29,8524.55,8606.37,,,,
2016-06-16,8583.19,8584.67,8476.84,8494.14,,,,
2016-06-17,8538.28,8607.16,8538.28,8568.08,,,,
2016-06-20,8612.26,8642.15,8604.81,8625.92,,,,
2016-06-21,8633.21,8684.85,8627.4,8684.85,,,,
2016-06-22,8675.12,8716.25,8653.04,8716.25,,,,
2016-06-23,8706.08,8711.21,8662.78,8676.68,,,,
2016-06-24,8684.53,8691.3,8374.26,8476.99,,,,
2016-06-27,8406.29,8468.66,8386.27,8458.87,,,,
2016-06-28,8438.76,8505.51,8396.01,8505.51,,,,
2016-06-29,8530.37,8609.23,8530.37,8586.56,,,,
2016-06-30,8615.46,8666.58,8583.77,8666.58,,,,
2016-07-01,8692.48,8755.62,8680.53,8738.24,,,,
2016-07-04,8728.32,8782.38,8712.12,8760.58,,,,
2016-07-05,8738.41,8747.06,8693.76,8716.07,,,,
2016-07-06,8673.53,8673.53,8569.15,8575.75,,,,
2016-07-07,8605.38,8653.7,8605.38,8640.91,,,,
2016-07-08,8605.38,8653.7,8605.38,8640.91,,,,
2016-07-11,8728.23,8795.8,8728.23,8786.47,,,,
2016-07-12,8794.73,8841.46,8794.3,8841.46,,,,
2016-07-13,8847.04,8865.42,8800.17,8857.75,,,,
2016-07-14,8837.76,8877.31,8818.26,8866.36,,,,
2016-07-15,8857.15,8949.85,8857.15,8949.85,,,,
2016-07-18,8952.61,9008.21,8952.61,9008.21,,,,
2016-07-19,9018.8,9034.87,8972.83,9034.87,,,,
2016-07-20,9013.52,9034.13,8969.19,9007.68,,,,
2016-07-21,9010.22,9075.89,9009.79,9056.56,,,,
2016-07-22,9055.17,9060.15,9004.24,9013.14,,,,
2016-07-25,9030.36,9085.91,8916.05,8991.67,,,,
2016-07-26,8983.55,9024.79,8960.48,9024.79,,,,
2016-07-27,9058.19,9084.9,9042.14,9063.39,,,,
2016-07-28,9060.48,9081.4,9015.35,9076.64,,,,
2016-07-29,9066.37,9071.51,8984.41,8984.41,,,,
2016-08-01,9008.74,9080.71,9008.74,9080.71,,,,
2016-08-02,9081.06,9086.42,9052.71,9068.76,,,,
2016-08-03,9000.82,9033.95,8948.4,9001.71,,,,
2016-08-04,9009.29,9035.25,8972.31,9024.71,,,,
2016-08-05,9025.76,9101.71,9023.23,9092.12,,,,
2016-08-08,9123.07,9153.99,9104.43,9150.26,,,,
2016-08-09,9154,9168.34,9127.63,9155.08,,,,
2016-08-10,9160.94,9200.42,9131.63,9200.42,,,,
2016-08-11,9168.7,9187.18,9063.81,9131.83,,,,
2016-08-12,9135.34,9173.72,9135.34,9150.39,,,,
2016-08-15,9152.36,9162.02,9117.26,9148.51,,,,
2016-08-16,9146.09,9165.58,9082.34,9110.36,,,,
2016-08-17,9121.18,9133.07,9073.27,9117.7,,,,
2016-08-18,9104.88,9128.8,9093.51,9122.5,,,,
2016-08-19,9139.69,9175.13,9034.27,9034.27,,,,
2016-08-22,9004.68,9012.72,8928.33,8981.81,,,,
2016-08-23,8987.07,9046.3,8986.76,9030.93,,,,
2016-08-24,9043.13,9054.76,9016.39,9017.38,,,,
2016-08-25,9034.47,9115.47,9031.34,9115.47,,,,
2016-08-26,9097.02,9131.72,9092.08,9131.72,,,,
2016-08-29,9117.53,9136.42,9027.35,9110.17,,,,
2016-08-30,9113.34,9134.37,9093.87,9110.56,,,,
2016-08-31,9122.19,9130.76,9044.5,9068.85,,,,
2016-09-01,9055.73,9069.13,8980.21,9001.15,,,,
2016-09-02,9015.63,9038.48,8958.81,8987.55,,,,
2016-09-05,9032.38,9100.05,9032.38,9090.13,,,,
2016-09-06,9102.83,9181.85,9098.6,9181.85,,,,
2016-09-07,9202.23,9278.88,9202.23,9259.07,,,,
2016-09-08,9241.95,9273.57,9224.89,9262.89,,,,
2016-09-09,9217.37,9217.37,9142.13,9164.88,,,,
2016-09-10,9084.81,9084.81,9025.53,9053.69,,,,
2016-09-12,9031.51,9031.51,8947.06,8947.06,,,,
2016-09-13,8983.95,9014.75,8885.55,8940.83,,,,
2016-09-14,8913.11,8965.32,8895.85,8902.3,,,,
2016-09-19,9003.41,9155.38,9003.41,9152.88,,,,
2016-09-20,9141.21,9173.46,9130.9,9161.58,,,,
2016-09-21,9141.92,9228.5,9133.16,9228.5,,,,
2016-09-22,9265.28,9290.76,9207.41,9235.26,,,,
2016-09-23,9240.25,9284.62,9228.66,9284.62,,,,
2016-09-26,9229.34,9229.34,9189.49,9194.52,,,,
2016-09-27,9229.34,9229.34,9189.49,9194.52,,,,
2016-09-28,9229.34,9229.34,9189.49,9194.52,,,,
2016-09-29,9241.61,9303.13,9238.49,9270.9,,,,
2016-09-30,9240.44,9240.65,9160.91,9166.85,,,,
2016-10-03,9219.52,9256.58,9212.38,9234.2,,,,
2016-10-04,9228.66,9287.77,9224.45,9287.77,,,,
2016-10-05,9260.69,9276.13,9244.41,9272.28,,,,
2016-10-06,9263.4,9284.31,9242.83,9284.31,,,,
2016-10-07,9289.66,9289.95,9249.06,9265.81,,,,
2016-10-11,9311.79,9327.71,9167.72,9219.82,,,,
2016-10-12,9201.55,9258.69,9166.58,9252.6,,,,
2016-10-13,9268.22,9285.05,9187.78,9219.17,,,,
2016-10-14,9198.26,9216.63,9149.87,9165.17,,,,
2016-10-17,9150.67,9182.67,9074.99,9176.22,,,,
2016-10-18,9175.07,9222.58,9157.4,9222.58,,,,
2016-10-19,9227.98,9298.87,9226.46,9283.99,,,,
2016-10-20,9288.49,9331.89,9279.15,9317.24,,,,
2016-10-21,9322.55,9348.09,9292.53,9306.57,,,,
2016-10-24,9333.94,9343.57,9308.53,9322.5,,,,
2016-10-25,9338.09,9399.97,9334.8,9385.65,,,,
2016-10-26,9355.66,9372.74,9338.84,9362.25,,,,
2016-10-27,9363.9,9370.32,9286.86,9299.55,,,,
2016-10-28,9307.39,9320.57,9276.71,9306.92,,,,
2016-10-31,9283.2,9314.34,9194.48,9290.12,,,,
2016-11-01,9272.3,9289.12,9236.82,9272.7,,,,
2016-11-02,9230.23,9230.23,9139.04,9139.04,,,,
2016-11-03,9126.29,9154.19,9067.27,9067.27,,,,
2016-11-04,9065.11,9098.88,9048.21,9068.15,,,,
2016-11-07,9102.97,9191.67,9102.97,9189.84,,,,
2016-11-08,9214.95,9230.2,9165,9217.43,,,,
2016-11-09,9252.27,9296.86,8926.6,8943.2,,,,
2016-11-10,9070.64,9179.18,9070.64,9152.18,,,,
2016-11-11,9067.65,9067.65,8949.38,8957.76,,,,
2016-11-14,8955.27,8991.94,8879.69,8940.4,,,,
2016-11-15,8927.92,8981.05,8923.36,8931.03,,,,
2016-11-16,8955.76,9032.31,8955.76,8962.22,,,,
2016-11-17,8984.57,8998.23,8936.3,8995.26,,,,
2016-11-18,8991.5,9025.98,8958.22,9008.79,,,,
2016-11-21,9009.78,9049.76,8986.4,9041.11,,,,
2016-11-22,9058.58,9161.19,9058.58,9133.39,,,,
2016-11-23,9146.72,9202.72,9146.72,9178.23,,,,
2016-11-24,9164.84,9183.16,9137.56,9152.11,,,,
2016-11-25,9149.35,9191.34,9148.63,9159.07,,,,
2016-11-28,9167.33,9241.54,9167.33,9222.24,,,,
2016-11-29,9220.95,9249.06,9192.38,9192.38,,,,
2016-11-30,9196.09,9240.71,9189.62,9240.71,,,,
2016-12-01,9245.55,9278.96,9241.78,9263.53,,,,
2016-12-02,9214.56,9214.56,9165.9,9189.49,,,,
2016-12-05,9194.46,9212.19,9138.64,9160.66,,,,
2016-12-06,9209.8,9280.65,9209.8,9250.77,,,,
2016-12-07,9279,9299.92,9247.5,9263.89,,,,
2016-12-08,9308.9,9376.41,9308.9,9375.86,,,,
2016-12-09,9383.07,9399.25,9366.86,9392.68,,,,
2016-12-12,9402.05,9430.34,9336.45,9349.94,,,,
2016-12-13,9361.97,9382.14,9342.56,9382.14,,,,
2016-12-14,9395.6,9413.13,9353.25,9368.52,,,,
2016-12-15,9337.21,9370.51,9309.79,9360.35,,,,
2016-12-16,9352.27,9379.75,9326.78,9326.78,,,,
2016-12-19,9316.06,9317.03,9237.98,9239.32,,,,
2016-12-20,9229.74,9258.69,9199.84,9242.41,,,,
2016-12-21,9234.94,9263.5,9204.26,9204.26,,,,
2016-12-22,9204.29,9209.72,9118.75,9118.75,,,,
2016-12-23,9112.33,9128.83,9078.64,9078.64,,,,
2016-12-26,9088.99,9127.74,9083.28,9110.54,,,,
2016-12-27,9120.88,9132.05,9100.83,9109.27,,,,
2016-12-28,9120.9,9203.56,9120.9,9201.4,,,,
2016-12-29,9172.39,9196.02,9149.16,9153.09,,,,
2016-12-30,9186.3,9259.09,9186.3,9253.5,,,,
2017-01-03,9252.56,9273.65,9235.95,9272.88,,,,
2017-01-04,9279.52,9299.62,9266.03,9286.96,,,,
2017-01-05,9282.56,9358.42,9282.45,9358.14,,,,
2017-01-06,9371.41,9381.11,9351.25,9372.22,,,,
2017-01-09,9376.48,9404.9,9328.19,9342.42,,,,
2017-01-10,9344.19,9353.6,9319.45,9349.64,,,,
2017-01-11,9370.17,9384,9333.49,9345.74,,,,
2017-01-12,9356.12,9430.58,9356.12,9410.18,,,,
2017-01-13,9373.7,9387.68,9352.08,9378.83,,,,
2017-01-16,9356.54,9359.01,9281.21,9292.33,,,,
2017-01-17,9301.96,9354.53,9294.68,9354.53,,,,
2017-01-18,9344.74,9350.95,9322.44,9341.97,,,,
2017-01-19,9324.83,9337.64,9287.54,9318.12,,,,
2017-01-20,9326.8,9350.07,9317.62,9331.46,,,,
2017-01-23,9363.66,9427.46,9363.66,9424.05,,,,
2017-01-24,9423.05,9468.34,9416.06,9447.95,,,,
2017-02-02,9502.25,9521.34,9413.77,9428.97,,,,
2017-02-03,9450.06,9478.01,9423.93,9455.56,,,,
2017-02-06,9467.67,9548.68,9467.67,9538.01,,,,
2017-02-07,9527.42,9555.8,9512.56,9554.56,,,,
2017-02-08,9540.77,9564.07,9505.79,9543.25,,,,
2017-02-09,9555.52,9600.09,9540.51,9590.18,,,,
2017-02-10,9612.67,9688.15,9612.67,9665.59,,,,
2017-02-13,9690.39,9711.43,9681.1,9710.32,,,,
2017-02-14,9726.74,9760.01,9698.29,9718.78,,,,
2017-02-15,9724.13,9813.98,9723.04,9799.76,,,,
2017-02-16,9826.89,9869.59,9753.16,9771.25,,,,
2017-02-17,9779.16,9791.59,9754.54,9759.76,,,,
2017-02-18,9771.21,9791.35,9770.75,9779.92,,,,
2017-02-20,9795.81,9817.14,9743.36,9753.2,,,,
2017-02-21,9761.27,9775.49,9721.36,9763.93,,,,
2017-02-22,9786.25,9820.07,9770.1,9778.78,,,,
2017-02-23,9774.08,9810.56,9748.94,9769.31,,,,
2017-02-24,9757.67,9784.39,9740.18,9750.47,,,,
2017-03-01,9751.12,9758.78,9674.78,9674.78,,,,
2017-03-02,9727.6,9774.6,9646.34,9691.8,,,,
2017-03-03,9672.26,9679.82,9633.88,9648.21,,,,
2017-03-06,9647,9688.5,9647,9682.63,,,,
2017-03-07,9690.26,9738.07,9690.2,9738.07,,,,
2017-03-08,9744.26,9773.49,9712.5,9753.45,,,,
2017-03-09,9740.05,9743.78,9650.32,9658.61,,,,
2017-03-10,9653.79,9656.65,9562.75,9627.89,,,,
2017-03-13,9656.56,9697.34,9656.56,9697.34,,,,
2017-03-14,9720.53,9767.66,9720.53,9744.21,,,,
2017-03-15,9741.29,9749.01,9714.58,9740.31,,,,
2017-03-16,9768.85,9842.17,9768.85,9837.83,,,,
2017-03-17,9845.59,9908.69,9835.51,9908.69,,,,
2017-03-20,9905.81,9916.18,9869.35,9912.97,,,,
2017-03-21,9923.18,9976.61,9918.39,9972.49,,,,
2017-03-22,9911.96,9922.66,9843.07,9922.66,,,,
2017-03-23,9921.97,9945.24,9897.45,9930.74,,,,
2017-03-24,9914.12,9932.68,9892.31,9902.98,,,,
2017-03-27,9907.6,9917.85,9859.53,9876.77,,,,
2017-03-28,9909.99,9924.14,9799.28,9876.45,,,,
2017-03-29,9887,9906.76,9831.63,9856.25,,,,
2017-03-30,9869.28,9878.62,9836.33,9848.15,,,,
2017-03-31,9846.38,9869.65,9811.52,9811.52,,,,
2017-04-05,9856.44,9949.48,9856.44,9949.48,,,,
2017-04-06,9946.66,9946.66,9879.85,9897.8,,,,
2017-04-07,9892.98,9900.88,9788.52,9873.37,,,,
2017-04-10,9880.29,9898.64,9859.03,9882.54,,,,
2017-04-11,9881.53,9896.59,9820.41,9832.42,,,,
2017-04-12,9831.56,9837.19,9789.59,9817.68,,,,
2017-04-13,9808.83,9868.45,9800.8,9836.68,,,,
2017-04-14,9806.15,9808.33,9730.94,9732.93,,,,
2017-04-17,9740.81,9762.47,9670.11,9716.4,,,,
2017-04-18,9735.76,9771.07,9727.26,9746.56,,,,
2017-04-19,9725.39,9725.39,9631.64,9639.94,,,,
2017-04-20,9639.93,9664.24,9622.25,9632.69,,,,
2017-04-21,9657.05,9718.82,9657.05,9717.41,,,,
2017-04-24,9742.91,9772.96,9683.7,9717.95,,,,
2017-04-25,9737.82,9841.71,9737.82,9841.71,,,,
2017-04-26,9859.11,9865.88,9827.47,9856.45,,,,
2017-04-27,9859.45,9863.52,9823.85,9860.62,,,,
2017-04-28,9868.38,9897.04,9845.84,9872,,,,
2017-05-02,9926.44,9951.14,9925.75,9941.27,,,,
2017-05-03,9957.62,9979.91,9937.99,9955.33,,,,
2017-05-04,9962.73,9973.76,9938.96,9967.64,,,,
2017-05-05,9954.94,9960.99,9899.94,9899.94,,,,
2017-05-08,9934.13,9964.86,9900.07,9937.25,,,,
2017-05-09,9967.01,10001.94,9899.08,9915.48,,,,
2017-05-10,9935.22,9971.98,9932.17,9968.32,,,,
2017-05-11,9968.51,10018.79,9964.3,10001.48,,,,
2017-05-12,9981.77,10008.25,9961.37,9986.82,,,,
2017-05-15,9978.28,10036.82,9978.28,10036.82,,,,
2017-05-16,10037.58,10058.59,9991.08,10031.49,,,,
2017-05-17,10019.62,10029.62,9967.97,10013.67,,,,
2017-05-18,9952.64,9969.45,9895.65,9969.45,,,,
2017-05-19,9970.4,9979.73,9947.14,9947.62,,,,
2017-05-22,9965.08,9997.26,9960.94,9997.26,,,,
2017-05-23,9994.68,10038.2,9992.58,10007.84,,,,
2017-05-24,10014.15,10059.74,10014.15,10044.42,,,,
2017-05-25,10059.91,10108.49,10059.2,10108.49,,,,
2017-05-26,10090.18,10121.88,10072.84,10101.95,,,,
2017-05-31,10095.95,10116.13,10025.88,10040.72,,,,
2017-06-01,10064.44,10100.37,10059.93,10087.42,,,,
2017-06-02,10117.76,10152.53,10117.06,10152.53,,,,
2017-06-03,10155.56,10164.98,10140.28,10158.15,,,,
2017-06-05,10164.89,10226.84,10164.89,10226.84,,,,
2017-06-06,10213.17,10221.64,10190.39,10206.18,,,,
2017-06-07,10216.14,10242.39,10183.15,10209.99,,,,
2017-06-08,10215.93,10235.7,10211,10225.78,,,,
2017-06-09,10238.55,10268.37,10198.8,10199.65,,,,
2017-06-12,10137.04,10158.64,10109.96,10109.96,,,,
2017-06-13,10109.7,10146.67,10109.7,10128.15,,,,
2017-06-14,10142.8,10165.31,10033.25,10072.46,,,,
2017-06-15,10079.14,10089.07,10046.8,10088.35,,,,
2017-06-16,10078.69,10159.47,10073.12,10156.73,,,,
2017-06-19,10162.22,10250.6,10162.22,10250.6,,,,
2017-06-20,10286.79,10354.37,10286.79,10324.46,,,,
2017-06-21,10310.97,10379.82,10274.75,10349.72,,,,
2017-06-22,10369.08,10403.36,10368.93,10399.06,,,,
2017-06-23,10403.56,10422.33,10374.01,10377.7,,,,
2017-06-26,10341.86,10513.96,10341.86,10513.96,,,,
2017-06-27,10513,10545.7,10489.1,10512.06,,,,
2017-06-28,10459.17,10459.17,10382.81,10390.55,,,,
2017-06-29,10442.18,10476.51,10390.9,10421.65,,,,
2017-06-30,10367.26,10395.07,10329.84,10395.07,,,,
2017-07-03,10368.99,10412.79,10363.5,10412.79,,,,
2017-07-04,10397.93,10421.72,10347.78,10347.78,,,,
2017-07-05,10352.39,10404.79,10304.74,10404.79,,,,
2017-07-06,10380.66,10381.2,10336.32,10368.2,,,,
2017-07-07,10343.3,10343.3,10294.69,10297.25,,,,
2017-07-10,10310.74,10331.11,10283.95,10289.91,,,,
2017-07-11,10313.08,10415.57,10313.08,10415.57,,,,
2017-07-12,10396.97,10450.87,10393.54,10420.68,,,,
2017-07-13,10418.74,10485.28,10418.74,10460.15,,,,
2017-07-14,10450.92,10466.34,10423.4,10443.91,,,,
2017-07-17,10467.27,10490.05,10436.31,10457.54,,,,
2017-07-18,10447.47,10481.26,10429.85,10481.26,,,,
2017-07-19,10472.81,10537.42,10472.81,10506.1,,,,
2017-07-20,10513.12,10534.52,10483.54,10499.36,,,,
2017-07-21,10468.47,10477.72,10428.56,10436.7,,,,
2017-07-24,10426.13,10461.28,10406.81,10461.28,,,,
2017-07-25,10455.14,10473.98,10442.85,10463.15,,,,
2017-07-26,10477.15,10500.11,10416.57,10419.11,,,,
2017-07-27,10427.83,10516.23,10427.83,10508.37,,,,
2017-07-28,10480.67,10480.67,10410.53,10423.05,,,,
2017-07-31,10396.76,10427.33,10366.17,10427.33,,,,
2017-08-01,10408.53,10470.03,10408.53,10437.29,,,,
2017-08-02,10479.26,10519.27,10479.26,10519.27,,,,
2017-08-03,10464.1,10478.62,10427.72,10469.88,,,,
2017-08-04,10470.96,10510.7,10466.25,10506.56,,,,
2017-08-07,10521.69,10592.31,10521.69,10579.38,,,,
2017-08-08,10598.59,10619.42,10533.72,10568.97,,,,
2017-08-09,10523.51,10536.19,10457.52,10470.38,,,,
2017-08-10,10470.03,10477.79,10303.47,10329.74,,,,
2017-08-11,10267.05,10338.06,10238.5,10329.57,,,,
2017-08-14,10347.66,10365.22,10225.28,10225.28,,,,
2017-08-15,10271.03,10336.22,10271.03,10311.16,,,,
2017-08-16,10302.83,10322.38,10245.72,10290.39,,,,
2017-08-17,10302.54,10372.41,10302.54,10369.37,,,,
2017-08-18,10324.83,10330.39,10259.83,10321.33,,,,
2017-08-21,10316.09,10336.37,10282.72,10326.39,,,,
2017-08-22,10353.37,10410.47,10353.37,10392.07,,,,
2017-08-23,10418.32,10458.91,10378.01,10406.81,,,,
2017-08-24,10414.66,10488.96,10410.73,10488.96,,,,
2017-08-25,10497.86,10519.84,10478.72,10515.51,,,,
2017-08-28,10502.8,10542.37,10498.88,10525.98,,,,
2017-08-29,10518.69,10518.69,10463.22,10496.57,,,,
2017-08-30,10511.59,10574.53,10511.59,10569.4,,,,
2017-08-31,10586.65,10609.48,10551.95,10585.78,,,,
2017-09-01,10576.27,10619.52,10568.72,10594.82,,,,
2017-09-04,10585.44,10610.04,10555.34,10569.87,,,,
2017-09-05,10584.1,10617.84,10564.26,10617.84,,,,
2017-09-06,10593.87,10604.92,10519.71,10547.86,,,,
2017-09-07,10564.79,10604.02,10509.91,10538.51,,,,
2017-09-08,10553.9,10609.95,10550.72,10609.95,,,,
2017-09-11,10630.16,10656.25,10565.78,10572.16,,,,
2017-09-12,10610.33,10646.55,10586.28,10610.35,,,,
2017-09-13,10596.36,10620.31,10532.88,10532.88,,,,
2017-09-14,10533.99,10572.71,10508.72,10553.57,,,,
2017-09-15,10556.82,10580.78,10520.15,10580.41,,,,
2017-09-18,10590.8,10642.4,10581.81,10631.57,,,,
2017-09-19,10653.34,10664.18,10561.21,10576.14,,,,
2017-09-20,10568.58,10589.19,10490.71,10519.17,,,,
2017-09-21,10506.85,10603.08,10493.95,10578.44,,,,
2017-09-22,10571.65,10579.02,10446.45,10449.68,,,,
2017-09-25,10442.05,10447.09,10322.1,10335.89,,,,
2017-09-26,10333.44,10374.54,10257.02,10257.02,,,,
2017-09-27,10322.44,10357.23,10315.97,10326.68,,,,
2017-09-28,10351.42,10365.59,10288.24,10296.45,,,,
2017-09-29,10319.69,10338.95,10273.6,10329.94,,,,
2017-09-30,10362.55,10400.4,10362.55,10383.94,,,,
2017-10-02,10425.1,10472.81,10414.53,10465.16,,,,
2017-10-03,10462.7,10495.34,10445.86,10469.35,,,,
2017-10-05,10473.28,10530.93,10473.28,10518.27,,,,
2017-10-06,10538.21,10557.67,10511.5,10532.81,,,,
2017-10-11,10576.12,10668.49,10576.12,10641.19,,,,
2017-10-12,10668.39,10711.44,10668.39,10711.44,,,,
2017-10-13,10712.48,10724.09,10675.83,10724.09,,,,
2017-10-16,10735.14,10774.21,10723.37,10774.21,,,,
2017-10-17,10790.35,10798.52,10723.15,10723.15,,,,
2017-10-18,10773.85,10790.31,10684.32,10720.28,,,,
2017-10-19,10745.77,10798.54,10745.77,10760.29,,,,
2017-10-20,10737.87,10753.77,10702.56,10728.88,,,,
2017-10-23,10759.47,10792.27,10731.9,10735.21,,,,
2017-10-24,10749.9,10766.64,10726.25,10743.78,,,,
2017-10-25,10771.4,10794.55,10740.07,10750.57,,,,
2017-10-26,10735.35,10756.51,10716.52,10734.76,,,,
2017-10-27,10757.35,10803.6,10701.08,10709.11,,,,
2017-10-30,10777.6,10842.25,10743.13,10756.87,,,,
2017-10-31,10768.9,10829.33,10747.37,10793.8,,,,
2017-11-01,10816.04,10843.41,10785.32,10806.36,,,,
2017-11-02,10797.63,10827.67,10788.51,10788.51,,,,
2017-11-03,10797.91,10835.7,10765.31,10800.77,,,,
2017-11-06,10856.56,10858.5,10769.19,10786.19,,,,
2017-11-07,10820.83,10842.61,10807.89,10840.34,,,,
2017-11-08,10839.44,10844.74,10806.01,10818.99,,,,
2017-11-09,10802.95,10831.38,10721.87,10743.27,,,,
2017-11-10,10713.67,10742.61,10659.29,10732.67,,,,
2017-11-13,10728.22,10749.39,10683.92,10683.92,,,,
2017-11-14,10716.59,10735.08,10654.58,10687.18,,,,
2017-11-15,10662.08,10669.59,10600.26,10630.65,,,,
2017-11-16,10629.16,10666.66,10609.23,10625.04,,,,
2017-11-17,10673.43,10729.45,10673.43,10701.64,,,,
2017-11-20,10706.79,10728.39,10656.18,10664.55,,,,
2017-11-21,10688.22,10787.58,10687.26,10779.24,,,,
2017-11-22,10815.4,10882.65,10801.1,10822.59,,,,
2017-11-23,10837.61,10872.29,10809.09,10854.57,,,,
2017-11-24,10847.79,10873.91,10833.78,10854.09,,,,
2017-11-27,10836.82,10856,10746.74,10750.93,,,,
2017-11-28,10733.56,10752.58,10692.53,10707.07,,,,
2017-11-29,10735.24,10762.91,10697.62,10713.55,,,,
2017-11-30,10623.2,10650.18,10560.44,10560.44,,,,
2017-12-01,10591.62,10665.92,10495.15,10600.37,,,,
2017-12-04,10617.27,10665.43,10565.68,10651.11,,,,
2017-12-05,10607.62,10635.71,10540.74,10566.85,,,,
2017-12-06,10541.03,10541.03,10376.65,10393.92,,,,
2017-12-07,10404.42,10418.97,10322.76,10355.76,,,,
2017-12-08,10406.35,10419.28,10336.26,10398.62,,,,
2017-12-11,10438.33,10504.67,10438.33,10473.09,,,,
2017-12-12,10488.73,10495.24,10408.06,10443.28,,,,
2017-12-13,10447.11,10489.17,10444.7,10470.7,,,,
2017-12-14,10494.6,10577.53,10494.6,10538.01,,,,
2017-12-15,10517.21,10520.66,10436.11,10491.44,,,,
2017-12-18,10478.74,10526.41,10472.39,10506.52,,,,
2017-12-19,10508.33,10544,10452.08,10467.34,,,,
2017-12-20,10470.36,10514.31,10470.36,10504.52,,,,
2017-12-21,10526.97,10545.78,10488.97,10488.97,,,,
2017-12-22,10503.1,10537.27,10486.52,10537.27,,,,
2017-12-25,10546.64,10556.65,10514.54,10522.49,,,,
2017-12-26,10526.14,10528.92,10408.12,10421.91,,,,
2017-12-27,10419.81,10497.77,10419.81,10486.67,,,,
2017-12-28,10513.29,10592.04,10513.29,10567.64,,,,
2017-12-29,10590.95,10659.98,10590.95,10642.86,,,,
2018-01-02,10664.82,10710.73,10650.77,10710.73,,,,
2018-01-03,10759.61,10813.16,10759.61,10801.57,,,,
2018-01-04,10834.58,10853.46,10794.25,10848.63,,,,
2018-01-05,10856.92,10879.8,10815.68,10879.8,,,,
2018-01-08,10899.09,10918.47,10869.12,10915.75,,,,
2018-01-09,10922.35,10931,10860.77,10914.89,,,,
2018-01-10,10915.32,10934.75,10819.25,10831.09,,,,
2018-01-11,10824.54,10844.08,10770.1,10810.06,,,,
2018-01-12,10818.24,10899.98,10818.24,10883.96,,,,
2018-01-15,10932.37,10962.55,10911.89,10956.31,,,,
2018-01-16,10955.81,10986.11,10920.5,10986.11,,,,
2018-01-17,10976.13,11030.22,10942.95,11004.8,,,,
2018-01-18,11048.06,11122.82,11048.06,11071.57,,,,
2018-01-19,11123.58,11150.85,11095.85,11150.85,,,,
2018-01-22,11169.79,11231.46,11142.38,11231.46,,,,
2018-01-23,11243.49,11270.18,11201.52,11253.11,,,,
2018-01-24,11228.71,11228.71,11107.32,11152.16,,,,
2018-01-25,11154.36,11268.61,11131.85,11165.95,,,,
2018-01-26,11152.53,11178.3,11089.48,11147.1,,,,
2018-01-29,11202.27,11246.18,11161.83,11221.81,,,,
2018-01-30,11189.57,11189.57,11076.78,11076.78,,,,
2018-01-31,11054.36,11158.29,11007.89,11103.79,,,,
2018-02-01,11139.4,11212.1,11139.4,11160.25,,,,
2018-02-02,11151.65,11153.32,11070.43,11126.23,,,,
2018-02-05,10970.3,10970.3,10855.43,10946.25,,,,
2018-02-06,10761.01,10761.01,10300.4,10404,,,,
2018-02-07,10547.64,10697.82,10547.64,10551.54,,,,
2018-02-08,10559.44,10609.5,10512.93,10528.52,,,,
2018-02-09,10371.01,10392.31,10189.04,10371.75,,,,
2018-02-12,10429.09,10473.51,10416.01,10421.09,,,,
2018-02-21,10559.79,10720.48,10559.79,10714.44,,,,
2018-02-22,10698.47,10698.47,10620.8,10662.38,,,,
2018-02-23,10688.97,10799.29,10688.97,10794.55,,,,
2018-02-26,10827.98,10890.69,10827.98,10836.7,,,,
2018-02-27,10896.16,10937.9,10815.47,10815.47,,,,
2018-03-01,10779.1,10805.55,10709.69,10785.79,,,,
2018-03-02,10719.29,10719.29,10638.98,10698.17,,,,
2018-03-05,10727.45,10756.37,10642.9,10642.9,,,,
2018-03-06,10711.15,10784.34,10711.15,10784.34,,,,
2018-03-07,10762.99,10818.05,10745.32,10745.32,,,,
2018-03-08,10788.43,10852.33,10788.43,10823.24,,,,
2018-03-09,10847.74,10882.76,10845.38,10864.82,,,,
2018-03-12,10908.99,11016.56,10908.99,11002.1,,,,
2018-03-13,11022.15,11095.63,11014.87,11095.63,,,,
2018-03-14,11063.73,11070.29,11015.47,11038.8,,,,
2018-03-15,11039.6,11052.11,11008.18,11018.45,,,,
2018-03-16,11010.24,11054.86,10933.46,11027.7,,,,
2018-03-19,11004.81,11066,10983.25,11046.9,,,,
2018-03-20,11016.85,11020.78,10981.04,11010.84,,,,
2018-03-21,11037.35,11072.31,11011.07,11011.07,,,,
2018-03-22,11045.9,11120.2,10975.33,11005.84,,,,
2018-03-23,10863.67,10863.67,10758.06,10823.33,,,,
2018-03-26,10783.57,10840.05,10781.43,10840.05,,,,
2018-03-27,10901.69,10986.79,10901.69,10986.79,,,,
2018-03-28,10939.97,10939.97,10853.48,10865.66,,,,
2018-03-29,10855.66,10889.6,10815.46,10845.92,,,,
2018-03-30,10905.3,10969.22,10905.3,10906.22,,,,
2018-03-31,10925.71,10947.16,10905.69,10919.49,,,,
2018-04-02,10936.26,10969.88,10882.05,10888.27,,,,
2018-04-03,10837.54,10837.54,10775.45,10821.53,,,,
2018-04-09,10880.14,10904.75,10829.02,10893.53,,,,
2018-04-10,10885.64,10975.67,10874.83,10927.18,,,,
2018-04-11,10961.7,11016.35,10953.31,10974.02,,,,
2018-04-12,10984.12,11008.2,10920.62,10955.29,,,,
2018-04-13,10975.58,10988.23,10938.37,10965.39,,,,
2018-04-16,10962.36,10974.94,10921.17,10954.55,,,,
2018-04-17,10953.51,10965.2,10799.07,10810.45,,,,
2018-04-18,10842.88,10917.6,10809.89,10847.89,,,,
2018-04-19,10891.66,10983.96,10889.71,10971.22,,,,
2018-04-20,10802.42,10831.56,10770.05,10779.38,,,,
2018-04-23,10756.89,10774.73,10687.25,10697.13,,,,
2018-04-24,10680.38,10692.19,10540.15,10579.5,,,,
2018-04-25,10541.83,10573.73,10489.2,10559.97,,,,
2018-04-26,10583.08,10618.68,10478.98,10488.58,,,,
2018-04-27,10546.29,10573.61,10495.67,10553.43,,,,
2018-04-30,10553.41,10660.61,10539.63,10657.88,,,,
2018-05-02,10665.52,10683.9,10601.1,10618.81,,,,
2018-05-03,10578.98,10578.98,10509.03,10514.18,,,,
2018-05-04,10516.45,10566.37,10500.97,10529.37,,,,
2018-05-07,10581.78,10632.62,10555.56,10604.91,,,,
2018-05-08,10610.44,10691.38,10609.04,10691.38,,,,
2018-05-09,10692.89,10748.6,10689.81,10703.35,,,,
2018-05-10,10731.68,10782.06,10731.68,10760.21,,,,
2018-05-11,10808.4,10874.63,10808.4,10858.98,,,,
2018-05-14,10938.3,10970.24,10908.86,10952.39,,,,
2018-05-15,10965.08,10978.38,10874.73,10874.73,,,,
2018-05-16,10873.54,10915.74,10865.07,10897.57,,,,
2018-05-17,10911.74,10938.63,10833.81,10833.81,,,,
2018-05-18,10844.09,10893.35,10819.07,10830.84,,,,
2018-05-21,10861.66,10979.1,10861.66,10966.2,,,,
2018-05-22,10986.77,11034.12,10938.73,10938.73,,,,
2018-05-23,10974.52,10991.86,10886.18,10886.18,,,,
2018-05-24,10910.61,10942.64,10883.52,10936.93,,,,
2018-05-25,10946.62,10977.81,10918.12,10942.3,,,,
2018-05-28,10976.49,10999.43,10965.18,10987.77,,,,
2018-05-29,10979.68,10986.53,10929.56,10964.12,,,,
2018-05-30,10925.21,10925.21,10799.75,10821.17,,,,
2018-05-31,10856.03,10909.61,10853.65,10874.96,,,,
2018-06-01,10882.68,10954.67,10876.97,10949.08,,,,
2018-06-04,11002.15,11109.5,11002.15,11109.5,,,,
2018-06-05,11130.03,11131.08,11054.62,11100.11,,,,
2018-06-06,11111.14,11207.15,11111.14,11201.83,,,,
2018-06-07,11228.64,11261.68,11188.99,11251.75,,,,
2018-06-08,11243.59,11243.59,11122.98,11156.42,,,,
2018-06-11,11168.99,11186.67,11118.81,11149.23,,,,
2018-06-12,11140.02,11160.05,11088.53,11144.79,,,,
2018-06-13,11153.2,11188.01,11119.24,11173.21,,,,
2018-06-14,11143.04,11143.04,11013.98,11013.98,,,,
2018-06-15,10998.2,11087.47,10981.61,11087.47,,,,
2018-06-19,11008.77,11008.77,10904.19,10904.19,,,,
2018-06-20,10904.8,10969.2,10842.56,10927.44,,,,
2018-06-21,10949.85,10992.31,10941.07,10941.07,,,,
2018-06-22,10901.25,10914.83,10828.86,10899.28,,,,
2018-06-25,10834.07,10851.16,10786.46,10786.46,,,,
2018-06-26,10730.9,10752.99,10651.42,10742.17,,,,
2018-06-27,10766.88,10800.34,10701.03,10701.03,,,,
2018-06-28,10669.42,10723.84,10633.01,10654.28,,,,
2018-06-29,10667.64,10836.91,10667.64,10836.91,,,,
2018-07-02,10852.17,10886.2,10777.94,10777.94,,,,
2018-07-03,10802.88,10873.48,10707.68,10715.72,,,,
2018-07-04,10714.25,10752.05,10680.44,10721.87,,,,
2018-07-05,10690.91,10709.8,10585.27,10611.81,,,,
2018-07-06,10645.66,10665.72,10523.58,10608.57,,,,
2018-07-09,10638.9,10746.74,10638.9,10720.28,,,,
2018-07-10,10737.62,10776.47,10728.24,10756.89,,,,
2018-07-11,10693.64,10693.64,10635.03,10676.84,,,,
2018-07-12,10644.91,10752.57,10643.65,10738.38,,,,
2018-07-13,10769.7,10864.54,10769.7,10864.54,,,,
2018-07-16,10867.97,10890.2,10817.45,10817.45,,,,
2018-07-17,10802.75,10818.84,10758.83,10778.99,,,,
2018-07-18,10811.43,10872.74,10788.37,10842.46,,,,
2018-07-19,10868.56,10896.25,10826.14,10835.38,,,,
2018-07-20,10932.51,10963.95,10893.73,10932.11,,,,
2018-07-23,10929.46,10984.84,10901.75,10946.89,,,,
2018-07-24,10937.77,10995.39,10917.61,10995.39,,,,
2018-07-25,10957.66,10992.29,10956,10965.79,,,,
2018-07-26,10969.35,11018.19,10966.33,11010.61,,,,
2018-07-27,11023.07,11075.78,11009.16,11075.78,,,,
2018-07-30,11072.7,11080.41,11001.15,11033.54,,,,
2018-07-31,10997.73,11057.51,10976.46,11057.51,,,,
2018-08-01,11062.36,11100.02,11058.28,11098.13,,,,
2018-08-02,11095.67,11095.67,10919.13,10929.77,,,,
2018-08-03,10957.3,11012.43,10957.3,11012.43,,,,
2018-08-06,10997.26,11054.49,10994.97,11024.1,,,,
2018-08-07,11024.97,11030.09,10983.44,10983.44,,,,
2018-08-08,11026.07,11095.5,11026.07,11075.25,,,,
2018-08-09,11063.62,11063.62,11001.96,11028.07,,,,
2018-08-10,11009.96,11033.89,10972.25,10983.68,,,,
2018-08-13,10939.68,10939.68,10693.73,10748.92,,,,
2018-08-14,10797.95,10829.85,10755.53,10824.23,,,,
2018-08-15,10827.28,10827.28,10688.59,10716.75,,,,
2018-08-16,10663.57,10725.71,10606.26,10683.9,,,,
2018-08-17,10702.6,10757.01,10688.55,10690.96,,,,
2018-08-20,10698.76,10729.9,10663.44,10699.05,,,,
2018-08-21,10697.01,10792.2,10697.01,10792.2,,,,
2018-08-22,10790.24,10828.21,10774.69,10804.2,,,,
2018-08-23,10817.33,10863.13,10802.79,10863.13,,,,
2018-08-24,10865.91,10865.91,10770.32,10809.35,,,,
2018-08-27,10847.17,10916.69,10847.17,10902.21,,,,
2018-08-28,10946.33,11005.55,10946.33,10989.55,,,,
2018-08-29,11029.12,11099.57,11029.11,11099.57,,,,
2018-08-30,11153.97,11186.05,11080.07,11093.75,,,,
2018-08-31,11037.26,11063.94,10987.68,11063.94,,,,
2018-09-03,11087.86,11097.11,10952.85,10964.22,,,,
2018-09-04,10981.39,11028.27,10956.49,11021.38,,,,
2018-09-05,11042.41,11058.06,10989.93,10995.13,,,,
2018-09-06,11016.92,11016.92,10905.34,10924.3,,,,
2018-09-07,10922.55,10922.55,10807.56,10846.99,,,,
2018-09-10,10869.8,10877.72,10689.29,10725.8,,,,
2018-09-11,10723,10765.42,10669.59,10752.3,,,,
2018-09-12,10762.91,10779.93,10667.25,10722.57,,,,
2018-09-13,10726.67,10758.84,10701.25,10727.23,,,,
2018-09-14,10776.53,10882.04,10770.47,10868.14,,,,
2018-09-17,10881.78,10883.98,10806.73,10828.61,,,,
2018-09-18,10794.22,10806.56,10750.81,10760.21,,,,
2018-09-19,10808.5,10882.75,10808.5,10857.27,,,,
2018-09-20,10886.19,10908.36,10814.54,10831.41,,,,
2018-09-21,10857.1,10972.41,10835.84,10972.41,,,,
2018-09-25,10959.56,11003.49,10941.77,10978.85,,,,
2018-09-26,10974.08,11007.35,10947.29,10974.19,,,,
2018-09-27,10973.77,11051.09,10961.27,11034.19,,,,
2018-09-28,11050.09,11073.95,10966.96,11006.34,,,,
2018-10-01,11014.19,11062.43,11012.95,11051.8,,,,
2018-10-02,11048.89,11064.34,10906.42,10919.63,,,,
2018-10-03,10918.74,10926.73,10839.46,10863.94,,,,
2018-10-04,10826.19,10826.19,10707.76,10718.91,,,,
2018-10-05,10665.29,10669.63,10446.94,10517.12,,,,
2018-10-08,10467.85,10507.83,10403.13,10455.93,,,,
2018-10-09,10464.39,10503.1,10428.97,10466.83,,,,
2018-10-11,10272.04,10272.04,9797.93,9806.11,,,,
2018-10-12,9811.58,10046.01,9740.76,10045.81,,,,
2018-10-15,9989.63,9989.63,9890.47,9901.12,,,,
2018-10-16,9891.97,10011.19,9888.73,9981.1,,,,
2018-10-17,10048.43,10127.01,9978.25,9979.14,,,,
2018-10-18,9975.46,10019.5,9919.79,9953.73,,,,
2018-10-19,9879.47,9919.26,9762.91,9919.26,,,,
2018-10-22,9871.3,9984.15,9822.15,9974.28,,,,
2018-10-23,9912.28,9912.28,9775.2,9775.2,,,,
2018-10-24,9774.29,9809.19,9667.85,9759.4,,,,
2018-10-25,9622.95,9622.95,9475.61,9520.79,,,,
2018-10-26,9570.19,9629.07,9400.69,9489.18,,,,
2018-10-29,9515.43,9554.35,9459.12,9516.32,,,,
2018-10-30,9508.81,9574.83,9481.66,9526.11,,,,
2018-10-31,9588.86,9802.13,9588.86,9802.13,,,,
2018-11-01,9812.2,9869.59,9742.61,9844.74,,,,
2018-11-02,9871.4,9906.59,9817.29,9906.59,,,,
2018-11-05,9856.85,9889.81,9786.25,9889.81,,,,
2018-11-06,9888.41,9899.97,9782.86,9824.95,,,,
2018-11-07,9818.15,9912.53,9817.95,9908.35,,,,
2018-11-08,9958.47,10014.42,9938.55,9945.31,,,,
2018-11-09,9921.78,9921.78,9798.45,9830.01,,,,
2018-11-12,9806.8,9875.84,9764.46,9831.21,,,,
2018-11-13,9727.17,9777.35,9616.16,9775.84,,,,
2018-11-14,9799.69,9823.25,9763.89,9791.88,,,,
2018-11-15,9806.58,9844.39,9755.12,9826.46,,,,
2018-11-16,9819.05,9851.29,9770.87,9797.09,,,,
2018-11-19,9795.47,9836.02,9779.4,9828.69,,,,
2018-11-20,9788.95,9800.03,9726.8,9743.99,,,,
2018-11-21,9698.52,9753.69,9632.47,9741.52,,,,
2018-11-22,9769.33,9792.99,9702.77,9714.71,,,,
2018-11-23,9730.64,9738.8,9654.91,9667.3,,,,
2018-11-26,9679.98,9847.35,9679.98,9765.36,,,,
2018-11-27,9728.95,9781.4,9688.74,9778.62,,,,
2018-11-28,9774.03,9890.89,9767.14,9884.31,,,,
2018-11-29,9959.87,10001.85,9885.36,9885.36,,,,
2018-11-30,9899.24,9957.63,9888.03,9888.03,,,,
2018-12-03,9979.21,10148.75,9979.21,10137.87,,,,
2018-12-04,10120.43,10126.02,10061.7,10083.54,,,,
2018-12-05,9971.98,9971.98,9895.29,9916.74,,,,
2018-12-06,9850.08,9850.08,9664.75,9684.72,,,,
2018-12-07,9719.46,9785.2,9719.46,9760.88,,,,
2018-12-10,9722.97,9722.97,9626.47,9647.54,,,,
2018-12-11,9661.72,9720.96,9661.72,9707.04,,,,
2018-12-12,9741.45,9835.56,9741.45,9816.45,,,,
2018-12-13,9827.32,9871.96,9815.5,9858.76,,,,
2018-12-14,9818.95,9818.95,9718.94,9774.16,,,,
2018-12-17,9762.49,9826.88,9733.98,9787.53,,,,
2018-12-18,9756.46,9756.67,9701.1,9718.82,,,,
2018-12-19,9720.92,9783.21,9720.92,9783.21,,,,
2018-12-20,9729.29,9741.55,9658.5,9674.52,,,,
2018-12-21,9648.98,9683.95,9585.32,9676.67,,,,
2018-12-22,9639.24,9652.19,9625.31,9646.16,,,,
2018-12-24,9646.53,9658.95,9613.29,9639.7,,,,
2018-12-25,9559.7,9559.7,9479.06,9527.09,,,,
2018-12-26,9544.87,9591.91,9473.3,9478.99,,,,
2018-12-27,9555.01,9670.97,9555.01,9641.56,,,,
2018-12-28,9649.97,9727.41,9630.77,9727.41,,,,
2019-01-02,9725.27,9737.68,9542.52,9554.14,,,,
2019-01-03,9494.25,9554.53,9474.47,9492.42,,,,
2019-01-04,9427.24,9427.24,9319.28,9382.51,,,,
2019-01-07,9460.2,9596.35,9460.2,9590.3,,,,
2019-01-08,9591.56,9600.94,9547.63,9563.6,,,,
2019-01-09,9584.63,9741.64,9584.63,9738.31,,,,
2019-01-10,9731.11,9731.11,9683.2,9720.69,,,,
2019-01-11,9753.63,9796.98,9736,9759.4,,,,
2019-01-14,9737.67,9762.37,9677.49,9708.22,,,,
2019-01-15,9701.93,9806.04,9701.93,9806.04,,,,
2019-01-16,9781.35,9803.99,9763.81,9763.81,,,,
2019-01-17,9773.31,9826.25,9759.51,9789.15,,,,
2019-01-18,9781.39,9842.8,9771.15,9836.06,,,,
2019-01-21,9870.27,9919.94,9870.27,9889.4,,,,
2019-01-22,9880.54,9894.66,9855.47,9894.66,,,,
2019-01-23,9869.54,9873.39,9828.03,9846.4,,,,
2019-01-24,9865,9892.82,9847.32,9877.12,,,,
2019-01-25,9923.39,9980.08,9918.21,9969.61,,,,
2019-01-28,10006.46,10020.6,9990.07,10013.33,,,,
2019-01-29,9944.71,9952.34,9893.96,9931.59,,,,
2019-01-30,9915.97,9959.03,9909.81,9932.26,,,,
2019-02-11,10029.84,10065.52,9988.83,10004.25,,,,
2019-02-12,10032.08,10100.23,10032.08,10097.74,,,,
2019-02-13,10123.61,10140.98,10074.34,10090.58,,,,
2019-02-14,10095.99,10135.62,10082,10089.01,,,,
2019-02-15,10111.18,10135.16,10055.5,10064.78,,,,
2019-02-18,10096.94,10165.77,10096.94,10145.28,,,,
2019-02-19,10152.11,10173.47,10143.15,10152.26,,,,
2019-02-20,10181.94,10272.46,10181.94,10272.46,,,,
2019-02-21,10282.32,10319.53,10256.53,10319.53,,,,
2019-02-22,10309.02,10322.92,10269.95,10322.92,,,,
2019-02-25,10343.45,10390.93,10343.45,10390.93,,,,
2019-02-26,10403.03,10416.91,10368.86,10391.55,,,,
2019-02-27,10385.81,10403.05,10343.56,10389.17,,,,
2019-03-04,10385.25,10402.39,10313.18,10349.88,,,,
2019-03-05,10323.25,10334.34,10295.44,10305.26,,,,
2019-03-06,10328.18,10359.12,10327.9,10357.15,,,,
2019-03-07,10359.47,10367.98,10299.46,10311.68,,,,
2019-03-08,10274.28,10274.28,10204.21,10241.75,,,,
2019-03-11,10224.27,10269.3,10214.02,10250.28,,,,
2019-03-12,10294.37,10382.12,10294.37,10343.33,,,,
2019-03-13,10331.27,10373.32,10331.27,10373.32,,,,
2019-03-14,10391.3,10407.27,10339.64,10348.65,,,,
2019-03-15,10374.66,10439.24,10370,10439.24,,,,
2019-03-18,10455.19,10512.7,10445.74,10512.7,,,,
2019-03-19,10497.4,10525.6,10484.69,10512.32,,,,
2019-03-20,10529.3,10556.81,10506.96,10551.56,,,,
2019-03-21,10563.93,10612.34,10551.67,10609.55,,,,
2019-03-22,10642.57,10667.94,10589.47,10639.07,,,,
2019-03-25,10535.12,10535.12,10458.79,10479.48,,,,
2019-03-26,10506.68,10559.2,10506.68,10559.2,,,,
2019-03-27,10542.68,10556.75,10515.86,10542.7,,,,
2019-03-28,10529.02,10536.26,10499.29,10536.26,,,,
2019-03-29,10551.99,10641.04,10525.27,10641.04,,,,
2019-04-01,10714.68,10735.07,10627.01,10642.63,,,,
2019-04-02,10695.47,10728.38,10685.1,10690.3,,,,
2019-04-03,10725.17,10741.56,10690.23,10704.38,,,,
2019-04-08,10759.96,10807.05,10759.96,10800.57,,,,
2019-04-09,10805.39,10851.6,10793.77,10851.6,,,,
2019-04-10,10839.93,10875.65,10815.61,10868.14,,,,
2019-04-11,10869.24,10887.12,10797.76,10808.77,,,,
2019-04-12,10820.94,10836.44,10782.02,10805.3,,,,
2019-04-15,10849.84,10897.21,10849.55,10875.6,,,,
2019-04-16,10905.63,10927.85,10876.34,10927.85,,,,
2019-04-17,10961.61,11016.92,10961.61,10997.26,,,,
2019-04-18,11038.24,11077.99,10926.85,10962.02,,,,
2019-04-19,11017.69,11045.08,10950.43,10968.5,,,,
2019-04-22,10994.52,11027.49,10974.82,10987.71,,,,
2019-04-23,10994.28,11025.68,10949.3,11025.68,,,,
2019-04-24,11054.02,11070.85,10995.83,11027.64,,,,
2019-04-25,11017.73,11046.77,11006.68,11039.86,,,,
2019-04-26,10986.53,10986.53,10906.44,10952.47,,,,
2019-04-29,10952.91,10992.55,10905.78,10939.06,,,,
2019-04-30,10945.94,10978.1,10910.78,10967.73,,,,
2019-05-02,10992.76,11046.64,10988.7,11004.49,,,,
2019-05-03,11037.99,11097,11018.86,11096.3,,,,
2019-05-06,11005.36,11005.36,10870.4,10897.12,,,,
2019-05-07,10913.95,11004.76,10913.95,10987.14,,,,
2019-05-08,10938.47,10946.82,10867.06,10923.71,,,,
2019-05-09,10910.47,10910.47,10732.97,10733.67,,,,
2019-05-10,10751.55,10834.69,10669.39,10712.99,,,,
2019-05-13,10684.04,10693.44,10549.06,10558.29,,,,
2019-05-14,10480.21,10544.97,10363.02,10519.25,,,,
2019-05-15,10535.24,10612.5,10535.24,10560.71,,,,
2019-05-16,10556.58,10573.93,10474.61,10474.61,,,,
2019-05-17,10508.56,10564.97,10384.11,10384.11,,,,
2019-05-20,10405.36,10465.84,10385.18,10398.41,,,,
2019-05-21,10362.35,10477.2,10342.32,10464.5,,,,
2019-05-22,10481.1,10520.62,10453.5,10457.22,,,,
2019-05-23,10404,10404,10289.69,10308.37,,,,
2019-05-24,10313.15,10370.97,10308.59,10328.28,,,,
2019-05-27,10344.18,10365.44,10305.28,10334.13,,,,
2019-05-28,10348.58,10361.61,10312.31,10312.31,,,,
2019-05-29,10277.35,10307.75,10227.44,10301.78,,,,
2019-05-30,10307.12,10384.36,10306.03,10382.99,,,,
2019-05-31,10386.12,10515.1,10369.02,10498.49,,,,
2019-06-03,10482.45,10511.2,10383.51,10500.07,,,,
2019-06-04,10499.51,10518.33,10421.81,10429.12,,,,
2019-06-05,10497.5,10541.29,10446.51,10461.62,,,,
2019-06-06,10409.9,10429.33,10371.08,10409.2,,,,
2019-06-10,10486.23,10566.47,10466.24,10566.47,,,,
2019-06-11,10567.54,10637.9,10548.06,10607.76,,,,
2019-06-12,10605.75,10630.69,10566.37,10615.66,,,,
2019-06-13,10582.19,10617.06,10539.49,10561.01,,,,
2019-06-14,10546.42,10568.92,10517.82,10524.67,,,,
2019-06-17,10488.7,10562.97,10474.19,10530.54,,,,
2019-06-18,10547.15,10573.77,10521.7,10566.74,,,,
2019-06-19,10650.48,10778.64,10650.48,10775.34,,,,
2019-06-20,10749.41,10799.14,10745.25,10785.01,,,,
2019-06-21,10817.71,10840.29,10773.47,10803.77,,,,
2019-06-24,10734.25,10786.33,10695.49,10779.45,,,,
2019-06-25,10777.18,10787.62,10693.04,10706.72,,,,
2019-06-26,10661.39,10690.98,10645.37,10652.55,,,,
2019-06-27,10674.2,10800.29,10674.2,10773.9,,,,
2019-06-28,10786.66,10788.08,10719.08,10730.83,,,,
2019-07-01,10821.3,10914.85,10821.3,10895.46,,,,
2019-07-02,10878.01,10888.21,10843.64,10865.12,,,,
2019-07-03,10793.1,10812.65,10720.66,10743.77,,,,
2019-07-04,10755.87,10791.28,10750.9,10775.9,,,,
2019-07-05,10785.85,10812.38,10756.67,10785.73,,,,
2019-07-08,10742.81,10781.11,10708.92,10751.22,,,,
2019-07-09,10729.83,10733.57,10680.85,10702.78,,,,
2019-07-10,10723.23,10810.16,10723.23,10798.48,,,,
2019-07-11,10817.6,10856.51,10799.65,10843.42,,,,
2019-07-12,10855.16,10867.59,10823.89,10824.35,,,,
2019-07-15,10819.92,10880.56,10769.57,10876.43,,,,
2019-07-16,10865,10899.84,10865,10886.05,,,,
2019-07-17,10861.11,10861.11,10804.34,10828.48,,,,
2019-07-18,10821.92,10835.43,10792.27,10799.28,,,,
2019-07-19,10861.99,10919.96,10861.99,10873.19,,,,
2019-07-22,10910.5,10949.76,10909.15,10944.53,,,,
2019-07-23,10963.86,10994.44,10932.53,10947.26,,,,
2019-07-24,10969.74,10976.46,10912.92,10935.76,,,,
2019-07-25,10892.25,10945.92,10879.4,10941.41,,,,
2019-07-26,10898.25,10907.44,10879.24,10891.98,,,,
2019-07-29,10872.63,10905.74,10863.33,10885.73,,,,
2019-07-30,10909.98,10927.16,10827.74,10830.9,,,,
2019-07-31,10824.15,10835.8,10754.07,10823.81,,,,
2019-08-01,10773.06,10773.25,10714.73,10731.75,,,,
2019-08-02,10641.28,10641.28,10524.68,10549.04,,,,
2019-08-05,10528.87,10542.49,10418.25,10423.41,,,,
2019-08-06,10304.88,10425.6,10180.04,10394.75,,,,
2019-08-07,10422.89,10461.37,10366.54,10386.18,,,,
2019-08-08,10383.62,10500.77,10383.62,10494.49,,,,
2019-08-09,10383.62,10500.77,10383.62,10494.49,,,,
2019-08-12,10491.79,10514.05,10440.77,10472.36,,,,
2019-08-13,10436.62,10436.62,10361.89,10362.66,,,,
2019-08-14,10444.5,10518.02,10427.73,10427.73,,,,
2019-08-15,10374.75,10374.75,10287.76,10327.13,,,,
2019-08-16,10345.42,10456.32,10318.37,10420.89,,,,
2019-08-19,10449.39,10516.05,10449.39,10488.75,,,,
2019-08-20,10508.42,10538.12,10497.13,10522.5,,,,
2019-08-21,10526.87,10545.25,10504.49,10525.8,,,,
2019-08-22,10560.01,10596.41,10515.72,10529.78,,,,
2019-08-23,10526.15,10541.73,10503.07,10538.11,,,,
2019-08-26,10453.4,10453.4,10340.15,10354.57,,,,
2019-08-27,10386.21,10431.78,10368.96,10387.23,,,,
2019-08-28,10397.6,10456.3,10397.6,10434.29,,,,
2019-08-29,10440.15,10466.99,10406.49,10462.43,,,,
2019-08-30,10504.28,10618.05,10504.28,10618.05,,,,
2019-09-02,10613.19,10634.85,10589.42,10634.85,,,,
2019-09-03,10629.22,10650.15,10557.03,10558.21,,,,
2019-09-04,10566.32,10670.43,10566.32,10657.31,,,,
2019-09-05,10718.4,10766.6,10714.27,10756.93,,,,
2019-09-06,10783.46,10803.07,10753.45,10780.64,,,,
2019-09-09,10808.68,10829.44,10778.15,10801.14,,,,
2019-09-10,10791.95,10810.03,10732.78,10753.58,,,,
2019-09-11,10787.65,10815.59,10746.87,10790.35,,,,
2019-09-12,10830.25,10862.68,10804.02,10827.55,,,,
2019-09-16,10822.69,10898.13,10822.69,10898.13,,,,
2019-09-17,10908.85,10912.23,10866.43,10874.5,,,,
2019-09-18,10887.42,10971.54,10878.34,10929.45,,,,
2019-09-19,10947.62,10954.18,10874.66,10894.7,,,,
2019-09-20,10908.1,10931.76,10903.45,10929.69,,,,
2019-09-23,10924.81,10948.19,10905.92,10919.02,,,,
2019-09-24,10917.44,10947.53,10886.62,10918.01,,,,
2019-09-25,10885.67,10885.67,10825.85,10873.69,,,,
2019-09-26,10909.57,10934.91,10856.96,10871.99,,,,
2019-09-27,10904,10921.17,10827.61,10829.68,,,,
2019-09-30,10904,10921.17,10827.61,10829.68,,,,
2019-10-01,10855.6,10967.65,10855.6,10967.65,,,,
2019-10-02,10945.92,10965.2,10927.39,10947.88,,,,
2019-10-03,10866.5,10888.4,10809.28,10875.91,,,,
2019-10-04,10907.69,10941.49,10854.12,10894.48,,,,
2019-10-07,10932.24,10954.45,10919.43,10935.06,,,,
2019-10-08,10986.01,11020.51,10986.01,11017.31,,,,
2019-10-09,10976.93,10989.39,10889.96,10889.96,,,,
2019-10-14,11004.74,11085.49,11004.74,11066.95,,,,
2019-10-15,11103.5,11126.45,11091.29,11111.8,,,,
2019-10-16,11166.17,11180.11,11113.18,11162.83,,,,
2019-10-17,11156.14,11186.88,11131.45,11186.88,,,,
2019-10-18,11190.21,11237.38,11154.86,11180.22,,,,
2019-10-21,11166.24,11188.13,11147.86,11184.15,,,,
2019-10-22,11221.19,11271.25,11218.25,11271.25,,,,
2019-10-23,11266.18,11281.12,11209.1,11239.67,,,,
2019-10-24,11266.84,11320.14,11254.59,11320.14,,,,
2019-10-25,11336.64,11347.18,11281.37,11296.12,,,,
2019-10-28,11321.99,11341.03,11295.44,11315.02,,,,
2019-10-29,11347.39,11373.95,11292.83,11333.87,,,,
2019-10-30,11336.97,11380.28,11306.95,11380.28,,,,
2019-10-31,11393.68,11428.42,11358.71,11358.71,,,,
2019-11-01,11373.7,11399.53,11335.51,11399.53,,,,
2019-11-04,11451.72,11559.07,11451.72,11556.85,,,,
2019-11-05,11576.18,11644.03,11576.18,11644.03,,,,
2019-11-06,11645.08,11668.2,11601.7,11653.07,,,,
2019-11-07,11642.91,11647.47,11552.08,11606.56,,,,
2019-11-08,11620.89,11642.41,11561.31,11579.54,,,,
2019-11-11,11570.33,11570.33,11409.83,11427.28,,,,
2019-11-12,11463.33,11520.37,11459.68,11520.37,,,,
2019-11-13,11483.24,11509.37,11439.09,11467.83,,,,
2019-11-14,11488.74,11498.25,11424.77,11450.42,,,,
2019-11-15,11485.46,11552.25,11485.46,11525.6,,,,
2019-11-18,11543.8,11599.78,11532.97,11599.78,,,,
2019-11-19,11608.48,11656.4,11576.79,11656.4,,,,
2019-11-20,11645.73,11649.07,11591.73,11631.2,,,,
2019-11-21,11573.84,11573.84,11478.43,11558.27,,,,
2019-11-22,11556.75,11577.02,11534.15,11566.8,,,,
2019-11-25,11590.81,11604.75,11559.33,11561.58,,,,
2019-11-26,11608.37,11642.96,11576.82,11576.82,,,,
2019-11-27,11590.81,11651.73,11590.81,11647.46,,,,
2019-11-28,11641.7,11654.06,11604.68,11617.08,,,,
2019-11-29,11616.88,11623.59,11485.16,11489.57,,,,
2019-12-02,11509.94,11524.85,11454.38,11502.83,,,,
2019-12-03,11473.32,11531.58,11460.06,11531.58,,,,
2019-12-04,11511.82,11513.83,11457.43,11510.47,,,,
2019-12-05,11546.75,11604.39,11546.75,11594.65,,,,
2019-12-06,11639.8,11657.65,11577.83,11609.64,,,,
2019-12-09,11635.47,11678.36,11631.03,11660.77,,,,
2019-12-10,11647.78,11649.73,11607.26,11627.84,,,,
2019-12-11,11635.07,11700.77,11622.58,11700.77,,,,
2019-12-12,11766.98,11875.98,11766.98,11836.42,,,,
2019-12-13,11937.9,11990.78,11913.02,11927.73,,,,
2019-12-16,11915.61,11975.73,11915.61,11939.77,,,,
2019-12-17,11939.62,12097.01,11939.62,12097.01,,,,
2019-12-18,12061.1,12125.9,12059.92,12122.45,,,,
2019-12-19,12082.98,12111.77,12008.16,12018.9,,,,
2019-12-20,12001.56,12028.22,11937.45,11959.08,,,,
2019-12-23,11969.14,12022.23,11960.21,12022.23,,,,
2019-12-24,12023.79,12027.6,11976.38,11976.38,,,,
2019-12-25,11978.94,12032.37,11973.95,12008.13,,,,
2019-12-26,12018.38,12030.66,11982.64,12001.01,,,,
2019-12-27,12032.72,12093.02,12032.72,12091.59,,,,
2019-12-30,12094.81,12114.89,12046.22,12053.37,,,,
2019-12-31,12019.19,12047.75,11997.14,11997.14,,,,
2020-01-02,12026.5,12110.74,12026.23,12100.48,,,,
2020-01-03,12167.44,12197.64,12023.6,12110.43,,,,
2020-01-06,12035.71,12040.08,11953.36,11953.36,,,,
2020-01-07,11961.97,11986.03,11822.4,11880.32,,,,
2020-01-08,11818.76,11899.67,11777.45,11817.1,,,,
2020-01-09,11889.46,11992.55,11889.46,11970.63,,,,
2020-01-10,12009.27,12038.21,11959.06,12024.65,,,,
2020-01-13,12069.61,12113.42,12037.24,12113.42,,,,
2020-01-14,12161.73,12186.62,12140.27,12179.81,,,,
2020-01-15,12169.92,12169.92,12048.01,12091.88,,,,
2020-01-16,12006.08,12075.54,12006.08,12066.93,,,,
2020-01-17,12080.72,12117.55,12055.91,12090.29,,,,
2020-01-20,12107.56,12151.42,12101.55,12118.71,,,,
2020-01-30,11933.23,11933.23,11418.22,11421.74,,,,
2020-01-31,11494.03,11594.21,11436.95,11495.1,,,,
2020-02-03,11365.9,11365.9,11138.03,11354.92,,,,
2020-02-04,11399.46,11581.36,11393.03,11555.92,,,,
2020-02-05,11601.55,11620.42,11512.71,11573.62,,,,
2020-02-06,11605.11,11749.68,11605.11,11749.68,,,,
2020-02-07,11712.71,11712.71,11592.09,11612.81,,,,
2020-02-10,11514.72,11598.03,11423.34,11574.07,,,,
2020-02-11,11614.25,11678.58,11614.25,11664.04,,,,
2020-02-12,11693.4,11801.52,11693.4,11774.19,,,,
2020-02-13,11813.5,11854.98,11784.94,11791.78,,,,
2020-02-14,11806.52,11840.79,11788.87,11815.7,,,,
2020-02-17,11770.3,11775.56,11724.82,11763.51,,,,
2020-02-18,11700.91,11717.1,11642.95,11648.98,,,,
2020-02-19,11655.37,11783.43,11654.16,11758.84,,,,
2020-02-20,11785.78,11827.83,11714.15,11725.09,,,,
2020-02-21,11721.16,11755.17,11661.63,11686.35,,,,
2020-02-24,11615.28,11615.28,11512.08,11534.87,,,,
2020-02-25,11506.74,11567.09,11415.47,11540.23,,,,
2020-02-26,11468.6,11494.22,11408.06,11433.62,,,,
2020-02-27,11436.96,11470.23,11274.52,11292.17,,,,
2020-03-02,11184.66,11282.05,11049.85,11170.46,,,,
2020-03-03,11279.86,11390.24,11279.86,11327.72,,,,
2020-03-04,11368.25,11392.35,11297.81,11392.35,,,,
2020-03-05,11454.65,11525.32,11454.65,11514.82,,,,
2020-03-06,11471.36,11471.36,11310.32,11321.81,,,,
2020-03-09,11221.76,11221.76,10977.64,10977.64,,,,
2020-03-10,10907.62,11032.47,10830.22,11003.54,,,,
2020-03-11,11022.82,11088.23,10885.91,10893.75,,,,
2020-03-12,10845.39,10845.39,10359.67,10422.32,,,,
2020-03-13,10091.03,10171.2,9636.15,10128.87,,,,
2020-03-16,10069.42,10130.8,9717.77,9717.77,,,,
2020-03-17,9538.64,9677.07,9371.35,9439.63,,,,
2020-03-18,9453.98,9509.61,9218.67,9218.67,,,,
2020-03-19,9085.28,9085.28,8523.63,8681.34,,,,
2020-03-20,8816.86,9264.42,8816.86,9234.09,,,,
2020-03-23,9025.55,9029.52,8750.14,8890.03,,,,
2020-03-24,9083.78,9415.64,9083.78,9285.62,,,,
2020-03-25,9426.43,9722.37,9426.43,9644.75,,,,
2020-03-26,9667.14,9739.73,9565.02,9736.36,,,,
2020-03-27,9807.9,9954.86,9691.14,9698.92,,,,
2020-03-30,9571.22,9655.7,9415.52,9629.43,,,,
2020-03-31,9689.62,9789.81,9630.3,9708.06,,,,
2020-04-01,9726.2,9736,9663.63,9663.63,,,,
2020-04-06,9707.75,9818.74,9651.52,9818.74,,,,
2020-04-07,9928.16,10039.15,9928.16,9996.39,,,,
2020-04-08,10010.64,10149.76,9984.66,10137.47,,,,
2020-04-09,10173.26,10246.84,10092.36,10119.43,,,,
2020-04-10,10105.43,10165.12,10103.77,10157.61,,,,
2020-04-13,10147.56,10179.4,10080.65,10099.22,,,,
2020-04-14,10130.65,10344.13,10130.65,10332.94,,,,
2020-04-15,10366.77,10461.84,10366.77,10447.21,,,,
2020-04-16,10385.78,10425.29,10317.13,10375.48,,,,
2020-04-17,10554.55,10710.15,10552.58,10597.04,,,,
2020-04-20,10612.45,10637.64,10542.96,10586.71,,,,
2020-04-21,10544.8,10544.8,10278.95,10288.42,,,,
2020-04-22,10256.11,10310.85,10140.09,10307.74,,,,
2020-04-23,10370.13,10462.7,10294.88,10366.51,,,,
2020-04-24,10367.97,10386.93,10324.2,10347.36,,,,
2020-04-27,10407.49,10578.96,10407.49,10567.27,,,,
2020-04-28,10580.25,10620.52,10537.71,10616.06,,,,
2020-04-29,10656.4,10794.83,10656.4,10772.22,,,,
2020-04-30,10826.26,11012.78,10826.26,10992.14,,,,
2020-05-04,10781.51,10781.51,10658.5,10720.48,,,,
2020-05-05,10756.95,10833.53,10735.01,10774.61,,,,
2020-05-06,10771.09,10828.73,10708.1,10774.98,,,,
2020-05-07,10778.53,10890.87,10775.16,10842.92,,,,
2020-05-08,10883.22,10970.7,10883.22,10901.42,,,,
2020-05-11,10942.18,11039.11,10942.18,11013.26,,,,
2020-05-12,10974.51,10974.51,10854.51,10879.47,,,,
2020-05-13,10861.01,10938.27,10828.93,10938.27,,,,
2020-05-14,10894.17,10894.17,10777.46,10780.88,,,,
2020-05-15,10833.16,10904.01,10730.55,10814.92,,,,
2020-05-18,10753.21,10812.87,10730.7,10740.55,,,,
2020-05-19,10812.79,10924.79,10812.79,10860.44,,,,
2020-05-20,10892.76,10933.98,10860.15,10907.8,,,,
2020-05-21,10933.21,11021.66,10933.21,11008.31,,,,
2020-05-22,10977.55,10977.55,10804.56,10811.15,,,,
2020-05-25,10812.94,10874.54,10719.25,10871.18,,,,
2020-05-26,10903.32,11046.22,10903.32,10997.21,,,,
2020-05-27,11023.93,11069.72,10972.25,11014.66,,,,
2020-05-28,11040.62,11087.53,10915.3,10944.19,,,,
2020-05-29,10921.16,10965.03,10861.9,10942.16,,,,
2020-06-01,10971.4,11109.29,10971.4,11079.02,,,,
2020-06-02,11109.27,11170.49,11102.97,11127.93,,,,
2020-06-03,11182.52,11330.52,11182.52,11320.16,,,,
2020-06-04,11373.94,11425.42,11341.58,11393.23,,,,
2020-06-05,11418.01,11482.36,11411.94,11479.4,,,,
2020-06-08,11539,11631.89,11528.44,11610.32,,,,
2020-06-09,11600.61,11640.45,11537.38,11637.11,,,,
2020-06-10,11635.99,11740.9,11621.02,11720.16,,,,
2020-06-11,11738.49,11771.12,11516.59,11535.77,,,,
2020-06-12,11406.54,11442.3,11244.64,11429.94,,,,
2020-06-15,11436.28,11469.84,11299.45,11306.26,,,,
2020-06-16,11380.67,11542.25,11380.67,11511.64,,,,
2020-06-17,11525.5,11550.32,11482.32,11534.59,,,,
2020-06-18,11534.2,11567.42,11485.39,11548.33,,,,
2020-06-19,11557.27,11584.88,11542.37,11549.86,,,,
2020-06-22,11553.91,11632.88,11553.91,11572.93,,,,
2020-06-23,11618.42,11679.4,11530.85,11612.36,,,,
2020-06-24,11647.86,11701.23,11637.79,11660.67,,,,
2020-06-29,11608.8,11608.8,11500.65,11542.62,,,,
2020-06-30,11563.6,11638,11563.6,11621.24,,,,
2020-07-01,11622.64,11736.39,11622.64,11703.42,,,,
2020-07-02,11694.1,11805.21,11690.95,11805.14,,,,
2020-07-03,11857.9,11933.59,11857.9,11909.16,,,,
2020-07-06,11941.84,12116.7,11941.84,12116.7,,,,
2020-07-07,12176.79,12249.95,12028.57,12092.97,,,,
2020-07-08,12086.13,12190.27,12083.84,12170.19,,,,
2020-07-09,12222.9,12273.43,12181.34,12192.69,,,,
2020-07-10,12250.44,12253.58,12030.2,12073.68,,,,
2020-07-13,12109.61,12216.24,12109.61,12211.56,,,,
2020-07-14,12202.89,12228.31,12143.91,12209.01,,,,
2020-07-15,12233.99,12320.48,12162.52,12202.85,,,,
2020-07-16,12173.04,12220.93,12107.04,12157.74,,,,
2020-07-17,12195.72,12266.93,12144.62,12181.56,,,,
2020-07-20,12205.25,12221.33,12065.8,12174.54,,,,
2020-07-21,12242.32,12450.16,12242.32,12397.55,,,,
2020-07-22,12389.76,12486.95,12389.4,12473.27,,,,
2020-07-23,12423.02,12429.76,12347.86,12413.04,,,,
2020-07-24,12467.43,12502.84,12266.55,12304.04,,,,
2020-07-27,12618.69,12686.36,12586.91,12588.3,,,,
2020-07-28,12951.72,13031.7,12533.19,12586.73,,,,
2020-07-29,12530.74,12660.87,12488.01,12540.97,,,,
2020-07-30,12691.86,12769.47,12616.83,12722.92,,,,
2020-07-31,12653.46,12733.48,12635.71,12664.8,,,,
2020-08-03,12642.73,12673.02,12506.59,12513.03,,,,
2020-08-04,12577.88,12709.92,12577.88,12709.92,,,,
2020-08-05,12762.34,12816.39,12739.99,12802.3,,,,
2020-08-06,12894.24,12971.87,12851.2,12913.5,,,,
2020-08-07,12901.43,12912.63,12791.18,12828.87,,,,
2020-08-10,12786.8,12933.16,12786.8,12894,,,,
2020-08-11,12856.46,12906.01,12780.19,12780.19,,,,
2020-08-12,12713.63,12730.96,12625.54,12670.35,,,,
2020-08-13,12758.87,12812.8,12717.13,12763.13,,,,
2020-08-14,12709.97,12801.31,12679.19,12795.46,,,,
2020-08-17,12813.94,12956.11,12800.69,12956.11,,,,
2020-08-18,12974.96,12981.58,12840.25,12872.14,,,,
2020-08-19,12904.84,12950.11,12778.64,12778.64,,,,
2020-08-20,12764.75,12764.75,12144.76,12362.64,,,,
2020-08-21,12462.52,12638.65,12462.52,12607.84,,,,
2020-08-24,12629.78,12702.94,12567.95,12647.13,,,,
2020-08-25,12706.4,12814.56,12698.85,12758.25,,,,
2020-08-26,12768.96,12833.29,12734.69,12833.29,,,,
2020-08-27,12888.65,12960.68,12786.45,12797.31,,,,
2020-08-28,12759.3,12799.16,12674.57,12728.85,,,,
2020-08-31,12763.44,12831.38,12591.45,12591.45,,,,
2020-09-01,12617.39,12703.28,12565.83,12703.28,,,,
2020-09-02,12772.43,12802.61,12646.47,12699.5,,,,
2020-09-03,12774.97,12857.79,12732.32,12757.97,,,,
2020-09-04,12645.92,12655.67,12559.78,12637.95,,,,
2020-09-07,12645.93,12725.05,12575.36,12601.4,,,,
2020-09-08,12637.42,12702.55,12614.72,12663.56,,,,
2020-09-09,12592.18,12616.57,12480.5,12608.58,,,,
2020-09-10,12665.74,12708.64,12650.4,12691.75,,,,
2020-09-11,12697.46,12701.79,12616.68,12675.95,,,,
2020-09-14,12680.41,12793.07,12680.41,12787.82,,,,
2020-09-15,12787.42,12857.73,12773.23,12845.65,,,,
2020-09-16,12989.81,13021.68,12948.72,12976.76,,,,
2020-09-17,12920.15,12972.52,12851.52,12872.74,,,,
2020-09-18,12858.6,12927.81,12841.09,12875.62,,,,
2020-09-21,12874.61,12952.31,12795.09,12795.12,,,,
2020-09-22,12786.91,12786.91,12632.74,12645.51,,,,
2020-09-23,12656.3,12700.89,12548.07,12583.88,,,,
2020-09-24,12487.48,12487.48,12264.38,12264.38,,,,
2020-09-25,12312.94,12385.81,12149.81,12232.91,,,,
2020-09-28,12282.36,12462.76,12282.36,12462.76,,,,
2020-09-29,12488.1,12571.34,12429.72,12467.73,,,,
2020-09-30,12483.65,12568.68,12466.58,12515.61,,,,
2020-10-05,12567.88,12637.62,12519.12,12548.28,,,,
2020-10-06,12644.09,12706.39,12644.09,12704.23,,,,
2020-10-07,12667.51,12774.36,12619.81,12746.37,,,,
2020-10-08,12832.54,12887.19,12818.01,12887.19,,,,
2020-10-12,12959.15,12997.79,12898.89,12955.91,,,,
2020-10-13,12988.44,12994.66,12857.1,12947.13,,,,
2020-10-14,12927.09,12960,12895.79,12919.31,,,,
2020-10-15,12892.29,12909.11,12786.26,12827.82,,,,
2020-10-16,12814.16,12896.3,12750.37,12750.37,,,,
2020-10-19,12803.32,12911.41,12803.32,12908.34,,,,
2020-10-20,12889.99,12917.75,12862.37,12862.37,,,,
2020-10-21,12889.88,12942.12,12846.42,12877.25,,,,
2020-10-22,12854.97,12917.03,12827.4,12917.03,,,,
2020-10-23,12945.12,12963.26,12875.23,12898.82,,,,
2020-10-26,12923.55,12971.58,12894.18,12909.03,,,,
2020-10-27,12867.77,12884.32,12821.07,12875.01,,,,
2020-10-28,12853.76,12879.98,12761.33,12793.75,,,,
2020-10-29,12687.64,12699.82,12583.37,12662.91,,,,
2020-10-30,12651.35,12656.29,12546.34,12546.34,,,,
2020-11-02,12565.32,12594.34,12480.66,12591.31,,,,
2020-11-03,12641.28,12760.14,12641.28,12736.01,,,,
2020-11-04,12766.86,12885.28,12736.02,12867.9,,,,
2020-11-05,12878.01,12918.8,12840.4,12918.8,,,,
2020-11-06,12952.49,12999.16,12927.3,12973.53,,,,
2020-11-09,13053.98,13149.9,13048.67,13127.47,,,,
2020-11-10,13090.65,13142.22,13022.92,13081.72,,,,
2020-11-11,13067.04,13262.19,13067.04,13262.19,,,,
2020-11-12,13324.86,13324.86,13193.74,13221.78,,,,
2020-11-13,13221.8,13273.33,13170.12,13273.33,,,,
2020-11-16,13356.74,13551.83,13356.74,13551.83,,,,
2020-11-17,13723.77,13780.12,13593.01,13593.01,,,,
2020-11-18,13628.42,13773.29,13608.72,13773.29,,,,
2020-11-19,13775.26,13785.92,13700.04,13722.43,,,,
2020-11-20,13702.59,13726.22,13666.07,13716.44,,,,
2020-11-23,13793.55,13921.16,13793.55,13878.01,,,,
2020-11-24,13918.84,13951.17,13798.32,13807.13,,,,
2020-11-25,13860.95,13893.2,13731.81,13738.83,,,,
2020-11-26,13763.79,13856.76,13763.79,13845.66,,,,
2020-11-27,13833.21,13885.01,13811.81,13867.09,,,,
2020-11-30,13917.65,13969.39,13722.89,13722.89,,,,
2020-12-01,13810.55,13885.67,13749.71,13885.67,,,,
2020-12-02,13970.51,13995.7,13894.7,13989.14,,,,
2020-12-03,13988.49,14049.58,13940.07,13977.09,,,,
2020-12-04,14010.17,14149.56,14010.17,14132.44,,,,
2020-12-07,14230,14306.87,14142.02,14256.6,,,,
2020-12-08,14251.94,14367,14184.58,14360.4,,,,
2020-12-09,14336.69,14427.41,14336.69,14390.14,,,,
2020-12-10,14295.15,14319.38,14191.85,14249.49,,,,
2020-12-11,14298.59,14353.17,14081.42,14261.69,,,,
2020-12-14,14238.92,14270.34,14182.25,14211.05,,,,
2020-12-15,14206.33,14256.55,14053.35,14068.52,,,,
2020-12-16,14145.24,14339.5,14145.24,14304.46,,,,
2020-12-17,14326.16,14338.4,14213.49,14258.93,,,,
2020-12-18,14268.13,14329.12,14245.6,14249.96,,,,
2020-12-21,14273.79,14384.96,14166.89,14384.96,,,,
2020-12-22,14348.11,14411.93,14175.69,14177.46,,,,
2020-12-23,14180.7,14247.79,14134.87,14223.09,,,,
2020-12-24,14256.29,14324.42,14256.29,14280.28,,,,
2020-12-25,14306.98,14400.83,14296.97,14331.42,,,,
2020-12-28,14363.45,14483.07,14363.45,14483.07,,,,
2020-12-29,14500.91,14547.07,14435.03,14472.05,,,,
2020-12-30,14485.97,14695.44,14476.69,14687.7,,,,
2020-12-31,14704.53,14760.06,14646.33,14732.53,,,,
2021-01-04,14720.25,14937.13,14720.25,14902.03,,,,
2021-01-05,14913.64,15000.03,14861.99,15000.03,,,,
2021-01-06,15145.85,15197.68,14837,14983.13,,,,
2021-01-07,15059.52,15270.4,15049.86,15214,,,,
2021-01-08,15365.13,15463.95,15275.38,15463.95,,,,
2021-01-11,15425.58,15557.3,15395.73,15557.3,,,,
2021-01-12,15549.53,15642.03,15421.23,15500.7,,,,
2021-01-13,15550.16,15778.52,15550.16,15769.98,,,,
2021-01-14,15651.2,15760.15,15620.96,15707.19,,,,
2021-01-15,15987.16,16041.59,15615.11,15616.39,,,,
2021-01-18,15676.45,15676.45,15320.97,15612,,,,
2021-01-19,15716.64,15928.14,15716.64,15877.37,,,,
2021-01-20,15934.85,16004.32,15745.48,15806.18,,,,
2021-01-21,15775.73,16238.46,15775.73,16153.77,,,,
2021-01-22,15984.89,16138.04,15973.02,16019.03,,,,
2021-01-25,16006.21,16014.96,15772.63,15946.54,,,,
2021-01-26,15955.16,16023.87,15589.21,15658.85,,,,
2021-01-27,15711.76,15837.47,15642.12,15701.45,,,,
2021-01-28,15519.85,15557.02,15367.45,15415.88,,,,
2021-01-29,15544.36,15603.41,15138.31,15138.31,,,,
2021-02-01,15176.56,15429.98,15089.96,15410.09,,,,
2021-02-02,15546.69,15838.15,15546.69,15760.05,,,,
2021-02-03,15828.64,15896.4,15741.16,15771.32,,,,
2021-02-04,15697.75,15801.37,15606.74,15706.22,,,,
2021-02-05,15805.76,15938.09,15774.34,15802.4,,,,
2021-02-17,16197.45,16406.78,16197.45,16362.29,,,,
2021-02-18,16366.23,16517.73,16323.22,16424.51,,,,
2021-02-19,16376.91,16382.7,16211.25,16341.38,,,,
2021-02-22,16445.87,16579.17,16410.16,16410.16,,,,
2021-02-23,16320.88,16467.75,16211.75,16443.4,,,,
2021-02-24,16329.54,16456.94,16212.53,16212.53,,,,
2021-02-25,16376.8,16474.05,16322.27,16452.18,,,,
2021-02-26,16190.04,16190.04,15953.8,15953.8,,,,
2021-03-02,16127.87,16262.91,15946.88,15946.88,,,,
2021-03-03,15992.32,16211.73,15884.55,16211.73,,,,
2021-03-04,16091.75,16091.75,15840.99,15906.41,,,,
2021-03-05,15759.58,15934.43,15636.43,15855.23,,,,
2021-03-08,15943.37,16074.97,15816.5,15820.11,,,,
2021-03-09,15715.07,15864.26,15657.92,15853.09,,,,
2021-03-10,15921.45,15986.07,15857.32,15911.67,,,,
2021-03-11,15947.21,16216.22,15947.21,16179.56,,,,
2021-03-12,16241.55,16298.03,16166.35,16255.18,,,,
2021-03-15,16256.58,16281.91,16194.91,16249.33,,,,
2021-03-16,16253.93,16340.66,16244.99,16313.16,,,,
2021-03-17,16312.98,16349.21,16166.35,16215.82,,,,
2021-03-18,16264.61,16410.02,16264.61,16287.84,,,,
2021-03-19,16186.46,16186.46,16022.17,16070.24,,,,
2021-03-22,16065.5,16235.63,15983.77,16189.22,,,,
2021-03-23,16250.2,16351.38,16166.29,16177.59,,,,
2021-03-24,15994.96,16125.54,15967.95,16032.12,,,,
2021-03-25,16010.54,16146.58,15944.96,16060.14,,,,
2021-03-26,16140.37,16325.62,16140.37,16305.88,,,,
2021-03-29,16411.67,16520.89,16411.67,16475.97,,,,
2021-03-30,16490.31,16556.19,16438.4,16554.9,,,,
2021-03-31,16529.23,16550.2,16427.2,16431.13,,,,
2021-04-01,16538.28,16602.47,16496.16,16571.28,,,,
2021-04-06,16711.79,16804.45,16711.79,16739.87,,,,
2021-04-07,16771.35,16816.34,16715.32,16815.36,,,,
2021-04-08,16786.56,16926.72,16735.78,16926.44,,,,
2021-04-09,16974.28,17016.13,16815.59,16854.1,,,,
2021-04-12,16908.55,16979.35,16793.54,16859.7,,,,
2021-04-13,16872.4,17041.37,16802.22,16824.91,,,,
2021-04-14,16869.78,16935.39,16559.57,16865.97,,,,
2021-04-15,16851.06,17076.73,16851.06,17076.73,,,,
2021-04-16,17028.35,17158.81,16998.91,17158.81,,,,
2021-04-19,17141.25,17294.15,17135.52,17263.28,,,,
2021-04-20,17231.58,17323.87,17175.02,17323.87,,,,
2021-04-21,17282.76,17282.76,17167.39,17202.11,,,,
2021-04-22,17302.73,17428.15,17066.17,17096.97,,,,
2021-04-23,17117.49,17300.27,17055.48,17300.27,,,,
2021-04-26,17378.36,17572.29,17378.36,17572.29,,,,
2021-04-27,17586.02,17630.19,17489.71,17595.9,,,,
2021-04-28,17610.72,17628.81,17497.74,17567.53,,,,
2021-04-29,17646.93,17709.23,17548.3,17566.66,,,,
2021-05-03,17505.52,17546.94,17222.35,17222.35,,,,
2021-05-04,17249.56,17328.55,16647.61,16933.78,,,,
2021-05-05,16968.75,17052.2,16843.44,16843.44,,,,
2021-05-06,16925.52,17088.73,16764.71,16994.36,,,,
2021-05-07,17032.23,17285,17032.23,17285,,,,
2021-05-10,17274.23,17304.47,17188.15,17235.61,,,,
2021-05-11,17137.19,17137.19,16460.87,16583.13,,,,
2021-05-12,16515.88,16552.63,15165.27,15902.37,,,,
2021-05-13,15668.33,16031.93,15368.54,15670.1,,,,
2021-05-14,15819.24,16075.48,15702.1,15827.09,,,,
2021-05-17,15554.99,15719.74,15159.86,15353.89,,,,
2021-05-18,15564.96,16153.77,15564.96,16145.98,,,,
2021-05-19,16112.21,16273.98,16009.76,16132.66,,,,
2021-05-20,16122.52,16154.08,15943.45,16042.36,,,,
2021-05-21,16136.86,16431.14,16136.86,16302.06,,,,
2021-05-24,16246.52,16397.59,16136.97,16338.29,,,,
2021-05-25,16444.75,16657.6,16444.75,16595.67,,,,
2021-05-26,16645.17,16706.29,16523.23,16643.69,,,,
2021-05-27,16591.7,16601.61,16419.42,16601.61,,,,
2021-05-28,16690.04,16889.01,16690.04,16870.86,,,,
2021-05-31,16948.47,17113.33,16939.91,17068.43,,,,
2021-06-01,17098.49,17184.3,17060.45,17162.38,,,,
2021-06-02,17192.91,17274.66,17056.42,17165.04,,,,
2021-06-03,17201.3,17311.28,17198.89,17246.16,,,,
2021-06-04,17225.06,17225.06,17084.49,17147.41,,,,
2021-06-07,17176.09,17189.23,16775.85,17083.91,,,,
2021-06-08,17094.34,17181.52,17056.53,17076.21,,,,
2021-06-09,17082.52,17082.52,16907.43,16966.22,,,,
2021-06-10,17024.54,17159.22,16978.01,17159.22,,,,
2021-06-11,17200.45,17278.55,17193.61,17213.52,,,,
2021-06-15,17279.7,17371.29,17279.7,17371.29,,,,
2021-06-16,17357.37,17398.22,17275.02,17307.86,,,,
2021-06-17,17254.84,17390.61,17150.52,17390.61,,,,
2021-06-18,17384.74,17417.5,17318.54,17318.54,,,,
2021-06-21,17305.49,17305.49,17023.31,17062.98,,,,
2021-06-22,17162.71,17270.47,17075.55,17075.55,,,,
2021-06-23,17127.59,17375.79,17127.59,17336.71,,,,
2021-06-24,17358.57,17439.63,17319.89,17407.96,,,,
2021-06-25,17471.07,17597.33,17471.07,17502.99,,,,
2021-06-28,17531.82,17595.51,17481.23,17590.97,,,,
2021-06-29,17621.15,17713.24,17541.14,17598.19,,,,
2021-06-30,17648.25,17797.27,17648.25,17755.46,,,,
2021-07-01,17801.19,17863.9,17644.36,17713.94,,,,
2021-07-02,17745.69,17795.88,17676.98,17710.15,,,,
2021-07-05,17783.8,17945.52,17783.8,17919.33,,,,
2021-07-06,17929.22,18008.37,17895.78,17913.07,,,,
2021-07-07,17901.25,17933.62,17756.82,17850.69,,,,
2021-07-08,17880.9,17935.11,17742.08,17866.09,,,,
2021-07-09,17778.12,17778.12,17597.46,17661.48,,,,
2021-07-12,17843.3,17947.9,17759.9,17814.33,,,,
2021-07-13,17931.47,18018.04,17786.76,17847.52,,,,
2021-07-14,17892.51,17940.86,17716.44,17845.75,,,,
2021-07-15,17878.78,18034.19,17878.78,18034.19,,,,
2021-07-16,17839.58,17926.38,17779.61,17895.25,,,,
2021-07-19,17854.35,17854.35,17708.15,17789.25,,,,
2021-07-20,17724.92,17724.92,17500.69,17528.74,,,,
2021-07-21,17593.6,17707.56,17352.24,17458.79,,,,
2021-07-22,17482.81,17667.38,17482.81,17572.33,,,,
2021-07-23,17603.95,17672.6,17511.86,17572.92,,,,
2021-07-26,17554.93,17637.36,17403.56,17403.56,,,,
2021-07-27,17394.77,17459.35,17264.5,17269.87,,,,
2021-07-28,17252.87,17252.87,16893.7,17135.22,,,,
2021-07-29,17216.58,17402.81,17190.48,17402.81,,,,
2021-07-30,17414.77,17429.01,17237.67,17247.41,,,,
2021-08-02,17256.61,17503.28,17231.22,17503.28,,,,
2021-08-03,17489.12,17553.76,17456.2,17553.76,,,,
2021-08-04,17588.64,17636.11,17557.18,17623.89,,,,
2021-08-05,17624.82,17643.97,17566.72,17603.12,,,,
2021-08-06,17593.85,17593.85,17469.68,17526.28,,,,
2021-08-09,17505.01,17510.09,17350.15,17485.15,,,,
2021-08-10,17492.45,17524.91,17305.06,17323.64,,,,
2021-08-11,17308.62,17327.2,17090.25,17227.18,,,,
2021-08-12,17221.35,17233.11,17139.21,17219.94,,,,
2021-08-13,17216.34,17216.34,16978.11,16982.11,,,,
2021-08-16,16941.33,16983.59,16773.57,16858.77,,,,
2021-08-17,16841.62,16870.55,16657.63,16661.36,,,,
2021-08-18,16630.99,16826.27,16418.54,16826.27,,,,
2021-08-19,16777.78,16777.78,16375.4,16375.4,,,,
2021-08-20,16426.98,16507.11,16248.08,16341.94,,,,
2021-08-23,16459.13,16785.29,16459.13,16741.84,,,,
2021-08-24,16830.63,16904.3,16779.9,16818.73,,,,
2021-08-25,16821.08,17045.86,16821.08,17045.86,,,,
2021-08-26,17177.39,17201.42,16984.69,17066.96,,,,
2021-08-27,17061.1,17229.89,17000.26,17209.93,,,,
2021-08-30,17244.62,17396.52,17244.62,17396.52,,,,
2021-08-31,17384.61,17490.29,17207.57,17490.29,,,,
2021-09-01,17463.8,17503.93,17415.52,17473.99,,,,
2021-09-02,17455.92,17523.16,17319.76,17319.76,,,,
2021-09-03,17380.52,17540.78,17380.52,17516.92,,,,
2021-09-06,17534.05,17633.67,17461.07,17495.3,,,,
2021-09-07,17534.38,17559.21,17388.37,17428.87,,,,
2021-09-08,17411.53,17447.58,17167.08,17270.49,,,,
2021-09-09,17175.04,17319.09,17122.95,17304.33,,,,
2021-09-10,17270.28,17474.57,17270.28,17474.57,,,,
2021-09-13,17452.16,17482.57,17387.57,17446.31,,,,
2021-09-14,17463.78,17529.47,17424.54,17434.9,,,,
2021-09-15,17434.02,17439.75,17316.52,17354,,,,
2021-09-16,17332.34,17411.37,17254.1,17278.7,,,,
2021-09-17,17279.29,17408.71,17235.45,17276.79,,,,
2021-09-22,17196.79,17196.79,16838.58,16925.82,,,,
2021-09-23,16998.07,17145.25,16998.07,17078.22,,,,
2021-09-24,17130.74,17273.59,17130.74,17260.19,,,,
2021-09-27,17278.11,17335.99,17235.68,17313.77,,,,
2021-09-28,17286.89,17286.89,17113.47,17181.44,,,,
2021-09-29,17127.86,17127.86,16801.78,16855.46,,,,
2021-09-30,16886.57,16994.21,16767.2,16934.77,,,,
2021-10-01,16883,16883,16503.74,16570.89,,,,
2021-10-04,16600.52,16680.29,16380.06,16408.35,,,,
2021-10-05,16362.27,16460.75,16162.17,16460.75,,,,
2021-10-06,16488.21,16568.21,16303.63,16393.16,,,,
2021-10-07,16465.57,16731.58,16465.57,16713.86,,,,
2021-10-08,16742.35,16771.71,16605.49,16640.43,,,,
2021-10-12,16589.72,16589.72,16349.49,16462.84,,,,
2021-10-13,16480.98,16543.33,16328.47,16347.99,,,,
2021-10-14,16392.51,16519.96,16347.88,16387.28,,,,
2021-10-15,16426.76,16781.19,16426.76,16781.19,,,,
2021-10-18,16816.94,16862.03,16695.89,16705.46,,,,
2021-10-19,16791.12,16916.72,16772.15,16900.67,,,,
2021-10-20,16936.2,16973.86,16855.81,16887.82,,,,
2021-10-21,16904.46,17026.89,16873.99,16889.51,,,,
2021-10-22,16900.32,16932.89,16800.49,16888.74,,,,
2021-10-25,16879.34,16930.98,16784.11,16894.24,,,,
2021-10-26,16909.32,17067.15,16909.32,17034.34,,,,
2021-10-27,17037.37,17079.6,16973.16,17074.55,,,,
2021-10-28,17081.17,17104.86,16994.37,17041.63,,,,
2021-10-29,17058.04,17073.97,16920.68,16987.41,,,,
2021-11-01,17021.77,17119.43,17021.77,17068.24,,,,
2021-11-02,17094.42,17237.09,17026.63,17065.97,,,,
2021-11-03,17087.89,17153.76,17080.51,17122.16,,,,
2021-11-04,17158.28,17219.65,17061.46,17078.86,,,,
2021-11-05,17097.16,17296.9,17097.16,17296.9,,,,
2021-11-08,17323.39,17415.3,17279.46,17415.3,,,,
2021-11-09,17433.1,17581.52,17433.1,17541.36,,,,
2021-11-10,17549.09,17575.44,17489.87,17559.65,,,,
2021-11-11,17527.18,17527.18,17403.48,17452.52,,,,
2021-11-12,17479.55,17602.05,17479.55,17518.13,,,,
2021-11-15,17560.52,17683.19,17560.52,17634.47,,,,
2021-11-16,17639.96,17708.1,17629.8,17693.13,,,,
2021-11-17,17705.29,17764.04,17669.58,17764.04,,,,
2021-11-18,17767.06,17841.37,17748.21,17841.37,,,,
2021-11-19,17864.19,17986.18,17786.05,17818.31,,,,
2021-11-22,17828.53,17857.73,17790.64,17803.54,,,,
2021-11-23,17797.9,17797.9,17650.07,17666.12,,,,
2021-11-24,17680.16,17722.89,17588.78,17642.52,,,,
2021-11-25,17686.12,17724.5,17609.51,17654.19,,,,
2021-11-26,17641.79,17641.79,17330.44,17369.39,,,,
2021-11-29,17320.01,17415.63,17167.24,17328.09,,,,
2021-11-30,17369.79,17535.23,17369.79,17427.76,,,,
2021-12-01,17428.61,17626.21,17374.59,17585.99,,,,
2021-12-02,17575.91,17741.55,17559.44,17724.88,,,,
2021-12-03,17720.93,17781.14,17670.32,17697.14,,,,
2021-12-06,17650.67,17763.42,17585.95,17688.21,,,,
2021-12-07,17734.19,17796.92,17642.32,17796.92,,,,
2021-12-08,17845.06,17988.88,17832.42,17832.42,,,,
2021-12-09,17880.41,17925.12,17807.12,17914.12,,,,
2021-12-10,17893.29,17893.29,17767.8,17826.26,,,,
2021-12-13,17841.03,17919.35,17767.6,17767.6,,,,
2021-12-14,17754.38,17754.38,17566.99,17599.37,,,,
2021-12-15,17592.87,17678.78,17556.87,17660.1,,,,
2021-12-16,17719.06,17814.32,17719.06,17785.74,,,,
2021-12-17,17744.54,17822.74,17718.27,17812.59,,,,
2021-12-20,17812.81,17812.81,17646.39,17669.11,,,,
2021-12-21,17686.84,17825.89,17652.32,17789.27,,,,
2021-12-22,17805.74,17870.16,17799.72,17826.83,,,,
2021-12-23,17855.78,17960.99,17855.78,17946.66,,,,
2021-12-24,17966.35,18039.85,17953.57,17961.64,,,,
2021-12-27,17975.41,18099.78,17975.41,18048.94,,,,
2021-12-28,18099.71,18197.36,18099.71,18196.81,,,,
2021-12-29,18209.14,18283.25,18192.86,18248.28,,,,
2021-12-30,18270,18291.25,18216.45,18218.84,,,,
2022-01-03,18260.23,18379.69,18238.47,18270.51,,,,
2022-01-04,18395.14,18526.35,18395.14,18526.35,,,,
2022-01-05,18598.13,18619.61,18446.52,18499.96,,,,
2022-01-06,18395.72,18427.15,18253.82,18367.92,,,,
2022-01-07,18388.16,18444.12,18134.41,18169.76,,,,
2022-01-10,18095.39,18243.26,18043.97,18239.38,,,,
2022-01-11,18266.54,18293.53,18135.43,18288.21,,,,
2022-01-12,18348.39,18394.7,18255.38,18375.4,,,,
2022-01-13,18356.21,18459.73,18346.81,18436.93,,,,
2022-01-14,18509,18509,18213.44,18403.33,,,,
2022-01-17,18512.15,18535.42,18435.02,18525.44,,,,
2022-01-18,18492.81,18575.41,18378.64,18378.64,,,,
2022-01-19,18275.18,18359.14,18199.35,18227.46,,,,
2022-01-20,18212.26,18292.14,18125.2,18218.28,,,,
2022-01-21,18113.94,18113.94,17851.39,17899.3,,,,
2022-01-24,17843.33,18004.45,17682.33,17989.04,,,,
2022-01-25,17890.71,17890.71,17645.66,17701.12,,,,
2022-01-26,17657.97,17776.42,17633.03,17674.4,,,,
2022-02-07,17750.7,17900.3,17712.35,17900.3,,,,
2022-02-08,17955.95,18063.55,17955.95,17966.56,,,,
2022-02-09,18060.33,18168.6,18039.23,18151.76,,,,
2022-02-10,18217.29,18338.05,18145.04,18338.05,,,,
2022-02-11,18258.81,18310.94,18191.75,18310.94,,,,
2022-02-14,18182.73,18182.73,17965.22,17997.67,,,,
2022-02-15,17978.44,18085.91,17942.68,17951.81,,,,
2022-02-16,18109.17,18233.79,18109.17,18231.47,,,,
2022-02-17,18213.3,18330.63,18190.24,18268.57,,,,
2022-02-18,18250.37,18262.96,18098.52,18232.35,,,,
2022-02-21,18196.4,18253.1,18129.65,18221.49,,,,
2022-02-22,18159.51,18159.51,17840.38,17969.29,,,,
2022-02-23,17954.75,18109.28,17954.75,18055.73,,,,
2022-02-24,17939.53,17939.53,17561.07,17594.55,,,,
2022-02-25,17617.36,17737.32,17554.97,17652.18,,,,
2022-03-01,17657.5,17944.5,17657.5,17898.25,,,,
2022-03-02,17864.11,17918.98,17784.64,17867.6,,,,
2022-03-03,17932.15,18026.03,17906.24,17934.4,,,,
2022-03-04,17845.01,17845.01,17710.54,17736.52,,,,
2022-03-07,17581.57,17581.57,17135.68,17178.69,,,,
2022-03-08,17000,17113.67,16764.78,16825.25,,,,
2022-03-09,16944.08,17072.74,16944.08,17015.36,,,,
2022-03-10,17224.73,17478.43,17224.73,17433.2,,,,
2022-03-11,17373.82,17373.9,17239.9,17264.74,,,,
2022-03-14,17287.9,17363.04,17217.58,17263.04,,,,
2022-03-15,17177.27,17177.27,16911.95,16926.06,,,,
2022-03-16,17007.58,17085.77,16808.43,16940.83,,,,
2022-03-17,17172.81,17472.95,17172.81,17448.22,,,,
2022-03-18,17439.91,17472.38,17359.5,17456.52,,,,
2022-03-21,17503.95,17603.99,17503.95,17560.36,,,,
2022-03-22,17512.41,17573.29,17468.55,17559.71,,,,
2022-03-23,17581.62,17738.69,17581.62,17731.37,,,,
2022-03-24,17711.17,17711.17,17603.22,17699.06,,,,
2022-03-25,17695.8,17747.13,17633.86,17676.95,,,,
2022-03-28,17510.15,17527.15,17368.66,17520.01,,,,
2022-03-29,17568.32,17585.91,17493.01,17548.66,,,,
2022-03-30,17572.9,17770.07,17572.9,17740.56,,,,
2022-03-31,17754.1,17767.81,17682.53,17693.47,,,,
2022-04-01,17657.76,17657.76,17465.61,17625.59,,,,
2022-04-06,17484.19,17528.99,17381.07,17522.5,,,,
2022-04-07,17430.13,17438.6,17178.63,17178.63,,,,
2022-04-08,17210.4,17316.69,17210.4,17284.54,,,,
2022-04-11,17273.05,17316.35,17046.67,17048.37,,,,
2022-04-12,17005.84,17100.85,16905.13,16990.91,,,,
2022-04-13,17080.4,17333.21,17080.4,17301.65,,,,
2022-04-14,17353.25,17374.14,17245.65,17245.65,,,,
2022-04-15,17139.34,17141.33,17004.18,17004.18,,,,
2022-04-18,16958.66,16999.36,16845.51,16898.87,,,,
2022-04-19,16926.34,17106.26,16926.34,16993.4,,,,
2022-04-20,17057.13,17148.88,16983.55,17148.88,,,,
2022-04-21,17159.88,17213.66,17106.37,17127.95,,,,
2022-04-22,17088.76,17088.76,16923.87,17025.09,,,,
2022-04-25,16912.3,16912.3,16579.89,16620.9,,,,
2022-04-26,16682.78,16729.47,16582.58,16644.79,,,,
2022-04-27,16427.32,16427.32,16219.41,16303.35,,,,
2022-04-28,16350.72,16455.57,16256.88,16419.38,,,,
2022-04-29,16599.84,16663.66,16521.94,16592.18,,,,
2022-05-03,16593.21,16604.87,16465.99,16498.9,,,,
2022-05-04,16531.37,16617.06,16514.3,16565.83,,,,
2022-05-05,16689.98,16783.78,16650.81,16696.12,,,,
2022-05-06,16491.11,16491.11,16312.17,16408.2,,,,
2022-05-09,16345.84,16345.84,16048.92,16048.92,,,,
2022-05-10,15891.4,16071.5,15734.44,16061.7,,,,
2022-05-11,16053.75,16081.15,15953.27,16006.25,,,,
2022-05-12,15943.62,15943.62,15616.68,15616.68,,,,
2022-05-13,15687.15,15860.69,15687.15,15832.54,,,,
2022-05-16,15943.69,16032.85,15847.46,15901.04,,,,
2022-05-17,15915.93,16085.85,15915.93,16056.09,,,,
2022-05-18,16174.78,16316.58,16172.8,16296.86,,,,
2022-05-19,16111.49,16111.49,15892.73,16020.32,,,,
2022-05-20,16061.92,16181.66,16058.2,16144.85,,,,
2022-05-23,16193.92,16249.45,16125.45,16156.41,,,,
2022-05-24,16166.57,16219.8,15963.63,15963.63,,,,
2022-05-25,15987.74,16169.18,15980.9,16104.03,,,,
2022-05-26,16128.21,16179.01,15949.61,15968.83,,,,
2022-05-27,16075.91,16266.22,16075.91,16266.22,,,,
2022-05-30,16368.93,16610.62,16368.93,16610.62,,,,
2022-05-31,16561.68,16807.77,16493.07,16807.77,,,,
2022-06-01,16718.91,16811.04,16649.91,16675.09,,,,
2022-06-02,16605.46,16617.26,16540.55,16552.57,,,,
2022-06-06,16570.89,16654.12,16509.01,16605.96,,,,
2022-06-07,16593.75,16593.75,16465.87,16512.88,,,,
2022-06-08,16538.67,16702.99,16538.67,16670.51,,,,
2022-06-09,16643.95,16643.95,16557.54,16621.34,,,,
2022-06-10,16581.81,16581.81,16403.33,16460.12,,,,
2022-06-13,16295.07,16295.07,16055.89,16070.98,,,,
2022-06-14,15975.17,16067.8,15869.06,16047.37,,,,
2022-06-15,16025.84,16106.75,15981.56,15999.25,,,,
2022-06-16,16098.29,16209.25,15838.29,15838.61,,,,
2022-06-17,15794.16,15794.16,15573.38,15641.26,,,,
2022-06-20,15649.2,15667.68,15367.58,15367.58,,,,
2022-06-21,15427.33,15728.64,15427.33,15728.64,,,,
2022-06-22,15687.46,15687.46,15346.95,15347.75,,,,
2022-06-23,15305.51,15380.28,15102.4,15176.44,,,,
2022-06-24,15232.34,15424.37,15232.34,15303.32,,,,
2022-06-27,15409.08,15656.35,15409.08,15548.01,,,,
2022-06-28,15519.56,15533.34,15375.65,15439.92,,,,
2022-06-29,15365.54,15365.54,15218.07,15240.13,,,,
2022-06-30,15146.92,15147.77,14825.73,14825.73,,,,
2022-07-01,14812.13,14812.13,14336.03,14343.08,,,,
2022-07-04,14237.83,14412.47,14167.1,14217.06,,,,
2022-07-05,14345.54,14488.8,14100.89,14349.2,,,,
2022-07-06,14289.67,14319.32,13985.51,13985.51,,,,
2022-07-07,14052.18,14355.15,13951.81,14336.27,,,,
2022-07-08,14462.5,14552.42,14373.84,14464.53,,,,
2022-07-11,14478.31,14525.03,14313.94,14340.53,,,,
2022-07-12,14235.63,14235.63,13928.66,13950.62,,,,
2022-07-13,14194.94,14403.51,14194.94,14324.68,,,,
2022-07-14,14252.02,14450.47,14159.39,14438.52,,,,
2022-07-15,14483.96,14579.73,14378.33,14550.62,,,,
2022-07-18,14589.1,14719.64,14589.1,14719.64,,,,
2022-07-19,14638.45,14720.13,14598.99,14694.08,,,,
2022-07-20,14810.4,14906.95,14694.2,14733.22,,,,
2022-07-21,14744.17,14937.7,14716.02,14937.7,,,,
2022-07-22,14953.27,14996.24,14902.32,14949.36,,,,
2022-07-25,14902.25,14968.23,14851.37,14936.33,,,,
2022-07-26,14912.41,14912.41,14750.71,14806.78,,,,
2022-07-27,14791.71,14921.59,14717.02,14921.59,,,,
2022-07-28,14978.95,15031.99,14849.94,14891.9,,,,
2022-07-29,14950.18,15035.27,14929.49,15000.07,,,,
2022-08-01,14982.27,14994.36,14886.81,14981.69,,,,
2022-08-02,14860.94,14860.94,14663.46,14747.23,,,,
2022-08-03,14757.51,14777.02,14673.35,14777.02,,,,
2022-08-04,14741.47,14766.57,14545.69,14702.2,,,,
2022-08-05,14802.34,15041.41,14802.34,15036.04,,,,
2022-08-08,14972.21,15034.87,14908.17,15020.41,,,,
2022-08-09,14965.12,15077.63,14905.23,15050.28,,,,
2022-08-10,14940.76,14982.33,14890.55,14939.02,,,,
2022-08-11,15087.59,15204.79,15087.59,15197.85,,,,
2022-08-12,15203.91,15298.42,15198.93,15288.97,,,,
2022-08-15,15332.92,15437.23,15315.12,15417.35,,,,
2022-08-16,15435.04,15451.83,15392.49,15420.57,,,,
2022-08-17,15423.44,15475.89,15390.84,15465.45,,,,
2022-08-18,15384.73,15396.76,15311.22,15396.76,,,,
2022-08-19,15394.36,15458.45,15346.26,15408.78,,,,
2022-08-22,15375.2,15375.2,15229.36,15245.14,,,,
2022-08-23,15225.17,15225.17,15086.43,15095.89,,,,
2022-08-24,15112.15,15183.96,15053.52,15069.19,,,,
2022-08-25,15105.31,15244.06,15105.31,15200.04,,,,
2022-08-26,15221.5,15337.25,15221.5,15278.44,,,,
2022-08-29,15197.19,15197.19,14843.72,14926.19,,,,
2022-08-30,14919.67,15027.5,14911.97,14953.63,,,,
2022-08-31,14912.12,15095.44,14874.33,15095.44,,,,
2022-09-01,14981,14981,14773.19,14801.86,,,,
2022-09-02,14790.28,14817.4,14673.04,14673.04,,,,
2022-09-05,14670.18,14753.03,14632.79,14661.1,,,,
2022-09-06,14705.16,14789.31,14623.22,14677.2,,,,
2022-09-07,14557.86,14557.86,14397.12,14410.05,,,,
2022-09-08,14447.09,14583.42,14447.09,14583.42,,,,
2022-09-12,14711.34,14856.23,14711.34,14807.43,,,,
2022-09-13,14895.87,14949.56,14856.98,14894.41,,,,
2022-09-14,14695.19,14699.78,14522.7,14658.31,,,,
2022-09-15,14647,14750.28,14624.55,14670.04,,,,
2022-09-16,14602.16,14602.16,14521.65,14561.76,,,,
2022-09-19,14567.27,14585.06,14424.33,14425.68,,,,
2022-09-20,14474.95,14558.72,14461.39,14549.3,,,,
2022-09-21,14517.34,14525.46,14384.11,14424.52,,,,
2022-09-22,14325.67,14325.67,14151.8,14284.63,,,,
2022-09-23,14231.03,14277.53,14109.71,14118.38,,,,
2022-09-26,13993.42,13993.42,13743.19,13778.19,,,,
2022-09-27,13812.99,13862.84,13732.32,13826.59,,,,
2022-09-28,13816.7,13854.09,13466.07,13466.07,,,,
2022-09-29,13550.7,13651.29,13462.57,13534.26,,,,
2022-09-30,13409.65,13466.82,13274.72,13424.58,,,,
2022-10-03,13359.26,13440.23,13273.48,13300.48,,,,
2022-10-04,13447.36,13586.96,13447.36,13576.52,,,,
2022-10-05,13727.3,13902.02,13727.3,13801.43,,,,
2022-10-06,13865.45,13899.23,13814.33,13892.05,,,,
2022-10-07,13847.52,13847.52,13684.21,13702.28,,,,
2022-10-11,13394.12,13394.12,13106.03,13106.03,,,,
2022-10-12,13076.91,13130.73,12991.59,13081.24,,,,
2022-10-13,13108.4,13111.39,12809.43,12810.73,,,,
2022-10-14,13023.71,13221.87,13023.71,13128.12,,,,
2022-10-17,12988.83,12988.83,12814.82,12966.05,,,,
2022-10-18,13075.05,13143.15,12978.13,13124.68,,,,
2022-10-19,13096.35,13155.62,12976.76,12976.76,,,,
2022-10-20,12912.93,12946.1,12698.91,12946.1,,,,
2022-10-21,12931.2,12954.02,12813.6,12819.2,,,,
2022-10-24,12913.58,13027.84,12856.77,12856.98,,,,
2022-10-25,12830.29,12843.31,12629.48,12666.12,,,,
2022-10-26,12666.42,12791.97,12635.52,12729.05,,,,
2022-10-27,12807.69,12954.32,12807.69,12926.37,,,,
2022-10-28,12874.83,12891.38,12723.98,12788.42,,,,
2022-10-31,12862.37,12977.61,12826.34,12949.75,,,,
2022-11-01,12933.12,13062.9,12907.61,13037.21,,,,
2022-11-02,13033.15,13100.17,13014.04,13100.17,,,,
2022-11-03,12985.55,12991.37,12905.35,12986.6,,,,
2022-11-04,12941.78,13029.94,12868.25,13026.71,,,,
2022-11-07,13109.35,13246.59,13103.35,13223.73,,,,
2022-11-08,13274.91,13389.25,13274.91,13347.76,,,,
2022-11-09,13410.19,13638.81,13410.19,13638.81,,,,
2022-11-10,13556.51,13559.4,13463.85,13503.76,,,,
2022-11-11,13878.95,14045.51,13878.95,14007.56,,,,
2022-11-14,14080.91,14217.3,14076.94,14174.9,,,,
2022-11-15,14325.49,14568.51,14278.53,14546.31,,,,
2022-11-16,14637.85,14657.66,14481.06,14537.35,,,,
2022-11-17,14489.41,14545.89,14383.55,14535.23,,,,
2022-11-18,14584.31,14669.98,14470.48,14504.99,,,,
2022-11-21,14514.71,14530.76,14421.65,14449.39,,,,
2022-11-22,14404.08,14542.79,14371.09,14542.2,,,,
2022-11-23,14595.5,14647.98,14573.41,14608.54,,,,
2022-11-24,14649.8,14784,14649.8,14784,,,,
2022-11-25,14764.94,14835.66,14756.01,14778.51,,,,
2022-11-28,14636.9,14638.19,14503.12,14556.87,,,,
2022-11-29,14503.79,14716.58,14449.05,14709.64,,,,
2022-11-30,14678.23,14879.55,14678.23,14879.55,,,,
2022-12-01,15059.92,15152.38,14998.03,15012.8,,,,
2022-12-02,14933.2,15021.73,14921.06,14970.68,,,,
2022-12-05,14972.17,15088.06,14969.97,14980.74,,,,
2022-12-06,14955.29,14957.82,14728.88,14728.88,,,,
2022-12-07,14708.08,14823.15,14630.01,14630.01,,,,
2022-12-08,14631.21,14634.16,14464.2,14553.04,,,,
2022-12-09,14620.27,14742.79,14620.27,14705.43,,,,
2022-12-12,14658.46,14658.46,14538.66,14612.59,,,,
2022-12-13,14617.86,14658.7,14515.74,14522.96,,,,
2022-12-14,14557.56,14739.36,14557.56,14739.36,,,,
2022-12-15,14692.92,14756.38,14649.54,14734.13,,,,
2022-12-16,14554.21,14568.31,14447.77,14528.55,,,,
2022-12-19,14478.45,14493.72,14411.81,14433.32,,,,
2022-12-20,14410.75,14451.91,14157.99,14170.03,,,,
2022-12-21,14205.06,14291.98,14197.86,14234.4,,,,
2022-12-22,14323.04,14442.94,14323.04,14442.94,,,,
2022-12-23,14318.12,14318.12,14192.98,14271.63,,,,
2022-12-26,14271.2,14301.11,14253.2,14285.13,,,,
2022-12-27,14310.19,14410.24,14310.19,14328.43,,,,
2022-12-28,14249.83,14249.83,14119.3,14173.1,,,,
2022-12-29,14097.51,14120.57,13981.63,14085.02,,,,
2022-12-30,14183.52,14248.9,14137.69,14137.69,,,,
2023-01-03,14108.16,14237.94,14001.97,14224.12,,,,
2023-01-04,14186.95,14257.45,14177.97,14199.13,,,,
2023-01-05,14285.12,14357.6,14270.93,14301.05,,,,
2023-01-06,14278.52,14384.92,14278.52,14373.34,,,,
2023-01-09,14504.47,14752.21,14504.47,14752.21,,,,
2023-01-10,14796.27,14816.13,14728.56,14802.96,,,,
2023-01-11,14822.86,14842.74,14734.44,14751.44,,,,
2023-01-12,14780.58,14813.31,14700.73,14731.64,,,,
2023-01-13,14923.05,14962.31,14822.15,14824.13,,,,
2023-01-16,14895.26,14960.92,14895.26,14927.01,,,,
2023-01-17,14922.34,14945.23,14884.78,14932.93,,,,
2023-01-30,15291.53,15493.82,15291.53,15493.82,,,,
2023-01-31,15419.21,15441.98,15265.2,15265.2,,,,
2023-02-01,15346.35,15420.13,15291.68,15420.13,,,,
2023-02-02,15508.83,15602.09,15496.52,15595.16,,,,
2023-02-03,15591.95,15617.73,15504.03,15602.66,,,,
2023-02-06,15514.8,15514.8,15392.82,15392.82,,,,
2023-02-07,15376.12,15462.1,15363.65,15400.91,,,,
2023-02-08,15538.71,15631.22,15520.05,15618.17,,,,
2023-02-09,15590,15617.34,15553.84,15598.71,,,,
2023-02-10,15627.33,15628.3,15546.11,15586.65,,,,
2023-02-13,15564.76,15569.99,15465.56,15544.28,,,,
2023-02-14,15584.74,15669.63,15584.74,15654.48,,,,
2023-02-15,15497.67,15553.68,15388.85,15432.89,,,,
2023-02-16,15474.46,15585.48,15474.46,15550.5,,,,
2023-02-17,15503.75,15503.75,15418.43,15479.7,,,,
2023-02-20,15452.01,15575.32,15436.66,15551.23,,,,
2023-02-21,15535.64,15567.74,15496.73,15563,,,,
2023-02-22,15541.17,15541.17,15345.93,15418.77,,,,
2023-02-23,15463.46,15657.63,15463.46,15615.41,,,,
2023-02-24,15669.88,15717.96,15503.79,15503.79,,,,
2023-03-01,15435.38,15617.03,15387.38,15598.49,,,,
2023-03-02,15580.28,15618.06,15492.37,15598.72,,,,
2023-03-03,15621.36,15713.42,15606.85,15608.42,,,,
2023-03-06,15675.28,15818.88,15675.28,15763.51,,,,
2023-03-07,15763.87,15879.16,15749.04,15857.89,,,,
2023-03-08,15819.18,15821.49,15740.98,15818.2,,,,
2023-03-09,15827.98,15878.75,15770.66,15770.66,,,,
2023-03-10,15729.29,15729.29,15488.71,15526.2,,,,
2023-03-13,15514.03,15571.17,15349.67,15560.49,,,,
2023-03-14,15517.74,15517.74,15348.12,15360.42,,,,
2023-03-15,15425.99,15526.73,15387.59,15387.59,,,,
2023-03-16,15334.25,15334.25,15186.74,15221.12,,,,
2023-03-17,15337.97,15452.96,15337.97,15452.96,,,,
2023-03-20,15454.75,15488.98,15399.07,15419.97,,,,
2023-03-21,15437.95,15547.97,15437.95,15513.45,,,,
2023-03-22,15535.17,15760.46,15535.17,15760.46,,,,
2023-03-23,15711.6,15882.75,15680.84,15863.95,,,,
2023-03-24,15869.84,15921.97,15845.99,15914.7,,,,
2023-03-27,15873.67,15902.06,15821.63,15830.31,,,,
2023-03-28,15790.7,15846.54,15685.59,15701.48,,,,
2023-03-29,15766.29,15811.2,15681.1,15769.76,,,,
2023-03-30,15824.65,15885.21,15791.75,15849.43,,,,
2023-03-31,15874.19,15951.8,15857.19,15868.06,,,,
2023-04-06,15838.07,15838.07,15733.29,15810.77,,,,
2023-04-07,15856.19,15877.99,15811.19,15836.5,,,,
2023-04-10,15850.94,15919.76,15850.94,15876.17,,,,
2023-04-11,15886.46,15945.63,15838.1,15913.88,,,,
2023-04-12,15914.15,15944.32,15867.02,15932.97,,,,
2023-04-13,15888.63,15913.2,15800.42,15804.76,,,,
2023-04-14,15854.25,15973.82,15854.25,15929.43,,,,
2023-04-17,15934.64,15963.55,15894.77,15963.55,,,,
2023-04-18,15967.89,15967.89,15851.71,15869.44,,,,
2023-04-19,15874.65,15915.39,15756.75,15770.47,,,,
2023-04-20,15771.45,15804.38,15686.54,15707.52,,,,
2023-04-21,15776.54,15802.93,15592.96,15602.99,,,,
2023-04-24,15555.1,15643.86,15529.39,15626.87,,,,
2023-04-25,15606.83,15639.49,15353.22,15370.73,,,,
2023-04-26,15352.03,15398.4,15284.46,15374.63,,,,
2023-04-27,15374.39,15455.88,15306.69,15411.49,,,,
2023-04-28,15477.34,15580.63,15477.34,15579.18,,,,
2023-05-02,15588.68,15651.23,15532.63,15636.48,,,,
2023-05-03,15629.51,15629.51,15530.79,15553.41,,,,
2023-05-04,15548.02,15622.41,15523.5,15609.03,,,,
2023-05-05,15627.93,15673.62,15578.67,15626.07,,,,
2023-05-08,15648.54,15757.8,15648.54,15699.57,,,,
2023-05-09,15702.26,15744.27,15635.9,15727.7,,,,
2023-05-10,15708.48,15711.39,15579.49,15641.76,,,,
2023-05-11,15666.49,15675.37,15501.58,15514.64,,,,
2023-05-12,15477.12,15545.99,15424.42,15502.36,,,,
2023-05-15,15489.18,15510.09,15434.52,15475.05,,,,
2023-05-16,15550.57,15723.95,15550.57,15673.9,,,,
2023-05-17,15702.74,15961.97,15698.63,15925.29,,,,
2023-05-18,16060.26,16128.72,16015.62,16101.88,,,,
2023-05-19,16146.29,16189.81,16099.9,16174.92,,,,
2023-05-22,16168.74,16202.92,16131.55,16180.89,,,,
2023-05-23,16186.15,16239.5,16121.45,16188.03,,,,
2023-05-24,16186.62,16186.62,16070.16,16159.32,,,,
2023-05-25,16163.95,16323.77,16163.95,16292,,,,
2023-05-26,16509.14,16537.79,16457.74,16505.05,,,,
2023-05-29,16610.86,16683.76,16597.38,16636.3,,,,
2023-05-30,16648.77,16681.19,16579.13,16622.74,,,,
2023-05-31,16593.53,16636.65,16491.9,16578.96,,,,
2023-06-01,16511,16555.5,16477.43,16512.65,,,,
2023-06-02,16525,16752.2,16525,16706.91,,,,
2023-06-05,16714.48,16781.19,16703.6,16714.43,,,,
2023-06-06,16712.98,16793.81,16699.83,16761.66,,,,
2023-06-07,16771.76,16922.48,16771.76,16922.48,,,,
2023-06-08,16864.18,16899.51,16694.21,16733.69,,,,
2023-06-09,16775.92,16895.99,16775.92,16886.4,,,,
2023-06-12,16899.49,16999.72,16899.49,16955.37,,,,
2023-06-13,17135.84,17254.96,17129.23,17216.6,,,,
2023-06-14,17190.7,17259.23,17182.18,17238.14,,,,
2023-06-15,17259.37,17346.32,17259.37,17334.98,,,,
2023-06-16,17342.86,17342.86,17250.79,17288.91,,,,
2023-06-19,17274.07,17306.81,17210.87,17274.56,,,,
2023-06-20,17233.8,17247.16,17121.59,17184.91,,,,
2023-06-21,17186.72,17246.77,17131.45,17202.4,,,,
2023-06-26,17182.48,17182.48,17011.28,17059.24,,,,
2023-06-27,17022.15,17035.49,16887.9,16887.9,,,,
2023-06-28,16906.23,17011.12,16903.71,16935.63,,,,
2023-06-29,16930.41,17077.44,16911.38,16942.3,,,,
2023-06-30,16870.27,16919.95,16792.34,16915.54,,,,
2023-07-03,16946.71,17103.73,16946.71,17084.2,,,,
2023-07-04,17055.19,17154.1,17042.6,17140.77,,,,
2023-07-05,17130.26,17153.17,17020.01,17056.43,,,,
2023-07-06,17017.09,17017.09,16749.29,16762.17,,,,
2023-07-07,16736.94,16762.39,16593.84,16664.21,,,,
2023-07-10,16667.43,16798.81,16635.83,16652.8,,,,
2023-07-11,16675.69,16898.91,16675.69,16898.91,,,,
2023-07-12,16903.25,16962.03,16864.01,16962.03,,,,
2023-07-13,16994.59,17223.86,16994.59,17061.4,,,,
2023-07-14,17152.81,17287.4,17128.07,17283.71,,,,
2023-07-17,17279.11,17346.66,17235.92,17334.29,,,,
2023-07-18,17368.36,17401.59,17164.92,17227.91,,,,
2023-07-19,17265.38,17340.82,17082.54,17116.44,,,,
2023-07-20,17104.91,17214.41,17098.65,17164.89,,,,
2023-07-21,17106.29,17106.29,16859.13,17030.7,,,,
2023-07-24,17036.79,17098.73,16941.15,17033.61,,,,
2023-07-25,17061.88,17270.2,17061.88,17198.89,,,,
2023-07-26,17205.47,17247.02,17121.99,17162.55,,,,
2023-07-27,17189.3,17282.86,17189.3,17241.82,,,,
2023-07-28,17244.51,17328.21,17179.94,17292.93,,,,
2023-07-31,17341.04,17463.76,17081.48,17145.43,,,,
2023-08-01,17141.97,17252.32,17095.86,17212.87,,,,
2023-08-02,17207.22,17212.55,16844.57,16893.73,,,,
2023-08-04,16847.24,16887.38,16748.51,16843.68,,,,
2023-08-07,16870.81,17032.32,16868.74,16996,,,,
2023-08-08,17006.46,17043.56,16812.59,16877.07,,,,
2023-08-09,16836.64,16956.73,16798.5,16870.94,,,,
2023-08-10,16827.11,16827.11,16601.17,16634.7,,,,
2023-08-11,16644.65,16766.84,16601.25,16601.25,,,,
2023-08-14,16585.41,16585.41,16307.28,16393.66,,,,
2023-08-15,16438.63,16546.01,16437.63,16454.8,,,,
2023-08-16,16422.2,16446.78,16304.44,16446.78,,,,
2023-08-17,16411.63,16550.11,16264.65,16516.66,,,,
2023-08-18,16508.46,16583.95,16344.29,16381.31,,,,
2023-08-21,16414.14,16485.25,16347.77,16381.49,,,,
2023-08-22,16429.69,16535.07,16407.83,16437.61,,,,
2023-08-23,16440.39,16588.51,16440.39,16576.9,,,,
2023-08-24,16651.03,16822.36,16651.03,16770.87,,,,
2023-08-25,16708.53,16708.53,16481.58,16481.58,,,,
2023-08-28,16498.86,16582.96,16498.86,16509.26,,,,
2023-08-29,16528.49,16627.7,16495.76,16623.65,,,,
2023-08-30,16666.33,16780.42,16666.33,16719.82,,,,
2023-08-31,16707.35,16712.22,16630.67,16634.51,,,,
2023-09-01,16640.92,16730.13,16619.23,16644.94,,,,
2023-09-04,16649.67,16789.69,16648.51,16789.69,,,,
2023-09-05,16784.12,16791.61,16727.44,16791.61,,,,
2023-09-06,16796.37,16841.19,16732.69,16738.16,,,,
2023-09-07,16715.45,16715.45,16609.94,16619.14,,,,
2023-09-08,16609.93,16609.93,16505.64,16576.02,,,,
2023-09-11,16579.83,16600.03,16398.3,16432.95,,,,
2023-09-12,16433.82,16579.86,16422.91,16572.71,,,,
2023-09-13,16578.13,16653.3,16542.72,16581.51,,,,
2023-09-14,16581.62,16807.56,16581.62,16807.56,,,,
2023-09-15,16809.74,16920.92,16787.74,16920.92,,,,
2023-09-18,16893.97,16893.97,16698.24,16698.24,,,,
2023-09-19,16706.48,16762.52,16636.32,16636.32,,,,
2023-09-20,16626.61,16665.27,16522.38,16534.75,,,,
2023-09-21,16475.42,16475.42,16300.54,16316.67,,,,
2023-09-22,16267.32,16360.96,16202.43,16344.48,,,,
2023-09-25,16345.78,16498.38,16345.78,16452.23,,,,
2023-09-26,16440.26,16440.26,16276.07,16276.07,,,,
2023-09-27,16273.84,16324.22,16212.86,16310.36,,,,
2023-09-28,16330.71,16411.28,16311.41,16353.74,,,,
2023-10-02,16382.96,16575.31,16382.96,16557.31,,,,
2023-10-03,16520.24,16571.66,16453.8,16454.34,,,,
2023-10-04,16419.48,16419.48,16203.34,16273.38,,,,
2023-10-05,16313.89,16477.61,16313.89,16453.52,,,,
2023-10-06,16482.93,16539.13,16482.93,16520.57,,,,
2023-10-11,16567.43,16729.5,16567.43,16672.03,,,,
2023-10-12,16698.85,16825.91,16684.43,16825.91,,,,
2023-10-13,16815.91,16815.91,16726.43,16782.57,,,,
2023-10-16,16712.93,16712.93,16614.1,16652.24,,,,
2023-10-17,16678.28,16770.64,16618.3,16642.55,,,,
2023-10-18,16608.02,16612.25,16398.76,16440.91,,,,
2023-10-19,16416.54,16479.35,16382.4,16452.73,,,,
2023-10-20,16434.43,16462.56,16271.82,16440.72,,,,
2023-10-23,16391.41,16391.41,16245.84,16251.36,,,,
2023-10-24,16257.8,16318.77,16163,16309.76,,,,
2023-10-25,16320.71,16459.34,16320.71,16358.89,,,,
2023-10-26,16305.16,16305.16,16073.74,16073.74,,,,
2023-10-27,16112.75,16200.3,16112.75,16134.61,,,,
2023-10-30,16142.06,16203.33,16101.24,16149.68,,,,
2023-10-31,16176.58,16215.35,15975.91,16001.27,,,,
2023-11-01,16027.72,16099.03,15978.26,16038.56,,,,
2023-11-02,16094.26,16396.95,16094.26,16396.95,,,,
2023-11-03,16412.54,16520.1,16412.54,16507.65,,,,
2023-11-06,16572.56,16720.56,16572.56,16649.36,,,,
2023-11-07,16650.14,16684.95,16608.1,16684.95,,,,
2023-11-08,16691.32,16775.23,16665.4,16740.83,,,,
2023-11-09,16741.16,16759.43,16680.91,16745.65,,,,
2023-11-10,16725.94,16725.94,16651.23,16682.67,,,,
2023-11-13,16711.53,16961.02,16711.53,16839.29,,,,
2023-11-14,16884.52,16946.38,16884.52,16915.71,,,,
2023-11-15,17039.62,17143.88,17034.95,17128.78,,,,
2023-11-16,17136.52,17194.32,17089.4,17171.18,,,,
2023-11-17,17155.86,17253.47,17147.56,17208.95,,,,
2023-11-20,17197.82,17219.76,17151.82,17210.47,,,,
2023-11-21,17239.94,17421.17,17239.94,17416.7,,,,
2023-11-22,17325.6,17344.53,17264.95,17310.26,,,,
2023-11-23,17291.33,17343.61,17228.45,17294.55,,,,
2023-11-24,17304.65,17336.13,17268.38,17287.42,,,,
2023-11-27,17291.23,17351.93,17133.76,17137.42,,,,
2023-11-28,17150.3,17360.38,17145.2,17341.25,,,,
2023-11-29,17352.11,17441.79,17323.27,17370.56,,,,
2023-11-30,17389.2,17433.85,17313.3,17433.85,,,,
2023-12-01,17422.35,17450.13,17355.89,17438.35,,,,
2023-12-04,17450.64,17516.61,17398.1,17421.48,,,,
2023-12-05,17401.59,17401.59,17252.57,17328.01,,,,
2023-12-06,17340.82,17439.85,17337.47,17360.72,,,,
2023-12-07,17356.92,17387.94,17273.71,17278.74,,,,
2023-12-08,17309.36,17465.35,17309.36,17383.99,,,,
2023-12-11,17416.96,17451.82,17372.82,17418.34,,,,
2023-12-12,17429.61,17528.72,17404.88,17450.63,,,,
2023-12-13,17447.51,17507.92,17438.69,17468.93,,,,
2023-12-14,17482.38,17668.35,17482.38,17653.11,,,,
2023-12-15,17693.33,17743.54,17642.79,17673.87,,,,
2023-12-18,17637.86,17665.91,17586.88,17652.03,,,,
2023-12-19,17669.84,17669.84,17497.32,17576.55,,,,
2023-12-20,17608.35,17657.65,17597.48,17635.2,,,,
2023-12-21,17531.45,17552.9,17442.76,17543.74,,,,
2023-12-22,17586.16,17618.17,17567.55,17596.63,,,,
2023-12-25,17596.27,17663.35,17595.27,17604.84,,,,
2023-12-26,17619.09,17751.73,17619.09,17751.73,,,,
2023-12-27,17766.73,17897.16,17766.73,17891.5,,,,
2023-12-28,17900.76,17928.14,17841.76,17910.37,,,,
2023-12-29,17893.63,17945.7,17864.23,17930.81,,,,
2024-01-02,17939.79,17956.74,17784.97,17853.76,,,,
2024-01-03,17829.28,17829.28,17518.19,17559.31,,,,
2024-01-04,17574.39,17609.89,17515.73,17549.65,,,,
2024-01-05,17559.4,17606.79,17495.39,17519.14,,,,
2024-01-08,17534.52,17688.11,17534.52,17572.66,,,,
2024-01-09,17585.4,17694.26,17517.55,17535.49,,,,
2024-01-10,17495.67,17499.43,17439.27,17465.63,,,,
2024-01-11,17477.88,17574.92,17476.87,17545.32,,,,
2024-01-12,17536.05,17570.63,17469.87,17512.83,,,,
2024-01-15,17541.26,17632.77,17532.98,17546.82,,,,
2024-01-16,17523.78,17523.78,17337.58,17346.87,,,,
2024-01-17,17341.58,17361.05,17151.58,17161.79,,,,
2024-01-18,17169.1,17300.29,17169.1,17227.79,,,,
2024-01-19,17546.51,17682.97,17499.85,17681.52,,,,
2024-01-22,17770.78,17869.07,17765.13,17815.1,,,,
2024-01-23,17840.28,17893.73,17801.89,17874.59,,,,
2024-01-24,17883.62,17944.98,17856.34,17875.83,,,,
2024-01-25,17894.83,18014.26,17894.83,18002.62,,,,
2024-01-26,17985.44,18029.85,17943.65,17995.03,,,,
2024-01-29,18001.24,18119.63,17995.11,18119.63,,,,
2024-01-30,18083.45,18138.74,18034.63,18034.63,,,,
2024-01-31,17970.41,17996.33,17874.95,17889.56,,,,
2024-02-01,17871.27,17968.11,17832.95,17968.11,,,,
2024-02-02,18016.35,18059.93,17985.89,18059.93,,,,
2024-02-05,18047.4,18115.8,17992.17,18096.07,,,,
2024-02-15,18664.45,18725.47,18550.86,18644.57,,,,
2024-02-16,18639.66,18715.69,18585.14,18607.25,,,,
2024-02-19,18561.04,18663.74,18561.04,18635.8,,,,
2024-02-20,18610.21,18756.33,18610.21,18753.16,,,,
2024-02-21,18673.49,18729.03,18645.27,18676.31,,,,
2024-02-22,18826.85,18881.77,18758.15,18852.78,,,,
2024-02-23,18950.07,19012.38,18889.19,18889.19,,,,
2024-02-26,18899.39,18974.08,18854.71,18948.05,,,,
2024-02-27,18964.49,19023.01,18752.53,18854.41,,,,
2024-02-29,18796.54,19019.69,18794.62,18966.77,,,,
2024-03-01,19021.35,19041.92,18923.46,18935.93,,,,
2024-03-04,18952.69,19333.39,18952.69,19305.31,,,,
2024-03-05,19398.97,19453.85,19332.73,19386.92,,,,
2024-03-06,19283.61,19532.3,19246.3,19499.45,,,,
2024-03-07,19678.36,19794.57,19630.79,19693.52,,,,
2024-03-08,19966.49,20065.5,19638.13,19785.32,,,,
2024-03-11,19671.9,19828.7,19649.67,19726.08,,,,
2024-03-12,19672.76,19917.06,19664.71,19914.55,,,,
2024-03-13,20024.83,20112.81,19866.73,19928.51,,,,
2024-03-14,19920.63,19995.51,19775.5,19937.92,,,,
2024-03-15,19845.45,19888.13,19682.5,19682.5,,,,
2024-03-18,19706.11,19879.86,19706.11,19879.85,,,,
2024-03-19,19798.12,19921.25,19762.16,19857.2,,,,
2024-03-20,19879.25,19994.42,19728.43,19784.45,,,,
2024-03-21,19843.8,20199.3,19843.8,20199.09,,,,
2024-03-22,20232.06,20296.1,20084.31,20228.43,,,,
2024-03-25,20228.64,20285.38,20172.8,20192.25,,,,
2024-03-26,20208.88,20397.07,19977.4,20126.49,,,,
2024-03-27,20158.07,20255.1,20108.96,20200.12,,,,
2024-03-28,20213.34,20222.2,20065.93,20146.55,,,,
2024-03-29,20156.34,20335.92,20156.34,20294.45,,,,
2024-04-01,20319.73,20387.23,20217.58,20222.33,,,,
2024-04-02,20359.81,20466.57,20359.81,20466.57,,,,
2024-04-03,20388.84,20403.73,20269.66,20337.6,,,,
2024-04-08,20395.05,20487.83,20379.83,20417.7,,,,
2024-04-09,20521.56,20820.81,20521.56,20796.2,,,,
2024-04-10,20789.42,20883.69,20763.53,20763.53,,,,
2024-04-11,20713.25,20770.83,20651.88,20753.22,,,,
2024-04-12,20772.79,20825.04,20713.87,20736.57,,,,
2024-04-15,20586.53,20623.77,20449.77,20449.77,,,,
2024-04-16,20365.11,20365.11,19844.54,19901.96,,,,
2024-04-17,19986.62,20264.99,19986.62,20213.33,,,,
2024-04-18,20126.57,20363.09,20057.81,20301.2,,,,
2024-04-19,19992.06,19992.06,19291.88,19527.12,,,,
2024-04-22,19466.44,19695.49,19395.31,19411.22,,,,
2024-04-23,19564.38,19709,19509.74,19599.28,,,,
2024-04-24,19770.46,20165.77,19770.46,20131.74,,,,
2024-04-25,20003,20003,19848.57,19857.42,,,,
2024-04-26,20094.17,20226.29,20087.61,20120.51,,,,
2024-04-29,20235.93,20495.52,20235.93,20495.52,,,,
2024-04-30,20508.48,20559.97,20396.6,20396.6,,,,
2024-05-02,20360.67,20360.67,20222.44,20222.44,,,,
2024-05-03,20381.98,20521.49,20272.34,20330.32,,,,
2024-05-06,20479.8,20639.9,20479.8,20523.31,,,,
2024-05-07,20634.62,20689.19,20493.8,20653.53,,,,
2024-05-08,20604.18,20700.51,20547.48,20700.51,,,,
2024-05-09,20710.05,20754.61,20560.77,20560.77,,,,
2024-05-10,20582.12,20765.82,20574.01,20708.84,,,,
2024-05-13,20905.16,20933.28,20816.42,20857.71,,,,
2024-05-14,20835.95,20994.53,20816.77,20985.85,,,,
2024-05-15,20984.7,21308.32,20984.7,21147.21,,,,
2024-05-16,21319.02,21515.52,21249.88,21304.26,,,,
2024-05-17,21346.75,21346.75,21218.34,21258.47,,,,
2024-05-20,21278.38,21338.35,21102.18,21271.63,,,,
2024-05-21,21239.26,21307.08,21131.62,21236.75,,,,
2024-05-22,21248.99,21567.48,21248.99,21551.83,,,,
2024-05-23,21668.84,21668.84,21475.99,21607.43,,,,
2024-05-24,21442.67,21608.72,21381.25,21565.34,,,,
2024-05-27,21699.98,21871.34,21699.98,21803.77,,,,
2024-05-28,21812.2,21937.4,21812.2,21858.41,,,,
2024-05-29,21846.41,21906.1,21662.5,21662.5,,,,
2024-05-30,21481.39,21558.36,21364.24,21364.48,,,,
2024-05-31,21400.83,21539.03,21174.22,21174.22,,,,
2024-06-03,21388.71,21612.54,21372.08,21536.76,,,,
2024-06-04,21513.85,21529.98,21308.97,21356.62,,,,
2024-06-05,21385,21510.86,21264.63,21484.88,,,,
2024-06-06,21856.13,21970.63,21847.68,21902.7,,,,
2024-06-07,21823.62,21920.85,21823.62,21858.38,,,,
2024-06-11,21984.42,22003.71,21792.12,21792.12,,,,
2024-06-12,21841.81,22094.94,21841.81,22048.96,,,,
2024-06-13,22217.64,22440.1,22211.08,22312.04,,,,
2024-06-14,22311.93,22504.72,22252.02,22504.72,,,,
2024-06-17,22468.11,22567.34,22431.26,22496.53,,,,
2024-06-18,22690.34,22787.67,22642.94,22757.43,,,,
2024-06-19,22858.45,23275.3,22858.45,23209.54,,,,
2024-06-20,23196.69,23406.1,23180.7,23406.1,,,,
2024-06-21,23193.9,23351.17,23151.15,23253.39,,,,
2024-06-24,23124.31,23131.68,22813.7,22813.7,,,,
2024-06-25,22695.15,22875.97,22503,22875.97,,,,
2024-06-26,22938.57,23074.74,22893.75,22986.69,,,,
2024-06-27,22859.93,22922.56,22765.16,22905.98,,,,
2024-06-28,22896.72,23142.4,22896.72,23032.25,,,,
2024-07-01,23042.7,23187.88,23015.17,23058.57,,,,
2024-07-02,23012.74,23041.9,22833.78,22879.37,,,,
2024-07-03,23009.82,23172.43,22994.28,23172.43,,,,
2024-07-04,23360.88,23571.82,23360.88,23522.53,,,,
2024-07-05,23532.01,23628.86,23491.79,23556.59,,,,
2024-07-08,23550.64,24011.64,23505.86,23878.15,,,,
2024-07-09,23888.2,24126.66,23607.92,23900.08,,,,
2024-07-10,23744.88,24040.61,23682.49,24007.08,,,,
2024-07-11,24242.03,24416.67,24151.8,24390.03,,,,
2024-07-12,23955.67,24045.73,23774.22,23916.93,,,,
2024-07-15,23927.91,24018.31,23759.51,23879.36,,,,
2024-07-16,23880.33,24174.18,23861.77,23997.25,,,,
2024-07-17,23827.27,23993.68,23650.94,23769.82,,,,
2024-07-18,23373.01,23450.91,23148.74,23398.47,,,,
2024-07-19,23228.04,23235.82,22865.84,22869.26,,,,
2024-07-22,22818.86,22818.86,22130.88,22256.99,,,,
2024-07-23,22514.75,22871.84,22514.75,22871.84,,,,
2024-07-26,22206.93,22206.93,21889.61,22119.21,,,,
2024-07-29,22321.37,22471.4,22128.14,22164.49,,,,
2024-07-30,22040.04,22276.39,21833.85,22223.57,,,,
2024-07-31,22088.78,22315.31,22046.29,22199.35,,,,
2024-08-01,22546.4,22652.21,22465.06,22642.1,,,,
2024-08-02,22141.2,22141.2,21636.22,21638.09,,,,
2024-08-05,20982.92,20982.92,19783.5,19830.88,,,,
2024-08-06,20344.39,20751.5,19662.74,20501.02,,,,
2024-08-07,20638.28,21306.23,20638.28,21295.28,,,,
2024-08-08,21047.16,21074.19,20723.26,20870.1,,,,
2024-08-09,21212,21613.76,21212,21469,,,,
2024-08-12,21598.93,21897.98,21598.93,21773.26,,,,
2024-08-13,21816.07,21866.63,21698.47,21796.57,,,,
2024-08-14,21952.03,22155.29,21942.22,22027.25,,,,
2024-08-15,22005.69,22089.04,21895.17,21895.17,,,,
2024-08-16,22114.72,22374.94,22114.72,22349.33,,,,
2024-08-19,22338.83,22485.91,22307.17,22409.63,,,,
2024-08-20,22464.07,22545.89,22369.25,22429.1,,,,
2024-08-21,22316.78,22358.88,22165.82,22237.89,,,,
2024-08-22,22254.59,22315.92,22096.26,22148.83,,,,
2024-08-23,22042.59,22159.27,21935.98,22158.05,,,,
2024-08-26,22250.49,22449.45,22164.53,22240.12,,,,
2024-08-27,22179.21,22205.11,22059.51,22185,,,,
2024-08-28,22210.57,22370.66,22108.86,22370.66,,,,
2024-08-29,22136.31,22273.62,22010.89,22201.85,,,,
2024-08-30,22230.07,22342.25,22230.07,22268.09,,,,
2024-09-02,22341.9,22439.31,22178.04,22235.1,,,,
2024-09-03,22240.11,22303.5,22092.21,22092.21,,,,
2024-09-04,21574.65,21574.65,20922.17,21092.75,,,,
2024-09-05,21271.09,21488.81,21150.99,21187.71,,,,
2024-09-06,21255.45,21461.71,21125.14,21435.19,,,,
2024-09-09,21127.81,21163.91,20922.51,21144.44,,,,
2024-09-10,21252.57,21324.43,20977,21064.08,,,,
2024-09-11,21089.18,21134.05,21031,21031,,,,
2024-09-12,21373.64,21706.85,21373.64,21653.25,,,,
2024-09-13,21754.36,21796.39,21643.22,21759.65,,,,
2024-09-16,21800,21854.74,21736.7,21850.08,,,,
2024-09-18,21813.54,21859.16,21584.63,21678.84,,,,
2024-09-19,21675.4,22042.69,21656.66,22042.69,,,,
2024-09-20,22246.24,22354.54,22136.53,22159.42,,,,
2024-09-23,22170.94,22307.46,22170.94,22285.53,,,,
2024-09-24,22273.79,22431.78,22154.55,22431.78,,,,
2024-09-25,22569.29,22785.32,22569.29,22761.6,,,,
2024-09-26,22841.42,22961.77,22769.24,22858.81,,,,
2024-09-27,22978.97,23079.21,22806.83,22822.79,,,,
2024-09-30,22643.91,22691.23,22224.54,22224.54,,,,
2024-10-01,22329.65,22446.86,22311.33,22390.39,,,,
2024-10-04,22459.1,22493.05,22193.5,22302.71,,,,
2024-10-07,22479.24,22719.07,22479.24,22702.56,,,,
2024-10-08,22691.32,22691.32,22418.38,22611.39,,,,
2024-10-09,22637.17,22885.95,22637.17,22659.08,,,,
2024-10-11,22726.19,23011.11,22726.19,22901.64,,,,
2024-10-14,22947.32,23015.55,22799.14,22975.29,,,,
2024-10-15,23083.7,23353.91,23082.06,23292.04,,,,
2024-10-16,22990.64,23258.52,22866.73,23010.98,,,,
2024-10-17,23114.21,23191.79,22950.7,23053.84,,,,
2024-10-18,23620.57,23713.7,23378.36,23487.27,,,,
2024-10-21,23602.98,23678.51,23480.06,23542.53,,,,
2024-10-22,23428.11,23535.43,23269.86,23535.43,,,,
2024-10-23,23402.24,23486.45,23318.84,23334.76,,,,
2024-10-24,23446.64,23446.64,23150.77,23192.52,,,,
2024-10-25,23255.07,23388.53,23222.77,23348.45,,,,
2024-10-28,23455.69,23547.12,23164.42,23198.07,,,,
2024-10-29,23048.45,23056.57,22711.1,22926.59,,,,
2024-10-30,22985.13,23116.33,22801.45,22820.43,,,,
2024-11-01,22438.93,22828.98,22231.94,22780.08,,,,
2024-11-04,22839.18,23020.99,22792.77,22965.39,,,,
2024-11-05,22870.11,23178.8,22849.83,23106.79,,,,
2024-11-06,23112.95,23439.39,23035.3,23217.38,,,,
2024-11-07,23180.01,23518.63,23132.94,23408.82,,,,
2024-11-08,23608.11,23699.7,23509.13,23553.89,,,,
2024-11-11,23477.75,23563.8,23306.66,23529.64,,,,
2024-11-12,23276.76,23276.76,22981.77,22981.77,,,,
2024-11-13,22894.91,23046.47,22860.23,22860.23,,,,
2024-11-14,22821.04,22893.82,22619.71,22715.38,,,,
2024-11-15,22767.11,22940.8,22690.77,22742.77,,,,
2024-11-18,22693.96,22781.77,22503.69,22546.54,,,,
2024-11-19,22614.74,22906.69,22578.75,22848.8,,,,
2024-11-20,22872.91,22977.56,22622.47,22688.36,,,,
2024-11-21,22671.66,22708.57,22490.28,22555.66,,,,
2024-11-22,22799.53,23019.04,22799.53,22904.32,,,,
2024-11-25,22996.05,23172.43,22948.37,22948.37,,,,
2024-11-26,22789.6,22832.11,22645.13,22678.76,,,,
2024-11-27,22665.58,22743.99,22334.78,22334.78,,,,
2024-11-28,22380.45,22413.25,22124.31,22298.9,,,,
2024-11-29,22202.28,22429.86,22055.38,22262.5,,,,
2024-12-02,22456.5,22802.53,22456.5,22736.93,,,,
2024-12-03,22972.3,23144.78,22972.3,23027.46,,,,
2024-12-04,23126.08,23255.33,23034.7,23255.33,,,,
2024-12-05,23308.29,23387.17,23225.31,23267.94,,,,
2024-12-06,23278.68,23361.12,23137.62,23193.27,,,,
2024-12-09,23287.79,23325.99,23172.22,23273.25,,,,
2024-12-10,23228.26,23329.01,23071.43,23125.08,,,,
2024-12-11,23108.36,23108.36,22880.57,22903.63,,,,
2024-12-12,23050.64,23189.29,23030.48,23046.8,,,,
2024-12-13,23002.37,23097.52,22920.84,23020.48,,,,
2024-12-16,23207.21,23264.4,22959.91,23039.9,,,,
2024-12-17,23131.57,23223.51,23018.01,23018.01,,,,
2024-12-18,23014.43,23211.17,22934.59,23168.67,,,,
2024-12-19,22947.56,22947.56,22743.3,22932.25,,,,
2024-12-20,22798.39,22845.59,22510.25,22510.25,,,,
2024-12-23,22811.56,23132.25,22811.56,23104.54,,,,
2024-12-24,23260.74,23326.25,23120.24,23120.24,,,,
2024-12-25,23226.35,23296.36,23159.36,23220.13,,,,
2024-12-26,23276.08,23320.62,23241.94,23246.94,,,,
2024-12-27,23251.28,23335.66,23204.35,23275.68,,,,
2024-12-30,23274.26,23331.67,23159.7,23190.2,,,,
2024-12-31,23094.07,23123.96,22972.99,23035.1,,,,
2025-01-02,22975.71,23038.08,22713.63,22832.06,,,,
2025-01-03,23018.56,23092.07,22905.4,22908.3,,,,
2025-01-06,23131.79,23553.29,23131.79,23547.71,,,,
2025-01-07,23824.72,23943.95,23651.27,23651.27,,,,
2025-01-08,23522.29,23671.28,23388.63,23407.33,,,,
2025-01-09,23406.72,23463.96,23081.13,23081.13,,,,
2025-01-10,23067.46,23202.25,22989.67,23011.86,,,,
2025-01-13,23070.32,23070.32,22458.22,22488.33,,,,
2025-01-14,22573.96,22797.52,22542.93,22797.52,,,,
2025-01-15,22757.46,22777.34,22509.65,22514.57,,,,
2025-01-16,22817.52,23147.69,22817.52,23025.1,,,,
2025-01-17,23190.12,23209.88,22905.53,23148.08,,,,
2025-01-20,23203.47,23346.64,23176.43,23266.82,,,,
2025-01-21,23266.49,23377.64,23174.02,23300.01,,,,
2025-01-22,23472.67,23642.08,23472.67,23525.41,,,,
2025-02-03,22796.71,22796.71,22502.2,22694.71,,,,
2025-02-04,22836.27,22934.31,22720.62,22793.96,,,,
2025-02-05,22916.38,23249.33,22916.38,23161.58,,,,
2025-02-06,23226.5,23348.42,23216.65,23316.6,,,,
2025-02-07,23289.97,23478.27,23254.17,23478.27,,,,
2025-02-10,23421.77,23448.16,23163.85,23252.14,,,,
2025-02-11,23321.92,23485.51,23289.76,23384.05,,,,
2025-02-12,23449.31,23528.61,23289.75,23289.75,,,,
2025-02-13,23263.28,23413.1,23206.45,23399.41,,,,
2025-02-14,23198.39,23276.24,23142.95,23152.61,,,,
2025-02-17,23258.17,23510.68,23242.84,23505.33,,,,
2025-02-18,23550.5,23666.11,23454.09,23666.11,,,,
2025-02-19,23589.44,23683.46,23550.99,23604.08,,,,
2025-02-20,23530.97,23576.71,23400.75,23487.46,,,,
2025-02-21,23526.13,23732.58,23488.42,23730.25,,,,
2025-02-24,23573.8,23605.22,23461.43,23565.31,,,,
2025-02-25,23376.42,23376.42,23209.53,23285.72,,,,
2025-02-26,23221.84,23431.24,23156.02,23402.55,,,,
2025-02-27,23446.46,23487.73,23053.18,23053.18,,,,
2025-03-03,22734.05,22775.02,22611.1,22756.25,,,,
2025-03-04,22508.8,22700.94,22359.5,22596.88,,,,
2025-03-05,22778.86,22948.3,22757.22,22871.9,,,,
2025-03-06,22930.11,22979.97,22715.43,22715.43,,,,
2025-03-07,22696.23,22747.11,22542.08,22576.07,,,,
2025-03-10,22548.98,22641.25,22407.57,22459.15,,,,
2025-03-11,22126.06,22140.39,21769.57,22071.09,,,,
2025-03-12,22171.1,22391.47,22153.61,22278.36,,,,
2025-03-13,22403.34,22552.43,21961.68,21961.68,,,,
2025-03-14,21986.81,22074.03,21895.9,21968.05,,,,
2025-03-17,22137.53,22306.83,22110.32,22118.63,,,,
2025-03-18,22204.62,22327.1,22186.56,22271.67,,,,
2025-03-19,22245.42,22247.66,21942.69,21960.83,,,,
2025-03-20,22171,22377.26,22171,22377.26,,,,
2025-03-21,22362.38,22366.95,22200.23,22209.1,,,,
2025-03-24,22348.38,22380.73,22106.64,22106.64,,,,
2025-03-25,22269.37,22414.02,22228.68,22273.19,,,,
2025-03-26,22327.61,22398.12,22235.89,22260.29,,,,
2025-03-27,22093.2,22093.2,21919.4,21951.76,,,,
2025-03-28,21836.16,21836.16,21525.05,21602.89,,,,
2025-03-31,21254.63,21254.63,20695.9,20695.9,,,,
2025-04-01,20884.53,21315.52,20884.53,21280.17,,,,
2025-04-02,21313.77,21390.52,21235.99,21298.22,,,,
2025-04-07,20153.57,20153.57,19212.02,19232.35,,,,
2025-04-08,19064.47,19064.47,18180.48,18459.95,,,,
2025-04-09,18337.44,18371.52,17306.97,17391.76,,,,
2025-04-10,18256.47,19024.47,18256.47,19000.03,,,,
2025-04-11,18772.5,19528.77,18418.2,19528.77,,,,
2025-04-14,19686.68,20023.63,19508.93,19513.09,,,,
2025-04-15,19634.7,19895.43,19576.15,19857.67,,,,
2025-04-16,19737.09,19737.09,19453.14,19468,,,,
2025-04-17,19389.52,19478,19196.47,19338.73,,,,
2025-04-18,19423.98,19499.28,19376.35,19395.03,,,,
2025-04-21,19321.14,19359.96,19080.6,19106.2,,,,
2025-04-22,18990.86,19059.65,18793.43,18793.43,,,,
2025-04-23,19163.61,19639.14,19163.61,19639.14,,,,
2025-04-24,19752.59,19752.59,19433.37,19478.81,,,,
2025-04-25,19861.24,20012.27,19861.24,19872.73,,,,
2025-04-29,20018.32,20232.63,20007.3,20232.63,,,,
2025-04-30,20215.39,20331.89,20185.31,20235.03,,,,
2025-05-02,20534.08,20787.64,20534.08,20787.64,,,,
2025-05-06,20353.88,20623.85,20349.56,20522.59,,,,
2025-05-07,20575.15,20685.28,20418.03,20546.49,,,,
2025-05-08,20559.65,20747.28,20543.4,20543.4,,,,
2025-05-09,20690.8,20915.04,20643.56,20915.04,,,,
2025-05-12,20996.95,21176.13,20996.95,21129.54,,,,
2025-05-13,21474.02,21626.28,21330.14,21330.14,,,,
2025-05-14,21552.42,21782.87,21552.42,21782.87,,,,
2025-05-15,21776.65,21821.01,21674.32,21730.25,,,,
2025-05-16,21731.88,21854.5,21697.85,21843.69,,,,
2025-05-19,21786.33,21786.33,21496.69,21523.83,,,,
2025-05-20,21631.61,21746.56,21517.1,21526.03,,,,
2025-05-21,21603.58,21879.24,21603.58,21803.91,,,,
2025-05-22,21733.82,21733.82,21585.31,21670.96,,,,
2025-05-23,21643.16,21655.92,21559.78,21652.24,,,,
2025-05-26,21577.64,21688.45,21536.57,21536.57,,,,
2025-05-27,21491.65,21558.47,21310,21336.54,,,,
2025-05-28,21539.15,21634.37,21305.73,21357.72,,,,
2025-05-29,21531.29,21605.26,21347.3,21347.3,,,,
2025-06-02,21253.97,21256.1,20940.98,21002.71,,,,
2025-06-03,21126.7,21303.21,21110.63,21126.93,,,,
2025-06-04,21341.44,21618.09,21341.44,21618.09,,,,
2025-06-05,21695.93,21738.93,21626.74,21674.43,,,,
2025-06-06,21637.77,21702.46,21606.7,21660.66,,,,
2025-06-09,21773.45,21866.27,21717.52,21790.29,,,,
2025-06-10,21921.24,22294.86,21921.24,22242.14,,,,
2025-06-11,22376.37,22470.1,22294.6,22470.1,,,,
2025-06-12,22362.67,22390.17,22253.64,22287.82,,,,
2025-06-13,22215.5,22228.01,21984.36,22072.95,,,,
2025-06-16,22058.57,22094.6,21936.38,22049.9,,,,
2025-06-17,22172.59,22331.69,22118.46,22211.59,,,,
2025-06-18,22135.83,22370.25,22104.68,22356.73,,,,
2025-06-19,22238.1,22249.4,21973.04,22003.5,,,,
2025-06-20,21960.51,22089.48,21779.55,22045.74,,,,
2025-06-23,21750.7,21801.32,21551.58,21732.02,,,,
2025-06-24,22001.48,22201.05,22001.48,22188.76,,,,
2025-06-25,22341.87,22444.51,22341.87,22430.61,,,,
2025-06-26,22425.39,22587.67,22391.27,22492.34,,,,
2025-06-27,22503.85,22580.08,22388.59,22580.08,,,,
2025-06-30,22508.33,22558.95,22256.02,22256.02,,,,
2025-07-01,22419.74,22730.76,22401.58,22553.72,,,,
2025-07-02,22463.55,22577.74,22396.26,22577.74,,,,
2025-07-03,22707.41,22816.2,22701.28,22712.97,,,,
2025-07-04,22756.55,22842.75,22500.97,22547.5,,,,
2025-07-07,22550.14,22550.14,22294.11,22428.72,,,,
2025-07-08,22375.65,22375.65,22190.46,22362.27,,,,
2025-07-09,22253.17,22527.01,22211.1,22527.01,,,,
2025-07-10,22566.51,22699.29,22513.35,22693.25,,,,
2025-07-11,22602.81,22770.01,22601.95,22751.03,,,,
2025-07-14,22679.18,22735.23,22525.66,22614.97,,,,
2025-07-15,22618.43,22888.23,22588.26,22835.94,,,,
2025-07-16,22967.51,23106.43,22923.12,23042.9,,,,
2025-07-17,23042.97,23159.54,22923.37,23113.28,,,,
2025-07-18,23345.72,23468.21,23276.02,23383.13,,,,
2025-07-21,23314.29,23403.83,23243.79,23340.56,,,,
2025-07-22,23301.66,23486.08,22985.9,22987.92,,,,
2025-07-23,23063.57,23318.67,23063.57,23318.67,,,,
2025-07-24,23373.67,23455.09,23295.31,23373.73,,,,
2025-07-25,23454.59,23485.56,23308.45,23364.38,,,,
2025-07-28,23477.1,23564.44,23350.73,23412.98,,,,
2025-07-29,23414.36,23422.17,23094.67,23201.52,,,,
2025-07-30,23288.72,23461.72,23264.64,23461.72,,,,
2025-07-31,23523.59,23631.11,23454.44,23542.52,,,,
2025-08-01,23318.37,23484.21,23168.27,23434.38,,,,
2025-08-04,23260.18,23378.94,23151.65,23378.94,,,,
2025-08-05,23498.4,23671.84,23498.4,23660.59,,,,
2025-08-06,23498.4,23671.62,23433.53,23447.36,,,,
2025-08-07,23717.35,24050.54,23717.35,24003.77,,,,
2025-08-08,24026.65,24131.46,23967.99,24021.26,,,,
2025-08-11,23980.39,24249.05,23887.25,24135.5,,,,
2025-08-12,24182.84,24263.92,24065.43,24158.36,,,,
2025-08-13,24232.04,24406.94,24172.19,24370.02,,,,
2025-08-14,24258.5,24389.51,24198.88,24238.1,,,,
2025-08-15,24266.23,24385.56,24164.43,24334.48,,,,
2025-08-18,24272.55,24515.65,24257.3,24482.52,,,,
2025-08-19,24493.92,24551.42,24324.29,24353.5,,,,
2025-08-20,24309.27,24309.27,23620.24,23625.44,,,,
2025-08-21,23739.83,24011.5,23739.83,23962.13,,,,
2025-08-22,24033.02,24071.65,23764.47,23764.47,,,,
2025-08-25,24108.81,24362.02,24108.75,24277.38,,,,
2025-08-26,24237.36,24382.42,24113.03,24305.1,,,,
2025-08-27,24449.81,24539.88,24410.08,24519.9,,,,
2025-08-28,24468.12,24502.37,24236.45,24236.45,,,,
2025-08-29,24438.03,24570.15,24233.1,24233.1,,,,
2025-09-01,24143.37,24312.83,23885.41,24071.73,,,,
2025-09-02,24113.9,24295.03,23890.33,24016.78,,,,
2025-09-03,24036.88,24103.23,23925.49,24100.3,,,,
2025-09-04,24235.27,24389.35,24168.16,24179.85,,,,
2025-09-05,24244.26,24494.58,24244.26,24494.58,,,,
2025-09-08,24610.85,24729.96,24547.38,24547.38,,,,
2025-09-09,24650.46,24880.07,24650.46,24855.18,,,,
2025-09-10,25032.88,25272.23,25032.88,25192.59,,,,
2025-09-11,25509.3,25541.44,25174.13,25215.71,,,,
2025-09-12,25349.7,25492.28,25349.7,25474.64,,,,
2025-09-15,25494.1,25519.94,25284.17,25357.16,,,,
2025-09-16,25335.46,25664.81,25335.46,25629.64,,,,
2025-09-17,25543.91,25632.07,25422.96,25438.25,,,,
2025-09-18,25543.17,25769.36,25475.25,25769.36,,,,
2025-09-19,25794.66,25864.01,25578.37,25578.37,,,,
2025-09-22,25599.6,25887.69,25599.6,25880.6,,,,
2025-09-23,26121,26307.3,26041.69,26247.37,,,,
2025-09-24,26389.16,26394.03,26045.47,26196.73,,,,
2025-09-25,26067.97,26247.85,26023.85,26023.85,,,,
2025-09-26,25998.28,25998.28,25469.04,25580.32,,,,
2025-09-30,25738.31,25975.84,25738.31,25820.54,,,,
2025-10-01,26078.29,26325.79,25982.91,25982.91,,,,
2025-10-02,26392.31,26489.79,26330.25,26378.39,,,,
2025-10-03,26435.1,26761.06,26410.03,26761.06,,,,
2025-10-07,27029.28,27301.42,27017.08,27211.95,,,,
2025-10-08,26999.82,27110.43,26883.99,27063.68,,,,
2025-10-09,27301.61,27463.12,27253.07,27301.92,,,,
2025-10-13,26762.6,26965.72,26470.44,26923.42,,,,
2025-10-14,27282.1,27507.16,26764.06,26793.15,,,,
2025-10-15,26911.05,27275.71,26773.15,27275.71,,,,
2025-10-16,27337.32,27732.78,27337.32,27647.87,,,,
2025-10-17,27399.91,27513.09,27302.37,27302.37,,,,
2025-10-20,27480.44,27768.27,27412.45,27688.63,,,,
2025-10-21,27742.55,27969.05,27742.55,27752.41,,,,
2025-10-22,27614.11,27725.83,27490.89,27648.91,,,,
2025-10-23,27457.07,27586.85,27371.67,27532.26,,,,
2025-10-27,28029.88,28196.33,27993.63,27993.63,,,,
2025-10-28,28041.01,28087.93,27885.62,27949.11,,,,
2025-10-29,28157.91,28395.31,28139.65,28294.74,,,,
2025-10-30,28350.24,28527.68,28116.6,28287.53,,,,
2025-10-31,28280.47,28489.76,28233.35,28233.35,,,,
2025-11-03,28253.53,28494.99,28150.45,28334.59,,,,
2025-11-04,28364.76,28554.61,28033.62,28116.56,,,,
2025-11-05,27785.91,27799.09,27373.05,27717.06,,,,
2025-11-06,27906.44,28061.53,27879.7,27899.45,,,,
2025-11-07,27818.54,27818.54,27621.48,27651.41,,,,
2025-11-10,27805.47,27976.89,27680.51,27869.51,,,,
2025-11-11,28031.54,28187.7,27784.95,27784.95,,,,
2025-11-12,27853.47,28071.76,27799.92,27947.09,,,,
2025-11-13,27903.56,27903.56,27903.56,27903.56,,,,
2025-11-14,27816.45,27816.45,27383.34,27397.5,,,,
2025-11-17,27600.74,27723.77,27447.31,27447.31,,,,
2025-11-18,27310.4,27310.4,26756.12,26756.12,,,,
2025-11-19,26708.28,26902.97,26580.12,26580.12,,,,
2025-11-20,27212.91,27493.63,27183.03,27426.36,,,,
2025-11-21,26821.97,26821.97,26395.98,26434.94,,,,
2025-11-24,26596.03,26764.13,26482.33,26504.24,,,,
2025-11-25,26995.9,27118.02,26793.71,26912.17,,,,
2025-11-26,27063.17,27409.54,27063.17,27409.54,,,,
2025-11-27,27517.24,27659.06,27436.59,27554.53,,,,
2025-11-28,27566.12,27796.9,27566.12,27626.48,,,,
2025-12-01,27674.16,27697.06,27342.53,27342.53,,,,
2025-12-02,27550.35,27741.89,27477.1,27564.27,,,,
2025-12-03,27605.63,27847.67,27605.63,27793.04,,,,
2025-12-04,27773.42,27880.23,27636.63,27795.71,,,,
2025-12-05,27796.43,27980.89,27738.5,27980.89,,,,
2025-12-08,28034,28303.78,28026.39,28303.78,,,,
2025-12-09,28364.04,28390.24,28157.27,28182.6,,,,
2025-12-10,28190.76,28417.09,28190.76,28400.73,,,,
2025-12-11,28385.23,28568.02,27984.19,28024.75,,,,
2025-12-12,28097.54,28272.06,28071.34,28198.02,,,,
2025-12-15,28119.79,28119.79,27684.87,27866.94,,,,
2025-12-16,27721.1,27740.66,27355.67,27536.66,,,,
2025-12-17,27596.18,27780.69,27469.6,27525.17,,,,
2025-12-18,27447.45,27569.44,27350.77,27468.53,,,,
2025-12-19,27685.74,27869.78,27672.05,27696.35,,,,
2025-12-22,27986.66,28168.75,27986.66,28149.64,,,,
2025-12-23,28253.14,28350.37,28212.84,28310.47,,,,
2025-12-24,28383.61,28486.38,28280.59,28371.98,,,,
2025-12-26,28443.48,28590.91,28404.34,28556.02,,,,
2025-12-29,28662.79,28841.64,28595.35,28810.89,,,,
2025-12-30,28723.82,28833.03,28553.64,28707.13,,,,
2025-12-31,28723.49,29009.81,28687.9,28963.6,,,,
2026-01-02,29016.68,29363.43,29007.75,29349.81,,,,
2026-01-05,29779.7,30339.32,29779.7,30105.04,,,,
2026-01-06,29933.65,30576.3,29933.65,30576.3,,,,
2026-01-07,30412.32,30570.26,30306.16,30435.47,,,,
2026-01-08,30330.58,30593.49,30268.36,30360.55,,,,
2026-01-09,30370.45,30500.42,29925.49,30288.96,,,,
2026-01-12,30472.7,30681.99,30472.7,30567.29,,,,
2026-01-13,30630.86,30973.85,30529.33,30707.22,,,,
2026-01-14,30742.53,30994.81,30742.53,30941.78,,,,
2026-01-15,30746.98,30877.31,30663.87,30810.58,,,,
2026-01-16,30844.63,31475.22,30844.63,31408.7,,,,
2026-01-19,31336.77,31827.39,31285.53,31639.29,,,,
2026-01-20,31584.34,31759.99,31340.1,31759.99,,,,
2026-01-21,31749.14,31749.14,31200.76,31246.37,,,,
2026-01-22,31371.13,31890.62,31371.13,31746.08,,,,
2026-01-23,31788.77,32042.44,31693.15,31961.51,,,,
2026-01-26,32002.56,32196.75,31989.86,32064.52,,,,
2026-01-27,32095.08,32428.17,32095.08,32317.92,,,,
2026-01-28,32381.76,32803.82,32381.76,32803.82,,,,
2026-01-29,32828.02,32996.03,32472.45,32536.27,,,,
2026-01-30,32555.52,32555.52,32004.96,32063.75,,,,
2026-02-02,32008.46,32008.46,31359.95,31624.03,,,,
2026-02-03,31737.66,32293.83,31737.66,32195.36,,,,
2026-02-04,32196.57,32380,31942.28,32289.81,,,,
2026-02-05,32241.64,32241.64,31769.08,31801.27,,,,
2026-02-06,31746.44,31842.62,31164.28,31782.92,,,,
2026-02-09,31956.21,32666.05,31956.21,32404.62,,,,
2026-02-10,32439.71,33072.97,32439.71,33072.97,,,,
2026-02-11,33086.15,33707.83,33071.67,33605.71,,,,
2026-02-23,33663.02,34212.38,33663.02,33773.26,,,,
2026-02-24,34020.71,34786.42,33987.51,34700.82,,,,
2026-02-25,34753.31,35521.54,34753.31,35413.07,,,,
2026-02-26,35457.76,35579.34,35171.52,35414.49,,,,
2026-03-02,35277.48,35345.72,34605.36,35095.09,,,,
2026-03-03,35106.22,35264.59,34323.65,34323.65,,,,
2026-03-04,34228.75,34228.75,32828.88,32828.88,,,,
2026-03-05,33620.74,34319.68,33472.91,33672.94,,,,
2026-03-06,33483.94,33829.49,33322.52,33599.54,,,,
2026-03-09,32354.61,32354.61,31529.36,32110.42,,,,
2026-03-10,32692.37,33256.69,32455.2,32771.87,,,,
2026-03-11,33128.49,34218.66,33128.49,34114.19,,,,
2026-03-12,33816.15,34019.48,33458.64,33581.86,,,,
2026-03-13,33215.78,33639.18,33013.46,33400.32,,,,
2026-03-16,33541.25,33765.81,33278.06,33342.51,,,,
2026-03-17,33380.84,34008.7,33380.84,33836.57,,,,
2026-03-18,33929.28,34423.66,33929.28,34348.58,,,,
2026-03-19,34279.12,34279.12,33663.78,33689.68,,,,
2026-03-20,33719.85,33989.18,33379.24,33543.88,,,,
2026-03-23,33334,33334,32461.09,32722.5,,,,
2026-03-24,33062.89,33361.46,32434.54,32612.24,,,,
2026-03-25,32725.27,33705.75,32725.27,33439.11,,,,
2026-03-26,33575.6,33892.56,33337.62,33337.62,,,,
2026-03-27,33267.25,33267.25,32669.39,33112.59,,,,
2026-03-30,33009.68,33009.68,32326.37,32518.16,,,,
2026-03-31,32419,32453.38,31705.99,31722.99,,,,
2026-04-01,31892.33,33182.22,31892.33,33174.82,,,,
2026-04-02,33218.02,33497.58,32516.94,32572.43,,,,
2026-04-07,32671.52,33264.22,32671.52,33229.82,,,,
2026-04-08,33379.5,34761.38,33379.5,34761.38,,,,
2026-04-09,34779.96,34884.45,34617.34,34861.16,,,,
2026-04-10,34950.87,35417.83,34950.87,35417.83,,,,
2026-04-13,35422.91,35552.49,35261.73,35457.29,,,,
2026-04-14,35584.09,36341.44,35584.09,36296.12,,,,
2026-04-15,36369.11,37064.16,36369.11,36722.14,,,,
2026-04-16,36759.53,37135.55,36751.09,37132.02,,,,
2026-04-17,37145.66,37145.66,36776.28,36804.34,,,,
2026-04-20,36850.24,37344.5,36850.24,36958.8,,,,
2026-04-21,37051.25,37781.83,37051.25,37605.11,,,,
2026-04-22,37627.2,38096.88,37623.38,37878.47,,,,
2026-04-23,37971.69,38921.95,37164.44,37714.15,,,,
2026-04-24,37862.65,38989.94,37862.65,38932.4,,,,
2026-04-27,39858.19,40194.92,39607.74,39616.63,,,,
2026-04-28,39531.93,40101.23,39521.73,39521.73,,,,
2026-04-29,39176.24,39548.18,38896.3,39303.5,,,,
2026-04-30,39571.46,39848.22,38926.63,38926.63,,,,
2026-05-04,39228.39,40755.52,39228.39,40705.14,,,,
2026-05-05,40708.4,40885.05,40522.78,40769.29,,,,
2026-05-06,40983.04,41575.84,40616.28,41138.85,,,,
2026-05-07,41259.96,42156.06,41259.96,41933.78,,,,
2026-05-08,41886.03,42038.6,41132.25,41603.94,,,,
2026-05-11,41714,42021.78,41529.25,41790.06,,,,
2026-05-12,41880.66,42253.42,41471.57,41898.32,,,,
2026-05-13,41795.92,41795.92,41014.53,41374.5,,,,
2026-05-14,41496.23,42205.62,41496.23,41751.75,,,,
2026-05-15,41830.42,42408.66,41016.73,41172.36,,,,
2026-05-18,41095.82,41095.82,40170.17,40891.82,,,,
2026-05-19,40883.42,40951.56,40168.51,40175.56,,,,
2026-05-20,40204.16,40439.04,39967.08,40020.82,,,,
2026-05-21,40263.18,41606.91,40263.18,41368.21,,,,
2026-05-22,41447.92,42357.6,41447.92,42267.97,,,,
2026-05-25,42667.87,43645.78,42667.87,43644.4,,,,
2026-05-26,43708.89,44097.63,43349.77,43525.37,,,,
2026-05-27,43842.26,44818.25,43842.26,44256.8,,,,
2026-05-28,44240.8,44954.09,43236.36,43636.44,,,,
2026-05-29,43815.48,44933.95,43815.48,44732.94,,,,
2026-06-01,44872.82,45931.1,44872.82,45337.91,,,,
2026-06-02,45388.93,45915.92,44869.38,45557.31,,,,
2026-06-03,45660.46,46552.16,45660.46,46459.16,,,,
2026-06-04,46364.07,46364.07,45677.46,45677.46,,,,
2026-06-05,45619.82,45619.82,44209.53,45070.94,,,,
2026-06-08,44507.49,44507.49,42376.86,43502.78,,,,
2026-06-09,43687.62,44821.71,43687.62,44704.44,,,,
2026-06-10,44581.45,44676.49,43225.54,43225.54,,,,
2026-06-11,43172.21,43463.03,42006.39,43149.46,,,,
2026-06-12,43587.63,44798.88,43587.63,44169.04,,,,
2026-06-15,44447.87,45483.63,44447.87,45396.99,,,,
2026-06-16,45500.08,45809.19,45266.34,45809.19,,,,
2026-06-17,45685.27,45877.39,45159.51,45877.39,,,,
2026-06-18,45972.26,46565.7,45972.26,46465.2,,,,
2026-06-22,46679.57,47871.19,46679.57,47741.51,,,,
2026-06-23,47795.09,48218.87,47100.65,47100.65,,,,
2026-06-24,46909.98,46909.98,45819.71,46043.6,,,,
