Date,Open,High,Low,Close,Volume,TradingValue,UpLimit,LowLimit
2001-01-03,6174.7,6174.7,6029.3,6039.9,,,,
2001-01-04,6039.9,6195.3,6039.9,6185.6,,,,
2001-01-05,6185.6,6239.6,6155,6198.1,,,,
2001-01-08,6198.1,6212.4,6137.7,6149.6,,,,
2001-01-09,6149.6,6195.9,6066.4,6088.1,,,,
2001-01-10,6088.1,6119.9,6040.4,6060.6,,,,
2001-01-11,6059.9,6114.9,6052.1,6114.9,,,,
2001-01-12,6114.9,6178.5,6109.8,6165.5,,,,
2001-01-15,6165.5,6193.4,6148.8,6170.3,,,,
2001-01-16,6170.3,6173.8,6076.7,6083.3,,,,
2001-01-17,6083.3,6205.5,6083.3,6197.4,,,,
2001-01-18,6197.4,6220.6,6174.8,6209.9,,,,
2001-01-19,6209.9,6276.4,6186.4,6209.3,,,,
2001-01-22,6209.3,6252.3,6162.9,6232,,,,
2001-01-23,6232,6232.3,6187.9,6214.7,,,,
2001-01-24,6214.7,6309.2,6214.7,6264.4,,,,
2001-01-25,6264.4,6296.9,6229.3,6255.6,,,,
2001-01-26,6255.6,6295,6223.8,6294.3,,,,
2001-01-29,6294.3,6335.1,6269.4,6317,,,,
2001-01-30,6317,6337.4,6300.2,6334.5,,,,
2001-01-31,6334.5,6360.3,6264.9,6297.5,,,,
2001-02-01,6297.5,6309.9,6233.4,6251.8,,,,
2001-02-02,6251.8,6290.6,6251.8,6256.4,,,,
2001-02-05,6256.4,6281.3,6237.1,6269.2,,,,
2001-02-06,6269.2,6306.7,6262.6,6293.4,,,,
2001-02-07,6293.4,6293.4,6197.3,6225.6,,,,
2001-02-08,6225.6,6265.5,6202.9,6206.1,,,,
2001-02-09,6206.1,6213.6,6153.1,6164.3,,,,
2001-02-12,6164.3,6241.4,6155.5,6241.4,,,,
2001-02-13,6241.4,6263.3,6209,6228.5,,,,
2001-02-14,6228.5,6228.5,6131.6,6176.2,,,,
2001-02-15,6176.2,6212.7,6155.5,6197.9,,,,
2001-02-16,6197.9,6197.9,6082.8,6088.3,,,,
2001-02-19,6088.3,6102.2,6065.2,6094,,,,
2001-02-20,6094,6134,5974.8,5980.1,,,,
2001-02-21,5980.1,5998.9,5921.7,5972.4,,,,
2001-02-22,5972.4,6011.3,5937.1,6003.1,,,,
2001-02-23,6003.1,6023.4,5904.7,5943.7,,,,
2001-02-26,5943.7,6003.5,5913.8,5916.7,,,,
2001-02-27,5916.7,5975.3,5906.9,5941.2,,,,
2001-02-28,5941.2,5997,5901.7,5917.9,,,,
2001-03-01,5917.9,5949.2,5868.1,5908.6,,,,
2001-03-02,5908.6,5924.1,5829.5,5858.6,,,,
2001-03-05,5858.6,5931.3,5856.9,5931.3,,,,
2001-03-06,5931.3,6027.6,5928,6012,,,,
2001-03-07,6012,6035.3,5969.6,6001.8,,,,
2001-03-08,6001.8,6050.4,5982,6003.2,,,,
2001-03-09,6003.2,6003.2,5908.9,5917.3,,,,
2001-03-12,5917.3,5917.3,5786.3,5826.5,,,,
2001-03-13,5826.5,5826.5,5720.7,5720.7,,,,
2001-03-14,5720.7,5742.1,5471.1,5625.9,,,,
2001-03-15,5625.9,5729.2,5594.8,5729.2,,,,
2001-03-16,5729.2,5729.2,5556.2,5562.8,,,,
2001-03-19,5562.8,5609.2,5536.4,5551.6,,,,
2001-03-20,5551.6,5646.8,5551.6,5646.8,,,,
2001-03-21,5646.8,5646.8,5496,5540.7,,,,
2001-03-22,5540.7,5540.7,5279.6,5314.8,,,,
2001-03-23,5314.8,5438,5314.8,5402.3,,,,
2001-03-26,5402.3,5580.7,5402.3,5576.6,,,,
2001-03-27,5576.6,5728.1,5546.1,5728.1,,,,
2001-03-28,5728.1,5728.2,5592.2,5614,,,,
2001-03-29,5614,5614,5519.9,5588.4,,,,
2001-03-30,5588.4,5664.8,5574.1,5633.7,,,,
2001-04-02,5633.7,5653.8,5558.8,5618.5,,,,
2001-04-03,5618.5,5618.5,5459.6,5463.1,,,,
2001-04-04,5463.1,5537.3,5354.3,5535.7,,,,
2001-04-05,5535.7,5658.9,5528.7,5621.8,,,,
2001-04-06,5621.8,5685.6,5543.1,5601.5,,,,
2001-04-09,5601.5,5679.7,5570.1,5663.3,,,,
2001-04-10,5663.3,5808.3,5663,5803,,,,
2001-04-11,5803,5841.3,5766.8,5788.1,,,,
2001-04-12,5788.1,5796,5735.2,5766.6,,,,
2001-04-17,5766.6,5774.5,5654.9,5761.1,,,,
2001-04-18,5761.1,5902.6,5760.7,5890.2,,,,
2001-04-19,5890.2,5943.4,5844.7,5871.6,,,,
2001-04-20,5871.6,5897.7,5819.7,5879.8,,,,
2001-04-23,5879.8,5889.1,5834.5,5871.3,,,,
2001-04-24,5871.3,5910.6,5824.3,5840.3,,,,
2001-04-25,5840.3,5840.3,5788.2,5827.5,,,,
2001-04-26,5827.5,5868.3,5777.6,5868.3,,,,
2001-04-27,5868.3,5976.9,5837.6,5951.4,,,,
2001-04-30,5951.4,5995.4,5948,5966.9,,,,
2001-05-01,5966.9,5966.9,5917,5928,,,,
2001-05-02,5928,5963.8,5896.4,5904.2,,,,
2001-05-03,5904.2,5904.2,5755.7,5765.8,,,,
2001-05-04,5765.8,5871.7,5753.9,5870.3,,,,
2001-05-08,5870.3,5893.7,5842.6,5886.4,,,,
2001-05-09,5886.4,5905.3,5826.8,5893.7,,,,
2001-05-10,5893.7,5987.5,5874.5,5964,,,,
2001-05-11,5964,5977.5,5890.4,5896.8,,,,
2001-05-14,5896.8,5896.8,5690.5,5690.5,,,,
2001-05-15,5690.5,5858.2,5690.5,5842.9,,,,
2001-05-16,5842.9,5884.7,5767.7,5884,,,,
2001-05-17,5884,5968.4,5884,5904.5,,,,
2001-05-18,5904.5,5942.2,5888.9,5915,,,,
2001-05-21,5915,5978.3,5897.8,5941.6,,,,
2001-05-22,5941.6,5993.7,5936.8,5976.6,,,,
2001-05-23,5976.6,5976.6,5897.4,5897.4,,,,
2001-05-24,5897.4,5950,5889.3,5915.9,,,,
2001-05-25,5915.9,5929.8,5859.8,5889.8,,,,
2001-05-29,5889.8,5906.6,5840.8,5863.9,,,,
2001-05-30,5863.9,5863.9,5788.9,5796.9,,,,
2001-05-31,5796.9,5829.8,5733.8,5796.1,,,,
2001-06-01,5796.1,5833.4,5766.6,5809.6,,,,
2001-06-04,5809.6,5861.8,5809.1,5856.5,,,,
2001-06-05,5856.5,5923.9,5842.2,5922.5,,,,
2001-06-06,5922.5,5959.7,5891.9,5901.5,,,,
2001-06-07,5901.5,5948.3,5887.4,5948.3,,,,
2001-06-08,5948.3,5981.8,5934.8,5950.6,,,,
2001-06-11,5950.6,5950.6,5858.3,5860.5,,,,
2001-06-12,5860.5,5879.5,5783.4,5804,,,,
2001-06-13,5804,5862.1,5804,5820.2,,,,
2001-06-14,5820.2,5820.2,5734.6,5752.5,,,,
2001-06-15,5752.5,5756.2,5657.7,5723,,,,
2001-06-18,5723,5723,5671.6,5671.6,,,,
2001-06-19,5671.6,5743.6,5667.2,5680.4,,,,
2001-06-20,5680.4,5711.9,5622.5,5699.6,,,,
2001-06-21,5699.6,5710.9,5641.4,5641.4,,,,
2001-06-22,5641.4,5695.1,5632.4,5665.7,,,,
2001-06-25,5665.7,5704.5,5638.4,5661.9,,,,
2001-06-26,5661.9,5666.3,5537.3,5555.7,,,,
2001-06-27,5555.7,5608.3,5555.7,5607.9,,,,
2001-06-28,5607.9,5645,5519.6,5638.4,,,,
2001-06-29,5638.4,5656.4,5604.8,5642.5,,,,
2001-07-02,5642.5,5723.4,5614.6,5716.7,,,,
2001-07-03,5716.7,5726.1,5630.3,5639.9,,,,
2001-07-04,5639.9,5644,5587.8,5600.5,,,,
2001-07-05,5600.5,5601.3,5509.7,5549.6,,,,
2001-07-06,5549.6,5549.6,5443.9,5479.2,,,,
2001-07-09,5479.2,5487.9,5420.5,5468.9,,,,
2001-07-10,5468.9,5509.4,5461.2,5467.9,,,,
2001-07-11,5467.9,5468.5,5380.4,5391.9,,,,
2001-07-12,5391.9,5497.6,5391.9,5481.6,,,,
2001-07-13,5481.6,5544.1,5439.6,5537,,,,
2001-07-16,5537,5537,5503.6,5517.1,,,,
2001-07-17,5517.1,5517.1,5408.4,5427.8,,,,
2001-07-18,5427.8,5431.9,5379,5404.6,,,,
2001-07-19,5404.6,5437.4,5322.2,5437.4,,,,
2001-07-20,5437.4,5437.4,5350.4,5387.1,,,,
2001-07-23,5387.1,5446.8,5365.8,5405.3,,,,
2001-07-24,5405.3,5412.8,5313,5320.2,,,,
2001-07-25,5320.2,5350.1,5260.5,5275.7,,,,
2001-07-26,5275.7,5322.7,5269.5,5286.1,,,,
2001-07-27,5286.1,5403.1,5286.1,5403.1,,,,
2001-07-30,5403.1,5456.9,5376.1,5446.7,,,,
2001-07-31,5446.7,5531.8,5408.8,5529.1,,,,
2001-08-01,5529.1,5549,5499.5,5546.9,,,,
2001-08-02,5546.9,5644.2,5533.8,5584.5,,,,
2001-08-03,5584.5,5590.2,5511.1,5547.6,,,,
2001-08-06,5547.6,5561.2,5516,5526.4,,,,
2001-08-07,5526.4,5546.6,5448.2,5536.8,,,,
2001-08-08,5536.8,5536.8,5434.3,5476.5,,,,
2001-08-09,5476.5,5476.5,5376.7,5402.9,,,,
2001-08-10,5402.9,5469,5398.5,5427.2,,,,
2001-08-13,5427.2,5465,5410.9,5431.1,,,,
2001-08-14,5431.1,5525.6,5430.6,5507.8,,,,
2001-08-15,5507.8,5533.2,5456.6,5461.6,,,,
2001-08-16,5461.6,5462.4,5389.8,5389.8,,,,
2001-08-17,5389.8,5428.9,5299.6,5342.1,,,,
2001-08-20,5342.1,5372.1,5286.7,5357.4,,,,
2001-08-21,5357.4,5435.3,5353.2,5430.3,,,,
2001-08-22,5430.3,5471.6,5373,5408.7,,,,
2001-08-23,5408.7,5433.4,5371,5396.5,,,,
2001-08-24,5396.5,5471.9,5385.3,5471.9,,,,
2001-08-28,5471.9,5475.5,5395.9,5434.7,,,,
2001-08-29,5434.7,5460.2,5384.3,5417.6,,,,
2001-08-30,5417.6,5435.7,5332.7,5332.7,,,,
2001-08-31,5332.7,5378,5298.3,5345,,,,
2001-09-03,5345,5366.9,5278.2,5312.1,,,,
2001-09-04,5312.1,5379.6,5291.3,5379.6,,,,
2001-09-05,5379.6,5379.6,5306.6,5316,,,,
2001-09-06,5316,5333,5189.8,5204.3,,,,
2001-09-07,5204.3,5206.8,5068.1,5070.3,,,,
2001-09-10,5070.3,5070.3,4895.9,5033.7,,,,
2001-09-12,4746,4882.1,4651.8,4882.1,,,,
2001-09-13,4882.1,4946.6,4847.5,4943.6,,,,
2001-09-14,4943.6,4970.1,4743,4755.7,,,,
2001-09-17,4755.7,4898.9,4670.5,4898.9,,,,
2001-09-18,4898.9,4899.4,4772.2,4848.7,,,,
2001-09-19,4848.7,4874,4697.4,4721.7,,,,
2001-09-20,4721.7,4743.8,4523.5,4556.9,,,,
2001-09-21,4556.9,4556.9,4219.8,4433.7,,,,
2001-09-24,4433.7,4615.5,4433.7,4613.9,,,,
2001-09-25,4613.9,4679.6,4515.3,4663.4,,,,
2001-09-26,4663.4,4715,4606.6,4696.1,,,,
2001-09-27,4696.1,4763.6,4651,4763.6,,,,
2001-09-28,4763.6,4920.5,4763.6,4903.4,,,,
2001-10-01,4903.4,4903.4,4768.1,4785.6,,,,
2001-10-02,4785.6,4833,4730.7,4832.3,,,,
2001-10-03,4832.3,4884.6,4758.5,4881.8,,,,
2001-10-04,4881.8,5034.3,4881.8,5016.2,,,,
2001-10-05,5016.2,5082.9,4962.1,5036,,,,
2001-10-08,5036,5051,4902.7,5032.7,,,,
2001-10-09,5032.7,5079.2,4997,5009.8,,,,
2001-10-10,5009.8,5153.1,4978.2,5153.1,,,,
2001-10-11,5153.1,5279.8,5136.9,5164.9,,,,
2001-10-12,5164.9,5187.5,5081.2,5145.5,,,,
2001-10-15,5145.5,5148.4,5046,5067.3,,,,
2001-10-16,5067.3,5158.7,5060.8,5082.6,,,,
2001-10-17,5082.6,5229.6,5082.6,5203.4,,,,
2001-10-18,5203.4,5203.4,5090.2,5116,,,,
2001-10-19,5116,5116,5003.9,5017.7,,,,
2001-10-22,5017.7,5078.2,5017.7,5070.4,,,,
2001-10-23,5070.4,5193.3,5070.4,5193.3,,,,
2001-10-24,5193.3,5265.5,5133,5167.6,,,,
2001-10-25,5167.6,5217,5043.2,5086.6,,,,
2001-10-26,5086.6,5188.6,5086.6,5188.6,,,,
2001-10-29,5188.6,5188.6,5083.3,5085.9,,,,
2001-10-30,5085.9,5085.9,4977.3,5003.6,,,,
2001-10-31,5003.6,5101.1,4954.9,5039.7,,,,
2001-11-01,5039.7,5071.2,4988.3,5071.2,,,,
2001-11-02,5071.2,5129.5,5071.2,5129.5,,,,
2001-11-05,5129.5,5213.8,5124,5209.1,,,,
2001-11-06,5209.1,5272.5,5184.8,5214.1,,,,
2001-11-07,5214.1,5246.4,5153.3,5216.3,,,,
2001-11-08,5216.3,5294.6,5208.4,5278.1,,,,
2001-11-09,5278.1,5278.1,5222.8,5244.2,,,,
2001-11-12,5244.2,5251.8,5065.3,5146.2,,,,
2001-11-13,5146.2,5284.3,5146.2,5277.1,,,,
2001-11-14,5277.1,5366.4,5214.3,5240.7,,,,
2001-11-15,5240.7,5297.1,5193.4,5238.2,,,,
2001-11-16,5238.2,5313.8,5226.1,5291,,,,
2001-11-19,5291,5383.2,5285.6,5338,,,,
2001-11-20,5338,5344.3,5283.5,5298.7,,,,
2001-11-21,5298.7,5367.6,5272.1,5313.8,,,,
2001-11-22,5313.8,5362.6,5313.8,5345.9,,,,
2001-11-23,5345.9,5358.5,5220.8,5293.2,,,,
2001-11-26,5293.2,5346,5273,5302.5,,,,
2001-11-27,5302.5,5332.5,5232.8,5266,,,,
2001-11-28,5266,5283.3,5182.2,5205.2,,,,
2001-11-29,5205.2,5213.2,5152.1,5208.5,,,,
2001-11-30,5208.5,5216.9,5146.5,5203.6,,,,
2001-12-03,5203.6,5203.6,5152.3,5164.6,,,,
2001-12-04,5164.6,5218.6,5164.6,5212.1,,,,
2001-12-05,5212.1,5338.2,5212.1,5333.5,,,,
2001-12-06,5333.5,5411.2,5327.3,5369.8,,,,
2001-12-07,5369.8,5388.8,5258.7,5264.7,,,,
2001-12-10,5264.7,5276.2,5172.2,5185,,,,
2001-12-11,5185,5194.4,5143.8,5160.8,,,,
2001-12-12,5160.8,5181.7,5106,5120,,,,
2001-12-13,5120,5134.1,5035.8,5074.9,,,,
2001-12-14,5074.9,5092.3,5032.3,5061,,,,
2001-12-17,5061,5151,5038.2,5136.3,,,,
2001-12-18,5136.3,5181.9,5124.9,5151.1,,,,
2001-12-19,5151.1,5157.8,5091.4,5120.6,,,,
2001-12-20,5120.6,5151,5080.1,5080.2,,,,
2001-12-21,5080.2,5182.2,5044.3,5159.2,,,,
2001-12-24,5159.2,5177.4,5147.2,5177.4,,,,
2001-12-27,5177.4,5213.2,5160.8,5213.2,,,,
2001-12-28,5213.2,5243.7,5196,5242.4,,,,
2001-12-31,5242.4,5258,5203.6,5217.4,,,,
2002-01-02,5217.4,5261.9,5195.2,5218.3,,,,
2002-01-03,5218.3,5328.4,5218.3,5318.8,,,,
2002-01-04,5318.8,5362.3,5313.9,5323.8,,,,
2002-01-07,5323.8,5354.2,5277.7,5293.6,,,,
2002-01-08,5293.6,5307.3,5238.7,5250.4,,,,
2002-01-09,5250.4,5250.4,5200.7,5228.5,,,,
2002-01-10,5228.5,5228.5,5177.6,5190.7,,,,
2002-01-11,5190.7,5229.5,5171.7,5198.6,,,,
2002-01-14,5198.6,5198.6,5095.6,5113.5,,,,
2002-01-15,5113.5,5175.4,5081.9,5166,,,,
2002-01-16,5166,5168.1,5106,5127.6,,,,
2002-01-17,5127.6,5180.3,5114.8,5138.4,,,,
2002-01-18,5138.4,5150.8,5103.2,5126.8,,,,
2002-01-21,5126.8,5146.5,5086,5138.5,,,,
2002-01-22,5138.5,5207.2,5124.1,5149.2,,,,
2002-01-23,5149.2,5201,5123.4,5180.6,,,,
2002-01-24,5180.6,5263.4,5180.6,5233.1,,,,
2002-01-25,5233.1,5233.1,5162.6,5193,,,,
2002-01-28,5193,5249.9,5193,5223.6,,,,
2002-01-29,5223.6,5243.2,5131.4,5131.4,,,,
2002-01-30,5131.4,5131.4,5052.8,5089.3,,,,
2002-01-31,5089.3,5176.4,5088.7,5164.8,,,,
2002-02-01,5164.8,5227.4,5164.8,5189.7,,,,
2002-02-04,5189.7,5189.7,5139.7,5167.3,,,,
2002-02-05,5167.3,5167.3,5056.8,5093.4,,,,
2002-02-06,5093.4,5106.9,5038.3,5073.8,,,,
2002-02-07,5073.8,5127,5038.3,5127,,,,
2002-02-08,5127,5147.7,5105,5128.1,,,,
2002-02-11,5128.1,5173.6,5128.1,5161.8,,,,
2002-02-12,5161.8,5216.9,5130.1,5135.7,,,,
2002-02-13,5135.7,5164.6,5097.7,5153.9,,,,
2002-02-14,5153.9,5238,5151.9,5208.7,,,,
2002-02-15,5208.7,5235.4,5174.8,5182.5,,,,
2002-02-18,5182.5,5195.7,5152.3,5154.3,,,,
2002-02-19,5154.3,5154.3,5089,5092.5,,,,
2002-02-20,5092.5,5092.5,5015.5,5024.1,,,,
2002-02-21,5024.1,5096.6,5024.1,5073.3,,,,
2002-02-22,5073.3,5074.1,5016,5050.8,,,,
2002-02-25,5050.8,5105.7,5047.9,5100.7,,,,
2002-02-26,5100.8,5157.4,5100.8,5139,,,,
2002-02-27,5139,5196.9,5129.6,5178.4,,,,
2002-02-28,5178.4,5178.4,5093.7,5101,,,,
2002-03-01,5101,5172.3,5101,5169,,,,
2002-03-04,5169,5270.7,5169,5242,,,,
2002-03-05,5242,5269.4,5208,5214,,,,
2002-03-06,5214,5251,5188.5,5245.5,,,,
2002-03-07,5245.5,5317.6,5245.5,5282.1,,,,
2002-03-08,5282.1,5328.6,5252.7,5285.7,,,,
2002-03-11,5285.7,5313.6,5257.3,5258.9,,,,
2002-03-12,5258.9,5258.9,5200.6,5252.5,,,,
2002-03-13,5252.5,5307.3,5237.6,5272,,,,
2002-03-14,5272,5272,5237.2,5261.4,,,,
2002-03-15,5261.4,5297.2,5243.5,5292.7,,,,
2002-03-18,5292.7,5320.8,5278.7,5299.9,,,,
2002-03-19,5299.9,5331.6,5299.9,5316.1,,,,
2002-03-20,5316.1,5316.1,5253.5,5266.9,,,,
2002-03-21,5266.9,5279.7,5240.1,5253.3,,,,
2002-03-22,5253.3,5268.4,5235.3,5250.5,,,,
2002-03-25,5250.5,5298.4,5203.6,5203.6,,,,
2002-03-26,5203.6,5222.2,5170.5,5195.5,,,,
2002-03-27,5195.5,5225.4,5189.4,5214.7,,,,
2002-03-28,5214.7,5286.4,5214.7,5271.8,,,,
2002-04-02,5271.8,5271.8,5231.5,5251.4,,,,
2002-04-03,5251.4,5268.4,5235.4,5247.8,,,,
2002-04-04,5247.8,5247.8,5187.7,5209.5,,,,
2002-04-05,5209.5,5261.1,5207,5233.6,,,,
2002-04-08,5233.6,5238.8,5149.3,5178.6,,,,
2002-04-09,5178.6,5213.2,5164.6,5179.6,,,,
2002-04-10,5179.6,5236.1,5155.1,5229.1,,,,
2002-04-11,5229.1,5243.7,5136.3,5137.4,,,,
2002-04-12,5137.4,5179.9,5137.4,5161,,,,
2002-04-15,5161,5209,5153.2,5201.4,,,,
2002-04-16,5201.4,5259.9,5201.4,5259.9,,,,
2002-04-17,5259.9,5292.3,5256.6,5263.9,,,,
2002-04-18,5263.9,5291.6,5229.4,5229.4,,,,
2002-04-19,5229.4,5248.9,5210.4,5243.6,,,,
2002-04-22,5243.6,5243.6,5209.5,5221.5,,,,
2002-04-23,5221.5,5241.6,5171.5,5191,,,,
2002-04-24,5191,5225.3,5169,5218.2,,,,
2002-04-25,5218.2,5218.2,5116,5197.5,,,,
2002-04-26,5197.5,5218,5141.9,5159,,,,
2002-04-29,5159,5171.4,5123.7,5153.9,,,,
2002-04-30,5153.9,5168.8,5131.9,5165.6,,,,
2002-05-01,5165.6,5177.7,5125,5125.5,,,,
2002-05-02,5125.5,5192.7,5125.5,5174.1,,,,
2002-05-03,5174.1,5236,5146.5,5203.1,,,,
2002-05-07,5203.1,5203.1,5082.7,5119.9,,,,
2002-05-08,5119.9,5209.1,5119.9,5209.1,,,,
2002-05-09,5209.1,5216.6,5178.3,5197.6,,,,
2002-05-10,5197.6,5204.3,5160.2,5171.2,,,,
2002-05-13,5171.2,5208.2,5147.5,5204.8,,,,
2002-05-14,5204.8,5260.9,5181.9,5239.5,,,,
2002-05-15,5239.5,5272.2,5236.7,5259.1,,,,
2002-05-16,5259.1,5278.9,5241.9,5248.5,,,,
2002-05-17,5248.5,5282.2,5211.9,5218,,,,
2002-05-20,5218,5246.5,5200.3,5208.1,,,,
2002-05-21,5208.1,5242.4,5187.6,5197.2,,,,
2002-05-22,5197.2,5200.5,5137,5151.9,,,,
2002-05-23,5151.9,5195.9,5129.4,5175.3,,,,
2002-05-24,5175.3,5197.1,5166.8,5169.1,,,,
2002-05-27,5169.1,5187.9,5136,5136.3,,,,
2002-05-28,5136.3,5169.1,5062.4,5074.2,,,,
2002-05-29,5074.2,5085.1,5056.4,5083,,,,
2002-05-30,5083,5083,5016.9,5040.8,,,,
2002-05-31,5040.8,5085.1,5036.3,5085.1,,,,
2002-06-05,5085.1,5085.1,4971.4,4989.1,,,,
2002-06-06,4989.1,5016.7,4951.4,4957.6,,,,
2002-06-07,4957.6,4957.6,4851.2,4920.4,,,,
2002-06-10,4920.4,4948.3,4905,4928.2,,,,
2002-06-11,4928.2,4943.7,4888.3,4934.8,,,,
2002-06-12,4934.8,4934.8,4850.8,4851.7,,,,
2002-06-13,4851.7,4882.8,4762.2,4771.9,,,,
2002-06-14,4771.9,4771.9,4565.4,4630.8,,,,
2002-06-17,4630.8,4761.7,4630.8,4756.8,,,,
2002-06-18,4756.8,4775.1,4697.7,4702,,,,
2002-06-19,4702,4702,4616.7,4652.4,,,,
2002-06-20,4652.4,4679.6,4568.4,4580.3,,,,
2002-06-21,4580.3,4641.4,4506.3,4605.3,,,,
2002-06-24,4605.3,4644.6,4537.7,4541.9,,,,
2002-06-25,4541.9,4648.1,4541.9,4631,,,,
2002-06-26,4631,4631,4442.9,4531,,,,
2002-06-27,4531,4589.6,4521,4540.6,,,,
2002-06-28,4540.6,4657.1,4540.6,4656.4,,,,
2002-07-01,4656.4,4708.7,4620.7,4685.8,,,,
2002-07-02,4685.8,4685.8,4530.7,4546.8,,,,
2002-07-03,4546.8,4572.7,4392.6,4392.6,,,,
2002-07-04,4392.6,4471.7,4392.6,4471.2,,,,
2002-07-05,4471.2,4618.8,4471.2,4615.6,,,,
2002-07-08,4615.6,4615.6,4552,4601.3,,,,
2002-07-09,4601.3,4636.1,4493,4542.9,,,,
2002-07-10,4542.9,4542.9,4420.1,4420.1,,,,
2002-07-11,4420.1,4420.1,4230,4230,,,,
2002-07-12,4230,4341.1,4171,4224.1,,,,
2002-07-15,4224.1,4258.7,3974.6,3994.5,,,,
2002-07-16,3994.5,4080,3860.3,4021.9,,,,
2002-07-17,4021.9,4200,3966.8,4190.6,,,,
2002-07-18,4190.6,4301.2,4168.1,4297.3,,,,
2002-07-19,4297.3,4297.3,4098.3,4098.3,,,,
2002-07-22,4098.3,4098.3,3895.5,3895.5,,,,
2002-07-23,3895.5,3994.4,3794.4,3858,,,,
2002-07-24,3858,3858,3625.9,3777.1,,,,
2002-07-25,3777.1,3965.9,3777.1,3965.9,,,,
2002-07-26,3965.9,4029.5,3854.2,4016.6,,,,
2002-07-29,4016.6,4202.7,4016.6,4202.7,,,,
2002-07-30,4202.7,4271.3,4133.7,4180.9,,,,
2002-07-31,4180.9,4306.1,4169.4,4246.2,,,,
2002-08-01,4246.2,4282.4,4043.5,4044.5,,,,
2002-08-02,4044.5,4102.5,4023.3,4075.5,,,,
2002-08-05,4075.5,4080.9,3946.4,3996.4,,,,
2002-08-06,3996.4,4136.1,3900.7,4131,,,,
2002-08-07,4131,4206.9,4069,4094.4,,,,
2002-08-08,4094.4,4240.5,4094.4,4240.5,,,,
2002-08-09,4240.5,4322.4,4190.4,4322.4,,,,
2002-08-12,4322.4,4322.4,4212.7,4221.6,,,,
2002-08-13,4221.6,4271.7,4162.5,4271.7,,,,
2002-08-14,4271.7,4271.7,4158.3,4171.1,,,,
2002-08-15,4171.1,4345.7,4171.1,4327.5,,,,
2002-08-16,4327.5,4382.3,4285.9,4330,,,,
2002-08-19,4330,4432.3,4307.7,4426.8,,,,
2002-08-20,4426.8,4452.4,4361.5,4368.9,,,,
2002-08-21,4368.9,4466.4,4348.9,4364.8,,,,
2002-08-22,4364.8,4437.2,4364.8,4434.7,,,,
2002-08-23,4434.7,4455.3,4389.8,4389.8,,,,
2002-08-27,4389.8,4464,4358.3,4449.7,,,,
2002-08-28,4449.7,4449.7,4274,4274,,,,
2002-08-29,4274,4274,4179.3,4209.3,,,,
2002-08-30,4209.3,4259.3,4173.5,4227.3,,,,
2002-09-02,4227.3,4227.3,4156.2,4180.9,,,,
2002-09-03,4180.9,4180.9,3991,4028.6,,,,
2002-09-04,4028.6,4071.6,3990.3,4026.9,,,,
2002-09-05,4026.9,4064.7,3918.6,4011,,,,
2002-09-06,4011,4138.3,3981.9,4107.2,,,,
2002-09-09,4107.2,4107.2,4035.5,4062.4,,,,
2002-09-10,4062.4,4177.6,4062.4,4175.5,,,,
2002-09-11,4175.5,4246.4,4129.4,4210.7,,,,
2002-09-12,4210.7,4210.7,4078.7,4084.9,,,,
2002-09-13,4084.9,4085.3,3927.8,4008,,,,
2002-09-16,4008,4068.4,3973.7,4044.3,,,,
2002-09-17,4044.3,4150.2,4014.7,4025.1,,,,
2002-09-18,4025.1,4025.1,3865.4,3865.4,,,,
2002-09-19,3865.4,3896.9,3781.6,3813.5,,,,
2002-09-20,3813.5,4064.1,3755.6,3860.1,,,,
2002-09-23,3860.1,3925.2,3717.8,3739.4,,,,
2002-09-24,3739.4,3761.1,3609.9,3671.1,,,,
2002-09-25,3671.1,3771.5,3624.2,3696.2,,,,
2002-09-26,3696.2,3850.6,3696.2,3850.6,,,,
2002-09-27,3850.6,3920.3,3831.2,3907.2,,,,
2002-09-30,3907.2,3907.2,3669.7,3721.8,,,,
2002-10-01,3721.8,3806.4,3690.4,3797.4,,,,
2002-10-02,3797.4,3925.6,3797.4,3905.2,,,,
2002-10-03,3905.2,3961.5,3855.5,3880.3,,,,
2002-10-04,3880.3,3886.2,3793.7,3813.8,,,,
2002-10-07,3813.8,3813.8,3733.4,3780.9,,,,
2002-10-08,3780.9,3840.5,3723.9,3730.5,,,,
2002-10-09,3730.5,3778.3,3704.3,3742.4,,,,
2002-10-10,3742.4,3780.4,3663.4,3777.3,,,,
2002-10-11,3777.3,3953.4,3777.3,3953.4,,,,
2002-10-14,3953.4,3992.6,3908.1,3931.6,,,,
2002-10-15,3931.6,4130.3,3931.6,4130.3,,,,
2002-10-16,4130.3,4179.6,4031.6,4057.7,,,,
2002-10-17,4057.7,4189,4057.7,4170.7,,,,
2002-10-18,4170.7,4197.5,4075.4,4130.5,,,,
2002-10-21,4130.5,4156.3,4086.5,4133.8,,,,
2002-10-22,4133.8,4184.6,4108.8,4118.9,,,,
2002-10-23,4118.9,4166.6,4006.9,4006.9,,,,
2002-10-24,4006.9,4107.7,4006.9,4103.7,,,,
2002-10-25,4103.7,4103.7,4019.8,4051.1,,,,
2002-10-28,4051.1,4147.9,4051.1,4090.5,,,,
2002-10-29,4090.5,4090.5,3919.4,3935.9,,,,
2002-10-30,3935.9,4002.7,3934.6,4002.7,,,,
2002-10-31,4002.7,4073,3978.7,4039.7,,,,
2002-11-01,4039.7,4039.7,3953.3,3997,,,,
2002-11-04,3997,4143.4,3997,4141.5,,,,
2002-11-05,4141.5,4146.1,4083.1,4146.1,,,,
2002-11-06,4146.1,4192.4,4101,4103.7,,,,
2002-11-07,4103.7,4147.1,4073.4,4081.3,,,,
2002-11-08,4081.3,4091.6,4026.2,4034.6,,,,
2002-11-11,4034.6,4044,3961,4015.6,,,,
2002-11-12,4015.6,4085,4013.9,4085,,,,
2002-11-13,4085,4085,3986.9,4029.4,,,,
2002-11-14,4029.4,4064,3985.4,4053.1,,,,
2002-11-15,4053.1,4117.4,4053.1,4091.6,,,,
2002-11-18,4091.6,4164.7,4087,4116,,,,
2002-11-19,4116,4116.9,4070.7,4096.5,,,,
2002-11-20,4096.5,4118.4,4069.3,4094.9,,,,
2002-11-21,4094.9,4194.8,4094.9,4190,,,,
2002-11-22,4190,4224.8,4162.8,4175.2,,,,
2002-11-25,4175.2,4197.7,4108,4122.2,,,,
2002-11-26,4122.2,4142.1,4058.3,4071,,,,
2002-11-27,4071,4146.2,4060.9,4144.2,,,,
2002-11-28,4144.2,4202.2,4138.9,4185.4,,,,
2002-11-29,4185.4,4206.8,4130.3,4169.4,,,,
2002-12-02,4169.4,4218.6,4149.8,4154.3,,,,
2002-12-03,4154.3,4154.3,4070.6,4075.4,,,,
2002-12-04,4075.4,4075.4,4023,4048.6,,,,
2002-12-05,4048.6,4109.9,4019.6,4032.4,,,,
2002-12-06,4032.4,4050.4,3931.9,4013.5,,,,
2002-12-09,4013.5,4039.8,3933.9,3933.9,,,,
2002-12-10,3933.9,3985.6,3912.1,3925,,,,
2002-12-11,3925,3995,3919.9,3974.9,,,,
2002-12-12,3974.9,3982.3,3916,3935.3,,,,
2002-12-13,3935.3,3961.8,3839.4,3878.1,,,,
2002-12-16,3878.1,3987.9,3846.8,3984,,,,
2002-12-17,3984,3999.8,3906.1,3908.7,,,,
2002-12-18,3908.7,3911.4,3827.8,3835.2,,,,
2002-12-19,3835.2,3907.2,3803.4,3841.4,,,,
2002-12-20,3841.4,3893.3,3841.4,3889.9,,,,
2002-12-23,3889.9,3936.9,3887.6,3936.9,,,,
2002-12-24,3936.9,3957.7,3923.4,3942.1,,,,
2002-12-27,3942.1,3944.1,3822.2,3829.4,,,,
2002-12-30,3829.4,3903.7,3805.1,3900.6,,,,
2002-12-31,3900.6,3949.1,3890.7,3940.4,,,,
2003-01-02,3940.4,4009.5,3915.8,4009.5,,,,
2003-01-03,4009.5,4027.6,3991.2,4004.9,,,,
2003-01-06,4004.9,4025.5,3930.9,4001.4,,,,
2003-01-07,4001.4,4015.4,3925.4,3957.4,,,,
2003-01-08,3957.4,3957.4,3906.8,3924.8,,,,
2003-01-09,3924.8,3942.5,3865.8,3934,,,,
2003-01-10,3934,3997.2,3926,3974.1,,,,
2003-01-13,3974.1,4020.2,3921.9,3948.3,,,,
2003-01-14,3948.3,3983.8,3924.3,3945.6,,,,
2003-01-15,3945.6,3963.2,3880.1,3887.8,,,,
2003-01-16,3887.8,3900.8,3863.1,3881.8,,,,
2003-01-17,3881.8,3881.8,3820.6,3820.6,,,,
2003-01-20,3820.6,3853.4,3774.1,3778.6,,,,
2003-01-21,3778.6,3815,3736.7,3736.7,,,,
2003-01-22,3736.7,3752.8,3658.4,3678,,,,
2003-01-23,3678,3721.7,3622.2,3622.2,,,,
2003-01-24,3622.2,3665.2,3583.7,3603.7,,,,
2003-01-27,3603.7,3603.7,3460.3,3480.8,,,,
2003-01-28,3480.8,3538.5,3464.1,3490,,,,
2003-01-29,3490,3493.7,3391.5,3483.8,,,,
2003-01-30,3483.8,3579.6,3483.8,3578.7,,,,
2003-01-31,3578.7,3580.5,3510.6,3567.4,,,,
2003-02-03,3567.4,3698.9,3567.4,3689.4,,,,
2003-02-04,3689.4,3689.4,3590.1,3590.1,,,,
2003-02-05,3590.1,3678.7,3569,3678.7,,,,
2003-02-06,3678.7,3689.7,3563.9,3597,,,,
2003-02-07,3597,3639.1,3568.4,3599.2,,,,
2003-02-10,3599.2,3626.4,3568.1,3579.1,,,,
2003-02-11,3579.1,3675,3579.1,3669.2,,,,
2003-02-12,3669.2,3669.2,3613.3,3616.1,,,,
2003-02-13,3616.1,3640.7,3568.7,3610.8,,,,
2003-02-14,3610.8,3683.6,3601.5,3611.9,,,,
2003-02-17,3611.9,3692.4,3611.9,3692.4,,,,
2003-02-18,3692.4,3747,3669.6,3729.5,,,,
2003-02-19,3729.5,3738.5,3657.9,3658.3,,,,
2003-02-20,3658.3,3724.7,3655.8,3687.2,,,,
2003-02-21,3687.2,3727.1,3660.2,3727.1,,,,
2003-02-24,3727.1,3746.5,3699.8,3701.8,,,,
2003-02-25,3701.8,3701.8,3592.1,3621.5,,,,
2003-02-26,3621.5,3652,3558.8,3593.3,,,,
2003-02-27,3593.3,3627.4,3535.1,3569.9,,,,
2003-02-28,3569.9,3655.6,3553.6,3655.6,,,,
2003-03-03,3655.6,3714.9,3640.8,3684.7,,,,
2003-03-04,3684.7,3684.7,3612.6,3625.3,,,,
2003-03-05,3625.3,3625.3,3558.8,3563.5,,,,
2003-03-06,3563.5,3590.3,3526.1,3555.4,,,,
2003-03-07,3555.4,3555.4,3467.2,3491.6,,,,
2003-03-10,3491.6,3502.4,3434.5,3436,,,,
2003-03-11,3436,3468.5,3400.3,3452.7,,,,
2003-03-12,3452.7,3466.4,3277.5,3287,,,,
2003-03-13,3287,3489.1,3287,3486.9,,,,
2003-03-14,3486.9,3612.9,3486.9,3601.8,,,,
2003-03-17,3601.8,3774.3,3525.3,3722.3,,,,
2003-03-18,3722.3,3810.8,3714,3747.3,,,,
2003-03-19,3747.3,3828.3,3716.5,3765.4,,,,
2003-03-20,3765.4,3790.7,3715.8,3765.7,,,,
2003-03-21,3765.7,3881.7,3765.7,3861.1,,,,
2003-03-24,3861.1,3861.1,3734.1,3743.3,,,,
2003-03-25,3743.3,3782.8,3660.4,3762,,,,
2003-03-26,3762,3809.5,3735,3793.1,,,,
2003-03-27,3793.1,3793.1,3711.5,3729.1,,,,
2003-03-28,3729.1,3752.6,3695.7,3708.5,,,,
2003-03-31,3708.5,3708.5,3580.9,3613.3,,,,
2003-04-01,3613.3,3691.8,3612.3,3684.8,,,,
2003-04-02,3684.8,3778.3,3682,3753.4,,,,
2003-04-03,3753.4,3808.5,3744.4,3771.1,,,,
2003-04-04,3771.1,3841.7,3751.7,3814.4,,,,
2003-04-07,3814.4,3962.2,3814.4,3935.8,,,,
2003-04-08,3935.8,3935.8,3868.5,3868.8,,,,
2003-04-09,3868.8,3907.1,3824.5,3861.4,,,,
2003-04-10,3861.4,3870.7,3803.2,3803.3,,,,
2003-04-11,3803.3,3871.4,3803.3,3808.1,,,,
2003-04-14,3808.1,3857.4,3800.7,3849.4,,,,
2003-04-15,3849.4,3926.5,3849.4,3916.8,,,,
2003-04-16,3916.8,3967.8,3849.5,3854.9,,,,
2003-04-17,3854.9,3904.6,3826.1,3889.2,,,,
2003-04-22,3889.2,3924.2,3873.9,3917.7,,,,
2003-04-23,3917.7,3997.3,3917.7,3966.5,,,,
2003-04-24,3966.5,3977.8,3892.2,3899,,,,
2003-04-25,3899,3919.4,3859.9,3870.2,,,,
2003-04-28,3870.2,3943,3855.5,3940.3,,,,
2003-04-29,3940.3,3976.2,3915,3927.8,,,,
2003-04-30,3927.8,3943,3912.3,3926,,,,
2003-05-01,3926,3926,3875.3,3880.1,,,,
2003-05-02,3880.1,3952.6,3880.1,3952.6,,,,
2003-05-06,3952.6,4007,3952.6,4006.4,,,,
2003-05-07,4006.4,4038.5,3981.7,3992.9,,,,
2003-05-08,3992.9,3992.9,3919.5,3928.9,,,,
2003-05-09,3928.9,3974.5,3912.8,3969.4,,,,
2003-05-12,3969.4,3991,3941.1,3987.4,,,,
2003-05-13,3987.4,4008.8,3976.1,3999.9,,,,
2003-05-14,3999.9,4023.2,3971.7,3975,,,,
2003-05-15,3975,4020.3,3965.6,4011.1,,,,
2003-05-16,4011.1,4080.8,4011.1,4049,,,,
2003-05-19,4049,4049,3932.5,3941.3,,,,
2003-05-20,3941.3,3985,3928.4,3971.6,,,,
2003-05-21,3971.6,3971.6,3907.8,3936.4,,,,
2003-05-22,3936.4,3990.4,3936.4,3990.4,,,,
2003-05-23,3990.4,4012,3954,3979.8,,,,
2003-05-27,3979.8,4000.7,3920.2,3992.4,,,,
2003-05-28,3992.4,4073.1,3992.4,4071.9,,,,
2003-05-29,4071.9,4095.5,4044.4,4083.6,,,,
2003-05-30,4083.6,4096,4048.1,4048.1,,,,
2003-06-02,4048.1,4129.3,4048.1,4129.3,,,,
2003-06-03,4129.3,4129.3,4074.4,4115.7,,,,
2003-06-04,4115.7,4143.5,4093.1,4126.6,,,,
2003-06-05,4126.6,4148.4,4083.1,4104.3,,,,
2003-06-06,4104.3,4178.5,4104.3,4150.8,,,,
2003-06-09,4150.8,4150.8,4101.1,4129.1,,,,
2003-06-10,4129.1,4132.4,4108.6,4113,,,,
2003-06-11,4113,4162.1,4113,4150.1,,,,
2003-06-12,4150.1,4193.6,4150,4161.3,,,,
2003-06-13,4161.3,4180.1,4124.9,4134.1,,,,
2003-06-16,4134.1,4174.3,4112.4,4152.9,,,,
2003-06-17,4152.9,4199.1,4152.9,4190.4,,,,
2003-06-18,4190.4,4218.8,4172.8,4207,,,,
2003-06-19,4207,4210.8,4128.7,4131.5,,,,
2003-06-20,4131.5,4169.1,4119,4160.1,,,,
2003-06-23,4160.1,4160.1,4081.3,4087.9,,,,
2003-06-24,4087.9,4094.9,4052.4,4060.9,,,,
2003-06-25,4060.9,4089.9,4049.8,4067.9,,,,
2003-06-26,4067.9,4077.2,4029.2,4041.7,,,,
2003-06-27,4041.7,4073.1,4040.8,4067.8,,,,
2003-06-30,4067.8,4099,4021.6,4031.2,,,,
2003-07-01,4031.2,4040.7,3951.5,3963.9,,,,
2003-07-02,3963.9,4025.8,3963.9,4006.9,,,,
2003-07-03,4006.9,4031.4,3980.3,4024.8,,,,
2003-07-04,4024.8,4031.4,4001.3,4021.5,,,,
2003-07-07,4021.5,4076.8,4021.1,4074.8,,,,
2003-07-08,4074.8,4088.2,4051.4,4073.6,,,,
2003-07-09,4073.6,4086.6,4048.6,4054.7,,,,
2003-07-10,4054.7,4068.2,4014.5,4028.8,,,,
2003-07-11,4028.8,4064.2,4013.7,4058.1,,,,
2003-07-14,4058.1,4135.9,4058.1,4127.6,,,,
2003-07-15,4127.6,4135.6,4102.5,4102.5,,,,
2003-07-16,4102.5,4132,4077.1,4077.1,,,,
2003-07-17,4077.1,4082.6,4031.9,4056.6,,,,
2003-07-18,4056.6,4090.3,4056.6,4073.2,,,,
2003-07-21,4073.2,4097.9,4043.8,4044.3,,,,
2003-07-22,4044.3,4079.7,4043.5,4079.7,,,,
2003-07-23,4079.7,4115.2,4077.9,4086.5,,,,
2003-07-24,4086.5,4155.2,4086.5,4149.6,,,,
2003-07-25,4149.6,4149.6,4116.3,4131.2,,,,
2003-07-28,4131.2,4183,4131.2,4148.8,,,,
2003-07-29,4148.8,4164.4,4125,4137,,,,
2003-07-30,4137,4159.3,4131.7,4141.2,,,,
2003-07-31,4141.2,4171,4114.1,4157,,,,
2003-08-01,4157,4157,4096.7,4098.4,,,,
2003-08-04,4098.4,4147.4,4086.2,4100.1,,,,
2003-08-05,4100.1,4131,4091.1,4121,,,,
2003-08-06,4121,4121,4044.9,4070.4,,,,
2003-08-07,4070.4,4095.6,4059.7,4095.6,,,,
2003-08-08,4095.6,4160.7,4095.6,4147.8,,,,
2003-08-11,4147.8,4181.7,4147.8,4176.7,,,,
2003-08-12,4176.7,4203.5,4170.9,4185.6,,,,
2003-08-13,4185.6,4216.8,4175.1,4180.7,,,,
2003-08-14,4180.7,4242.8,4180.7,4237.8,,,,
2003-08-15,4237.8,4266.4,4233.5,4247.3,,,,
2003-08-18,4247.3,4272.6,4244.6,4272.1,,,,
2003-08-19,4272.1,4286.9,4246.3,4250.8,,,,
2003-08-20,4250.8,4254.4,4196.5,4217.4,,,,
2003-08-21,4217.4,4250.4,4217.1,4223.5,,,,
2003-08-22,4223.5,4265.3,4222,4225.9,,,,
2003-08-26,4225.9,4227.8,4171.6,4177.4,,,,
2003-08-27,4177.4,4214.3,4177.4,4206.4,,,,
2003-08-28,4206.4,4229,4182.5,4198,,,,
2003-08-29,4198,4227.7,4161.1,4161.1,,,,
2003-09-01,4161.1,4222.1,4161.1,4204.4,,,,
2003-09-02,4204.4,4218.5,4193.3,4204.4,,,,
2003-09-03,4204.4,4279.1,4204.4,4262.1,,,,
2003-09-04,4262.1,4270.2,4240.7,4248.8,,,,
2003-09-05,4248.8,4261,4227.1,4257.2,,,,
2003-09-08,4257.2,4298,4250.3,4292.1,,,,
2003-09-09,4292.1,4293.7,4254.3,4263.9,,,,
2003-09-10,4263.9,4263.9,4240.7,4252.1,,,,
2003-09-11,4252.1,4266.2,4227.2,4242.2,,,,
2003-09-12,4242.2,4276.2,4229.6,4237.8,,,,
2003-09-15,4237.8,4277,4237.8,4260.9,,,,
2003-09-16,4260.9,4301.9,4259.5,4299,,,,
2003-09-17,4299,4329.6,4293,4293,,,,
2003-09-18,4293,4314.7,4284.4,4314.7,,,,
2003-09-19,4314.7,4321,4244.8,4257,,,,
2003-09-22,4257,4257,4198.2,4228.2,,,,
2003-09-23,4228.2,4251.4,4200.8,4221.7,,,,
2003-09-24,4221.7,4265.3,4221.7,4236.4,,,,
2003-09-25,4236.4,4236.4,4176.5,4202.2,,,,
2003-09-26,4202.2,4202.2,4146.4,4157.1,,,,
2003-09-29,4157.1,4190.7,4135.9,4142.7,,,,
2003-09-30,4142.7,4164,4081.8,4091.3,,,,
2003-10-01,4091.3,4169.2,4091.3,4169.2,,,,
2003-10-02,4169.2,4209.1,4169.2,4209.1,,,,
2003-10-03,4209.1,4285.4,4206.8,4274,,,,
2003-10-06,4274,4286,4260.2,4270.1,,,,
2003-10-07,4270.1,4275.6,4241.7,4272,,,,
2003-10-08,4272,4315.6,4257.5,4268.6,,,,
2003-10-09,4268.6,4316.8,4259.2,4313.9,,,,
2003-10-10,4313.9,4327,4291.4,4311,,,,
2003-10-13,4311,4362.3,4310.1,4362.3,,,,
2003-10-14,4362.3,4375,4323.9,4334.1,,,,
2003-10-15,4334.1,4393.8,4334.1,4368.8,,,,
2003-10-16,4368.8,4371.2,4326.4,4339.7,,,,
2003-10-17,4339.7,4360.1,4334.5,4344,,,,
2003-10-20,4344,4370.4,4329.4,4347.5,,,,
2003-10-21,4347.5,4377.6,4347.1,4352.3,,,,
2003-10-22,4352.3,4359.4,4266.1,4285.6,,,,
2003-10-23,4285.6,4285.6,4212.5,4240.2,,,,
2003-10-24,4240.2,4248.7,4219,4239,,,,
2003-10-27,4239,4267,4238.1,4251.3,,,,
2003-10-28,4251.3,4280.1,4251.3,4272.9,,,,
2003-10-29,4272.9,4293.1,4256.2,4265.7,,,,
2003-10-30,4265.7,4332.9,4260.3,4300.9,,,,
2003-10-31,4300.9,4300.9,4274,4287.6,,,,
2003-11-03,4287.6,4338.1,4286.1,4332.6,,,,
2003-11-04,4332.6,4352.6,4322.4,4330.3,,,,
2003-11-05,4330.3,4330.3,4288.1,4303.4,,,,
2003-11-06,4303.4,4337.7,4283.4,4324.2,,,,
2003-11-07,4324.2,4389.2,4324.2,4376.9,,,,
2003-11-10,4376.9,4376.9,4338.6,4341.8,,,,
2003-11-11,4341.8,4349.2,4313.5,4345.1,,,,
2003-11-12,4345.1,4372.7,4336.2,4371.2,,,,
2003-11-13,4371.2,4406.8,4361.2,4373,,,,
2003-11-14,4373,4412.9,4373,4397,,,,
2003-11-17,4397,4397,4337.3,4338.9,,,,
2003-11-18,4338.9,4375.3,4338.9,4354.7,,,,
2003-11-19,4354.7,4354.7,4316.1,4327.4,,,,
2003-11-20,4327.4,4356.5,4270.5,4308,,,,
2003-11-21,4308,4324,4295.6,4319,,,,
2003-11-24,4319,4384.5,4319,4382.4,,,,
2003-11-25,4382.4,4409.4,4378.1,4388.7,,,,
2003-11-26,4388.7,4423.6,4366.7,4370.3,,,,
2003-11-27,4370.3,4390.4,4350.7,4361.1,,,,
2003-11-28,4361.1,4380.2,4333.2,4342.6,,,,
2003-12-01,4342.6,4410,4342.6,4410,,,,
2003-12-02,4410,4416.5,4359.9,4378.9,,,,
2003-12-03,4378.9,4401.6,4373,4392,,,,
2003-12-04,4392,4392,4371.5,4378.2,,,,
2003-12-05,4378.2,4385.4,4337.7,4367,,,,
2003-12-08,4367,4367.3,4338.3,4359.8,,,,
2003-12-09,4359.8,4407.5,4359.8,4379.6,,,,
2003-12-10,4379.6,4379.6,4312.5,4335.4,,,,
2003-12-11,4335.4,4347.2,4316.2,4331.3,,,,
2003-12-12,4331.3,4366.8,4329.8,4347.6,,,,
2003-12-15,4347.6,4397.2,4347.6,4348,,,,
2003-12-16,4348,4351,4329,4333,,,,
2003-12-17,4333,4366.5,4333,4354.2,,,,
2003-12-18,4354.2,4402.7,4347.7,4397.3,,,,
2003-12-19,4397.3,4427.8,4389,4412.3,,,,
2003-12-22,4412.3,4431.5,4392.4,4424,,,,
2003-12-23,4424,4440.9,4411.5,4440.9,,,,
2003-12-24,4440.9,4457.4,4432.9,4444.7,,,,
2003-12-29,4444.7,4460.9,4432.8,4457.5,,,,
2003-12-30,4457.5,4477,4452.8,4470.4,,,,
2003-12-31,4470.4,4491.8,4470.4,4476.9,,,,
2004-01-02,4476.9,4518,4476.9,4510.2,,,,
2004-01-05,4510.2,4515.2,4494.9,4513.3,,,,
2004-01-06,4513.3,4522.9,4489.9,4505.2,,,,
2004-01-07,4505.2,4512.1,4466.2,4473,,,,
2004-01-08,4473,4520.1,4473,4494.2,,,,
2004-01-09,4494.2,4495.8,4445.1,4466.3,,,,
2004-01-12,4466.3,4466.3,4443.4,4449.6,,,,
2004-01-13,4449.6,4477.9,4436.6,4440.1,,,,
2004-01-14,4440.1,4464.5,4431.1,4461.4,,,,
2004-01-15,4461.4,4474,4443.3,4456.1,,,,
2004-01-16,4456.1,4491.7,4456.1,4487.9,,,,
2004-01-19,4487.9,4526.3,4487.7,4518.1,,,,
2004-01-20,4518.1,4527.5,4498.5,4499.3,,,,
2004-01-21,4499.3,4511.2,4486.9,4511.2,,,,
2004-01-22,4511.2,4531.4,4476.8,4476.8,,,,
2004-01-23,4476.8,4483,4438.6,4460.8,,,,
2004-01-26,4460.8,4482.5,4432.9,4445.5,,,,
2004-01-27,4445.5,4479.5,4444.8,4447,,,,
2004-01-28,4447,4474.2,4426.8,4468.1,,,,
2004-01-29,4468.1,4468.1,4410.2,4411.5,,,,
2004-01-30,4411.5,4436.2,4390.7,4390.7,,,,
2004-02-02,4390.7,4411.6,4366.9,4381.4,,,,
2004-02-03,4381.4,4392.1,4357.4,4390.6,,,,
2004-02-04,4390.6,4409.3,4369.1,4398.5,,,,
2004-02-05,4398.5,4404,4378.4,4384.4,,,,
2004-02-06,4384.4,4407.5,4384.1,4402.7,,,,
2004-02-09,4402.7,4436.8,4402.7,4434.4,,,,
2004-02-10,4434.4,4434.4,4400.8,4404.9,,,,
2004-02-11,4404.9,4416,4377.3,4396,,,,
2004-02-12,4396,4416.4,4370.2,4377.7,,,,
2004-02-13,4377.7,4423.9,4377.7,4412,,,,
2004-02-16,4412,4412.9,4389.9,4408.1,,,,
2004-02-17,4408.1,4465,4397.3,4461.5,,,,
2004-02-18,4461.5,4468.9,4442.9,4442.9,,,,
2004-02-19,4442.9,4517.3,4442.9,4515.6,,,,
2004-02-20,4515.6,4549.6,4499.2,4515,,,,
2004-02-23,4515,4556.4,4515,4524.3,,,,
2004-02-24,4524.3,4537.5,4476.7,4496.8,,,,
2004-02-25,4496.8,4513.9,4478.7,4507.5,,,,
2004-02-26,4507.5,4526.9,4500.5,4515.9,,,,
2004-02-27,4515.9,4556.9,4492.2,4492.2,,,,
2004-03-01,4492.2,4540.7,4492.2,4537,,,,
2004-03-02,4537,4559.2,4522.7,4540.1,,,,
2004-03-03,4540.1,4540.1,4508.1,4525.1,,,,
2004-03-04,4525.1,4562.8,4524.7,4559.1,,,,
2004-03-05,4559.1,4566.2,4521.5,4547.1,,,,
2004-03-08,4547.1,4562,4543.5,4553.8,,,,
2004-03-09,4553.8,4553.8,4529.2,4542,,,,
2004-03-10,4542,4549.8,4520.6,4545.3,,,,
2004-03-11,4545.3,4545.3,4429.2,4445.2,,,,
2004-03-12,4445.2,4468.4,4374.5,4467.4,,,,
2004-03-15,4467.4,4471.2,4412.9,4412.9,,,,
2004-03-16,4412.9,4438.7,4394.6,4428.9,,,,
2004-03-17,4428.9,4463,4412.8,4456.8,,,,
2004-03-18,4456.8,4460,4397.9,4397.9,,,,
2004-03-19,4397.9,4428.2,4397.9,4417.7,,,,
2004-03-22,4417.7,4417.7,4319.5,4333.8,,,,
2004-03-23,4333.8,4360.6,4318.5,4318.5,,,,
2004-03-24,4318.5,4341.4,4291.3,4309.4,,,,
2004-03-25,4309.4,4373.6,4309.4,4373.6,,,,
2004-03-26,4373.6,4386.9,4345,4357.5,,,,
2004-03-29,4357.5,4417.2,4357.5,4406.7,,,,
2004-03-30,4406.7,4415.9,4393.5,4412.8,,,,
2004-03-31,4412.8,4427.2,4382.8,4385.7,,,,
2004-04-01,4385.7,4419.4,4385.1,4410.7,,,,
2004-04-02,4410.7,4471.3,4408,4465.6,,,,
2004-04-05,4465.6,4483.1,4451.4,4480.7,,,,
2004-04-06,4480.7,4495.2,4462,4472.8,,,,
2004-04-07,4472.8,4499.8,4468.7,4468.7,,,,
2004-04-08,4468.7,4504.7,4468.7,4489.7,,,,
2004-04-13,4489.7,4525,4489.7,4515.8,,,,
2004-04-14,4515.8,4515.8,4456.2,4485.4,,,,
2004-04-15,4485.4,4512.1,4478.3,4505.5,,,,
2004-04-16,4505.5,4540.2,4505.1,4537.3,,,,
2004-04-19,4537.3,4548.2,4519.8,4546.2,,,,
2004-04-20,4546.2,4581.7,4546.2,4569,,,,
2004-04-21,4569,4569,4527.2,4539.9,,,,
2004-04-22,4539.9,4575.6,4524.5,4571.8,,,,
2004-04-23,4571.8,4601.6,4565.3,4570,,,,
2004-04-26,4570,4586.9,4566.3,4571.8,,,,
2004-04-27,4571.8,4582.3,4550.2,4575.7,,,,
2004-04-28,4575.7,4584.5,4524.5,4524.5,,,,
2004-04-29,4524.5,4540.8,4494.6,4519.5,,,,
2004-04-30,4519.5,4529,4489.7,4489.7,,,,
2004-05-04,4489.7,4553.8,4489.7,4547.2,,,,
2004-05-05,4547.2,4573.7,4528.6,4569.5,,,,
2004-05-06,4569.5,4571.1,4511.7,4516.2,,,,
2004-05-07,4516.2,4531.2,4463.2,4498.4,,,,
2004-05-10,4498.4,4498.4,4395.2,4395.2,,,,
2004-05-11,4395.2,4454.7,4395.2,4454.7,,,,
2004-05-12,4454.7,4457.7,4410,4412.9,,,,
2004-05-13,4412.9,4454.1,4412.9,4453.8,,,,
2004-05-14,4453.8,4453.8,4412.3,4441.8,,,,
2004-05-17,4441.8,4441.8,4363,4403,,,,
2004-05-18,4403,4422.1,4403,4414.4,,,,
2004-05-19,4414.4,4471.8,4414.4,4471.8,,,,
2004-05-20,4471.8,4471.8,4418.8,4428.7,,,,
2004-05-21,4428.7,4453.5,4414.4,4431.4,,,,
2004-05-24,4431.4,4466.5,4422.8,4428.9,,,,
2004-05-25,4428.9,4428.9,4396.6,4418,,,,
2004-05-26,4418,4460.6,4415.3,4438.3,,,,
2004-05-27,4438.3,4470.3,4429,4453.6,,,,
2004-05-28,4453.6,4471.3,4423.1,4430.7,,,,
2004-06-01,4430.7,4448.4,4411.4,4422.7,,,,
2004-06-02,4422.7,4462.1,4422.7,4422.8,,,,
2004-06-03,4422.8,4435.4,4400.7,4435.4,,,,
2004-06-04,4435.4,4457,4428.3,4454.4,,,,
2004-06-07,4454.4,4496.3,4454.4,4491.6,,,,
2004-06-08,4491.6,4515.2,4486.9,4504.8,,,,
2004-06-09,4504.8,4513.7,4481.2,4489.5,,,,
2004-06-10,4489.5,4494.4,4475.8,4486.1,,,,
2004-06-11,4486.1,4492.3,4463,4484,,,,
2004-06-14,4484,4484.1,4430.3,4433.2,,,,
2004-06-15,4433.2,4462.3,4433.2,4458.6,,,,
2004-06-16,4458.6,4508.3,4454.8,4491.1,,,,
2004-06-17,4491.1,4504.7,4482,4493.3,,,,
2004-06-18,4493.3,4510.5,4474.4,4505.8,,,,
2004-06-21,4505.8,4511.1,4485.1,4502.2,,,,
2004-06-22,4502.2,4502.2,4459.8,4468.5,,,,
2004-06-23,4468.5,4498.1,4468.5,4486.7,,,,
2004-06-24,4486.7,4516.7,4486.7,4503.2,,,,
2004-06-25,4503.2,4503.9,4485.2,4494.1,,,,
2004-06-28,4494.1,4535.1,4478.5,4518.7,,,,
2004-06-29,4518.7,4518.7,4492.1,4512.4,,,,
2004-06-30,4512.4,4512.8,4464.1,4464.1,,,,
2004-07-01,4464.1,4487.9,4424.7,4424.7,,,,
2004-07-02,4424.7,4430.9,4398.3,4407.4,,,,
2004-07-05,4407.4,4423.3,4403.3,4403.3,,,,
2004-07-06,4403.3,4414.3,4365.3,4370.7,,,,
2004-07-07,4370.7,4392.9,4354.7,4358.4,,,,
2004-07-08,4358.4,4383.4,4324.1,4381.1,,,,
2004-07-09,4381.1,4393.2,4356.8,4393.2,,,,
2004-07-12,4393.2,4395.6,4354.3,4360,,,,
2004-07-13,4360,4379.9,4352.6,4357.7,,,,
2004-07-14,4357.7,4373.2,4324.5,4372.6,,,,
2004-07-15,4372.6,4372.6,4340.7,4340.7,,,,
2004-07-16,4340.7,4357.4,4328.3,4339.2,,,,
2004-07-19,4339.2,4349.3,4321.1,4321.1,,,,
2004-07-20,4321.1,4348.8,4297.5,4339.4,,,,
2004-07-21,4339.4,4391.5,4339.4,4377.3,,,,
2004-07-22,4377.3,4377.3,4306.3,4306.3,,,,
2004-07-23,4306.3,4349.6,4306.3,4326.3,,,,
2004-07-26,4326.3,4333.5,4283.2,4287,,,,
2004-07-27,4287,4324.9,4287,4324.9,,,,
2004-07-28,4324.9,4370.9,4324.9,4356.2,,,,
2004-07-29,4356.2,4420,4356.2,4418.7,,,,
2004-07-30,4418.7,4425.3,4398,4413.1,,,,
2004-08-02,4413.1,4419.8,4390.9,4415.7,,,,
2004-08-03,4415.7,4429.7,4408.1,4429.7,,,,
2004-08-04,4429.7,4429.7,4376.8,4408.1,,,,
2004-08-05,4408.1,4432.5,4408.1,4413.4,,,,
2004-08-06,4413.4,4413.4,4337.9,4337.9,,,,
2004-08-09,4337.9,4349.2,4293.5,4314.4,,,,
2004-08-10,4314.4,4350.9,4313.1,4350.9,,,,
2004-08-11,4350.9,4356.9,4289.6,4312.2,,,,
2004-08-12,4312.2,4342.9,4312.2,4328.1,,,,
2004-08-13,4328.1,4334.4,4297,4301.5,,,,
2004-08-16,4301.5,4353.4,4283,4350.2,,,,
2004-08-17,4350.2,4373.7,4338.6,4358.7,,,,
2004-08-18,4358.7,4360.3,4331.6,4355.2,,,,
2004-08-19,4355.2,4381.4,4353.2,4362.6,,,,
2004-08-20,4362.6,4373.2,4349.5,4369.2,,,,
2004-08-23,4369.2,4423.7,4369.2,4405.3,,,,
2004-08-24,4405.3,4421.2,4402.4,4407.5,,,,
2004-08-25,4407.5,4419.3,4399.8,4411.6,,,,
2004-08-26,4411.6,4453.9,4411.6,4453.9,,,,
2004-08-27,4453.9,4490.1,4453.6,4490.1,,,,
2004-08-31,4490.1,4490.1,4458.8,4459.3,,,,
2004-09-01,4459.3,4502.4,4459.3,4502,,,,
2004-09-02,4502,4531.9,4487.5,4518.6,,,,
2004-09-03,4518.6,4553.4,4508.3,4550.8,,,,
2004-09-06,4550.8,4569.5,4547.1,4563.8,,,,
2004-09-07,4563.8,4572.3,4547.3,4565.6,,,,
2004-09-08,4565.6,4574,4553.6,4558.4,,,,
2004-09-09,4558.4,4558.4,4529.6,4538,,,,
2004-09-10,4538,4565.1,4538,4545,,,,
2004-09-13,4545,4568,4543.3,4558.5,,,,
2004-09-14,4558.1,4561.6,4539,4545.6,,,,
2004-09-15,4545.6,4575.2,4541.9,4548.4,,,,
2004-09-16,4548.4,4564,4545.1,4556.5,,,,
2004-09-17,4556.5,4602.1,4544.4,4591,,,,
2004-09-20,4591,4591,4562,4579.5,,,,
2004-09-21,4579.5,4615.9,4578.7,4608.4,,,,
2004-09-22,4608.4,4630.7,4592.3,4592.3,,,,
2004-09-23,4592.3,4598.6,4560.7,4568.3,,,,
2004-09-24,4568.3,4581.9,4557.2,4578.1,,,,
2004-09-27,4578.1,4578.1,4532,4541.2,,,,
2004-09-28,4541.2,4576.2,4528.1,4567.3,,,,
2004-09-29,4567.3,4600.9,4567.3,4588.1,,,,
2004-09-30,4588.1,4607.8,4569.1,4570.8,,,,
2004-10-01,4570.8,4663.9,4570.8,4659.6,,,,
2004-10-04,4659.6,4701.5,4659.6,4681.8,,,,
2004-10-05,4681.8,4714.9,4674.6,4707.1,,,,
2004-10-06,4707.1,4713.4,4689.2,4706.3,,,,
2004-10-07,4706.3,4732.9,4686,4698.7,,,,
2004-10-08,4698.7,4724.4,4679.7,4698.9,,,,
2004-10-11,4698.9,4706.9,4684.1,4685.5,,,,
2004-10-12,4685.5,4689.4,4634.4,4647.9,,,,
2004-10-13,4647.9,4675.8,4633.4,4634.8,,,,
2004-10-14,4634.8,4642.5,4617,4629.4,,,,
2004-10-15,4629.4,4629.9,4605.8,4622.7,,,,
2004-10-18,4622.7,4638.6,4610.9,4626.6,,,,
2004-10-19,4626.6,4675.8,4626.6,4655.2,,,,
2004-10-20,4655.2,4655.2,4599.3,4616.4,,,,
2004-10-21,4616.4,4642.3,4592.2,4617.4,,,,
2004-10-22,4617.4,4642.3,4614.2,4615.4,,,,
2004-10-25,4615.4,4615.4,4551.6,4564.5,,,,
2004-10-26,4564.5,4585.4,4562,4583.4,,,,
2004-10-27,4583.4,4630.6,4583.4,4630.1,,,,
2004-10-28,4630.1,4663.4,4620,4642.8,,,,
2004-10-29,4642.8,4649.1,4624.2,4624.2,,,,
2004-11-01,4624.2,4681.6,4624.2,4673.8,,,,
2004-11-02,4673.8,4696.9,4673.8,4693.2,,,,
2004-11-03,4693.2,4723.6,4693.2,4718.5,,,,
2004-11-04,4718.5,4728.3,4698.2,4728.3,,,,
2004-11-05,4728.3,4761.9,4728,4739.8,,,,
2004-11-08,4739.8,4739.8,4706.4,4716.6,,,,
2004-11-09,4716.6,4727,4712,4717.7,,,,
2004-11-10,4717.7,4746.4,4717.7,4734.5,,,,
2004-11-11,4734.5,4779.5,4728.7,4776.9,,,,
2004-11-12,4776.9,4798.7,4776.9,4793.9,,,,
2004-11-15,4793.9,4823.8,4789,4803.1,,,,
2004-11-16,4803.1,4807.8,4761.5,4770.4,,,,
2004-11-17,4770.4,4800.4,4770.2,4795.9,,,,
2004-11-18,4795.9,4818.3,4785.3,4805.3,,,,
2004-11-19,4805.3,4805.3,4756.5,4760.8,,,,
2004-11-22,4760.8,4760.8,4717.4,4733.1,,,,
2004-11-23,4733.1,4767.7,4733.1,4742.4,,,,
2004-11-24,4742.4,4750.9,4713.6,4719.4,,,,
2004-11-25,4719.4,4753.4,4719.4,4753.4,,,,
2004-11-26,4753.4,4753.4,4726.1,4741.5,,,,
2004-11-29,4741.5,4791,4739.5,4749.8,,,,
2004-11-30,4749.8,4759.9,4696.8,4703.2,,,,
2004-12-01,4703.2,4748.6,4703.1,4735.7,,,,
2004-12-02,4735.7,4758.5,4733.3,4751.2,,,,
2004-12-03,4751.2,4771.2,4734.8,4747.9,,,,
2004-12-06,4747.9,4747.9,4707.1,4722.8,,,,
2004-12-07,4722.8,4741.5,4717.3,4728.7,,,,
2004-12-08,4728.7,4728.7,4695.6,4703.9,,,,
2004-12-09,4703.9,4719.2,4675,4688.4,,,,
2004-12-10,4688.4,4719.2,4682.2,4694,,,,
2004-12-13,4694,4737.5,4688.7,4736.8,,,,
2004-12-14,4736.8,4755,4709.7,4722.8,,,,
2004-12-15,4722.8,4750.1,4722.8,4728.2,,,,
2004-12-16,4728.2,4747.7,4728.2,4735.2,,,,
2004-12-17,4735.2,4747.3,4689.6,4696.8,,,,
2004-12-20,4696.8,4744.4,4696.8,4731.1,,,,
2004-12-21,4731.1,4742.1,4731.1,4733,,,,
2004-12-22,4733,4783.7,4733,4777.4,,,,
2004-12-23,4777.4,4789.5,4774.9,4787.7,,,,
2004-12-24,4787.7,4807.8,4780.9,4798.1,,,,
2004-12-29,4798.1,4819.8,4787.4,4819.8,,,,
2004-12-30,4819.8,4826.2,4813.5,4820.1,,,,
2004-12-31,4820.1,4822.3,4801.1,4814.3,,,,
2005-01-04,4814.3,4851.6,4809.4,4847,,,,
2005-01-05,4847,4847,4806,4806,,,,
2005-01-06,4806,4833.3,4806,4824.3,,,,
2005-01-07,4824.3,4863.5,4819.8,4854.1,,,,
2005-01-10,4854.1,4858.9,4833.4,4840.7,,,,
2005-01-11,4840.7,4847.6,4805,4818.7,,,,
2005-01-12,4818.7,4823.2,4765.4,4783.6,,,,
2005-01-13,4783.6,4809.8,4782.5,4800.3,,,,
2005-01-14,4800.3,4831.6,4786.5,4820.8,,,,
2005-01-17,4820.8,4846.7,4820.8,4846.7,,,,
2005-01-18,4846.7,4852.8,4800.8,4823.9,,,,
2005-01-19,4823.9,4845.4,4817.5,4818.3,,,,
2005-01-20,4818.3,4818.3,4783.3,4800.8,,,,
2005-01-21,4800.8,4813.9,4785.6,4803.3,,,,
2005-01-24,4803.3,4814,4770.1,4812.5,,,,
2005-01-25,4812.5,4850,4803.7,4843.2,,,,
2005-01-26,4843.2,4860.3,4839,4847.1,,,,
2005-01-27,4847.1,4860.3,4835,4853.4,,,,
2005-01-28,4853.4,4860.4,4827.3,4832.8,,,,
2005-01-31,4832.8,4879.5,4832.8,4852.3,,,,
2005-02-01,4852.3,4906.2,4852.3,4906.2,,,,
2005-02-02,4906.2,4918.8,4897.5,4916.2,,,,
2005-02-03,4916.2,4924.1,4898.4,4908.3,,,,
2005-02-04,4908.3,4947.4,4908.3,4941.5,,,,
2005-02-07,4941.5,4982.8,4941.5,4979.8,,,,
2005-02-08,4979.8,4995.5,4968.7,4995.5,,,,
2005-02-09,4995.5,5003,4974.5,4990.4,,,,
2005-02-10,4990.4,5014.8,4977.3,5000,,,,
2005-02-11,5000.1,5045,5000.1,5044.2,,,,
2005-02-14,5044.2,5049.6,5030.5,5041.8,,,,
2005-02-15,5041.8,5065.7,5036.1,5058.9,,,,
2005-02-16,5058.9,5059.5,5035.5,5053.2,,,,
2005-02-17,5053.2,5077.6,5051.8,5057.4,,,,
2005-02-18,5057.4,5066.5,5045.5,5057.2,,,,
2005-02-21,5057.2,5077.8,5047.5,5060.8,,,,
2005-02-22,5060.8,5063.3,5013.2,5032.9,,,,
2005-02-23,5032.9,5032.9,4970.8,4988.5,,,,
2005-02-24,4988.5,5002.5,4972.1,4972.1,,,,
2005-02-25,4972.1,5010.8,4972.1,5006.8,,,,
2005-02-28,5006.8,5030.2,4968.4,4968.5,,,,
2005-03-01,4968.5,5004.9,4966.9,5000.5,,,,
2005-03-02,5000.5,5000.9,4965.9,4992.8,,,,
2005-03-03,4992.8,5024,4992.8,5014.8,,,,
2005-03-04,5014.8,5042,5011.7,5036.3,,,,
2005-03-07,5036.3,5041.3,5014.5,5027.2,,,,
2005-03-08,5027.2,5029.6,5001.9,5010.9,,,,
2005-03-09,5010.9,5038.9,4992.9,4996.1,,,,
2005-03-10,4996.1,4996.1,4956.8,4962.1,,,,
2005-03-11,4962.1,4991.6,4962.1,4982,,,,
2005-03-14,4982,4995,4947.9,4975,,,,
2005-03-15,4975,5006.1,4975,5000.2,,,,
2005-03-16,5000.2,5000.2,4928.1,4937.6,,,,
2005-03-17,4937.6,4952.9,4920,4922.1,,,,
2005-03-18,4922.1,4947.9,4922.1,4923.3,,,,
2005-03-21,4923.3,4952.2,4923.3,4933.5,,,,
2005-03-22,4933.5,4946.8,4908.5,4937.3,,,,
2005-03-23,4937.3,4937.3,4887.2,4910.4,,,,
2005-03-24,4910.4,4933.7,4904.5,4922.5,,,,
2005-03-29,4922.5,4924.3,4892.8,4919,,,,
2005-03-30,4919,4919,4886.5,4900.7,,,,
2005-03-31,4900.7,4933.8,4894.4,4894.4,,,,
2005-04-01,4894.4,4942,4894.4,4914,,,,
2005-04-04,4914,4923.3,4877,4896.7,,,,
2005-04-05,4896.7,4943.8,4896.7,4942.9,,,,
2005-04-06,4942.9,4953.6,4937.4,4947.4,,,,
2005-04-07,4947.4,4984.5,4947.4,4977,,,,
2005-04-08,4977,4994.1,4975,4983.6,,,,
2005-04-11,4983.6,4983.6,4964,4973.2,,,,
2005-04-12,4973.2,4973.8,4941.1,4946.2,,,,
2005-04-13,4946.2,4973.8,4946.2,4960.8,,,,
2005-04-14,4960.8,4960.8,4937,4945.4,,,,
2005-04-15,4945.4,4945.4,4891.6,4891.6,,,,
2005-04-18,4891.6,4891.6,4794.8,4827.1,,,,
2005-04-19,4827.1,4862.6,4827.1,4855.6,,,,
2005-04-20,4855.6,4873.6,4817.8,4822,,,,
2005-04-21,4822,4839.1,4805.5,4819.6,,,,
2005-04-22,4819.6,4859,4819.6,4849.3,,,,
2005-04-25,4849.3,4867.8,4841.3,4864.9,,,,
2005-04-26,4864.9,4879.6,4831.5,4845.5,,,,
2005-04-27,4845.5,4845.5,4780.6,4789.4,,,,
2005-04-28,4789.4,4820.7,4775.5,4790.2,,,,
2005-04-29,4790.2,4824.4,4773.7,4801.7,,,,
2005-05-03,4801.7,4862.9,4801.7,4861.2,,,,
2005-05-04,4861.2,4882.5,4847.9,4882.5,,,,
2005-05-05,4882.5,4917.6,4882.5,4902.3,,,,
2005-05-06,4902.3,4924.6,4897.6,4918.9,,,,
2005-05-09,4918.9,4928.7,4895.1,4910.3,,,,
2005-05-10,4910.3,4929.1,4880.2,4892.4,,,,
2005-05-11,4892.4,4896.6,4868.2,4875.4,,,,
2005-05-12,4875.4,4909.8,4875.4,4893.2,,,,
2005-05-13,4893.2,4893.2,4854.2,4886.5,,,,
2005-05-16,4886.5,4887.7,4869,4884.2,,,,
2005-05-17,4884.2,4902,4880.7,4898.5,,,,
2005-05-18,4898.5,4956.9,4898.5,4949.4,,,,
2005-05-19,4949.4,4972.9,4949.4,4962.7,,,,
2005-05-20,4962.7,4981.1,4962.7,4971.8,,,,
2005-05-23,4971.8,4991.6,4971.8,4989.8,,,,
2005-05-24,4989.8,4990.2,4974.2,4982.5,,,,
2005-05-25,4982.5,4983.6,4964.1,4971.5,,,,
2005-05-26,4971.5,5004.3,4956.8,4994.9,,,,
2005-05-27,4994.9,5002,4976.6,4986.3,,,,
2005-05-31,4986.3,4999.7,4964,4964,,,,
2005-06-01,4964,5011,4964,5011,,,,
2005-06-02,5011,5014.9,4996.5,5005,,,,
2005-06-03,5005,5016.6,4987.2,4999.4,,,,
2005-06-06,4999.4,5006.8,4976.2,4980.4,,,,
2005-06-07,4980.4,5027.9,4980.4,5025.2,,,,
2005-06-08,5025.2,5025.2,4995.1,5003.7,,,,
2005-06-09,5003.7,5009.8,4984.2,5009.2,,,,
2005-06-10,5009.2,5047.3,5009.2,5030.4,,,,
2005-06-13,5030.4,5051,5026.1,5050.4,,,,
2005-06-14,5050.4,5054.3,5037.5,5046.8,,,,
2005-06-15,5046.8,5060.8,5013.4,5019.5,,,,
2005-06-16,5019.5,5046.4,5019.5,5045,,,,
2005-06-17,5045,5098.5,5044.6,5077.6,,,,
2005-06-20,5077.6,5078,5057.9,5072,,,,
2005-06-21,5072,5091,5072,5082.1,,,,
2005-06-22,5082.1,5110.5,5076.6,5099.3,,,,
2005-06-23,5099.3,5121.9,5099.1,5114.4,,,,
2005-06-24,5114.4,5114.4,5069.1,5079,,,,
2005-06-27,5079,5079,5036.9,5043.5,,,,
2005-06-28,5043.5,5090.4,5043.5,5090.4,,,,
2005-06-29,5090.4,5119.5,5090.2,5109.1,,,,
2005-06-30,5109.1,5138.2,5097.1,5113.2,,,,
2005-07-01,5113.2,5162.6,5106.6,5161,,,,
2005-07-04,5161,5188.6,5161,5184.3,,,,
2005-07-05,5184.3,5194.2,5173.8,5190.1,,,,
2005-07-06,5190.1,5237.6,5190.1,5229.6,,,,
2005-07-07,5229.6,5229.6,5022.1,5158.3,,,,
2005-07-08,5158.3,5232.2,5158.3,5232.2,,,,
2005-07-11,5232.2,5257.9,5232.2,5242.4,,,,
2005-07-12,5242.4,5249.4,5216.2,5217.2,,,,
2005-07-13,5217.2,5252,5217.2,5245.9,,,,
2005-07-14,5245.9,5283.9,5245.9,5259.7,,,,
2005-07-15,5259.7,5261.5,5222.6,5230.8,,,,
2005-07-18,5230.8,5258.4,5212,5214.2,,,,
2005-07-19,5214.2,5230.9,5191,5201.5,,,,
2005-07-20,5201.5,5249.5,5193.5,5215.2,,,,
2005-07-21,5215.2,5256,5180.2,5221.6,,,,
2005-07-22,5221.6,5244.6,5202.7,5241.8,,,,
2005-07-25,5241.8,5273.5,5241.8,5270.7,,,,
2005-07-26,5270.7,5279.4,5253.9,5256.2,,,,
2005-07-27,5256.2,5275.2,5253.5,5263.6,,,,
2005-07-28,5263.6,5282.3,5262.3,5270.3,,,,
2005-07-29,5270.3,5308.6,5270.3,5282.3,,,,
2005-08-01,5282.3,5302.9,5282.3,5290.8,,,,
2005-08-02,5290.8,5330.6,5290.8,5327.5,,,,
2005-08-03,5327.5,5332.3,5304,5332.3,,,,
2005-08-04,5332.3,5335.4,5300,5315.5,,,,
2005-08-05,5315.5,5341.8,5306.7,5314.7,,,,
2005-08-08,5314.7,5351.3,5314.7,5344.3,,,,
2005-08-09,5344.3,5363.7,5342.7,5363.7,,,,
2005-08-10,5363.7,5386.4,5351.2,5377.5,,,,
2005-08-11,5377.5,5379.6,5355.1,5358.6,,,,
2005-08-12,5358.6,5374.4,5343.5,5345.8,,,,
2005-08-15,5345.8,5367.8,5339.4,5344.2,,,,
2005-08-16,5344.2,5358.7,5316.1,5322.3,,,,
2005-08-17,5322.3,5322.3,5284.1,5292.7,,,,
2005-08-18,5292.7,5304.7,5263.7,5269.3,,,,
2005-08-19,5269.3,5313.1,5269.3,5312.6,,,,
2005-08-22,5312.6,5329.7,5312.6,5318.4,,,,
2005-08-23,5318.4,5318.4,5294.8,5300.2,,,,
2005-08-24,5300.2,5300.2,5270,5275.2,,,,
2005-08-25,5275.2,5275.2,5248.8,5255.7,,,,
2005-08-26,5255.7,5282.1,5228.1,5228.1,,,,
2005-08-30,5228.1,5270.2,5228.1,5255.8,,,,
2005-08-31,5255.8,5300,5255.8,5296.9,,,,
2005-09-01,5296.9,5342.1,5296.9,5328.5,,,,
2005-09-02,5328.5,5338.1,5319.6,5326.8,,,,
2005-09-05,5326.8,5341.8,5320.6,5337.8,,,,
2005-09-06,5337.8,5366.6,5337.8,5359.2,,,,
2005-09-07,5359.2,5376.1,5358,5365.9,,,,
2005-09-08,5365.9,5365.9,5338.4,5340.8,,,,
2005-09-09,5340.8,5362.4,5340.3,5359.3,,,,
2005-09-12,5359.3,5380.7,5359.3,5375.1,,,,
2005-09-13,5375.1,5377.8,5329.3,5338,,,,
2005-09-14,5338,5349.7,5327.1,5347.4,,,,
2005-09-15,5347.4,5387.1,5342.5,5383.5,,,,
2005-09-16,5383.5,5418.7,5375.3,5407.9,,,,
2005-09-19,5407.9,5435.8,5388.3,5429.7,,,,
2005-09-20,5429.7,5446.6,5410.9,5416.4,,,,
2005-09-21,5416.4,5416.4,5369.7,5369.7,,,,
2005-09-22,5369.7,5395.5,5354.3,5385.7,,,,
2005-09-23,5385.7,5417.4,5383.6,5413.6,,,,
2005-09-26,5413.6,5456.9,5413.6,5453.1,,,,
2005-09-27,5453.1,5471.2,5442.7,5447.3,,,,
2005-09-28,5447.3,5494.8,5447.3,5494.8,,,,
2005-09-29,5494.8,5508.4,5467.1,5478.2,,,,
2005-09-30,5478.2,5506.1,5462.6,5477.7,,,,
2005-10-03,5477.7,5515,5474.9,5501.5,,,,
2005-10-04,5501.5,5501.5,5475.2,5494.4,,,,
2005-10-05,5494.4,5494.4,5427.8,5427.8,,,,
2005-10-06,5427.8,5427.8,5358.1,5372.4,,,,
2005-10-07,5372.4,5394.4,5355.7,5362.3,,,,
2005-10-10,5362.3,5395.8,5362.3,5374.5,,,,
2005-10-11,5374.5,5404.4,5373.9,5380.7,,,,
2005-10-12,5380.7,5380.7,5342.2,5342.2,,,,
2005-10-13,5342.2,5342.2,5256.3,5265.2,,,,
2005-10-14,5265.2,5293.8,5245.6,5275,,,,
2005-10-17,5275,5297.1,5272.5,5286.5,,,,
2005-10-18,5286.5,5303.2,5259.6,5263.9,,,,
2005-10-19,5263.9,5263.9,5167.8,5167.8,,,,
2005-10-20,5167.8,5234,5146.7,5164.1,,,,
2005-10-21,5164.1,5164.1,5130.9,5142.1,,,,
2005-10-24,5142.1,5210.1,5140.1,5207.6,,,,
2005-10-25,5207.6,5222.4,5182.1,5182.1,,,,
2005-10-26,5182.1,5236.5,5182.1,5227.8,,,,
2005-10-27,5227.8,5227.8,5168.2,5182.8,,,,
2005-10-28,5182.8,5226.9,5157.6,5213.4,,,,
2005-10-31,5213.4,5318.4,5213.4,5317.3,,,,
2005-11-01,5317.3,5350.3,5304.9,5344.3,,,,
2005-11-02,5344.3,5364.7,5316,5358.6,,,,
2005-11-03,5358.6,5431.9,5358.6,5431.9,,,,
2005-11-04,5431.9,5446.4,5418,5423.6,,,,
2005-11-07,5423.6,5471,5415.5,5460.8,,,,
2005-11-08,5460.8,5481.7,5451.1,5460.9,,,,
2005-11-09,5460.9,5469.4,5439,5439.8,,,,
2005-11-10,5439.8,5463.9,5423.5,5423.5,,,,
2005-11-11,5423.5,5468.8,5423.5,5465.1,,,,
2005-11-14,5465.1,5485.9,5455.6,5470,,,,
2005-11-15,5470,5470,5424.6,5439.6,,,,
2005-11-16,5439.6,5442.2,5391.7,5430,,,,
2005-11-17,5430,5480.1,5430,5460,,,,
2005-11-18,5460,5531.6,5460,5498.9,,,,
2005-11-21,5498.9,5509.4,5486.2,5497.9,,,,
2005-11-22,5497.9,5522.4,5497.9,5517.2,,,,
2005-11-23,5517.2,5532.7,5507.1,5531.7,,,,
2005-11-24,5531.7,5539,5499.5,5511,,,,
2005-11-25,5511,5531.4,5511,5523.8,,,,
2005-11-28,5523.8,5554.9,5477.4,5477.4,,,,
2005-11-29,5477.4,5507.4,5451.3,5491,,,,
2005-11-30,5491,5491,5423.2,5423.2,,,,
2005-12-01,5423.2,5494.7,5423.2,5486.1,,,,
2005-12-02,5486.1,5528.1,5485,5528.1,,,,
2005-12-05,5528.1,5532.5,5498.3,5510.4,,,,
2005-12-06,5510.4,5546.9,5505.9,5538.8,,,,
2005-12-07,5538.8,5574,5518.4,5528.8,,,,
2005-12-08,5528.8,5531.9,5492.8,5531.1,,,,
2005-12-09,5531.1,5531.1,5504.4,5517.4,,,,
2005-12-12,5517.4,5548.8,5494.2,5501.5,,,,
2005-12-13,5501.5,5527.2,5499.2,5507.2,,,,
2005-12-14,5507.2,5525,5503.5,5521.1,,,,
2005-12-15,5521.1,5530.2,5489.3,5495.3,,,,
2005-12-16,5495.3,5552.6,5495.3,5531.6,,,,
2005-12-19,5531.6,5548.4,5525.7,5539.8,,,,
2005-12-20,5539.8,5552.2,5524.7,5547.9,,,,
2005-12-21,5547.9,5590.2,5547.9,5587.4,,,,
2005-12-22,5587.4,5599.3,5584.8,5597,,,,
2005-12-23,5597,5608.2,5588,5595.4,,,,
2005-12-28,5595.4,5622.8,5591.9,5622.8,,,,
2005-12-29,5622.8,5647.2,5622.8,5638.3,,,,
2005-12-30,5638.3,5640,5596.8,5618.8,,,,
2006-01-03,5618.8,5682.2,5618.8,5681.5,,,,
2006-01-04,5681.5,5716.4,5681.5,5714.6,,,,
2006-01-05,5714.6,5722.4,5686.4,5691.2,,,,
2006-01-06,5691.2,5731.8,5691.2,5731.8,,,,
2006-01-09,5731.8,5750.3,5725.9,5731.5,,,,
2006-01-10,5731.5,5731.5,5686.1,5688.8,,,,
2006-01-11,5688.8,5731.5,5688.8,5731.5,,,,
2006-01-12,5731.5,5744.6,5724.9,5735.1,,,,
2006-01-13,5735.1,5735.1,5690.9,5711,,,,
2006-01-16,5711,5740.2,5707.2,5740.2,,,,
2006-01-17,5740.2,5740.2,5693.1,5699,,,,
2006-01-18,5699,5699,5634.8,5663.7,,,,
2006-01-19,5663.7,5710,5663.7,5693.2,,,,
2006-01-20,5693.2,5729.8,5666.5,5672.4,,,,
2006-01-23,5672.4,5672.4,5625,5660.9,,,,
2006-01-24,5660.9,5679,5630.4,5633.8,,,,
2006-01-25,5633.8,5704.4,5633.8,5704.4,,,,
2006-01-26,5704.4,5744,5698.5,5722.6,,,,
2006-01-27,5722.6,5788.2,5722.6,5786.8,,,,
2006-01-30,5786.8,5796.1,5772.7,5779.8,,,,
2006-01-31,5779.8,5792.5,5760.3,5760.3,,,,
2006-02-01,5760.3,5816,5746.2,5801.6,,,,
2006-02-02,5801.6,5811.8,5743,5747.3,,,,
2006-02-03,5747.3,5766.7,5728.2,5759.3,,,,
2006-02-06,5759.3,5790.4,5759.3,5772.4,,,,
2006-02-07,5772.4,5781.3,5734.7,5746.8,,,,
2006-02-08,5746.8,5746.8,5681.9,5725.1,,,,
2006-02-09,5725.1,5808.9,5725.1,5808.7,,,,
2006-02-10,5808.7,5808.7,5764.1,5764.1,,,,
2006-02-13,5764.1,5793.5,5760.3,5793.5,,,,
2006-02-14,5793.5,5828.6,5773.7,5792.3,,,,
2006-02-15,5792.3,5814.5,5780.9,5791.5,,,,
2006-02-16,5791.5,5828.9,5791.5,5828.9,,,,
2006-02-17,5828.9,5863.3,5822.4,5846.2,,,,
2006-02-20,5846.2,5866.7,5839.4,5863,,,,
2006-02-21,5863,5888,5856.9,5857.7,,,,
2006-02-22,5857.7,5877.6,5836.8,5872.4,,,,
2006-02-23,5872.4,5878.8,5829.4,5836,,,,
2006-02-24,5836,5864,5836,5860.5,,,,
2006-02-27,5860.5,5893.3,5860.5,5875.9,,,,
2006-02-28,5875.9,5877.4,5788.7,5791.5,,,,
2006-03-01,5791.5,5844.1,5783.9,5844.1,,,,
2006-03-02,5844.1,5880,5803.7,5833,,,,
2006-03-03,5833,5864,5803.8,5858.7,,,,
2006-03-06,5858.7,5924.5,5858.7,5897.8,,,,
2006-03-07,5897.8,5897.8,5830.7,5857.4,,,,
2006-03-08,5857.4,5857.6,5790.9,5812.9,,,,
2006-03-09,5812.9,5857.1,5812.9,5855.9,,,,
2006-03-10,5855.9,5909.1,5838.2,5907.9,,,,
2006-03-13,5907.9,5959.9,5907.9,5952.8,,,,
2006-03-14,5952.8,5978.6,5940.7,5950.6,,,,
2006-03-15,5950.6,5980.5,5950.6,5965.1,,,,
2006-03-16,5965.1,5995.2,5951,5993.2,,,,
2006-03-17,5993.2,6044,5992.8,5999.4,,,,
2006-03-20,5999.4,6039.1,5986.9,5991.7,,,,
2006-03-21,5991.7,5992.9,5956.7,5991.3,,,,
2006-03-22,5991.3,6012.6,5957.8,6007.5,,,,
2006-03-23,6007.5,6029.4,5974.8,5990.1,,,,
2006-03-24,5990.1,6037.9,5990.1,6036.3,,,,
2006-03-27,6036.3,6047,5971.4,5972.2,,,,
2006-03-28,5972.2,6004.3,5929.7,5935.7,,,,
2006-03-29,5935.7,5979.7,5927.2,5959.2,,,,
2006-03-30,5959.2,6036,5959.2,6015.2,,,,
2006-03-31,6015.2,6019.2,5961.4,5964.6,,,,
2006-04-03,5964.6,6033.5,5964.6,6024.3,,,,
2006-04-04,6024.3,6024.3,5984.3,6004.7,,,,
2006-04-05,6004.7,6047.5,5983.5,6044.1,,,,
2006-04-06,6044.1,6073.3,6037.6,6045.7,,,,
2006-04-07,6045.7,6074.2,6020.6,6026.1,,,,
2006-04-10,6026.1,6067,6024.3,6067,,,,
2006-04-11,6067,6092.5,6012.9,6016.5,,,,
2006-04-12,6016.5,6020,5974.5,6000.8,,,,
2006-04-13,6000.8,6033.7,5987.2,6029.4,,,,
2006-04-18,6029.4,6056.1,6026.1,6044.1,,,,
2006-04-19,6044.1,6100.6,6044.1,6089.8,,,,
2006-04-20,6089.8,6113.4,6074.2,6081.4,,,,
2006-04-21,6081.4,6137.1,6077.9,6132.7,,,,
2006-04-24,6132.7,6136.5,6098.7,6098.7,,,,
2006-04-25,6098.7,6128.8,6084.6,6086.6,,,,
2006-04-26,6086.6,6126.5,6086.6,6104.3,,,,
2006-04-27,6104.3,6104.6,6026.2,6060,,,,
2006-04-28,6060,6060,6023.1,6023.1,,,,
2006-05-02,6023.1,6090.7,6022.3,6082.1,,,,
2006-05-03,6082.1,6100,6008.7,6010,,,,
2006-05-04,6010,6045.8,6001.1,6036.9,,,,
2006-05-05,6036.9,6093.1,6033.9,6091.7,,,,
2006-05-08,6091.7,6133.5,6058.8,6067.1,,,,
2006-05-09,6067.1,6109.7,6054.6,6105.6,,,,
2006-05-10,6105.6,6110,6079.6,6083.4,,,,
2006-05-11,6083.4,6114.5,6039.9,6042,,,,
2006-05-12,6042,6042,5912.1,5912.1,,,,
2006-05-15,5912.1,5912.1,5755.4,5841.3,,,,
2006-05-16,5841.3,5883.2,5807.1,5846.2,,,,
2006-05-17,5846.2,5871.6,5675.5,5675.5,,,,
2006-05-18,5675.5,5719.7,5618.7,5671.6,,,,
2006-05-19,5671.6,5715,5645.4,5657.4,,,,
2006-05-22,5657.4,5657.4,5510.5,5532.7,,,,
2006-05-23,5532.7,5705.9,5532.7,5678.7,,,,
2006-05-24,5678.7,5678.7,5563.5,5587.1,,,,
2006-05-25,5587.1,5677.7,5562,5677.7,,,,
2006-05-26,5677.7,5791,5677.7,5791,,,,
2006-05-30,5791,5793.6,5643.3,5652,,,,
2006-05-31,5652,5743.8,5591.5,5723.8,,,,
2006-06-01,5723.8,5754.8,5680.6,5749.7,,,,
2006-06-02,5749.7,5802.9,5745.7,5764.6,,,,
2006-06-05,5764.6,5789.8,5738.9,5762.1,,,,
2006-06-06,5762.1,5762.1,5656.6,5669.8,,,,
2006-06-07,5669.8,5720.6,5638.5,5706.3,,,,
2006-06-08,5706.3,5706.3,5562.9,5562.9,,,,
2006-06-09,5562.9,5673.6,5562.9,5655.2,,,,
2006-06-12,5655.2,5666.3,5612.3,5620.9,,,,
2006-06-13,5620.9,5620.9,5467.4,5519.6,,,,
2006-06-14,5519.6,5544.4,5475.6,5506.8,,,,
2006-06-15,5506.8,5636.8,5506.8,5619.3,,,,
2006-06-16,5619.3,5701.5,5594.3,5597.4,,,,
2006-06-19,5597.4,5665.7,5597.4,5626.1,,,,
2006-06-20,5626.1,5658.2,5585,5658.2,,,,
2006-06-21,5658.2,5673.5,5610.8,5665,,,,
2006-06-22,5665,5736.8,5657.2,5684.1,,,,
2006-06-23,5684.1,5716.7,5667.8,5692.1,,,,
2006-06-26,5692.1,5716.5,5677.5,5681.2,,,,
2006-06-27,5681.2,5729.8,5650,5652.3,,,,
2006-06-28,5652.3,5702.9,5633.8,5678.6,,,,
2006-06-29,5678.6,5791.7,5678.6,5791.5,,,,
2006-06-30,5791.5,5865.7,5791.5,5833.4,,,,
2006-07-03,5833.4,5884.4,5833.4,5884.4,,,,
2006-07-04,5884.4,5884.5,5848.3,5883.5,,,,
2006-07-05,5883.5,5883.5,5815.7,5826.7,,,,
2006-07-06,5826.7,5897.1,5826.7,5890,,,,
2006-07-07,5890,5908.5,5858.4,5888.9,,,,
2006-07-10,5888.9,5901,5856.5,5896.9,,,,
2006-07-11,5896.9,5896.9,5844,5857.3,,,,
2006-07-12,5857.3,5899.3,5842.7,5860.6,,,,
2006-07-13,5860.6,5860.6,5751.9,5765,,,,
2006-07-14,5765,5765,5707.6,5707.6,,,,
2006-07-17,5707.6,5721.1,5654.6,5701,,,,
2006-07-18,5701,5712.6,5658.3,5681.7,,,,
2006-07-19,5681.7,5785.3,5680.8,5778,,,,
2006-07-20,5778,5819.7,5756.4,5770.9,,,,
2006-07-21,5770.9,5770.9,5700.7,5719.7,,,,
2006-07-24,5719.7,5835.2,5719.7,5833.9,,,,
2006-07-25,5833.9,5872.8,5825.8,5851.2,,,,
2006-07-26,5851.2,5878.7,5851.2,5877.1,,,,
2006-07-27,5877.1,5936.8,5877.1,5929.5,,,,
2006-07-28,5929.5,5982.5,5904.7,5974.9,,,,
2006-07-31,5974.9,5977.2,5928.3,5928.3,,,,
2006-08-01,5928.3,5949.8,5867.4,5880.8,,,,
2006-08-02,5880.8,5932.1,5880.8,5932.1,,,,
2006-08-03,5932.1,5940.7,5827.1,5838.4,,,,
2006-08-04,5838.4,5893.3,5836.5,5889.4,,,,
2006-08-07,5889.4,5889.4,5820.9,5828.8,,,,
2006-08-08,5828.8,5866.6,5818.1,5818.1,,,,
2006-08-09,5818.1,5865.9,5778.2,5860.5,,,,
2006-08-10,5860.5,5860.5,5752.6,5823.4,,,,
2006-08-11,5823.4,5848.2,5797,5820.1,,,,
2006-08-14,5820.1,5870.9,5820.1,5870.9,,,,
2006-08-15,5870.9,5903.2,5845,5897.9,,,,
2006-08-16,5897.9,5902.8,5848.7,5896.6,,,,
2006-08-17,5896.6,5915,5888.8,5900.4,,,,
2006-08-18,5900.4,5932.5,5900.2,5903.4,,,,
2006-08-21,5903.4,5936.6,5883.8,5915.2,,,,
2006-08-22,5915.2,5939.2,5878.4,5902.6,,,,
2006-08-23,5902.6,5906.3,5853.8,5860,,,,
2006-08-24,5860,5892.3,5832.5,5869.1,,,,
2006-08-25,5869.1,5893.6,5858.6,5878.6,,,,
2006-08-29,5878.6,5921.3,5878.6,5888.3,,,,
2006-08-30,5888.3,5945.3,5888.2,5929.3,,,,
2006-08-31,5929.3,5937,5895,5906.1,,,,
2006-09-01,5906.1,5967.7,5906.1,5949.1,,,,
2006-09-04,5949.1,5986.6,5947.7,5986.6,,,,
2006-09-05,5986.6,5991.2,5956.3,5981.7,,,,
2006-09-06,5981.7,5981.7,5926.2,5929.3,,,,
2006-09-07,5929.3,5929.3,5853.3,5858.1,,,,
2006-09-08,5858.1,5899,5858.1,5879.3,,,,
2006-09-11,5879.3,5879.3,5820,5850.8,,,,
2006-09-12,5850.8,5896.9,5824.2,5895.5,,,,
2006-09-13,5895.5,5913.4,5874.5,5892.2,,,,
2006-09-14,5892.2,5943.7,5869,5877.2,,,,
2006-09-15,5877.2,5899.2,5864.8,5877,,,,
2006-09-18,5877,5911.9,5870.4,5890.2,,,,
2006-09-19,5890.2,5897.4,5831.8,5831.8,,,,
2006-09-20,5831.8,5880.8,5820.9,5866.2,,,,
2006-09-21,5866.2,5898.1,5848.5,5896.7,,,,
2006-09-22,5896.7,5896.7,5820.4,5822.3,,,,
2006-09-25,5822.3,5847,5774.5,5798.3,,,,
2006-09-26,5798.3,5879.2,5798.3,5873.6,,,,
2006-09-27,5873.6,5942.2,5872.8,5930.1,,,,
2006-09-28,5930.1,5978.8,5930.1,5971.3,,,,
2006-09-29,5971.3,6002.9,5950.1,5960.8,,,,
2006-10-02,5960.8,5985.5,5950.9,5957.8,,,,
2006-10-03,5957.8,5957.8,5897.3,5937.1,,,,
2006-10-04,5937.1,5969.1,5921.5,5966.5,,,,
2006-10-05,5966.5,6016.7,5966.5,6004.5,,,,
2006-10-06,6004.5,6014.3,5978.1,6001.2,,,,
2006-10-09,6001.2,6044.5,5994.8,6030.9,,,,
2006-10-10,6030.9,6076.3,6030.2,6072.7,,,,
2006-10-11,6072.7,6081.9,6044.7,6073.5,,,,
2006-10-12,6073.5,6121.7,6069,6121.3,,,,
2006-10-13,6121.3,6170.5,6105.3,6157.3,,,,
2006-10-16,6157.3,6184.3,6149.3,6172.4,,,,
2006-10-17,6172.4,6174.7,6105.8,6108.6,,,,
2006-10-18,6108.6,6166.8,6108.6,6150.4,,,,
2006-10-19,6150.4,6183.5,6113.1,6156,,,,
2006-10-20,6156,6199.8,6134.3,6155.2,,,,
2006-10-23,6155.2,6181.1,6129.1,6166.1,,,,
2006-10-24,6166.1,6186.9,6161.3,6182.5,,,,
2006-10-25,6182.5,6216.1,6178.8,6214.6,,,,
2006-10-26,6214.6,6244.6,6179.7,6184.8,,,,
2006-10-27,6184.8,6206,6132.7,6160.9,,,,
2006-10-30,6160.9,6160.9,6112.9,6126.8,,,,
2006-10-31,6126.8,6149.9,6110.9,6129.2,,,,
2006-11-01,6129.2,6180.7,6129.2,6149.6,,,,
2006-11-02,6149.6,6172,6112.9,6149.3,,,,
2006-11-03,6149.3,6177.3,6134,6148.1,,,,
2006-11-06,6148.1,6224.5,6146.5,6224.5,,,,
2006-11-07,6224.5,6244.5,6219.7,6244,,,,
2006-11-08,6244,6244,6205.7,6239,,,,
2006-11-09,6239,6250.4,6205.1,6231.5,,,,
2006-11-10,6231.5,6233.1,6198.6,6208.4,,,,
2006-11-13,6208.4,6239.8,6171.9,6194.2,,,,
2006-11-14,6194.2,6223.9,6167.3,6186.6,,,,
2006-11-15,6186.6,6229.8,6186.6,6229.8,,,,
2006-11-16,6229.8,6256.8,6212.1,6254.9,,,,
2006-11-17,6254.9,6254.9,6178.9,6192,,,,
2006-11-20,6192,6218.9,6148.3,6204.5,,,,
2006-11-21,6204.5,6228.4,6199.7,6202.6,,,,
2006-11-22,6202.6,6233.1,6146.3,6160.3,,,,
2006-11-23,6160.3,6181.7,6115.1,6140,,,,
2006-11-24,6140,6140,6068.1,6122.1,,,,
2006-11-27,6122.1,6129.5,6050.1,6050.1,,,,
2006-11-28,6050.1,6062.8,6011.8,6025.9,,,,
2006-11-29,6025.9,6098.6,6025.9,6084.4,,,,
2006-11-30,6084.4,6108.9,6043.9,6048.8,,,,
2006-12-01,6048.8,6087.4,5985.2,6021.5,,,,
2006-12-04,6021.5,6058.1,6019.4,6050.4,,,,
2006-12-05,6050.4,6097.4,6047.1,6086.4,,,,
2006-12-06,6086.4,6105.7,6068.1,6090.3,,,,
2006-12-07,6090.3,6145.3,6082.8,6131.5,,,,
2006-12-08,6131.5,6157.1,6106.6,6152.4,,,,
2006-12-11,6152.4,6187,6147.1,6159.8,,,,
2006-12-12,6159.8,6164.8,6137.8,6156.4,,,,
2006-12-13,6156.4,6196.6,6149.4,6192.5,,,,
2006-12-14,6192.5,6230.6,6192.5,6228,,,,
2006-12-15,6228,6271.4,6228,6260,,,,
2006-12-18,6260,6269.1,6240.1,6247.4,,,,
2006-12-19,6247.4,6247.4,6192,6203.9,,,,
2006-12-20,6203.9,6240.1,6197.9,6198.6,,,,
2006-12-21,6198.6,6203.5,6171.2,6183.7,,,,
2006-12-22,6183.7,6191.1,6175.5,6190,,,,
2006-12-27,6190,6248.1,6190,6245.2,,,,
2006-12-28,6245.2,6258.7,6232.3,6240.9,,,,
2006-12-29,6240.9,6245.2,6207.6,6220.8,,,,
2007-01-02,6220.8,6312.5,6220.8,6310.9,,,,
2007-01-03,6310.9,6322,6296,6319,,,,
2007-01-04,6319,6319,6261,6287,,,,
2007-01-05,6287,6287,6220.1,6220.1,,,,
2007-01-08,6220.1,6246,6187,6194.2,,,,
2007-01-09,6194.2,6218.5,6190.4,6196.1,,,,
2007-01-10,6196.1,6196.1,6142,6160.7,,,,
2007-01-11,6160.7,6233.1,6130.2,6230.1,,,,
2007-01-12,6230.1,6247.6,6204.3,6239,,,,
2007-01-15,6239,6279.7,6239,6263.5,,,,
2007-01-16,6263.5,6266.4,6206.4,6215.7,,,,
2007-01-17,6215.7,6227,6163.5,6204.5,,,,
2007-01-18,6204.5,6257.2,6204.5,6210.3,,,,
2007-01-19,6210.3,6243.3,6178,6237.2,,,,
2007-01-22,6237.2,6270.9,6215.8,6218.4,,,,
2007-01-23,6218.4,6240.7,6189.2,6227.6,,,,
2007-01-24,6227.6,6320.9,6227.6,6314.8,,,,
2007-01-25,6314.8,6335.1,6262.1,6269.3,,,,
2007-01-26,6269.3,6271.4,6226.4,6228,,,,
2007-01-29,6228,6253.7,6216,6239.9,,,,
2007-01-30,6239.9,6250.1,6212.5,6242,,,,
2007-01-31,6242,6257.3,6197.5,6203.1,,,,
2007-02-01,6203.1,6300.3,6203.1,6282.2,,,,
2007-02-02,6282.2,6329,6282.2,6310.9,,,,
2007-02-05,6310.9,6328.9,6294.7,6317.9,,,,
2007-02-06,6317.9,6369.7,6317.9,6346.3,,,,
2007-02-07,6346.3,6379.8,6338.2,6369.5,,,,
2007-02-08,6369.5,6375,6330.1,6346.4,,,,
2007-02-09,6346.4,6395.4,6346.4,6382.8,,,,
2007-02-12,6382.8,6383.1,6344.7,6353.5,,,,
2007-02-13,6353.5,6381.8,6353.5,6381.8,,,,
2007-02-14,6381.8,6421.2,6378.6,6421.2,,,,
2007-02-15,6421.2,6435.3,6397.2,6433.3,,,,
2007-02-16,6433.3,6439.2,6407.3,6419.5,,,,
2007-02-19,6419.5,6451.4,6419.5,6444.4,,,,
2007-02-20,6444.4,6448.1,6392.4,6412.3,,,,
2007-02-21,6412.3,6430.4,6352.1,6357.1,,,,
2007-02-22,6357.1,6416,6357.1,6380.9,,,,
2007-02-23,6380.9,6401.5,6357.1,6401.5,,,,
2007-02-26,6401.5,6446.8,6401.5,6434.7,,,,
2007-02-27,6434.7,6434.7,6270.5,6286.1,,,,
2007-02-28,6286.1,6286.1,6166.2,6171.5,,,,
2007-03-01,6171.5,6230.7,6038.9,6116,,,,
2007-03-02,6116,6164.4,6085.6,6116.2,,,,
2007-03-05,6116.2,6116.2,5989.6,6058.7,,,,
2007-03-06,6058.7,6138.5,6058.7,6138.5,,,,
2007-03-07,6138.5,6167.6,6106.1,6156.5,,,,
2007-03-08,6156.5,6233.1,6156.5,6227.7,,,,
2007-03-09,6227.7,6255.8,6190.3,6245.2,,,,
2007-03-12,6245.2,6276.3,6219.3,6233.3,,,,
2007-03-13,6233.3,6240.7,6161.2,6161.2,,,,
2007-03-14,6161.2,6161.2,6000.7,6000.7,,,,
2007-03-15,6000.7,6133.2,6000.7,6133.2,,,,
2007-03-16,6133.2,6142.2,6094.7,6130.6,,,,
2007-03-19,6130.6,6200.6,6130.6,6189.4,,,,
2007-03-20,6189.4,6220.3,6159.4,6220.3,,,,
2007-03-21,6220.3,6287.5,6207.7,6256.8,,,,
2007-03-22,6256.8,6342.1,6256.8,6318,,,,
2007-03-23,6318,6350.4,6296.6,6339.4,,,,
2007-03-26,6339.4,6355.3,6274.1,6291.9,,,,
2007-03-27,6291.9,6337.7,6276.8,6292.6,,,,
2007-03-28,6292.6,6304.9,6250.1,6267.2,,,,
2007-03-29,6267.2,6334.7,6267.2,6324.2,,,,
2007-03-30,6324.2,6330,6291.1,6308,,,,
2007-04-02,6308,6342.2,6293.9,6315.5,,,,
2007-04-03,6315.5,6366.1,6315.5,6366.1,,,,
2007-04-04,6366.1,6380.5,6345.9,6364.7,,,,
2007-04-05,6364.7,6398.7,6350.3,6397.3,,,,
2007-04-10,6397.3,6431.7,6394.3,6417.8,,,,
2007-04-11,6417.8,6445.9,6401.9,6413.3,,,,
2007-04-12,6413.3,6419.6,6376.4,6416.4,,,,
2007-04-13,6416.4,6462.4,6416.4,6462.4,,,,
2007-04-16,6462.4,6516.2,6462.4,6516.2,,,,
2007-04-17,6516.2,6516.2,6456.4,6497.8,,,,
2007-04-18,6497.8,6497.8,6440.8,6449.4,,,,
2007-04-19,6449.4,6451.8,6386.2,6440.6,,,,
2007-04-20,6440.6,6508.9,6440.6,6486.8,,,,
2007-04-23,6486.8,6504.5,6466.1,6479.7,,,,
2007-04-24,6479.7,6493.1,6408.4,6429.5,,,,
2007-04-25,6429.5,6479,6429.5,6461.9,,,,
2007-04-26,6461.9,6511.1,6443.7,6469.4,,,,
2007-04-27,6469.4,6469.4,6410.6,6418.7,,,,
2007-04-30,6418.7,6474.7,6410.5,6449.2,,,,
2007-05-01,6449.2,6449.2,6395.5,6419.6,,,,
2007-05-02,6419.6,6489,6419.6,6484.5,,,,
2007-05-03,6484.5,6542.5,6484.5,6537.8,,,,
2007-05-04,6537.8,6614.7,6537.8,6603.7,,,,
2007-05-08,6603.7,6603.7,6537.5,6550.4,,,,
2007-05-09,6550.4,6592.4,6529,6549.6,,,,
2007-05-10,6549.6,6565.1,6515,6524.1,,,,
2007-05-11,6524.1,6577,6451.9,6565.7,,,,
2007-05-14,6565.7,6596.3,6530.3,6555.5,,,,
2007-05-15,6555.5,6579,6532.9,6568.6,,,,
2007-05-16,6568.6,6578.6,6539.4,6559.5,,,,
2007-05-17,6559.5,6588.7,6553.6,6579.3,,,,
2007-05-18,6579.3,6656.3,6579.1,6640.9,,,,
2007-05-21,6640.9,6675,6619.4,6636.8,,,,
2007-05-22,6636.8,6641.9,6594.6,6606.6,,,,
2007-05-23,6606.6,6643.8,6602.5,6616.4,,,,
2007-05-24,6616.4,6619.5,6560.5,6565.4,,,,
2007-05-25,6565.4,6575.2,6532.5,6570.5,,,,
2007-05-29,6570.5,6613.4,6570.5,6606.5,,,,
2007-05-30,6606.5,6606.5,6533.5,6602.1,,,,
2007-05-31,6602.1,6650.2,6602.1,6621.4,,,,
2007-06-01,6621.4,6676.7,6621.3,6676.7,,,,
2007-06-04,6676.7,6686.1,6641.2,6664.1,,,,
2007-06-05,6664.1,6686.6,6625.7,6632.8,,,,
2007-06-06,6632.8,6636.9,6511.7,6522.7,,,,
2007-06-07,6522.7,6574.9,6478,6505.1,,,,
2007-06-08,6505.1,6519.4,6451.4,6505.1,,,,
2007-06-11,6505.1,6567.5,6505.1,6567.5,,,,
2007-06-12,6567.5,6586.6,6513.7,6520.4,,,,
2007-06-13,6520.4,6567.3,6483.6,6559.6,,,,
2007-06-14,6559.6,6654.3,6559.6,6649.9,,,,
2007-06-15,6649.9,6734.2,6649.9,6732.4,,,,
2007-06-18,6732.4,6751.3,6696.8,6703.5,,,,
2007-06-19,6703.5,6721.4,6650.2,6650.2,,,,
2007-06-20,6650.2,6692.6,6647.6,6649.3,,,,
2007-06-21,6649.3,6649.3,6563.9,6596,,,,
2007-06-22,6596,6612.3,6562.2,6567.4,,,,
2007-06-25,6567.4,6591.4,6522.3,6588.4,,,,
2007-06-26,6588.4,6593.5,6539.9,6559.3,,,,
2007-06-27,6559.3,6559.3,6496.4,6527.6,,,,
2007-06-28,6527.6,6575.5,6527.6,6571.3,,,,
2007-06-29,6571.3,6607.9,6519.6,6607.9,,,,
2007-07-02,6607.9,6612.8,6570.5,6590.6,,,,
2007-07-03,6590.6,6645.3,6590.6,6639.8,,,,
2007-07-04,6639.8,6682.9,6639.8,6673.1,,,,
2007-07-05,6673.1,6691.8,6625.8,6635.2,,,,
2007-07-06,6635.2,6690.4,6635.2,6690.1,,,,
2007-07-09,6690.1,6725.9,6690.1,6712.7,,,,
2007-07-10,6712.7,6734.3,6620.5,6630.9,,,,
2007-07-11,6630.9,6630.9,6574.2,6615.1,,,,
2007-07-12,6615.1,6697.7,6594.7,6697.7,,,,
2007-07-13,6697.7,6754.1,6697.7,6716.7,,,,
2007-07-16,6716.7,6735.8,6679.2,6697.7,,,,
2007-07-17,6697.7,6698.5,6628.1,6659.1,,,,
2007-07-18,6659.1,6659.1,6567.1,6567.1,,,,
2007-07-19,6567.1,6658.8,6567.1,6640.2,,,,
2007-07-20,6640.2,6674.3,6580,6585.2,,,,
2007-07-23,6585.2,6624.4,6583.5,6624.4,,,,
2007-07-24,6624.4,6624.4,6498.7,6498.7,,,,
2007-07-25,6498.7,6533.6,6436.7,6454.3,,,,
2007-07-26,6454.3,6474.7,6251.2,6251.2,,,,
2007-07-27,6251.2,6315.2,6192.3,6215.2,,,,
2007-07-30,6215.2,6256.5,6186.2,6206.1,,,,
2007-07-31,6206.1,6361.1,6206.1,6360.1,,,,
2007-08-01,6360.1,6360.1,6187.2,6250.6,,,,
2007-08-02,6250.6,6319.3,6250.6,6300.3,,,,
2007-08-03,6300.3,6333.5,6212.2,6224.3,,,,
2007-08-06,6224.3,6245.9,6161.5,6189.1,,,,
2007-08-07,6189.1,6308.8,6189.1,6308.8,,,,
2007-08-08,6308.8,6406.3,6308.8,6393.9,,,,
2007-08-09,6393.9,6393.9,6228,6271.2,,,,
2007-08-10,6271.2,6271.2,6038.3,6038.3,,,,
2007-08-13,6038.3,6237.8,6038.3,6219,,,,
2007-08-14,6219,6264.9,6132.2,6143.5,,,,
2007-08-15,6143.5,6143.5,6041.7,6109.3,,,,
2007-08-16,6109.3,6109.3,5858.9,5858.9,,,,
2007-08-17,5858.9,6134,5821.7,6064.2,,,,
2007-08-20,6064.2,6163.4,6064.2,6078.7,,,,
2007-08-21,6078.7,6118.9,6031.8,6086.1,,,,
2007-08-22,6086.1,6196.6,6086.1,6196,,,,
2007-08-23,6196,6287.2,6194.4,6196.9,,,,
2007-08-24,6196.9,6232.2,6182.4,6220.1,,,,
2007-08-28,6220.1,6220.1,6083.9,6102.2,,,,
2007-08-29,6102.2,6137.9,6056.5,6132.2,,,,
2007-08-30,6132.2,6220.8,6122.5,6212,,,,
2007-08-31,6212,6309.5,6212,6303.3,,,,
2007-09-03,6303.3,6334.4,6303.2,6315.2,,,,
2007-09-04,6315.2,6378,6274.9,6376.8,,,,
2007-09-05,6376.8,6390.5,6264.5,6270.7,,,,
2007-09-06,6270.7,6327.3,6217.5,6313.3,,,,
2007-09-07,6313.3,6342.7,6179.1,6191.2,,,,
2007-09-10,6191.2,6232.1,6123.1,6134.1,,,,
2007-09-11,6134.1,6280.7,6134.1,6280.7,,,,
2007-09-12,6280.7,6317.1,6232,6306.2,,,,
2007-09-13,6306.2,6374.5,6280.2,6363.9,,,,
2007-09-14,6363.9,6363.9,6209.1,6289.3,,,,
2007-09-17,6289.3,6289.3,6168,6182.8,,,,
2007-09-18,6182.8,6298.5,6158.8,6283.3,,,,
2007-09-19,6283.3,6512.4,6283.3,6460,,,,
2007-09-20,6460,6460,6395.1,6429,,,,
2007-09-21,6429,6481.6,6409.9,6456.7,,,,
2007-09-24,6456.7,6494.2,6437.3,6465.9,,,,
2007-09-25,6465.9,6465.9,6367,6396.9,,,,
2007-09-26,6396.9,6484.4,6396.9,6433,,,,
2007-09-27,6433,6508,6433,6486.4,,,,
2007-09-28,6486.4,6500.4,6411.8,6466.8,,,,
2007-10-01,6466.8,6514.5,6419.2,6506.2,,,,
2007-10-02,6506.2,6567,6489.6,6500.4,,,,
2007-10-03,6500.4,6542.8,6495,6535.2,,,,
2007-10-04,6535.2,6593.3,6507.2,6547.9,,,,
2007-10-05,6547.9,6605.1,6547.9,6595.8,,,,
2007-10-08,6595.8,6605.6,6540.9,6540.9,,,,
2007-10-09,6540.9,6625.3,6527.5,6615.4,,,,
2007-10-10,6615.4,6633,6587.7,6633,,,,
2007-10-11,6633,6730.1,6633,6724.5,,,,
2007-10-12,6724.5,6730.7,6660,6730.7,,,,
2007-10-15,6730.7,6751.7,6632.1,6644.5,,,,
2007-10-16,6644.5,6644.5,6596.3,6614.3,,,,
2007-10-17,6614.3,6690.5,6594.9,6677.7,,,,
2007-10-18,6677.7,6722,6584.9,6609.4,,,,
2007-10-19,6609.4,6615.8,6523.6,6527.9,,,,
2007-10-22,6527.9,6527.9,6413.4,6459.3,,,,
2007-10-23,6459.3,6562.7,6459.3,6514,,,,
2007-10-24,6514,6550.9,6460.9,6482,,,,
2007-10-25,6482,6587.6,6482,6576.3,,,,
2007-10-26,6576.3,6684.1,6567.1,6661.3,,,,
2007-10-29,6661.3,6726.9,6661.3,6706,,,,
2007-10-30,6706,6706,6653.8,6659,,,,
2007-10-31,6659,6721.6,6636.9,6721.6,,,,
2007-11-01,6721.6,6723.7,6549.7,6586.1,,,,
2007-11-02,6586.1,6586.1,6483.4,6530.6,,,,
2007-11-05,6530.6,6530.6,6420.4,6461.4,,,,
2007-11-06,6461.4,6512.1,6456.4,6474.9,,,,
2007-11-07,6474.9,6519.2,6381.3,6385.1,,,,
2007-11-08,6385.1,6432.3,6290.3,6381.9,,,,
2007-11-09,6381.9,6442.9,6268.9,6304.9,,,,
2007-11-12,6304.9,6365.2,6268.6,6337.9,,,,
2007-11-13,6337.9,6387.4,6279.7,6362.4,,,,
2007-11-14,6362.4,6460.8,6362.4,6432.1,,,,
2007-11-15,6432.1,6465.4,6335.5,6359.6,,,,
2007-11-16,6359.6,6359.6,6283.9,6291.2,,,,
2007-11-19,6291.2,6331.7,6120.8,6120.8,,,,
2007-11-20,6120.8,6227.7,6078.7,6226.5,,,,
2007-11-21,6226.5,6226.5,6041.8,6070.9,,,,
2007-11-22,6070.9,6155.3,6026.9,6155.3,,,,
2007-11-23,6155.3,6262.1,6153.6,6262.1,,,,
2007-11-26,6262.1,6307.8,6180.5,6180.5,,,,
2007-11-27,6180.5,6197.1,6061.8,6140.7,,,,
2007-11-28,6140.7,6307.4,6109.6,6306.2,,,,
2007-11-29,6306.2,6363.5,6273.4,6349.1,,,,
2007-11-30,6349.1,6455.8,6334,6432.5,,,,
2007-12-03,6432.5,6456.1,6379.9,6386.6,,,,
2007-12-04,6386.6,6398.2,6289.3,6315.2,,,,
2007-12-05,6315.2,6493.8,6315.2,6493.8,,,,
2007-12-06,6493.8,6591.8,6437.8,6485.6,,,,
2007-12-07,6485.6,6577.8,6485.6,6554.9,,,,
2007-12-10,6554.9,6596.7,6523.7,6565.4,,,,
2007-12-11,6565.4,6597.5,6513.4,6536.9,,,,
2007-12-12,6536.9,6610.9,6429.5,6559.8,,,,
2007-12-13,6559.8,6559.8,6364.2,6364.2,,,,
2007-12-14,6364.2,6426.2,6336.7,6397,,,,
2007-12-17,6397,6397,6264.3,6277.8,,,,
2007-12-18,6277.8,6344.3,6254.5,6279.3,,,,
2007-12-19,6279.3,6319.1,6251.8,6284.5,,,,
2007-12-20,6284.5,6367.7,6284.5,6345.6,,,,
2007-12-21,6345.6,6451.8,6345.6,6434.1,,,,
2007-12-24,6434.1,6485.6,6431.2,6479.3,,,,
2007-12-27,6479.3,6504.7,6468.4,6497.8,,,,
2007-12-28,6497.8,6497.8,6436.8,6476.9,,,,
2007-12-31,6476.9,6480.2,6432.8,6456.9,,,,
2008-01-02,6456.9,6512.3,6402.6,6416.7,,,,
2008-01-03,6416.7,6487.8,6394.6,6479.4,,,,
2008-01-04,6479.4,6534.7,6333.2,6348.5,,,,
2008-01-07,6348.5,6376.5,6275.2,6335.7,,,,
2008-01-08,6335.7,6399.6,6335.7,6356.5,,,,
2008-01-09,6356.5,6356.5,6241.8,6272.7,,,,
2008-01-10,6272.7,6314.5,6213,6222.7,,,,
2008-01-11,6222.7,6251.8,6147,6202,,,,
2008-01-14,6202,6247.3,6173,6215.7,,,,
2008-01-15,6215.7,6215.7,6025.6,6025.6,,,,
2008-01-16,6025.6,6031.5,5908.5,5942.9,,,,
2008-01-17,5942.9,6028.4,5895.4,5902.4,,,,
2008-01-18,5902.4,6030.9,5856.8,5901.7,,,,
2008-01-21,5901.7,5901.7,5571,5578.2,,,,
2008-01-22,5578.2,5764,5338.7,5740.1,,,,
2008-01-23,5740.1,5844.9,5518.3,5609.3,,,,
2008-01-24,5609.3,5882.3,5609.3,5875.8,,,,
2008-01-25,5875.8,5973.3,5848.5,5869,,,,
2008-01-28,5869,5869,5705.1,5788.9,,,,
2008-01-29,5788.9,5885.2,5788.9,5885.2,,,,
2008-01-30,5885.2,5885.2,5818.6,5837.3,,,,
2008-01-31,5837.3,5899.5,5689.4,5879.8,,,,
2008-02-01,5879.8,6044.9,5879.8,6029.2,,,,
2008-02-04,6029.2,6071.3,6000.2,6026.2,,,,
2008-02-05,6026.2,6026.2,5852.8,5868,,,,
2008-02-06,5868,5892.6,5816.4,5875.4,,,,
2008-02-07,5875.4,5875.4,5708.8,5724.1,,,,
2008-02-08,5724.1,5805.3,5703.1,5784,,,,
2008-02-11,5784,5789.6,5681.5,5707.7,,,,
2008-02-12,5707.7,5910,5707.7,5910,,,,
2008-02-13,5910,5915,5814.8,5880.1,,,,
2008-02-14,5880.1,5938.5,5859.4,5879.3,,,,
2008-02-15,5879.3,5915,5763.5,5787.6,,,,
2008-02-19,5946.6,6033.7,5884.8,5966.9,,,,
2008-02-20,5966.9,5966.9,5847.4,5893.6,,,,
2008-02-21,5893.6,6004.4,5893.6,5932.2,,,,
2008-02-22,5932.2,5970.9,5863.8,5888.5,,,,
2008-02-25,5888.5,6011.7,5888.5,5999.5,,,,
2008-02-26,5999.5,6092.5,5991.6,6087.4,,,,
2008-02-27,6087.4,6104.5,5989,6076.5,,,,
2008-02-28,6076.5,6090.8,5960.3,5965.7,,,,
2008-02-29,5965.7,5986.2,5859.3,5884.3,,,,
2008-03-03,5884.3,5884.3,5770.1,5818.6,,,,
2008-03-04,5818.6,5872.9,5719.8,5767.7,,,,
2008-03-05,5767.7,5860.5,5763.9,5853.5,,,,
2008-03-06,5853.5,5871.1,5753.1,5766.4,,,,
2008-03-07,5766.4,5766.4,5655.7,5699.9,,,,
2008-03-10,5699.9,5718.8,5616.6,5629.1,,,,
2008-03-11,5629.1,5783.4,5629.1,5690.4,,,,
2008-03-12,5690.4,5812.7,5690.4,5776.4,,,,
2008-03-13,5776.4,5776.4,5628.9,5692.4,,,,
2008-03-14,5692.4,5782,5595.8,5631.7,,,,
2008-03-17,5631.7,5631.7,5414.4,5414.4,,,,
2008-03-18,5414.4,5610,5414.4,5605.8,,,,
2008-03-19,5605.8,5653.6,5524.8,5545.6,,,,
2008-03-20,5545.6,5545.6,5461.9,5495.2,,,,
2008-03-25,5495.2,5704.3,5495.2,5689.1,,,,
2008-03-26,5689.1,5689.1,5639.1,5660.4,,,,
2008-03-27,5660.4,5735,5650.9,5717.5,,,,
2008-03-28,5717.5,5747.2,5673.7,5692.9,,,,
2008-03-31,5692.9,5715.1,5585.6,5702.1,,,,
2008-04-01,5702.1,5865.8,5670.4,5852.6,,,,
2008-04-02,5852.6,5920.1,5827.2,5915.9,,,,
2008-04-03,5915.9,5935.2,5864,5891.3,,,,
2008-04-04,5891.3,5948,5888,5947.1,,,,
2008-04-07,5947.1,6014.8,5947.1,6014.8,,,,
2008-04-08,6014.8,6014.8,5942.2,5990.2,,,,
2008-04-09,5990.2,6015.6,5947.2,5983.9,,,,
2008-04-10,5983.9,6003.2,5881.9,5965.1,,,,
2008-04-11,5965.1,6016.3,5866.1,5895.5,,,,
2008-04-14,5895.5,5895.5,5827,5831.6,,,,
2008-04-15,5831.6,5943.3,5831.6,5906.9,,,,
2008-04-16,5906.9,6046.2,5906.9,6046.2,,,,
2008-04-17,6046.2,6086.4,5973.9,5980.4,,,,
2008-04-18,5980.4,6062.1,5974.3,6056.5,,,,
2008-04-21,6056.5,6089.5,6021.2,6053,,,,
2008-04-22,6053,6072,6007.5,6034.7,,,,
2008-04-23,6034.7,6083.6,5978.8,6083.6,,,,
2008-04-24,6083.6,6083.6,5951.9,6050.7,,,,
2008-04-25,6050.7,6098.8,6045.5,6091.4,,,,
2008-04-28,6091.4,6134.5,6083.5,6090.4,,,,
2008-04-29,6090.4,6133.5,6051.6,6089.4,,,,
2008-04-30,6089.4,6120.3,6035.8,6087.3,,,,
2008-05-01,6087.3,6118.2,6066,6087.3,,,,
2008-05-02,6087.3,6223.9,6087.3,6215.5,,,,
2008-05-06,6215.5,6233.7,6155.9,6215.2,,,,
2008-05-07,6215.2,6275,6214.1,6261,,,,
2008-05-08,6256.5,6273.3,6217,6270.8,,,,
2008-05-09,6270.8,6270.8,6167.6,6204.7,,,,
2008-05-12,6204.7,6251.9,6184.8,6220.6,,,,
2008-05-13,6220.6,6268.1,6142.3,6211.9,,,,
2008-05-14,6211.9,6253.1,6167.9,6216,,,,
2008-05-15,6216,6258.5,6168.8,6251.8,,,,
2008-05-16,6251.8,6348.6,6251.8,6304.3,,,,
2008-05-19,6304.3,6377,6302.8,6376.5,,,,
2008-05-20,6376.5,6376.5,6191.6,6191.6,,,,
2008-05-21,6191.6,6257.3,6183.5,6198.1,,,,
2008-05-22,6198.1,6226.2,6159.4,6181.6,,,,
2008-05-23,6181.6,6182.9,6087.3,6087.3,,,,
2008-05-27,6087.3,6141.7,6048.7,6058.5,,,,
2008-05-28,6058.5,6122.2,6052.5,6069.6,,,,
2008-05-29,6069.6,6130.5,6041.1,6068.1,,,,
2008-05-30,6068.1,6111.6,6044.7,6053.5,,,,
2008-06-02,6053.5,6060.8,5978.4,6007.6,,,,
2008-06-03,6007.6,6059,5993.3,6057.7,,,,
2008-06-04,6057.7,6057.7,5933.3,5970.1,,,,
2008-06-05,5970.1,6005.1,5941,5995.3,,,,
2008-06-06,5995.3,6074.5,5906.5,5906.8,,,,
2008-06-09,5906.8,5938.5,5869.6,5877.6,,,,
2008-06-10,5877.6,5877.6,5813.4,5827.3,,,,
2008-06-11,5827.3,5859.4,5708.3,5723.3,,,,
2008-06-12,5723.3,5797.8,5719.8,5790.5,,,,
2008-06-13,5790.5,5818.3,5719.5,5802.8,,,,
2008-06-16,5802.8,5832.6,5759.6,5794.6,,,,
2008-06-17,5794.6,5930.3,5794.6,5861.9,,,,
2008-06-18,5861.9,5861.9,5735.4,5756.9,,,,
2008-06-19,5756.9,5786.4,5707.2,5708.4,,,,
2008-06-20,5708.4,5731.9,5597,5620.8,,,,
2008-06-23,5620.8,5679.2,5603.2,5667.2,,,,
2008-06-24,5667.2,5693.8,5581.6,5634.7,,,,
2008-06-25,5634.7,5669.6,5634.7,5666.1,,,,
2008-06-26,5666.1,5666.1,5518.2,5518.2,,,,
2008-06-27,5518.2,5555.2,5470.9,5529.9,,,,
2008-06-30,5529.9,5625.9,5520.2,5625.9,,,,
2008-07-01,5625.9,5625.9,5466.3,5479.9,,,,
2008-07-02,5479.9,5566.8,5426.3,5426.3,,,,
2008-07-03,5426.3,5490.6,5358.5,5476.6,,,,
2008-07-04,5476.6,5490.2,5394,5412.8,,,,
2008-07-07,5412.8,5516.4,5400.1,5512.7,,,,
2008-07-08,5512.7,5512.7,5358.7,5440.5,,,,
2008-07-09,5440.5,5538.2,5440.5,5529.6,,,,
2008-07-10,5529.6,5529.6,5392.6,5406.8,,,,
2008-07-11,5406.8,5461.8,5261.6,5261.6,,,,
2008-07-14,5261.6,5373.2,5261.6,5300.4,,,,
2008-07-15,5300.4,5300.4,5119,5171.9,,,,
2008-07-16,5171.9,5210.1,5071.1,5150.6,,,,
2008-07-17,5150.6,5320.5,5150.6,5286.3,,,,
2008-07-18,5286.3,5376.4,5216.6,5376.4,,,,
2008-07-21,5376.4,5445.8,5334.6,5404.3,,,,
2008-07-22,5404.3,5404.3,5282.8,5364.1,,,,
2008-07-23,5364.1,5467.2,5364.1,5449.9,,,,
2008-07-24,5449.9,5463.7,5345.1,5362.3,,,,
2008-07-25,5362.3,5375.2,5291.4,5352.6,,,,
2008-07-28,5352.6,5365.8,5308.4,5312.6,,,,
2008-07-29,5312.6,5354.6,5261.4,5319.2,,,,
2008-07-30,5319.2,5435.9,5319.2,5420.7,,,,
2008-07-31,5420.7,5456.1,5371.3,5411.9,,,,
2008-08-01,5411.9,5411.9,5321.3,5354.7,,,,
2008-08-04,5354.7,5414.7,5310.3,5320.2,,,,
2008-08-05,5320.2,5454.5,5299.7,5454.5,,,,
2008-08-06,5454.5,5498.6,5440.1,5486.1,,,,
2008-08-07,5486.1,5539.3,5450.9,5477.5,,,,
2008-08-08,5477.5,5507.2,5410.8,5489.2,,,,
2008-08-11,5489.2,5541.8,5477.7,5541.8,,,,
2008-08-12,5541.8,5569.2,5491.3,5534.5,,,,
2008-08-13,5534.5,5534.5,5437.1,5448.6,,,,
2008-08-14,5448.6,5539.6,5445.6,5497.4,,,,
2008-08-15,5497.4,5538.8,5432.2,5454.8,,,,
2008-08-18,5454.8,5498.7,5425.3,5450.2,,,,
2008-08-19,5450.2,5450.2,5317.1,5320.4,,,,
2008-08-20,5320.4,5384.2,5320.4,5371.8,,,,
2008-08-21,5371.8,5408,5311.4,5370.2,,,,
2008-08-22,5370.2,5505.6,5368,5505.6,,,,
2008-08-26,5505.6,5505.6,5369.3,5470.7,,,,
2008-08-27,5470.7,5540.8,5434.7,5528.1,,,,
2008-08-28,5528.1,5634,5496.9,5601.2,,,,
2008-08-29,5601.2,5649.1,5587.4,5636.6,,,,
2008-09-01,5636.6,5636.6,5573.8,5602.8,,,,
2008-09-02,5602.8,5646.5,5574.9,5620.7,,,,
2008-09-03,5620.7,5620.7,5492.1,5499.7,,,,
2008-09-04,5499.7,5541.7,5362.1,5362.1,,,,
2008-09-05,5362.1,5362.1,5227.6,5240.7,,,,
2008-09-08,5240.7,5447.6,5240.7,5446.3,,,,
2008-09-09,5446.3,5524.8,5386.9,5415.6,,,,
2008-09-10,5415.6,5419.5,5327.8,5366.2,,,,
2008-09-11,5366.2,5377.9,5258.1,5318.4,,,,
2008-09-12,5318.4,5416.7,5318.4,5416.7,,,,
2008-09-15,5416.7,5416.7,5124.9,5204.2,,,,
2008-09-16,5204.2,5204.2,4961.2,5025.6,,,,
2008-09-17,5025.6,5124.4,4903.3,4912.4,,,,
2008-09-18,4912.4,5015.9,4860.7,4880,,,,
2008-09-19,4880,5351.2,4857.1,5311.3,,,,
2008-09-22,5311.3,5339.3,5236.3,5236.3,,,,
2008-09-23,5236.3,5236.3,5076.3,5136.1,,,,
2008-09-24,5136.1,5167.4,5087.3,5095.6,,,,
2008-09-25,5095.6,5211.6,5060.7,5197,,,,
2008-09-26,5197,5197,5057.3,5088.5,,,,
2008-09-29,5088.5,5088.5,4818.8,4818.8,,,,
2008-09-30,4818.8,4953.4,4671,4902.5,,,,
2008-10-01,4902.5,5012.2,4891.5,4959.6,,,,
2008-10-02,4959.6,5052,4862.1,4870.3,,,,
2008-10-03,4870.3,5003.9,4832.1,4980.3,,,,
2008-10-06,4980.3,4980.3,4549.7,4589.2,,,,
2008-10-07,4589.2,4745,4517.5,4605.2,,,,
2008-10-08,4605.2,4654.2,4245.3,4366.7,,,,
2008-10-09,4366.7,4512.5,4274.4,4313.8,,,,
2008-10-10,4313.8,4313.8,3874,3932.1,,,,
2008-10-13,3932.1,4256.9,3932.1,4256.9,,,,
2008-10-14,4256.9,4534.4,4256.9,4394.2,,,,
2008-10-15,4394.2,4394.2,4052,4079.6,,,,
2008-10-16,4079.6,4079.6,3808.1,3861.4,,,,
2008-10-17,3861.4,4077.6,3861.3,4063,,,,
2008-10-20,4063,4282.7,4063,4282.7,,,,
2008-10-21,4282.7,4347.7,4212.4,4229.7,,,,
2008-10-22,4229.7,4229.7,4031.8,4040.9,,,,
2008-10-23,4040.9,4108.4,3927.6,4087.8,,,,
2008-10-24,4087.8,4087.8,3715.2,3883.4,,,,
2008-10-27,3883.4,3911.6,3665.2,3852.6,,,,
2008-10-28,3852.6,4034,3847.6,3926.4,,,,
2008-10-29,3926.4,4242.5,3926.4,4242.5,,,,
2008-10-30,4242.5,4352.5,4200.2,4291.6,,,,
2008-10-31,4291.6,4383.9,4195.1,4377.3,,,,
2008-11-03,4377.3,4443.3,4348.3,4443.3,,,,
2008-11-04,4443.3,4639.5,4404.2,4639.5,,,,
2008-11-05,4639.5,4639.5,4495.7,4530.7,,,,
2008-11-06,4530.7,4530.7,4260.3,4272.4,,,,
2008-11-07,4272.4,4408.1,4263.8,4365,,,,
2008-11-10,4365,4524.9,4365,4403.9,,,,
2008-11-11,4403.9,4403.9,4231.5,4246.7,,,,
2008-11-12,4246.7,4333.4,4134.5,4182,,,,
2008-11-13,4182,4198.7,4079.6,4169.2,,,,
2008-11-14,4169.2,4342.3,4169.2,4233,,,,
2008-11-17,4233,4236.4,4110.7,4132.2,,,,
2008-11-18,4132.2,4208.5,4033.4,4208.5,,,,
2008-11-19,4208.5,4213.2,3999.1,4005.7,,,,
2008-11-20,4005.7,4005.7,3812.2,3875,,,,
2008-11-21,3875,3946.7,3734.1,3781,,,,
2008-11-24,3781,4153.1,3781,4153,,,,
2008-11-25,4153,4268.3,4069.3,4171.3,,,,
2008-11-26,4171.3,4198.7,4050.7,4152.7,,,,
2008-11-27,4152.7,4241.7,4152.7,4226.1,,,,
2008-11-28,4226.1,4288,4192.5,4288,,,,
2008-12-01,4288,4288,4038.4,4065.5,,,,
2008-12-02,4065.5,4137.1,3973.3,4122.9,,,,
2008-12-03,4122.9,4190.9,4042.3,4170,,,,
2008-12-04,4170,4261.1,4090,4163.6,,,,
2008-12-05,4163.6,4163.6,4002.2,4049.4,,,,
2008-12-08,4049.4,4318,4049.4,4300.1,,,,
2008-12-09,4300.1,4413,4232.6,4381.3,,,,
2008-12-10,4381.3,4407.1,4330,4367.3,,,,
2008-12-11,4367.3,4430.3,4307.8,4388.7,,,,
2008-12-12,4388.7,4388.7,4201.9,4280.4,,,,
2008-12-15,4280.4,4340.7,4238.9,4277.6,,,,
2008-12-16,4277.6,4330.1,4246.1,4309.1,,,,
2008-12-17,4309.1,4341.1,4231.1,4324.2,,,,
2008-12-18,4324.2,4352.7,4282.6,4330.7,,,,
2008-12-19,4330.7,4330.7,4200.7,4286.9,,,,
2008-12-22,4286.9,4305.4,4219.8,4249.2,,,,
2008-12-23,4249.2,4307.1,4244.2,4256,,,,
2008-12-24,4256,4256,4205.2,4216.6,,,,
2008-12-29,4216.6,4326.3,4216.6,4319.4,,,,
2008-12-30,4319.4,4406.1,4319.4,4392.7,,,,
2008-12-31,4392.7,4456.2,4392.7,4434.2,,,,
2009-01-02,4434.2,4561.8,4430,4561.8,,,,
2009-01-05,4561.8,4618.1,4520.8,4579.6,,,,
2009-01-06,4579.6,4675.7,4562,4638.9,,,,
2009-01-07,4638.9,4638.9,4478,4507.5,,,,
2009-01-08,4507.5,4514.7,4410.5,4505.4,,,,
2009-01-09,4505.4,4534.8,4431.9,4448.5,,,,
2009-01-12,4448.5,4471.3,4402.3,4426.2,,,,
2009-01-13,4426.2,4426.2,4321.3,4399.1,,,,
2009-01-14,4399.1,4426.5,4115.4,4180.6,,,,
2009-01-15,4180.6,4199.4,4090.9,4121.1,,,,
2009-01-16,4121.1,4251.7,4121.1,4147.1,,,,
2009-01-19,4147.1,4251.9,4032.4,4108.5,,,,
2009-01-20,4108.5,4184.3,4060.6,4091.4,,,,
2009-01-21,4091.4,4112.8,4001.4,4059.9,,,,
2009-01-22,4059.9,4153.9,4046.4,4052.2,,,,
2009-01-23,4052.2,4070.8,3956.7,4052.5,,,,
2009-01-26,4052.5,4225.2,4039.4,4209,,,,
2009-01-27,4209,4211,4130.8,4194.4,,,,
2009-01-28,4194.4,4317.6,4194.4,4295.2,,,,
2009-01-29,4295.2,4295.2,4147.7,4190.1,,,,
2009-01-30,4190.1,4228,4125.2,4149.6,,,,
2009-02-02,4149.6,4149.6,4036.9,4077.8,,,,
2009-02-03,4077.8,4173.2,4043.4,4164.5,,,,
2009-02-04,4164.5,4262.7,4160.4,4228.6,,,,
2009-02-05,4228.6,4235.3,4133.5,4228.9,,,,
2009-02-06,4228.9,4330.7,4225.6,4291.9,,,,
2009-02-09,4291.9,4334,4244,4307.6,,,,
2009-02-10,4307.6,4309.5,4210.5,4213.1,,,,
2009-02-11,4213.1,4244.5,4182.1,4234.3,,,,
2009-02-12,4234.3,4234.3,4135.1,4202.2,,,,
2009-02-13,4202.2,4291.6,4168,4189.6,,,,
2009-02-16,4189.6,4189.6,4127.3,4134.8,,,,
2009-02-17,4134.8,4134.8,3995.4,4034.1,,,,
2009-02-18,4034.1,4056.5,3938.1,4006.8,,,,
2009-02-19,4006.8,4045.2,3983.9,4018.4,,,,
2009-02-20,4018.4,4018.4,3877.8,3889.1,,,,
2009-02-23,3889.1,3960,3844.9,3850.7,,,,
2009-02-24,3850.7,3852.3,3772.4,3816.4,,,,
2009-02-25,3816.4,3884.1,3803.9,3849,,,,
2009-02-26,3849,3948.2,3849,3915.6,,,,
2009-02-27,3915.6,3915.6,3760.7,3830.1,,,,
2009-03-02,3830.1,3830.1,3625.8,3625.8,,,,
2009-03-03,3625.8,3676.9,3497.3,3512.1,,,,
2009-03-04,3512.1,3649.5,3512.1,3645.9,,,,
2009-03-05,3645.9,3645.9,3526.4,3529.9,,,,
2009-03-06,3529.9,3590.2,3492.1,3530.7,,,,
2009-03-09,3530.7,3564.8,3460.7,3542.4,,,,
2009-03-10,3542.4,3726.3,3516.3,3715.2,,,,
2009-03-11,3715.2,3763.2,3652,3693.8,,,,
2009-03-12,3693.8,3725.6,3616.5,3712.1,,,,
2009-03-13,3712.1,3816,3712.1,3753.7,,,,
2009-03-16,3753.7,3864,3753.7,3864,,,,
2009-03-17,3864,3864,3793.1,3857.1,,,,
2009-03-18,3857.1,3901.6,3768.5,3805,,,,
2009-03-19,3805,3912.6,3793.7,3816.9,,,,
2009-03-20,3816.9,3854.9,3777.7,3842.9,,,,
2009-03-23,3842.9,3978.6,3842.9,3952.8,,,,
2009-03-24,3952.8,3992.4,3878.4,3911.5,,,,
2009-03-25,3911.5,3939.2,3853,3900.3,,,,
2009-03-26,3900.3,3929.5,3877.8,3925.2,,,,
2009-03-27,3925.2,3950.3,3877.6,3898.9,,,,
2009-03-30,3898.9,3898.9,3762.9,3762.9,,,,
2009-03-31,3762.9,3930.6,3762.9,3926.1,,,,
2009-04-01,3926.1,3972.7,3838.2,3955.6,,,,
2009-04-02,3955.6,4137.9,3955.6,4125,,,,
2009-04-03,4125,4132.9,4015.6,4029.7,,,,
2009-04-06,4029.7,4097.2,3959.6,3993.5,,,,
2009-04-07,3993.5,4039.5,3909.9,3930.5,,,,
2009-04-08,3930.5,3940.4,3876.1,3925.5,,,,
2009-04-09,3925.5,3986.3,3912,3983.7,,,,
2009-04-14,3983.7,4039.7,3939.6,3989,,,,
2009-04-15,3989,4023.4,3941.6,3968.4,,,,
2009-04-16,3968.4,4053,3963.6,4053,,,,
2009-04-17,4053,4114.3,4043.2,4092.8,,,,
2009-04-20,4092.8,4112.8,3962.9,3990.9,,,,
2009-04-21,3990.9,4019.2,3897.3,3987.5,,,,
2009-04-22,3987.5,4036,3948.2,4030.7,,,,
2009-04-23,4030.7,4082.3,3999.1,4018.2,,,,
2009-04-24,4018.2,4156,4018.2,4156,,,,
2009-04-27,4156,4179.2,4088.7,4167,,,,
2009-04-28,4167,4167,4058.7,4096.4,,,,
2009-04-29,4096.4,4193.3,4089.5,4189.6,,,,
2009-04-30,4189.6,4293.6,4189.6,4243.7,,,,
2009-05-01,4243.7,4251.6,4210.8,4243.2,,,,
2009-05-05,4243.2,4375.4,4243.2,4336.9,,,,
2009-05-06,4336.9,4437.6,4317,4396.5,,,,
2009-05-07,4396.5,4520.8,4380.3,4398.7,,,,
2009-05-08,4398.7,4487.5,4398.7,4462.1,,,,
2009-05-11,4462.1,4470,4401.5,4435.5,,,,
2009-05-12,4435.5,4457.5,4397.4,4425.5,,,,
2009-05-13,4425.5,4448,4328.2,4331.4,,,,
2009-05-14,4331.4,4371.3,4295.2,4362.6,,,,
2009-05-15,4362.6,4400.7,4317.2,4348.1,,,,
2009-05-18,4348.1,4446.5,4307.7,4446.5,,,,
2009-05-19,4446.5,4512.7,4445.5,4482.3,,,,
2009-05-20,4482.3,4504.2,4445.1,4468.4,,,,
2009-05-21,4468.4,4468.4,4325.8,4345.5,,,,
2009-05-22,4345.5,4393.1,4335,4365.3,,,,
2009-05-26,4365.3,4423.6,4295,4411.7,,,,
2009-05-27,4411.7,4439.8,4390.2,4416.2,,,,
2009-05-28,4416.2,4416.2,4341.1,4387.5,,,,
2009-05-29,4387.5,4469.4,4387.5,4417.9,,,,
2009-06-01,4417.9,4517.6,4417.9,4506.2,,,,
2009-06-02,4506.2,4506.2,4435.9,4477,,,,
2009-06-03,4477,4477.2,4359.3,4383.4,,,,
2009-06-04,4383.4,4436.3,4359.7,4386.9,,,,
2009-06-05,4386.9,4495.9,4386.9,4438.6,,,,
2009-06-08,4438.6,4438.6,4370.5,4405.2,,,,
2009-06-09,4405.2,4445.5,4387.3,4404.8,,,,
2009-06-10,4404.8,4505.9,4404.8,4436.8,,,,
2009-06-11,4436.8,4478.4,4409.1,4461.9,,,,
2009-06-12,4461.9,4472,4427.2,4442,,,,
2009-06-15,4442,4442,4319.8,4326,,,,
2009-06-16,4326,4372.9,4321.6,4328.6,,,,
2009-06-17,4328.6,4328.7,4254.6,4278.5,,,,
2009-06-18,4278.5,4305.4,4239.7,4280.9,,,,
2009-06-19,4280.9,4370.3,4279.9,4345.9,,,,
2009-06-22,4345.9,4345.9,4234,4234,,,,
2009-06-23,4234,4264,4214.9,4230,,,,
2009-06-24,4230,4293,4218.4,4280,,,,
2009-06-25,4280,4290.4,4213.4,4252.6,,,,
2009-06-26,4252.6,4307.2,4216.5,4241,,,,
2009-06-29,4241,4303.5,4235.2,4294,,,,
2009-06-30,4294,4311.2,4230.6,4249.2,,,,
2009-07-01,4249.2,4353,4249.2,4340.7,,,,
2009-07-02,4340.7,4340.7,4230.8,4234.3,,,,
2009-07-03,4234.3,4264.8,4221.2,4236.3,,,,
2009-07-06,4236.3,4236.3,4172.3,4194.9,,,,
2009-07-07,4194.9,4242.1,4184.4,4187,,,,
2009-07-08,4187,4197.5,4130.6,4140.2,,,,
2009-07-09,4140.2,4186.4,4140.2,4158.7,,,,
2009-07-10,4158.7,4160.5,4123.5,4127.2,,,,
2009-07-13,4127.2,4209.3,4096.1,4202.1,,,,
2009-07-14,4202.1,4256.4,4198.7,4237.7,,,,
2009-07-15,4237.7,4346.5,4237.7,4346.5,,,,
2009-07-16,4346.5,4385.1,4329.4,4361.8,,,,
2009-07-17,4361.8,4411.9,4361.8,4388.8,,,,
2009-07-20,4388.8,4464.8,4388.8,4443.6,,,,
2009-07-21,4443.6,4502.1,4437.8,4481.2,,,,
2009-07-22,4481.2,4498,4449.2,4493.7,,,,
2009-07-23,4493.7,4566.8,4472.1,4559.8,,,,
2009-07-24,4559.8,4603.2,4536.5,4576.6,,,,
2009-07-27,4576.6,4615.1,4553.1,4586.1,,,,
2009-07-28,4586.1,4616.4,4520.3,4528.8,,,,
2009-07-29,4528.8,4581.8,4512.1,4547.5,,,,
2009-07-30,4547.5,4646.9,4547.5,4631.6,,,,
2009-07-31,4631.6,4645.5,4599.7,4608.4,,,,
2009-08-03,4608.4,4710.2,4595.6,4682.5,,,,
2009-08-04,4682.5,4682.5,4627.7,4671.4,,,,
2009-08-05,4671.4,4696.6,4630.6,4647.1,,,,
2009-08-06,4647.1,4729.6,4647.1,4690.5,,,,
2009-08-07,4690.5,4743.6,4632.2,4731.6,,,,
2009-08-10,4731.6,4731.6,4688.8,4722.2,,,,
2009-08-11,4722.2,4744.1,4657.8,4671.3,,,,
2009-08-12,4671.3,4722.5,4631.7,4716.8,,,,
2009-08-13,4716.8,4790,4716.8,4755.5,,,,
2009-08-14,4755.5,4790.2,4699.5,4714,,,,
2009-08-17,4714,4714,4610.3,4645,,,,
2009-08-18,4645,4688.2,4645,4685.8,,,,
2009-08-19,4685.8,4698.5,4625.4,4689.7,,,,
2009-08-20,4689.7,4766.9,4689.7,4756.6,,,,
2009-08-21,4756.6,4858.5,4735.8,4850.9,,,,
2009-08-24,4850.9,4911.4,4850.9,4896.2,,,,
2009-08-25,4896.2,4923.3,4858.9,4916.8,,,,
2009-08-26,4916.8,4927,4872.4,4890.6,,,,
2009-08-27,4890.6,4906.2,4855.3,4869.4,,,,
2009-08-28,4869.4,4944.2,4869.4,4908.9,,,,
2009-09-01,4908.9,4921.2,4819.7,4819.7,,,,
2009-09-02,4819.7,4821.9,4776.5,4817.5,,,,
2009-09-03,4817.5,4841.5,4788.9,4796.8,,,,
2009-09-04,4796.8,4873.8,4796.8,4851.7,,,,
2009-09-07,4851.7,4941.7,4851.7,4933.2,,,,
2009-09-08,4933.2,4972,4926,4947.3,,,,
2009-09-09,4947.3,5004.3,4928.4,5004.3,,,,
2009-09-10,5004.3,5035.3,4956.6,4987.7,,,,
2009-09-11,4987.7,5038.8,4987.7,5011.5,,,,
2009-09-14,5011.5,5020.9,4953.7,5018.9,,,,
2009-09-15,5018.9,5062.7,4996.5,5042.1,,,,
2009-09-16,5042.1,5131.3,5042.1,5124.1,,,,
2009-09-17,5124.1,5173.1,5124.1,5164,,,,
2009-09-18,5164,5183.9,5147.1,5172.9,,,,
2009-09-21,5172.9,5182.2,5107.7,5134.4,,,,
2009-09-22,5134.4,5189.9,5134.4,5142.6,,,,
2009-09-23,5142.6,5175.1,5126.6,5139.4,,,,
2009-09-24,5139.4,5165.4,5073.4,5079.3,,,,
2009-09-25,5079.3,5121.9,5079,5082.2,,,,
2009-09-28,5082.2,5170.8,5050.8,5165.7,,,,
2009-09-29,5165.7,5184,5136.5,5159.7,,,,
2009-09-30,5159.7,5190,5092.8,5133.9,,,,
2009-10-01,5133.9,5164.4,5044,5047.8,,,,
2009-10-02,5047.8,5047.8,4955,4988.7,,,,
2009-10-05,4988.7,5024.3,4976.9,5024.3,,,,
2009-10-06,5024.3,5149.9,5024.3,5138,,,,
2009-10-07,5138,5156.2,5104.5,5108.9,,,,
2009-10-08,5108.9,5172.8,5108.9,5154.6,,,,
2009-10-09,5154.6,5171.5,5130.4,5161.9,,,,
2009-10-12,5161.9,5231.2,5161.9,5210.2,,,,
2009-10-13,5210.2,5221.6,5154.1,5154.1,,,,
2009-10-14,5154.1,5261.3,5154.1,5256.1,,,,
2009-10-15,5256.1,5267.9,5218.9,5223,,,,
2009-10-16,5223,5272.9,5176.4,5190.2,,,,
2009-10-19,5190.2,5281.5,5190.2,5281.5,,,,
2009-10-20,5281.5,5298.5,5243.4,5243.4,,,,
2009-10-21,5243.4,5268,5174.5,5257.9,,,,
2009-10-22,5257.9,5257.9,5166.5,5207.4,,,,
2009-10-23,5207.4,5299.6,5207.4,5242.6,,,,
2009-10-26,5242.6,5281.1,5166.4,5191.7,,,,
2009-10-27,5191.7,5230.6,5181.9,5201,,,,
2009-10-28,5201,5201,5074.1,5080.4,,,,
2009-10-29,5080.4,5145.6,5042.7,5137.7,,,,
2009-10-30,5137.7,5169.9,5024.4,5044.5,,,,
2009-11-02,5044.5,5115.7,5022.5,5104.5,,,,
2009-11-03,5104.5,5104.5,4985.1,5037.2,,,,
2009-11-04,5037.2,5120.8,5037.2,5107.9,,,,
2009-11-05,5107.1,5154.6,5036.9,5125.6,,,,
2009-11-06,5125.6,5159,5077.9,5142.7,,,,
2009-11-09,5142.7,5240,5142.7,5235.2,,,,
2009-11-10,5235.2,5264.3,5221.5,5230.5,,,,
2009-11-11,5230.5,5301.1,5230.5,5266.8,,,,
2009-11-12,5266.8,5304.9,5254.1,5276.5,,,,
2009-11-13,5276.5,5297.4,5251.3,5296.4,,,,
2009-11-16,5296.4,5397,5296.4,5382.7,,,,
2009-11-17,5382.7,5382.7,5337,5345.9,,,,
2009-11-18,5345.9,5372.1,5331.6,5342.1,,,,
2009-11-19,5342.1,5343.8,5254.2,5267.7,,,,
2009-11-20,5267.7,5309.4,5224,5251.4,,,,
2009-11-23,5251.4,5379.5,5251.4,5355.5,,,,
2009-11-24,5355.5,5374.9,5309.1,5324,,,,
2009-11-25,5324,5372.2,5324,5364.8,,,,
2009-11-26,5364.8,5364.8,5189.4,5194.1,,,,
2009-11-27,5194.1,5271,5103.8,5245.7,,,,
2009-11-30,5245.7,5270.4,5190.7,5190.7,,,,
2009-12-01,5190.7,5312.2,5190.7,5312.2,,,,
2009-12-02,5312.2,5348.5,5283,5327.4,,,,
2009-12-03,5327.4,5372.4,5311.9,5313,,,,
2009-12-04,5313,5373.9,5272.8,5322.4,,,,
2009-12-07,5322.4,5328.8,5251,5310.7,,,,
2009-12-08,5310.7,5323.4,5206.4,5223.1,,,,
2009-12-09,5223.1,5245.9,5175.7,5203.9,,,,
2009-12-10,5203.9,5254.5,5194.5,5244.4,,,,
2009-12-11,5244.4,5312,5244.4,5261.6,,,,
2009-12-14,5261.6,5331,5261.6,5315.3,,,,
2009-12-15,5315.3,5328.1,5250.8,5285.8,,,,
2009-12-16,5285.8,5335.3,5283.9,5320.3,,,,
2009-12-17,5320.3,5320.3,5217.6,5217.6,,,,
2009-12-18,5217.6,5287.6,5196.8,5196.8,,,,
2009-12-21,5196.8,5320,5196.8,5294,,,,
2009-12-22,5294,5361.9,5294,5328.7,,,,
2009-12-23,5328.7,5386.6,5328.7,5372.4,,,,
2009-12-24,5372.4,5402.4,5367.8,5402.4,,,,
2009-12-29,5402.4,5445.2,5402.4,5437.6,,,,
2009-12-30,5437.6,5442.8,5390.6,5397.9,,,,
2009-12-31,5397.9,5431.9,5390.4,5412.9,,,,
2010-01-04,5412.9,5500.3,5410.8,5500.3,,,,
2010-01-05,5500.3,5536.4,5480.7,5522.5,,,,
2010-01-06,5522.5,5536.5,5497.6,5530,,,,
2010-01-07,5530,5551.7,5499.8,5526.7,,,,
2010-01-08,5526.7,5549.3,5494.8,5534.2,,,,
2010-01-11,5534.2,5600.5,5527.9,5538.1,,,,
2010-01-12,5538.1,5549.6,5459.9,5498.7,,,,
2010-01-13,5498.7,5509.7,5450.9,5473.5,,,,
2010-01-14,5473.5,5521.9,5473.5,5498.2,,,,
2010-01-15,5498.2,5527,5450.4,5455.4,,,,
2010-01-18,5455.4,5504,5454.3,5494.4,,,,
2010-01-19,5494.4,5531.9,5431.3,5513.1,,,,
2010-01-20,5513.1,5513.1,5404,5420.8,,,,
2010-01-21,5420.8,5468.4,5331.6,5335.1,,,,
2010-01-22,5335.1,5345.6,5253,5303,,,,
2010-01-25,5303,5330.6,5252.9,5260.3,,,,
2010-01-26,5260.3,5276.9,5215.7,5276.9,,,,
2010-01-27,5276.9,5276.9,5192.6,5217.5,,,,
2010-01-28,5217.5,5280.4,5145.7,5145.7,,,,
2010-01-29,5145.7,5230.2,5145.7,5188.5,,,,
2010-02-01,5188.5,5250.1,5163.6,5247.4,,,,
2010-02-02,5247.4,5289,5208.2,5283.3,,,,
2010-02-03,5283.3,5305.4,5237.7,5253.1,,,,
2010-02-04,5253.1,5262.2,5123.9,5139.3,,,,
2010-02-05,5139.3,5139.3,5033.8,5060.9,,,,
2010-02-08,5060.9,5118.1,5033,5092.3,,,,
2010-02-09,5092.3,5132.9,5084.8,5111.8,,,,
2010-02-10,5111.8,5181.2,5105.3,5132,,,,
2010-02-11,5132,5201.8,5114.5,5161.5,,,,
2010-02-12,5161.5,5207.7,5117.4,5142.5,,,,
2010-02-15,5142.5,5194.3,5142.5,5167.5,,,,
2010-02-16,5167.5,5248.1,5167.5,5244.1,,,,
2010-02-17,5244.1,5304.5,5244.1,5276.6,,,,
2010-02-18,5276.6,5326.4,5261.7,5325.1,,,,
2010-02-19,5325.1,5366.1,5281.4,5358.2,,,,
2010-02-22,5358.2,5387,5348.1,5352.1,,,,
2010-02-23,5352.1,5395.5,5302,5315.1,,,,
2010-02-24,5315.1,5357.9,5298.2,5342.9,,,,
2010-02-25,5342.9,5370.4,5259.7,5278.2,,,,
2010-02-26,5278.2,5367.8,5278.2,5354.5,,,,
2010-03-01,5354.5,5420.8,5354.5,5405.9,,,,
2010-03-02,5405.9,5485,5403.7,5484.1,,,,
2010-03-03,5484.1,5541.8,5465.3,5533.2,,,,
2010-03-04,5533.2,5544.2,5501.1,5527.2,,,,
2010-03-05,5527.2,5605.4,5527.2,5599.8,,,,
2010-03-08,5599.8,5621.1,5579.2,5606.7,,,,
2010-03-09,5606.7,5618.4,5563.1,5602.3,,,,
2010-03-10,5602.3,5645.3,5585.4,5640.6,,,,
2010-03-11,5640.6,5642.9,5594.7,5617.3,,,,
2010-03-12,5617.3,5646.7,5612.4,5625.6,,,,
2010-03-15,5625.6,5627,5588.2,5593.9,,,,
2010-03-16,5593.9,5637.7,5593.9,5620.4,,,,
2010-03-17,5620.4,5657.8,5620.4,5644.6,,,,
2010-03-18,5644.6,5661,5619.2,5642.6,,,,
2010-03-19,5642.6,5691.2,5633.5,5650.1,,,,
2010-03-22,5650.1,5650.1,5583.5,5644.5,,,,
2010-03-23,5644.5,5695.9,5644.5,5673.6,,,,
2010-03-24,5673.6,5698.9,5636,5677.9,,,,
2010-03-25,5677.9,5737.1,5673.1,5727.6,,,,
2010-03-26,5727.6,5727.6,5695.5,5703,,,,
2010-03-29,5703,5733.1,5684.6,5710.7,,,,
2010-03-30,5710.7,5742.8,5662.8,5672.3,,,,
2010-03-31,5672.3,5698.5,5646.3,5679.6,,,,
2010-04-01,5679.6,5744.9,5679.5,5744.9,,,,
2010-04-06,5744.9,5790.4,5744.6,5780.4,,,,
2010-04-07,5780.4,5782.3,5753.4,5762.1,,,,
2010-04-08,5762.1,5762.1,5684.5,5712.7,,,,
2010-04-09,5712.7,5773.6,5712.7,5771,,,,
2010-04-12,5771,5803.7,5755.8,5777.6,,,,
2010-04-13,5777.6,5778.9,5741.9,5761.7,,,,
2010-04-14,5761.7,5812.8,5761.7,5796.3,,,,
2010-04-15,5796.3,5832.3,5778.4,5825,,,,
2010-04-16,5825,5833.7,5726.4,5744,,,,
2010-04-19,5744,5748.3,5697.2,5727.9,,,,
2010-04-20,5727.9,5796.6,5727.9,5783.7,,,,
2010-04-21,5783.7,5797,5721.3,5723.4,,,,
2010-04-22,5723.4,5761.4,5652.4,5665.3,,,,
2010-04-23,5665.3,5740.9,5665.3,5723.6,,,,
2010-04-26,5723.6,5800.7,5723.6,5753.9,,,,
2010-04-27,5753.9,5758.6,5603.5,5603.5,,,,
2010-04-28,5603.5,5640,5533.6,5586.6,,,,
2010-04-29,5586.6,5638.8,5579.7,5617.8,,,,
2010-04-30,5617.8,5643.9,5540.6,5553.3,,,,
2010-05-04,5553.3,5566,5398.9,5411.1,,,,
2010-05-05,5411.1,5428.8,5304.6,5341.9,,,,
2010-05-06,5341.9,5371.5,5251.3,5261,,,,
2010-05-07,5261,5264.5,5045.3,5123,,,,
2010-05-10,5123,5399.8,5123,5387.4,,,,
2010-05-11,5387.4,5387.4,5257.1,5334.2,,,,
2010-05-12,5334.2,5401,5284.6,5383.5,,,,
2010-05-13,5383.5,5436,5381.5,5433.7,,,,
2010-05-14,5433.7,5433.7,5245.4,5262.9,,,,
2010-05-17,5262.9,5327.5,5231.6,5262.5,,,,
2010-05-18,5262.5,5341.4,5262.5,5307.3,,,,
2010-05-19,5307.3,5307.3,5158.1,5158.1,,,,
2010-05-20,5158.1,5230.2,5000.8,5073.1,,,,
2010-05-21,5073.1,5084,4957.1,5062.9,,,,
2010-05-24,5062.9,5109.4,5021.6,5069.6,,,,
2010-05-25,5069.6,5069.6,4898.5,4940.7,,,,
2010-05-26,4940.7,5097.9,4940.5,5038.1,,,,
2010-05-27,5038.1,5195.4,5038.1,5195.2,,,,
2010-05-28,5195.2,5240.3,5186,5188.4,,,,
2010-06-01,5188.4,5192.1,5063.2,5163.3,,,,
2010-06-02,5163.3,5163.3,5072.5,5151.3,,,,
2010-06-03,5151.3,5262.5,5151.3,5211.2,,,,
2010-06-04,5211.2,5261.7,5102,5126,,,,
2010-06-07,5126,5126,5040.3,5069.1,,,,
2010-06-08,5069.1,5084.1,4984.7,5028.1,,,,
2010-06-09,5028.1,5085.9,4998.1,5085.9,,,,
2010-06-10,5085.9,5149.7,5030.9,5132.5,,,,
2010-06-11,5132.5,5184.4,5116.7,5163.7,,,,
2010-06-14,5163.7,5215.2,5163.7,5202.1,,,,
2010-06-15,5202.1,5242.1,5149.1,5217.8,,,,
2010-06-16,5217.8,5257.3,5209.4,5237.9,,,,
2010-06-17,5237.9,5293.8,5233.2,5253.9,,,,
2010-06-18,5253.9,5289.1,5239.4,5250.8,,,,
2010-06-21,5250.8,5331.5,5250.8,5299.1,,,,
2010-06-22,5299.1,5299.1,5210,5247,,,,
2010-06-23,5247,5247.9,5165.8,5178.5,,,,
2010-06-24,5178.5,5211.8,5091,5100.2,,,,
2010-06-25,5100.2,5130.5,5031.7,5046.5,,,,
2010-06-28,5046.5,5085.6,5024.7,5071.7,,,,
2010-06-29,5071.7,5071.7,4899,4914.2,,,,
2010-06-30,4914.2,4961.9,4898.5,4916.9,,,,
2010-07-01,4916.9,4916.9,4790,4805.8,,,,
2010-07-02,4805.8,4880.9,4805.8,4838.1,,,,
2010-07-05,4838.1,4863.4,4821.1,4823.5,,,,
2010-07-06,4823.5,4967.6,4823.5,4965,,,,
2010-07-07,4965,5014.8,4892,5014.8,,,,
2010-07-08,5014.8,5123.5,5014.8,5105.5,,,,
2010-07-09,5105.5,5150.6,5098.8,5132.9,,,,
2010-07-12,5132.9,5193.2,5128.6,5167,,,,
2010-07-13,5167,5272.3,5167,5271,,,,
2010-07-14,5271,5287.3,5205.8,5253.5,,,,
2010-07-15,5253.5,5268.4,5187.5,5211.3,,,,
2010-07-16,5211.3,5273.6,5153.3,5158.9,,,,
2010-07-19,5129.8,5198,5113,5148.28,,,,
2010-07-20,5172.9,5175.3,5089,5139.46,,,,
2010-07-21,5186.9,5245.3,5183,5214.64,,,,
2010-07-22,5185.1,5320.8,5177.5,5313.81,,,,
2010-07-23,5321.3,5328.3,5273,5312.62,,,,
2010-07-26,5352.8,5354.3,5301.3,5351.12,,,,
2010-07-27,5361,5412.8,5351.3,5365.67,,,,
2010-07-29,5328.4,5375.5,5302,5313.95,,,,
2010-07-30,5294.5,5322.5,5244.3,5258.02,,,,
2010-08-02,5305,5402.8,5300,5397.11,,,,
2010-08-03,5390.2,5399.3,5353,5396.48,,,,
2010-08-04,5380.1,5406.8,5317.3,5386.16,,,,
2010-08-05,5392.9,5418.3,5356.8,5365.78,,,,
2010-08-06,5391.1,5409.5,5306.8,5332.39,,,,
2010-08-09,5392.3,5420.8,5387.8,5410.52,,,,
2010-08-10,5394.9,5407.8,5346.8,5376.41,,,,
2010-08-11,5336.3,5340.5,5241.8,5245.21,,,,
2010-08-12,5220.8,5274,5208.8,5266.06,,,,
2010-08-13,5299.1,5308.8,5225.3,5275.44,,,,
2010-08-16,5277.3,5304.8,5226.5,5276.1,,,,
2010-08-17,5288.5,5355.3,5273.3,5350.55,,,,
2010-08-18,5326.4,5331.3,5294.8,5302.87,,,,
2010-08-19,5321.7,5337.3,5202.8,5211.29,,,,
2010-08-20,5208.8,5232.5,5158.8,5195.28,,,,
2010-08-23,5214,5268.8,5184.5,5234.84,,,,
2010-08-24,5202.6,5203,5106.5,5155.95,,,,
2010-08-25,5148.8,5168.5,5068.8,5117.24,,,,
2010-08-26,5146.9,5168.8,5125.3,5155.84,,,,
2010-08-27,5138.3,5219.8,5119.8,5201.56,,,,
2010-08-31,5143.3,5226.8,5128.3,5225.22,,,,
2010-09-01,5248.5,5371.8,5224.8,5366.41,,,,
2010-09-02,5348,5384.5,5342.3,5371.04,,,,
2010-09-03,5383.3,5455.8,5372.8,5428.15,,,,
2010-09-06,5459.8,5461.8,5432,5439.19,,,,
2010-09-07,5428.5,5430,5380,5407.82,,,,
2010-09-08,5381.8,5445.8,5360,5429.74,,,,
2010-09-09,5415,5504.8,5409.8,5494.16,,,,
2010-09-10,5472.5,5511.8,5472.5,5501.64,,,,
2010-09-13,5554.9,5573,5529.8,5565.53,,,,
2010-09-14,5568.5,5584,5541.3,5567.41,,,,
2010-09-15,5572.5,5579.3,5534.8,5557.07,,,,
2010-09-16,5552.3,5565.5,5533,5540.14,,,,
2010-09-17,5588.8,5618.3,5497.3,5508.45,,,,
2010-09-20,5539.5,5607.5,5535.3,5602.54,,,,
2010-09-21,5593.3,5637.5,5572.8,5576.19,,,,
2010-09-22,5597,5599.5,5515.5,5562.02,,,,
2010-09-23,5584.5,5591,5470,5547.08,,,,
2010-09-24,5526.3,5612.8,5517,5598.48,,,,
2010-09-27,5603.8,5615.5,5569,5573.42,,,,
2010-09-28,5563.3,5583.8,5504.8,5578.44,,,,
2010-09-29,5606,5625.8,5542.5,5569.27,,,,
2010-09-30,5551.8,5653.5,5537.5,5548.62,,,,
2010-10-01,5582.5,5617.5,5559.8,5592.9,,,,
2010-10-04,5607.3,5607.3,5549,5555.97,,,,
2010-10-05,5564.5,5647.3,5548.5,5635.76,,,,
2010-10-06,5659.2,5694.3,5653.5,5681.39,,,,
2010-10-07,5687.6,5708.5,5648.8,5662.13,,,,
2010-10-08,5653.5,5663.8,5604.5,5657.61,,,,
2010-10-11,5670.7,5685.8,5654.8,5672.4,,,,
2010-10-12,5643.5,5677.8,5595.8,5661.59,,,,
2010-10-13,5691.6,5761.3,5686.3,5747.35,,,,
2010-10-14,5767.8,5770.8,5711.3,5727.21,,,,
2010-10-15,5750.7,5750.7,5663.5,5703.37,,,,
2010-10-18,5681.6,5750.5,5668.5,5742.52,,,,
2010-10-19,5738.5,5762.5,5687.5,5703.89,,,,
2010-10-20,5684.4,5730.5,5678.5,5728.93,,,,
2010-10-21,5709.5,5787.5,5696.8,5757.86,,,,
2010-10-22,5747.8,5756,5721.8,5741.37,,,,
2010-10-25,5780.1,5791.8,5750.3,5751.98,,,,
2010-10-26,5735.8,5746.3,5674.8,5707.3,,,,
2010-10-27,5674.8,5690.5,5629.3,5646.02,,,,
2010-10-28,5684.8,5713,5653.3,5677.89,,,,
2010-10-29,5662.3,5700,5645.8,5675.16,,,,
2010-11-01,5711.7,5734.8,5665.8,5694.62,,,,
2010-11-02,5688.9,5773.3,5685,5757.43,,,,
2010-11-03,5762.2,5773.3,5728.3,5748.97,,,,
2010-11-04,5798.2,5876.3,5797.4,5862.79,,,,
2010-11-05,5881,5896.5,5831.8,5875.35,,,,
2010-11-08,5871.5,5882.3,5839.5,5849.96,,,,
2010-11-09,5841.2,5901.8,5841.2,5875.19,,,,
2010-11-10,5858.4,5868,5794,5816.94,,,,
2010-11-11,5838.8,5841.8,5791.3,5815.23,,,,
2010-11-12,5742.5,5831.3,5711,5796.87,,,,
2010-11-15,5780.1,5834.5,5753.5,5820.41,,,,
2010-11-16,5785.7,5789.3,5680.8,5690.8,,,,
2010-11-17,5654.8,5705.3,5653.8,5692.56,,,,
2010-11-18,5730.8,5785,5718.3,5768.71,,,,
2010-11-19,5777.7,5777.7,5682.8,5732.83,,,,
2010-11-22,5782.5,5784.5,5666.8,5680.83,,,,
2010-11-23,5640.6,5663.3,5581.28,5581.28,,,,
2010-11-24,5608.3,5665.8,5573.3,5657.1,,,,
2010-11-25,5666.3,5709.5,5653.5,5698.93,,,,
2010-11-26,5663.2,5696.5,5597.5,5668.7,,,,
2010-11-29,5698.1,5724.5,5562,5569.73,,,,
2010-11-30,5572.7,5598,5518.3,5528.27,,,,
2010-12-01,5569.8,5657.8,5559.5,5642.5,,,,
2010-12-02,5678.8,5774.3,5649.8,5767.56,,,,
2010-12-03,5764.6,5785.8,5719.5,5756.66,,,,
2010-12-06,5761.6,5785.8,5727.8,5770.28,,,,
2010-12-07,5791.3,5850.8,5769.5,5808.45,,,,
2010-12-08,5782.5,5824.3,5773.8,5794.53,,,,
2010-12-09,5823.8,5838.8,5797.5,5807.96,,,,
2010-12-10,5823.3,5826,5793.5,5812.95,,,,
2010-12-13,5837.3,5873.8,5827.8,5860.75,,,,
2010-12-14,5859,5891.21,5846,5891.21,,,,
2010-12-15,5866.8,5899,5858.5,5882.18,,,,
2010-12-16,5884.8,5908,5862,5881.12,,,,
2010-12-17,5895.3,5905,5858.3,5871.75,,,,
2010-12-20,5876.3,5915.8,5865.3,5894.1,,,,
2010-12-21,5924.4,5954,5920.3,5951.8,,,,
2010-12-22,5954,5992.5,5934,5983.49,,,,
2010-12-23,5997.4,6001.8,5981.5,5996.07,,,,
2010-12-24,5998.3,6008.92,5977.8,6008.92,,,,
2010-12-29,5995.5,6019,5973.3,5996.36,,,,
2010-12-30,5993.8,6007.8,5962.8,5971.01,,,,
2010-12-31,5979.8,5980.8,5899.94,5899.94,,,,
2011-01-04,5990,6049.5,5979.8,6013.87,,,,
2011-01-05,6011.5,6043.86,5962,6043.86,,,,
2011-01-06,6036.7,6089.3,6002.8,6019.51,,,,
2011-01-07,6009.5,6021.3,5970,5984.33,,,,
2011-01-10,5978.5,5980.8,5938.5,5956.3,,,,
2011-01-11,5986.1,6036.8,5978.8,6014.03,,,,
2011-01-12,6024.3,6050.72,6019.8,6050.72,,,,
2011-01-13,6047.8,6056.5,6004,6023.88,,,,
2011-01-14,6014.8,6031.8,5947.5,5988.12,,,,
2011-01-17,6013.6,6018.3,5974.3,5985.7,,,,
2011-01-18,6002.5,6066.8,6002.5,6056.43,,,,
2011-01-19,6076.2,6077.3,5972.3,5976.7,,,,
2011-01-20,5961.3,5966,5863.8,5867.91,,,,
2011-01-21,5879.8,5939.5,5871.5,5896.25,,,,
2011-01-24,5901.6,5960.5,5886.5,5943.85,,,,
2011-01-25,5962.4,5964.4,5903.3,5917.71,,,,
2011-01-26,5946.8,6002.5,5944.8,5977.63,,,,
2011-01-27,5969.8,5997.8,5947.8,5965.08,,,,
2011-01-28,5950.5,5950.9,5875.5,5881.37,,,,
2011-01-31,5855,5881.5,5814.3,5862.94,,,,
2011-02-01,5901.2,5964.5,5872,5957.82,,,,
2011-02-02,5978.3,6020,5968.5,5996.56,,,,
2011-02-03,5989.7,5996.3,5950.5,5983.34,,,,
2011-02-04,6000.5,6024.5,5985.3,5997.38,,,,
2011-02-07,6011.1,6054.8,5996.3,6044.16,,,,
2011-02-08,6044.3,6091.33,6031.8,6091.33,,,,
2011-02-09,6075.3,6079.5,6047.8,6052.29,,,,
2011-02-10,6039,6044.3,5984,6020.01,,,,
2011-02-11,6000.4,6069.8,5970.8,6062.9,,,,
2011-02-14,6077,6091.3,6040.8,6063.56,,,,
2011-02-15,6051.8,6072.3,6021.3,6037.08,,,,
2011-02-16,6048.5,6094.3,6042.3,6085.27,,,,
2011-02-17,6088.3,6099,6066.3,6087.38,,,,
2011-02-18,6091,6096,6046.8,6082.99,,,,
2011-02-21,6070.8,6106.5,6010.8,6014.8,,,,
2011-02-22,5983,6027.8,5922.8,5996.76,,,,
2011-02-23,5969.7,5982.3,5913.5,5923.53,,,,
2011-02-24,5864.6,5937,5856.5,5919.98,,,,
2011-02-25,5942.2,6011.3,5909.3,6001.2,,,,
2011-02-28,6001.9,6023,5961,5994.01,,,,
2011-03-01,6032.3,6041.5,5925.5,5953.87,,,,
2011-03-02,5881.6,5940.8,5863.3,5914.89,,,,
2011-03-03,5948.5,6017.5,5918,6005.09,,,,
2011-03-04,6021.7,6052.3,5982.5,5990.39,,,,
2011-03-07,5975.8,6044.5,5964.8,5973.78,,,,
2011-03-08,5987,6000.5,5909.8,5961.82,,,,
2011-03-09,5975.8,5975.8,5920.8,5937.3,,,,
2011-03-10,5883.9,5906.8,5830.3,5845.29,,,,
2011-03-11,5802.8,5841.5,5795.3,5828.67,,,,
2011-03-14,5813.3,5843,5768.3,5775.24,,,,
2011-03-15,5672.3,5713.3,5591,5695.28,,,,
2011-03-16,5719.8,5719.8,5598.23,5598.23,,,,
2011-03-17,5634.8,5708,5610.8,5693.8,,,,
2011-03-18,5706.9,5757.5,5699.3,5720.8,,,,
2011-03-21,5784.5,5800.3,5762.3,5786.09,,,,
2011-03-22,5783,5814,5742.3,5762.71,,,,
2011-03-23,5732.8,5802.8,5731.3,5795.88,,,,
2011-03-24,5791.5,5893,5780.3,5880.87,,,,
2011-03-25,5918.3,5919.3,5876.5,5900.76,,,,
2011-03-28,5903.5,5924.3,5900,5904.49,,,,
2011-03-29,5911.4,5933,5878,5932.17,,,,
2011-03-30,5970.1,5970.1,5941.5,5948.3,,,,
2011-03-31,5953.9,5974,5918.3,5938.66,,,,
2011-04-01,5929.2,6015.3,5929.2,6009.92,,,,
2011-04-04,5999,6035,5986,6016.98,,,,
2011-04-05,6020.8,6023,5988.5,6007.06,,,,
2011-04-06,6029.8,6057.3,6008.5,6041.13,,,,
2011-04-07,6043.3,6053.5,6007.3,6007.37,,,,
2011-04-08,6043.9,6066.5,6037.5,6055.75,,,,
2011-04-11,6054.5,6071.5,6043,6053.44,,,,
2011-04-12,6025.5,6027.8,5957.5,5964.47,,,,
2011-04-13,5991.5,6044,5983.3,6010.44,,,,
2011-04-14,5994.3,5995.5,5942.5,5963.8,,,,
2011-04-15,5977.8,5997.3,5962,5996.01,,,,
2011-04-18,5992.7,5995,5856.8,5870.08,,,,
2011-04-19,5903,5921.3,5889.8,5896.87,,,,
2011-04-20,5953.8,6034.8,5953.8,6022.26,,,,
2011-04-21,6053.9,6053.9,6007.8,6018.3,,,,
2011-04-26,6006.1,6073,6005.5,6069.36,,,,
2011-04-27,6066,6090.5,6044.8,6068.16,,,,
2011-04-28,6085.8,6089.3,6050,6069.9,,,,
2011-05-03,6094.9,6103.3,6050,6082.88,,,,
2011-05-04,6049,6074.5,5972.3,5984.07,,,,
2011-05-05,6002.8,6009.3,5911.3,5919.98,,,,
2011-05-06,5918.3,5986.5,5870.3,5976.77,,,,
2011-05-09,5946,5999.3,5920,5942.69,,,,
2011-05-10,5950.3,6023.3,5947.8,6018.89,,,,
2011-05-11,6031.6,6039.8,5963,5976,,,,
2011-05-12,5925.5,5944.96,5879.8,5944.96,,,,
2011-05-13,5968.1,6000,5916.5,5925.87,,,,
2011-05-16,5902.2,5935.3,5859.3,5923.69,,,,
2011-05-17,5894.1,5942.3,5861,5861,,,,
2011-05-18,5906.8,5933.8,5886.3,5923.49,,,,
2011-05-19,5959.8,6004,5935.3,5955.99,,,,
2011-05-20,5968.8,6018.5,5926.3,5948.49,,,,
2011-05-23,5870.3,5874.3,5832,5835.89,,,,
2011-05-24,5843.3,5884.3,5842.3,5858.41,,,,
2011-05-25,5810.4,5881.5,5809.6,5870.14,,,,
2011-05-26,5888.3,5912,5866.3,5880.99,,,,
2011-05-27,5925.3,5951.8,5916.3,5938.87,,,,
2011-05-31,5981.8,6010.8,5969.5,5989.99,,,,
2011-06-01,5989.4,5991.3,5910.3,5928.61,,,,
2011-06-02,5872.8,5893,5847.92,5847.92,,,,
2011-06-03,5864.5,5868,5802.5,5855.01,,,,
2011-06-06,5834.8,5883.3,5827.5,5863.16,,,,
2011-06-07,5858.3,5891.3,5848.8,5864.65,,,,
2011-06-08,5852.3,5861.8,5791.8,5808.89,,,,
2011-06-09,5804.8,5862,5794.8,5856.34,,,,
2011-06-10,5847,5868.3,5757.3,5769.3,,,,
2011-06-13,5769.6,5794.8,5763,5773.46,,,,
2011-06-14,5805.9,5823.3,5783.8,5803.13,,,,
2011-06-15,5787.6,5799.8,5742.55,5742.55,,,,
2011-06-16,5701,5717.5,5642.8,5698.81,,,,
2011-06-17,5668.4,5732.8,5643.8,5714.94,,,,
2011-06-20,5665.6,5705.3,5647.3,5693.39,,,,
2011-06-21,5717.5,5779.3,5714.3,5775.31,,,,
2011-06-22,5767.3,5789.8,5741.8,5772.99,,,,
2011-06-23,5744.7,5750,5662,5674.38,,,,
2011-06-24,5743.1,5768,5679.5,5697.72,,,,
2011-06-27,5677.8,5728,5677.8,5722.34,,,,
2011-06-28,5747.3,5796.8,5733.3,5766.88,,,,
2011-06-29,5802,5866.8,5799.5,5855.95,,,,
2011-06-30,5880.3,5947.3,5879,5945.71,,,,
2011-07-01,5953.5,5999.8,5935.8,5989.76,,,,
2011-07-04,5991.5,6031.3,5984.5,6017.54,,,,
2011-07-05,6018,6037.3,6012.3,6024.03,,,,
2011-07-06,6019.5,6023.3,5972.3,6002.92,,,,
2011-07-07,6026.2,6071.3,6005,6054.55,,,,
2011-07-08,6080.3,6084.3,5980.5,5990.58,,,,
2011-07-11,5974,6000,5898.8,5929.16,,,,
2011-07-12,5873.8,5899.5,5790.5,5868.96,,,,
2011-07-13,5861.9,5910.5,5848.5,5904.19,,,,
2011-07-14,5857.3,5895.8,5839.8,5846.95,,,,
2011-07-15,5821.8,5863,5805.3,5843.66,,,,
2011-07-18,5804,5816.5,5752.81,5752.81,,,,
2011-07-19,5773.4,5802.3,5765.3,5789.99,,,,
2011-07-20,5821.1,5855.8,5804,5853.82,,,,
2011-07-21,5858.7,5934.5,5796.3,5899.89,,,,
2011-07-22,5941.6,5967.5,5903.5,5935.02,,,,
2011-07-25,5895.8,5938.5,5891.3,5925.26,,,,
2011-07-26,5935.3,5949.5,5894.3,5929.73,,,,
2011-07-27,5908.8,5932.5,5840,5856.58,,,,
2011-07-28,5803.3,5883,5799.3,5873.21,,,,
2011-07-29,5818,5852,5771.8,5815.19,,,,
2011-08-01,5878,5914.8,5764.8,5774.43,,,,
2011-08-02,5763,5780.5,5704.8,5718.39,,,,
2011-08-03,5638.3,5678,5555.8,5584.51,,,,
2011-08-04,5636.3,5636.8,5388.1,5393.14,,,,
2011-08-05,5236,5387.5,5202.5,5068.95,,,,
2011-08-08,5167.5,5295.3,5060.5,5077.5,,,,
2011-08-09,5013.4,5193.8,4788.3,5164.92,,,,
2011-08-10,5263.8,5266.8,4987.3,5007.16,,,,
2011-08-11,5129.3,5173.3,4939.8,5168.24,,,,
2011-08-12,5162.83,5320.03,5099.31,5320.03,,,,
2011-08-15,5320.03,5377.23,5319.38,5350.58,,,,
2011-08-16,5350.58,5362.15,5265.83,5357.63,,,,
2011-08-17,5357.63,5371.08,5279.93,5331.6,,,,
2011-08-18,5331.6,5331.6,5041.59,5092.23,,,,
2011-08-19,5092.23,5107.91,4929.55,5040.76,,,,
2011-08-22,5040.76,5182.98,4993.34,5095.3,,,,
2011-08-23,5095.3,5193.17,5076.74,5129.42,,,,
2011-08-24,5129.42,5250.59,5098.14,5205.85,,,,
2011-08-25,5205.85,5254.17,5102.06,5131.1,,,,
2011-08-26,5131.1,5149.51,5014.79,5129.92,,,,
2011-08-30,5129.92,5283.6,5129.92,5268.66,,,,
2011-08-31,5268.66,5411.6,5258.62,5394.53,,,,
2011-09-01,5394.53,5449.67,5346.7,5418.65,,,,
2011-09-02,5418.65,5418.65,5258.5,5292.03,,,,
2011-09-05,5292.03,5292.03,5097.71,5102.58,,,,
2011-09-06,5102.58,5190.27,5086.79,5156.84,,,,
2011-09-07,5156.84,5322.21,5156.84,5318.59,,,,
2011-09-08,5318.59,5369.82,5269.7,5340.38,,,,
2011-09-09,5340.38,5352.03,5202.24,5214.65,,,,
2011-09-12,5214.65,5214.65,5059.22,5129.62,,,,
2011-09-13,5129.62,5203.07,5069.52,5174.25,,,,
2011-09-14,5174.25,5270.42,5146.39,5227.02,,,,
2011-09-15,5227.02,5366.74,5227.02,5337.54,,,,
2011-09-16,5337.54,5406.1,5337.54,5368.41,,,,
2011-09-19,5368.41,5368.41,5231.62,5259.56,,,,
2011-09-20,5259.56,5377.39,5219.09,5363.71,,,,
2011-09-21,5363.71,5366.09,5268.82,5288.41,,,,
2011-09-22,5288.41,5288.41,5013.55,5041.61,,,,
2011-09-23,5041.61,5105.38,4928.14,5066.81,,,,
2011-09-26,5066.81,5148.81,4974.03,5089.37,,,,
2011-09-27,5089.37,5294.05,5089.37,5294.05,,,,
2011-09-28,5294.05,5314.29,5191.36,5217.63,,,,
2011-09-29,5217.63,5250.18,5160.77,5196.84,,,,
2011-09-30,5196.84,5197.33,5068.63,5128.48,,,,
2011-10-03,5128.48,5128.48,4983.28,5075.5,,,,
2011-10-04,5075.5,5075.5,4868.6,4944.44,,,,
2011-10-05,4944.44,5121.4,4944.44,5102.17,,,,
2011-10-06,5102.17,5291.26,5102.17,5291.26,,,,
2011-10-07,5291.26,5370.89,5261.43,5303.4,,,,
2011-10-10,5303.4,5413.43,5303.4,5399,,,,
2011-10-11,5399,5399,5330.42,5395.7,,,,
2011-10-12,5395.7,5458.02,5348.16,5441.8,,,,
2011-10-13,5441.8,5456.09,5368.37,5403.38,,,,
2011-10-14,5403.38,5501.39,5395.57,5466.36,,,,
2011-10-17,5466.36,5543.72,5405.2,5436.7,,,,
2011-10-18,5436.7,5436.7,5348.64,5410.35,,,,
2011-10-19,5410.35,5483.79,5410.35,5450.49,,,,
2011-10-20,5450.49,5450.49,5363.16,5384.68,,,,
2011-10-21,5384.68,5500.54,5384.68,5488.65,,,,
2011-10-24,5488.65,5552.79,5487.21,5548.06,,,,
2011-10-25,5548.06,5574.13,5465.52,5525.54,,,,
2011-10-26,5525.54,5576.63,5498.51,5553.24,,,,
2011-10-27,5553.24,5747.33,5553.24,5713.82,,,,
2011-10-28,5713.82,5746.88,5684.95,5702.24,,,,
2011-10-31,5702.24,5702.24,5544.22,5544.22,,,,
2011-11-01,5544.22,5544.22,5338.36,5421.57,,,,
2011-11-02,5421.57,5493.29,5383.37,5484.1,,,,
2011-11-03,5484.1,5564.54,5402.63,5545.64,,,,
2011-11-04,5545.64,5599.46,5495.38,5527.16,,,,
2011-11-07,5527.16,5557.76,5432.16,5510.82,,,,
2011-11-08,5510.82,5616,5509.57,5567.34,,,,
2011-11-09,5567.34,5615.84,5426.25,5460.38,,,,
2011-11-10,5460.38,5497.2,5360.19,5444.82,,,,
2011-11-11,5444.82,5548.75,5439.81,5545.38,,,,
2011-11-14,5545.38,5575.19,5489.25,5519.04,,,,
2011-11-15,5519.04,5551.38,5428.6,5517.44,,,,
2011-11-16,5517.44,5562.91,5450.24,5509.02,,,,
2011-11-17,5509.02,5509.02,5366.12,5423.14,,,,
2011-11-18,5423.14,5423.14,5347.89,5362.94,,,,
2011-11-21,5362.94,5362.94,5221.69,5222.6,,,,
2011-11-22,5222.6,5281.95,5206.82,5206.82,,,,
2011-11-23,5206.82,5206.82,5139.78,5139.78,,,,
2011-11-24,5139.78,5184.26,5098.99,5127.57,,,,
2011-11-25,5127.57,5200.31,5075.22,5164.65,,,,
2011-11-28,5164.65,5327.76,5164.65,5312.76,,,,
2011-11-29,5312.76,5344.18,5272.44,5337,,,,
2011-11-30,5337,5538.96,5274.95,5505.42,,,,
2011-12-01,5505.42,5553.89,5486.87,5489.34,,,,
2011-12-02,5489.34,5595.54,5489.07,5552.29,,,,
2011-12-05,5552.29,5602.8,5545.93,5567.96,,,,
2011-12-06,5567.96,5592.95,5521.91,5568.72,,,,
2011-12-07,5568.72,5631.88,5497.96,5546.91,,,,
2011-12-08,5546.91,5605.27,5483.77,5483.77,,,,
2011-12-09,5483.77,5540.52,5440.86,5529.21,,,,
2011-12-12,5529.21,5529.21,5427.86,5427.86,,,,
2011-12-13,5427.86,5525.96,5413.7,5490.15,,,,
2011-12-14,5490.15,5490.15,5366.8,5366.8,,,,
2011-12-15,5366.8,5434.02,5366.8,5400.85,,,,
2011-12-16,5400.85,5452.65,5387.34,5387.34,,,,
2011-12-19,5387.34,5410.06,5343.08,5364.99,,,,
2011-12-20,5364.99,5426.28,5328.67,5419.6,,,,
2011-12-21,5419.6,5479.19,5371.65,5389.74,,,,
2011-12-22,5389.74,5469.03,5389.74,5456.97,,,,
2011-12-23,5456.97,5516.63,5456.97,5512.7,,,,
2011-12-28,5512.7,5567.86,5490.96,5507.4,,,,
2011-12-29,5507.4,5566.77,5496.87,5566.77,,,,
2011-12-30,5566.77,5588.39,5535.2,5572.28,,,,
2012-01-03,5572.28,5699.91,5572.28,5699.91,,,,
2012-01-04,5699.91,5719.83,5646.36,5668.45,,,,
2012-01-05,5668.45,5689.33,5614.38,5624.26,,,,
2012-01-06,5624.26,5682.78,5623.36,5649.68,,,,
2012-01-09,5649.68,5673.82,5604.62,5612.26,,,,
2012-01-10,5612.26,5711.89,5612.26,5696.7,,,,
2012-01-11,5696.7,5700.75,5644.75,5670.82,,,,
2012-01-12,5670.82,5699.57,5640.3,5662.42,,,,
2012-01-13,5662.42,5709.22,5583.45,5636.64,,,,
2012-01-16,5636.64,5662.88,5609.87,5657.44,,,,
2012-01-17,5657.44,5724.41,5657.44,5693.95,,,,
2012-01-18,5693.95,5709.87,5647.92,5702.37,,,,
2012-01-19,5702.37,5743.93,5693.16,5741.15,,,,
2012-01-20,5741.15,5749.77,5721.61,5728.55,,,,
2012-01-23,5728.55,5789.85,5723.09,5782.56,,,,
2012-01-24,5782.56,5782.56,5719.86,5751.9,,,,
2012-01-25,5751.9,5777.69,5694.05,5723,,,,
2012-01-26,5723,5806.24,5722.83,5795.2,,,,
2012-01-27,5795.2,5795.2,5728.96,5733.45,,,,
2012-01-30,5733.45,5733.45,5651.56,5671.09,,,,
2012-01-31,5671.09,5730.32,5671.09,5681.61,,,,
2012-02-01,5681.61,5790.72,5680.67,5790.72,,,,
2012-02-02,5790.72,5809.82,5765.72,5796.07,,,,
2012-02-03,5796.07,5901.07,5784.23,5901.07,,,,
2012-02-06,5901.07,5901.07,5863.55,5892.2,,,,
2012-02-07,5892.2,5906.65,5850.49,5890.26,,,,
2012-02-08,5890.26,5916.2,5871.33,5875.93,,,,
2012-02-09,5875.93,5916.31,5870.55,5895.47,,,,
2012-02-10,5895.47,5895.47,5839.85,5852.39,,,,
2012-02-13,5852.39,5920.09,5852.39,5905.7,,,,
2012-02-14,5905.7,5920.61,5877.21,5899.87,,,,
2012-02-15,5899.87,5923.78,5880.62,5892.16,,,,
2012-02-16,5892.16,5892.36,5829.38,5885.38,,,,
2012-02-17,5885.38,5923.62,5885.38,5905.07,,,,
2012-02-20,5905.07,5956.33,5905.07,5945.25,,,,
2012-02-21,5945.25,5948.84,5916.58,5928.2,,,,
2012-02-22,5928.2,5937.96,5894.6,5916.55,,,,
2012-02-23,5916.55,5952.47,5900.5,5937.89,,,,
2012-02-24,5937.89,5964.02,5925.47,5935.13,,,,
2012-02-27,5935.13,5935.13,5865.85,5915.55,,,,
2012-02-28,5915.55,5937.02,5899.99,5927.91,,,,
2012-02-29,5927.91,5944.75,5871.51,5871.51,,,,
2012-03-01,5871.51,5936.07,5858.85,5931.25,,,,
2012-03-02,5931.25,5939.97,5908.48,5911.13,,,,
2012-03-05,5911.13,5911.13,5865.38,5874.82,,,,
2012-03-06,5874.82,5874.82,5758.42,5765.8,,,,
2012-03-07,5765.8,5801.12,5755.69,5791.41,,,,
2012-03-08,5791.41,5874.34,5791.41,5859.73,,,,
2012-03-09,5859.73,5897.6,5842.94,5887.49,,,,
2012-03-12,5887.49,5894.07,5860.42,5892.75,,,,
2012-03-13,5892.75,5957.94,5892.75,5955.91,,,,
2012-03-14,5955.91,5989.07,5945.43,5945.43,,,,
2012-03-15,5945.43,5958.17,5919.21,5940.72,,,,
2012-03-16,5940.72,5974.05,5940.72,5965.58,,,,
2012-03-19,5965.58,5968.89,5928.45,5961.11,,,,
2012-03-20,5961.11,5961.11,5876.42,5891.41,,,,
2012-03-21,5891.41,5921.68,5880.79,5891.95,,,,
2012-03-22,5891.95,5891.95,5825.91,5845.65,,,,
2012-03-23,5845.65,5875.73,5801.72,5854.89,,,,
2012-03-26,5854.89,5913.06,5854.47,5902.7,,,,
2012-03-27,5902.7,5941.9,5863.83,5869.55,,,,
2012-03-28,5869.55,5877.94,5808.99,5808.99,,,,
2012-03-29,5808.99,5812.17,5726.5,5742.03,,,,
2012-03-30,5742.03,5782.71,5742.03,5768.45,,,,
2012-04-02,5768.45,5874.89,5748.63,5874.89,,,,
2012-04-03,5874.89,5890.16,5838.34,5838.34,,,,
2012-04-04,5838.34,5838.34,5685.65,5703.77,,,,
2012-04-05,5703.77,5731.67,5663.32,5723.67,,,,
2012-04-10,5723.67,5723.67,5595.55,5595.55,,,,
2012-04-11,5595.55,5655.87,5576.37,5634.74,,,,
2012-04-12,5634.74,5727.87,5602.56,5710.46,,,,
2012-04-13,5710.46,5710.82,5643.51,5651.79,,,,
2012-04-16,5651.79,5707.96,5641.07,5666.28,,,,
2012-04-17,5666.28,5773.73,5651.53,5766.95,,,,
2012-04-18,5766.95,5783.88,5730.91,5745.29,,,,
2012-04-19,5745.29,5792.07,5738.11,5744.55,,,,
2012-04-20,5744.55,5775.67,5724.2,5772.15,,,,
2012-04-23,5772.15,5772.15,5637.73,5665.57,,,,
2012-04-24,5665.57,5714.17,5658.49,5709.49,,,,
2012-04-25,5709.49,5745,5703.21,5718.89,,,,
2012-04-26,5718.89,5761.14,5691.72,5748.72,,,,
2012-04-27,5748.72,5788.99,5707.95,5777.11,,,,
2012-04-30,5777.11,5792.97,5728.87,5737.78,,,,
2012-05-01,5737.78,5819,5732.16,5812.23,,,,
2012-05-02,5812.23,5819.93,5736.7,5758.11,,,,
2012-05-03,5758.11,5800.81,5745.23,5766.55,,,,
2012-05-04,5766.55,5766.55,5639.79,5655.06,,,,
2012-05-08,5655.06,5668.09,5550.09,5554.55,,,,
2012-05-09,5554.55,5571.71,5464.41,5530.05,,,,
2012-05-10,5530.05,5566.14,5490.54,5543.95,,,,
2012-05-11,5543.95,5585.5,5499.27,5575.52,,,,
2012-05-14,5575.52,5575.65,5436.69,5465.52,,,,
2012-05-15,5465.52,5507.65,5411.82,5437.62,,,,
2012-05-16,5437.62,5448.38,5354,5405.25,,,,
2012-05-17,5405.25,5413.32,5309.75,5338.38,,,,
2012-05-18,5338.38,5338.38,5256.61,5267.62,,,,
2012-05-21,5267.62,5324.36,5253.92,5304.48,,,,
2012-05-22,5304.48,5408.65,5304.48,5403.28,,,,
2012-05-23,5403.28,5403.67,5262.9,5266.41,,,,
2012-05-24,5266.41,5371.75,5266.41,5350.05,,,,
2012-05-25,5350.05,5385.17,5312.2,5351.53,,,,
2012-05-28,5351.53,5413.83,5341.34,5356.34,,,,
2012-05-29,5356.34,5404.66,5342.46,5391.14,,,,
2012-05-30,5391.14,5391.14,5284.42,5297.28,,,,
2012-05-31,5297.28,5352.05,5272.66,5320.86,,,,
2012-06-01,5320.86,5354.45,5229.76,5260.19,,,,
2012-06-06,5260.19,5388.03,5260.19,5384.11,,,,
2012-06-07,5384.11,5494.54,5384.11,5447.79,,,,
2012-06-08,5447.79,5447.79,5381.83,5435.08,,,,
2012-06-11,5435.08,5536.27,5419.56,5432.37,,,,
2012-06-12,5432.37,5478.63,5414.64,5473.74,,,,
2012-06-13,5473.74,5507.65,5436.67,5483.81,,,,
2012-06-14,5483.81,5483.81,5424.4,5467.05,,,,
2012-06-15,5467.05,5522.87,5465.09,5478.81,,,,
2012-06-18,5478.81,5555.32,5461.08,5491.09,,,,
2012-06-19,5491.09,5603.14,5491.03,5586.31,,,,
2012-06-20,5586.31,5623.85,5566,5622.29,,,,
2012-06-21,5622.29,5622.29,5564.79,5566.36,,,,
2012-06-22,5566.36,5566.36,5499.97,5513.69,,,,
2012-06-25,5513.69,5513.69,5435.46,5450.65,,,,
2012-06-26,5450.65,5476.5,5436.27,5446.96,,,,
2012-06-27,5446.96,5525.14,5446.96,5523.92,,,,
2012-06-28,5523.92,5533.75,5436.5,5493.06,,,,
2012-06-29,5493.06,5619.65,5493.06,5571.15,,,,
2012-07-02,5571.15,5640.64,5571.15,5640.64,,,,
2012-07-03,5640.64,5689,5636.05,5687.73,,,,
2012-07-04,5687.73,5699.85,5669.73,5684.47,,,,
2012-07-05,5684.47,5727.45,5662.48,5692.63,,,,
2012-07-06,5692.63,5695.06,5647.47,5662.63,,,,
2012-07-09,5662.63,5669.75,5610.71,5627.33,,,,
2012-07-10,5627.33,5688.66,5622.29,5664.07,,,,
2012-07-11,5664.07,5674.65,5625.6,5664.48,,,,
2012-07-12,5664.48,5664.48,5588.84,5608.25,,,,
2012-07-13,5608.25,5675.62,5608.25,5666.13,,,,
2012-07-16,5666.13,5670.6,5640.88,5662.43,,,,
2012-07-17,5662.43,5676.47,5621.19,5629.09,,,,
2012-07-18,5629.09,5688.29,5624.54,5685.77,,,,
2012-07-19,5685.77,5718.61,5685.77,5714.19,,,,
2012-07-20,5714.19,5714.19,5644.93,5651.77,,,,
2012-07-23,5651.77,5651.77,5510.92,5533.87,,,,
2012-07-24,5533.87,5556.63,5486.99,5499.23,,,,
2012-07-25,5499.23,5526.09,5478.02,5498.32,,,,
2012-07-26,5498.32,5594.51,5478.04,5573.16,,,,
2012-07-27,5573.16,5631,5550.9,5627.21,,,,
2012-07-30,5627.21,5706.47,5625.67,5693.63,,,,
2012-07-31,5693.63,5695.54,5635.28,5635.28,,,,
2012-08-01,5635.28,5712.82,5632.97,5712.82,,,,
2012-08-02,5712.82,5765.81,5657.25,5662.3,,,,
2012-08-03,5662.3,5794.01,5662.3,5787.28,,,,
2012-08-06,5787.28,5837.61,5767.1,5808.77,,,,
2012-08-07,5808.77,5841.24,5785.01,5841.24,,,,
2012-08-08,5841.24,5845.92,5801.08,5845.92,,,,
2012-08-09,5845.92,5860.16,5828.44,5851.51,,,,
2012-08-10,5851.51,5858.56,5827.71,5847.11,,,,
2012-08-13,5847.11,5852.79,5813.63,5831.88,,,,
2012-08-14,5831.88,5876.22,5831.88,5864.78,,,,
2012-08-15,5864.78,5864.78,5822.25,5833.04,,,,
2012-08-16,5833.04,5846.7,5811.31,5834.51,,,,
2012-08-17,5834.51,5854.72,5834.39,5852.42,,,,
2012-08-20,5852.42,5857.5,5802.91,5824.37,,,,
2012-08-21,5824.37,5872.59,5824.37,5857.52,,,,
2012-08-22,5857.52,5857.52,5771.22,5774.2,,,,
2012-08-23,5774.2,5809.26,5764.02,5776.6,,,,
2012-08-24,5776.6,5791.39,5739.41,5776.6,,,,
2012-08-28,5776.6,5779.49,5749.75,5775.71,,,,
2012-08-29,5775.71,5775.76,5739.23,5743.53,,,,
2012-08-30,5743.53,5743.53,5705.65,5719.45,,,,
2012-08-31,5719.45,5763.77,5707.99,5711.48,,,,
2012-09-03,5711.48,5758.41,5701.06,5758.41,,,,
2012-09-04,5758.41,5758.41,5658.34,5672.01,,,,
2012-09-05,5672.01,5675.91,5634.88,5657.86,,,,
2012-09-06,5657.86,5785.98,5657.86,5777.34,,,,
2012-09-07,5777.34,5807.57,5772.87,5794.8,,,,
2012-09-10,5794.8,5806.79,5777.07,5793.2,,,,
2012-09-11,5793.2,5796.56,5764.22,5792.19,,,,
2012-09-12,5792.19,5821.24,5757.58,5782.08,,,,
2012-09-13,5782.08,5826.57,5770.26,5819.92,,,,
2012-09-14,5819.92,5932.62,5819.92,5915.55,,,,
2012-09-17,5915.55,5915.68,5883.22,5893.52,,,,
2012-09-18,5893.52,5893.52,5837.52,5868.16,,,,
2012-09-19,5868.16,5894.39,5861.01,5888.48,,,,
2012-09-20,5888.48,5888.48,5824.36,5854.64,,,,
2012-09-21,5854.64,5887.57,5838.86,5852.62,,,,
2012-09-24,5852.62,5852.62,5806.09,5838.84,,,,
2012-09-25,5838.84,5869.17,5828.34,5859.71,,,,
2012-09-26,5859.71,5859.71,5751.35,5768.09,,,,
2012-09-27,5768.09,5804.09,5762.98,5779.42,,,,
2012-09-28,5779.42,5807.82,5740.52,5742.07,,,,
2012-10-01,5742.07,5843.54,5738.59,5820.45,,,,
2012-10-02,5820.45,5840.36,5781.42,5809.45,,,,
2012-10-03,5809.45,5832.48,5785,5825.81,,,,
2012-10-04,5825.81,5854.16,5803.22,5827.78,,,,
2012-10-05,5827.78,5885.57,5827.61,5871.02,,,,
2012-10-08,5871.02,5871.02,5818.76,5841.74,,,,
2012-10-09,5841.74,5856.42,5795.18,5810.25,,,,
2012-10-10,5810.25,5810.52,5776.71,5776.71,,,,
2012-10-11,5776.71,5846.3,5766.69,5829.75,,,,
2012-10-12,5829.75,5829.75,5793.32,5793.32,,,,
2012-10-15,5793.32,5827.87,5786.03,5805.61,,,,
2012-10-16,5805.61,5878.09,5805.61,5870.54,,,,
2012-10-17,5870.54,5915.59,5868.68,5910.91,,,,
2012-10-18,5910.91,5928.27,5896.49,5917.05,,,,
2012-10-19,5917.05,5919.73,5892.23,5896.15,,,,
2012-10-22,5896.15,5911.03,5869.88,5882.91,,,,
2012-10-23,5882.91,5893.43,5788.96,5797.91,,,,
2012-10-24,5797.91,5823.24,5776.64,5804.78,,,,
2012-10-25,5804.78,5840.57,5802.22,5805.05,,,,
2012-10-26,5805.05,5817.94,5753.31,5806.71,,,,
2012-10-29,5806.71,5812.67,5763.51,5795.1,,,,
2012-10-30,5795.1,5852.17,5794.92,5849.9,,,,
2012-10-31,5849.9,5866.67,5782.7,5782.7,,,,
2012-11-01,5782.7,5866.76,5777.96,5861.92,,,,
2012-11-02,5861.92,5890.11,5844.3,5868.55,,,,
2012-11-05,5868.55,5868.55,5825.55,5839.06,,,,
2012-11-06,5839.06,5885.16,5839.06,5884.9,,,,
2012-11-07,5884.9,5921.78,5789.43,5791.63,,,,
2012-11-08,5791.63,5824.36,5770.7,5776.05,,,,
2012-11-09,5776.05,5786.43,5715.23,5769.68,,,,
2012-11-12,5769.68,5795.25,5762.01,5767.27,,,,
2012-11-13,5767.27,5786.25,5710.99,5786.25,,,,
2012-11-14,5786.25,5786.25,5719.61,5722.01,,,,
2012-11-15,5722.01,5722.01,5674.26,5677.75,,,,
2012-11-16,5677.75,5682.68,5605.59,5605.59,,,,
2012-11-19,5605.59,5739.74,5605.59,5737.66,,,,
2012-11-20,5737.66,5751.82,5706.7,5748.1,,,,
2012-11-21,5748.1,5760.12,5727.86,5752.03,,,,
2012-11-22,5752.03,5796.47,5752.03,5791.03,,,,
2012-11-23,5791.03,5830.53,5781.43,5819.14,,,,
2012-11-26,5819.14,5819.14,5773.86,5786.72,,,,
2012-11-27,5786.72,5823.18,5786.72,5799.71,,,,
2012-11-28,5799.71,5808.34,5755.23,5803.28,,,,
2012-11-29,5803.28,5883.98,5803.28,5870.3,,,,
2012-11-30,5870.3,5904.39,5860.27,5866.82,,,,
2012-12-03,5866.82,5902,5859.56,5871.24,,,,
2012-12-04,5871.24,5885.36,5852.88,5869.04,,,,
2012-12-05,5869.04,5902.66,5869.04,5892.08,,,,
2012-12-06,5892.08,5923.91,5889.65,5901.42,,,,
2012-12-07,5901.42,5923.11,5889.92,5914.4,,,,
2012-12-10,5914.4,5923.97,5891.33,5921.63,,,,
2012-12-11,5921.63,5937.93,5908.32,5924.97,,,,
2012-12-12,5924.97,5948.5,5915.91,5945.85,,,,
2012-12-13,5945.85,5947.85,5918.57,5929.61,,,,
2012-12-14,5929.61,5944.5,5915.34,5921.76,,,,
2012-12-17,5921.76,5923.92,5881.01,5912.15,,,,
2012-12-18,5912.15,5946.41,5911.1,5935.9,,,,
2012-12-19,5935.9,5977.82,5935.9,5961.59,,,,
2012-12-20,5961.59,5970.87,5950.07,5958.34,,,,
2012-12-21,5958.34,5958.34,5894.1,5939.99,,,,
2012-12-24,5939.99,5957.69,5937.1,5954.18,,,,
2012-12-27,5954.18,5997.04,5942.44,5954.3,,,,
2012-12-28,5954.3,5975.97,5915.32,5925.37,,,,
2012-12-31,5925.37,5925.43,5873.43,5897.81,,,,
2013-01-02,5897.81,6044.57,5897.81,6027.37,,,,
2013-01-03,6027.37,6051.3,6016.8,6047.34,,,,
2013-01-04,6047.34,6089.84,6038.02,6089.84,,,,
2013-01-07,6089.84,6091.5,6060.75,6064.58,,,,
2013-01-08,6064.58,6088.18,6053.63,6053.63,,,,
2013-01-09,6053.63,6112.27,6053.63,6098.65,,,,
2013-01-10,6098.65,6118.3,6090.61,6101.51,,,,
2013-01-11,6101.51,6121.58,6095.07,6121.58,,,,
2013-01-14,6121.58,6134.17,6104.9,6107.86,,,,
2013-01-15,6107.86,6117.31,6086.21,6117.31,,,,
2013-01-16,6117.31,6117.33,6076.12,6103.98,,,,
2013-01-17,6103.98,6135.89,6087.49,6132.36,,,,
2013-01-18,6132.36,6172.49,6131.93,6154.41,,,,
2013-01-21,6154.41,6182.23,6154.41,6180.98,,,,
2013-01-22,6180.98,6188.58,6149.18,6179.17,,,,
2013-01-23,6179.17,6200.49,6178.47,6197.64,,,,
2013-01-24,6197.64,6271.4,6186.48,6264.91,,,,
2013-01-25,6264.91,6284.45,6247.33,6284.45,,,,
2013-01-28,6284.45,6311.26,6277.04,6294.41,,,,
2013-01-29,6294.41,6346.37,6285.77,6339.19,,,,
2013-01-30,6339.19,6354.46,6316.29,6323.11,,,,
2013-01-31,6323.11,6323.11,6276.88,6276.88,,,,
2013-02-01,6276.88,6353.95,6275.5,6347.24,,,,
2013-02-04,6347.24,6347.26,6236.66,6246.84,,,,
2013-02-05,6246.84,6296.47,6244.07,6282.76,,,,
2013-02-06,6282.76,6321.45,6265.55,6295.34,,,,
2013-02-07,6295.34,6313,6216.72,6228.42,,,,
2013-02-08,6228.42,6278.07,6228.42,6263.93,,,,
2013-02-11,6263.93,6294.81,6252.31,6277.06,,,,
2013-02-12,6277.06,6338.38,6259.82,6338.38,,,,
2013-02-13,6338.38,6384.7,6311.59,6359.11,,,,
2013-02-14,6359.11,6364.72,6302,6327.36,,,,
2013-02-15,6327.36,6352.2,6309.78,6328.26,,,,
2013-02-18,6328.26,6330.17,6306.83,6318.19,,,,
2013-02-19,6318.19,6385.14,6304.4,6379.07,,,,
2013-02-20,6379.07,6412.44,6368.2,6395.37,,,,
2013-02-21,6395.37,6395.37,6277.96,6291.54,,,,
2013-02-22,6291.54,6347.25,6291.49,6335.7,,,,
2013-02-25,6335.7,6390.09,6323.98,6355.37,,,,
2013-02-26,6355.37,6355.37,6258.62,6270.44,,,,
2013-02-27,6270.44,6335.9,6269.26,6325.88,,,,
2013-02-28,6325.88,6372,6325.88,6360.81,,,,
2013-03-01,6360.81,6391.67,6308.56,6378.6,,,,
2013-03-04,6378.6,6379.29,6333.17,6345.63,,,,
2013-03-05,6345.63,6437.34,6344.78,6431.95,,,,
2013-03-06,6431.95,6460.96,6418.72,6427.64,,,,
2013-03-07,6427.64,6459.68,6427.31,6439.16,,,,
2013-03-08,6439.16,6489.54,6439.16,6483.58,,,,
2013-03-11,6483.58,6505.3,6473.56,6503.63,,,,
2013-03-12,6503.63,6533.99,6491.75,6510.62,,,,
2013-03-13,6510.62,6510.62,6437.61,6481.5,,,,
2013-03-14,6481.5,6532.57,6478.54,6529.41,,,,
2013-03-15,6529.41,6533.78,6470.1,6489.65,,,,
2013-03-18,6489.65,6489.65,6386.17,6457.92,,,,
2013-03-19,6457.92,6474.57,6414.45,6441.32,,,,
2013-03-20,6441.32,6475.61,6421.29,6432.7,,,,
2013-03-21,6432.7,6435.59,6364,6388.55,,,,
2013-03-22,6388.55,6426.45,6374.51,6392.76,,,,
2013-03-25,6392.76,6458.53,6366.62,6378.38,,,,
2013-03-26,6378.38,6404.52,6369.58,6399.37,,,,
2013-03-27,6399.37,6420.9,6344.19,6387.56,,,,
2013-03-28,6387.56,6447.86,6381.99,6411.74,,,,
2013-04-02,6411.74,6501.78,6408.84,6490.66,,,,
2013-04-03,6490.66,6491.84,6416.67,6420.28,,,,
2013-04-04,6420.28,6426.37,6341.43,6344.12,,,,
2013-04-05,6344.12,6346.82,6214.36,6249.78,,,,
2013-04-08,6249.78,6289.59,6249.78,6276.94,,,,
2013-04-09,6276.94,6326.54,6276.94,6313.21,,,,
2013-04-10,6313.21,6405.2,6313.2,6387.37,,,,
2013-04-11,6387.37,6423.56,6377.54,6416.14,,,,
2013-04-12,6416.14,6416.14,6368.2,6384.39,,,,
2013-04-15,6384.39,6384.42,6300.12,6343.6,,,,
2013-04-16,6343.6,6343.6,6297.53,6304.58,,,,
2013-04-17,6304.58,6334.44,6225.16,6244.21,,,,
2013-04-18,6244.21,6277.79,6225.86,6243.67,,,,
2013-04-19,6243.67,6288.7,6243.67,6286.59,,,,
2013-04-22,6286.59,6341.98,6258.98,6280.62,,,,
2013-04-23,6280.62,6406.14,6278.48,6406.12,,,,
2013-04-24,6406.12,6438.93,6396.19,6431.76,,,,
2013-04-25,6431.76,6467.11,6411.94,6442.59,,,,
2013-04-26,6442.59,6442.59,6399.37,6426.42,,,,
2013-04-29,6426.42,6458.02,6419.27,6458.02,,,,
2013-04-30,6458.02,6483.08,6412.69,6430.12,,,,
2013-05-01,6430.12,6475.87,6429.8,6451.29,,,,
2013-05-02,6451.29,6470.34,6409.81,6460.71,,,,
2013-05-03,6460.71,6541.69,6451.5,6521.46,,,,
2013-05-07,6521.46,6563.9,6521.43,6557.3,,,,
2013-05-08,6557.3,6587.39,6547,6583.48,,,,
2013-05-09,6583.48,6597.26,6571.73,6592.74,,,,
2013-05-10,6592.74,6637.84,6591.58,6624.98,,,,
2013-05-13,6624.98,6633.26,6602.82,6631.76,,,,
2013-05-14,6631.76,6686.06,6618.36,6686.06,,,,
2013-05-15,6686.06,6701.68,6669.04,6693.55,,,,
2013-05-16,6693.55,6714.48,6677.15,6687.8,,,,
2013-05-17,6687.8,6726.9,6669.93,6723.06,,,,
2013-05-20,6723.06,6755.63,6709.14,6755.63,,,,
2013-05-21,6755.63,6803.87,6744.2,6803.87,,,,
2013-05-22,6803.87,6875.62,6781.45,6840.27,,,,
2013-05-23,6840.27,6840.27,6658.77,6696.79,,,,
2013-05-24,6696.79,6720.08,6640.08,6654.34,,,,
2013-05-28,6654.34,6790.7,6654.34,6762.01,,,,
2013-05-29,6762.01,6762.01,6620.82,6627.17,,,,
2013-05-30,6627.17,6656.99,6611.03,6656.99,,,,
2013-05-31,6656.99,6657.07,6577.75,6583.09,,,,
2013-06-03,6583.09,6583.09,6514.08,6525.12,,,,
2013-06-04,6525.12,6577,6525.12,6558.58,,,,
2013-06-05,6558.58,6558.58,6419.31,6419.31,,,,
2013-06-06,6419.31,6435.39,6336.11,6336.11,,,,
2013-06-07,6336.11,6421.37,6313.6,6411.99,,,,
2013-06-10,6411.99,6421.24,6379.62,6400.45,,,,
2013-06-11,6400.45,6401.18,6280.08,6340.08,,,,
2013-06-12,6340.08,6364.26,6295.92,6299.45,,,,
2013-06-13,6299.45,6310.95,6205.71,6304.63,,,,
2013-06-14,6304.63,6343.51,6290.62,6308.26,,,,
2013-06-17,6308.26,6370.75,6308.26,6330.49,,,,
2013-06-18,6330.49,6397.33,6311.35,6374.21,,,,
2013-06-19,6374.21,6383.61,6327.01,6348.82,,,,
2013-06-20,6348.82,6348.82,6144.98,6159.51,,,,
2013-06-21,6159.51,6244.17,6116.17,6116.17,,,,
2013-06-24,6116.17,6136.11,6023.44,6029.1,,,,
2013-06-25,6029.1,6114.61,6029.1,6101.91,,,,
2013-06-26,6101.91,6177.92,6089.21,6165.48,,,,
2013-06-27,6165.48,6271.8,6165.45,6243.4,,,,
2013-06-28,6243.4,6268.84,6207.72,6215.47,,,,
2013-07-01,6215.47,6317.02,6215.44,6307.78,,,,
2013-07-02,6307.78,6314.13,6266.5,6303.94,,,,
2013-07-03,6303.94,6303.94,6185.21,6229.87,,,,
2013-07-04,6229.87,6431.41,6229.87,6421.67,,,,
2013-07-05,6421.67,6498.59,6364.38,6375.52,,,,
2013-07-08,6375.52,6476.09,6375.52,6450.07,,,,
2013-07-09,6450.07,6530.86,6450.07,6513.08,,,,
2013-07-10,6513.08,6535.91,6472.41,6504.96,,,,
2013-07-11,6504.96,6585.74,6504.96,6543.41,,,,
2013-07-12,6543.41,6583.9,6540.24,6544.94,,,,
2013-07-15,6544.94,6605.9,6544.94,6586.11,,,,
2013-07-16,6586.11,6606.42,6556.35,6556.35,,,,
2013-07-17,6556.35,6595.62,6517.38,6571.93,,,,
2013-07-18,6571.93,6657.38,6555.82,6634.36,,,,
2013-07-19,6634.36,6635.22,6592.1,6630.67,,,,
2013-07-22,6630.67,6645.01,6608.17,6623.17,,,,
2013-07-23,6623.17,6657.66,6597.44,6597.44,,,,
2013-07-24,6597.44,6662.19,6581.61,6620.43,,,,
2013-07-25,6620.43,6625.35,6540.42,6587.95,,,,
2013-07-26,6587.95,6629.89,6535.18,6554.79,,,,
2013-07-29,6554.79,6606.36,6544.14,6560.25,,,,
2013-07-30,6560.25,6600.72,6560.25,6570.95,,,,
2013-07-31,6570.95,6659.35,6556.65,6621.06,,,,
2013-08-01,6621.06,6681.98,6607.27,6681.98,,,,
2013-08-02,6681.98,6696.63,6623.85,6647.87,,,,
2013-08-05,6647.87,6684.95,6590.1,6619.58,,,,
2013-08-06,6619.58,6630.14,6562.32,6604.21,,,,
2013-08-07,6604.21,6624.99,6511.21,6511.21,,,,
2013-08-08,6511.21,6558.59,6507.24,6529.68,,,,
2013-08-09,6529.68,6601.21,6529.48,6583.39,,,,
2013-08-12,6583.39,6598.39,6547,6574.34,,,,
2013-08-13,6574.34,6620.43,6568.44,6611.94,,,,
2013-08-14,6611.94,6627.96,6582.58,6587.43,,,,
2013-08-15,6587.43,6587.88,6460.12,6483.34,,,,
2013-08-16,6483.34,6502.27,6461.3,6499.99,,,,
2013-08-19,6499.99,6506.59,6457.73,6465.73,,,,
2013-08-20,6465.73,6465.73,6398.63,6453.46,,,,
2013-08-21,6453.46,6453.55,6386.72,6390.84,,,,
2013-08-22,6390.84,6468.88,6390.62,6446.87,,,,
2013-08-23,6446.87,6516.71,6422.35,6492.1,,,,
2013-08-27,6492.1,6494.2,6424,6440.97,,,,
2013-08-28,6440.97,6440.97,6393.65,6430.06,,,,
2013-08-29,6430.06,6500.51,6429.95,6483.05,,,,
2013-08-30,6483.05,6502.19,6409.6,6412.93,,,,
2013-09-02,6412.93,6532.3,6412.93,6506.19,,,,
2013-09-03,6506.19,6523.16,6456.95,6468.41,,,,
2013-09-04,6468.41,6486.4,6423.51,6474.74,,,,
2013-09-05,6474.74,6543.22,6461.68,6532.44,,,,
2013-09-06,6532.44,6568.18,6492.49,6547.33,,,,
2013-09-09,6547.33,6555.86,6508.76,6530.74,,,,
2013-09-10,6530.74,6599.51,6530.74,6583.99,,,,
2013-09-11,6583.99,6589.85,6559.72,6588.43,,,,
2013-09-12,6588.43,6606.12,6558.61,6588.98,,,,
2013-09-13,6588.98,6588.98,6561.78,6583.8,,,,
2013-09-16,6583.8,6652.66,6583.8,6622.86,,,,
2013-09-17,6622.86,6623.04,6570.17,6570.17,,,,
2013-09-18,6570.17,6587.58,6532.5,6558.82,,,,
2013-09-19,6558.82,6659.12,6558.82,6625.39,,,,
2013-09-20,6625.39,6629.93,6594.17,6596.43,,,,
2013-09-23,6596.43,6601.53,6542.67,6557.37,,,,
2013-09-24,6557.37,6585.4,6549.92,6571.46,,,,
2013-09-25,6571.46,6587.97,6526.42,6551.53,,,,
2013-09-26,6551.53,6580.94,6535.78,6565.59,,,,
2013-09-27,6565.59,6568.94,6487.3,6512.66,,,,
2013-09-30,6512.66,6512.66,6438.72,6462.22,,,,
2013-10-01,6462.22,6466.3,6424.37,6460.01,,,,
2013-10-02,6460.01,6460.01,6386.18,6437.5,,,,
2013-10-03,6437.5,6472.43,6436.21,6449.04,,,,
2013-10-04,6449.04,6473.58,6428.96,6453.88,,,,
2013-10-07,6453.88,6453.88,6391.47,6437.28,,,,
2013-10-08,6437.28,6437.73,6364.97,6365.83,,,,
2013-10-09,6365.83,6372.63,6316.91,6337.91,,,,
2013-10-10,6337.91,6446.22,6337.91,6430.49,,,,
2013-10-11,6430.49,6489.16,6430.47,6487.19,,,,
2013-10-14,6487.19,6507.8,6464.44,6507.65,,,,
2013-10-15,6507.65,6569.28,6507.65,6549.11,,,,
2013-10-16,6549.11,6584.39,6504.27,6571.59,,,,
2013-10-17,6571.59,6576.16,6529.16,6576.16,,,,
2013-10-18,6576.16,6622.7,6576.16,6622.58,,,,
2013-10-21,6622.58,6654.2,6617.81,6654.2,,,,
2013-10-22,6654.2,6719.27,6653.7,6695.66,,,,
2013-10-23,6695.66,6695.92,6655.2,6674.48,,,,
2013-10-24,6674.48,6719.25,6674.16,6713.18,,,,
2013-10-25,6713.18,6729.74,6700.37,6721.34,,,,
2013-10-28,6721.34,6739.66,6704.15,6725.82,,,,
2013-10-29,6725.82,6777.16,6718.85,6774.73,,,,
2013-10-30,6774.73,6819.86,6763.66,6777.7,,,,
2013-10-31,6777.7,6778.27,6719.51,6731.43,,,,
2013-11-01,6731.43,6760.87,6715.3,6734.74,,,,
2013-11-04,6734.74,6780.11,6734.56,6763.62,,,,
2013-11-05,6763.62,6773.86,6708.52,6746.84,,,,
2013-11-06,6746.84,6768.16,6735.64,6741.69,,,,
2013-11-07,6741.69,6779.18,6679.99,6697.22,,,,
2013-11-08,6697.22,6713.9,6643.86,6708.42,,,,
2013-11-11,6708.42,6744.77,6702.01,6728.37,,,,
2013-11-12,6728.37,6728.37,6693.26,6726.79,,,,
2013-11-13,6726.79,6726.81,6613.98,6630,,,,
2013-11-14,6630,6696.16,6630,6666.13,,,,
2013-11-15,6666.13,6703.12,6665.45,6693.44,,,,
2013-11-18,6693.44,6732.1,6671.63,6723.46,,,,
2013-11-19,6723.46,6723.46,6677.85,6698.01,,,,
2013-11-20,6698.01,6711.42,6661.7,6681.08,,,,
2013-11-21,6681.08,6697.69,6643.47,6681.33,,,,
2013-11-22,6681.33,6711.03,6661.04,6674.3,,,,
2013-11-25,6674.3,6709.08,6674.3,6694.62,,,,
2013-11-26,6694.62,6696.95,6636.22,6636.22,,,,
2013-11-27,6636.22,6664.14,6635.71,6649.47,,,,
2013-11-28,6649.47,6679.51,6642.57,6654.47,,,,
2013-11-29,6654.47,6681.57,6648.53,6650.57,,,,
2013-12-02,6650.57,6657.41,6595.2,6595.33,,,,
2013-12-03,6595.33,6595.48,6531.34,6532.43,,,,
2013-12-04,6532.43,6544.7,6479.73,6509.97,,,,
2013-12-05,6509.97,6518.88,6487.15,6498.33,,,,
2013-12-06,6498.33,6555.73,6496.33,6551.99,,,,
2013-12-09,6551.99,6568.44,6534.74,6559.48,,,,
2013-12-10,6559.48,6571.91,6519,6523.31,,,,
2013-12-11,6523.31,6555.57,6507.72,6507.72,,,,
2013-12-12,6507.72,6507.72,6435.99,6445.25,,,,
2013-12-13,6445.25,6462.76,6433.51,6439.96,,,,
2013-12-16,6439.96,6531.16,6422.23,6522.2,,,,
2013-12-17,6522.2,6522.2,6482.59,6486.19,,,,
2013-12-18,6486.19,6524.46,6486.19,6492.08,,,,
2013-12-19,6492.08,6584.7,6492.08,6584.7,,,,
2013-12-20,6584.7,6616.8,6576.79,6606.58,,,,
2013-12-23,6606.58,6678.61,6606.2,6678.61,,,,
2013-12-24,6678.61,6712.1,6672.22,6694.17,,,,
2013-12-27,6694.17,6754.11,6694.17,6750.87,,,,
2013-12-30,6750.87,6768.44,6718.16,6731.27,,,,
2013-12-31,6731.27,6756.98,6731.25,6749.09,,,,
2014-01-02,6749.09,6759.37,6707.48,6717.91,,,,
2014-01-03,6717.91,6747.33,6699.27,6730.67,,,,
2014-01-06,6730.67,6751.98,6714.64,6730.73,,,,
2014-01-07,6730.73,6768.89,6718.07,6755.45,,,,
2014-01-08,6755.45,6755.53,6713.39,6721.78,,,,
2014-01-09,6721.78,6746.41,6679.31,6691.34,,,,
2014-01-10,6691.34,6769.94,6691.34,6739.94,,,,
2014-01-13,6739.94,6765.6,6730.97,6757.15,,,,
2014-01-14,6757.15,6772.63,6694.08,6766.86,,,,
2014-01-15,6766.86,6825.2,6766.86,6819.86,,,,
2014-01-16,6819.86,6831.74,6811.16,6815.42,,,,
2014-01-17,6815.42,6840.5,6800,6829.3,,,,
2014-01-20,6829.3,6837.53,6810.62,6836.73,,,,
2014-01-21,6836.73,6867.42,6822.31,6834.26,,,,
2014-01-22,6834.26,6864.87,6821.8,6826.33,,,,
2014-01-23,6826.33,6837.21,6760.63,6773.28,,,,
2014-01-24,6773.28,6784.42,6654.86,6663.74,,,,
2014-01-27,6663.74,6665.39,6539.33,6550.66,,,,
2014-01-28,6550.66,6590.66,6550.65,6572.33,,,,
2014-01-29,6572.33,6645.23,6482.74,6544.28,,,,
2014-01-30,6544.28,6573.92,6503.25,6538.45,,,,
2014-01-31,6538.45,6548.46,6421.26,6510.44,,,,
2014-02-03,6510.44,6538.3,6459.95,6465.66,,,,
2014-02-04,6465.66,6478.16,6416.72,6449.27,,,,
2014-02-05,6449.27,6483.73,6423.79,6457.89,,,,
2014-02-06,6457.89,6566.01,6457.89,6558.28,,,,
2014-02-07,6558.28,6596.28,6540.81,6571.68,,,,
2014-02-10,6571.68,6597,6565.3,6591.55,,,,
2014-02-11,6591.55,6672.66,6591.55,6672.66,,,,
2014-02-12,6672.66,6708.17,6669.06,6675.03,,,,
2014-02-13,6675.03,6675.24,6608.09,6659.42,,,,
2014-02-14,6659.42,6672.21,6646.47,6663.62,,,,
2014-02-17,6663.62,6745.63,6661.47,6736,,,,
2014-02-18,6736,6802.89,6716.64,6796.43,,,,
2014-02-19,6796.43,6810.48,6759.86,6796.71,,,,
2014-02-20,6796.71,6812.99,6732.03,6812.99,,,,
2014-02-21,6812.99,6859.91,6812.99,6838.06,,,,
2014-02-24,6838.06,6865.86,6797.83,6865.86,,,,
2014-02-25,6862.73,6866.35,6790.93,6830.5,,,,
2014-02-26,6830.5,6834.09,6785.28,6799.15,,,,
2014-02-27,6799.15,6819.24,6733.54,6810.27,,,,
2014-02-28,6810.27,6833.82,6785.54,6809.7,,,,
2014-03-03,6809.7,6809.7,6671.89,6708.35,,,,
2014-03-04,6708.35,6827.22,6708.35,6823.77,,,,
2014-03-05,6823.77,6824.16,6771.5,6775.42,,,,
2014-03-06,6775.42,6806.62,6770.95,6788.49,,,,
2014-03-07,6788.49,6800.66,6706.38,6712.67,,,,
2014-03-10,6712.67,6757,6671.62,6689.45,,,,
2014-03-11,6689.45,6718.3,6660.59,6685.52,,,,
2014-03-12,6685.52,6685.52,6598.36,6620.9,,,,
2014-03-13,6620.9,6631.38,6552.46,6553.78,,,,
2014-03-14,6553.78,6553.78,6500.37,6527.89,,,,
2014-03-17,6527.89,6592.37,6527.87,6568.35,,,,
2014-03-18,6568.35,6628.2,6534.86,6605.28,,,,
2014-03-19,6605.28,6609.46,6566.85,6573.13,,,,
2014-03-20,6573.13,6573.13,6492.62,6542.44,,,,
2014-03-21,6542.44,6572.09,6537.89,6557.17,,,,
2014-03-24,6557.17,6568.96,6506.42,6520.39,,,,
2014-03-25,6520.39,6604.89,6520.39,6604.89,,,,
2014-03-26,6604.89,6643.58,6601.78,6605.3,,,,
2014-03-27,6605.3,6605.3,6561.39,6588.32,,,,
2014-03-28,6588.32,6631.48,6585.73,6615.58,,,,
2014-03-31,6615.58,6658.4,6583.09,6598.37,,,,
2014-04-01,6598.37,6660.27,6598.37,6652.61,,,,
2014-04-02,6652.61,6672.73,6639.63,6659.04,,,,
2014-04-03,6659.04,6680.78,6638.52,6649.14,,,,
2014-04-04,6649.14,6706.34,6649.14,6695.55,,,,
2014-04-07,6695.55,6695.55,6614.73,6622.84,,,,
2014-04-08,6622.84,6625.19,6549.75,6590.69,,,,
2014-04-09,6590.69,6654.05,6590.41,6635.61,,,,
2014-04-10,6635.61,6688.28,6620.39,6641.97,,,,
2014-04-11,6641.97,6641.97,6538.75,6561.7,,,,
2014-04-14,6561.7,6583.76,6507.08,6583.76,,,,
2014-04-15,6583.76,6594.24,6534.2,6541.61,,,,
2014-04-16,6541.61,6596.99,6541.61,6584.17,,,,
2014-04-17,6584.17,6627.25,6559.35,6625.25,,,,
2014-04-22,6625.25,6706.19,6625.25,6681.76,,,,
2014-04-23,6681.76,6694.82,6661.42,6674.74,,,,
2014-04-24,6674.74,6724.58,6667.65,6703,,,,
2014-04-25,6702.85,6704.37,6657.3,6685.69,,,,
2014-04-28,6685.69,6720.33,6682.9,6700.16,,,,
2014-04-29,6700.16,6769.91,6700.1,6769.91,,,,
2014-04-30,6769.91,6794.88,6748.76,6780.03,,,,
2014-05-01,6780.03,6811.64,6773.69,6808.87,,,,
2014-05-02,6808.87,6838.17,6798.61,6822.42,,,,
2014-05-06,6822.42,6828.62,6785.32,6798.56,,,,
2014-05-07,6798.56,6799.34,6766.84,6796.44,,,,
2014-05-08,6796.44,6840.37,6796.44,6839.25,,,,
2014-05-09,6839.25,6839.42,6805.39,6814.57,,,,
2014-05-12,6814.57,6851.75,6814.57,6851.75,,,,
2014-05-13,6851.75,6877.39,6845.95,6873.08,,,,
2014-05-14,6873.08,6880.07,6854.02,6878.49,,,,
2014-05-15,6878.49,6894.88,6821.66,6840.89,,,,
2014-05-16,6840.89,6855.94,6813.5,6855.81,,,,
2014-05-19,6855.81,6862.2,6804.31,6844.55,,,,
2014-05-20,6844.55,6848.36,6792.51,6802,,,,
2014-05-21,6802,6821.04,6782.8,6821.04,,,,
2014-05-22,6821.04,6846.57,6810.19,6820.56,,,,
2014-05-23,6820.56,6825.53,6793.47,6815.75,,,,
2014-05-27,6815.75,6857.1,6815.37,6844.94,,,,
2014-05-28,6844.94,6855.83,6833.61,6851.22,,,,
2014-05-29,6851.22,6882.14,6848.06,6871.29,,,,
2014-05-30,6871.29,6874.33,6831.99,6844.51,,,,
2014-06-02,6844.51,6874.38,6844.51,6864.1,,,,
2014-06-03,6864.1,6865.38,6817.96,6836.3,,,,
2014-06-04,6836.3,6840.6,6800.1,6818.63,,,,
2014-06-05,6818.63,6847,6795.27,6813.49,,,,
2014-06-06,6813.49,6862.91,6813.49,6858.21,,,,
2014-06-09,6858.21,6878.96,6857.7,6875,,,,
2014-06-10,6875,6875.24,6835.8,6873.55,,,,
2014-06-11,6873.55,6873.55,6825.24,6838.87,,,,
2014-06-12,6838.87,6853.18,6827.03,6843.11,,,,
2014-06-13,6843.11,6843.11,6758.15,6777.85,,,,
2014-06-16,6777.85,6779.4,6748.04,6754.64,,,,
2014-06-17,6754.64,6774.87,6736.11,6766.77,,,,
2014-06-18,6766.77,6799.59,6766.77,6778.56,,,,
2014-06-19,6778.56,6837.57,6778.56,6808.11,,,,
2014-06-20,6808.11,6840.62,6791.2,6825.2,,,,
2014-06-23,6825.2,6829.76,6785.83,6800.56,,,,
2014-06-24,6800.56,6824.45,6776.8,6787.07,,,,
2014-06-25,6787.07,6787.07,6716.35,6733.62,,,,
2014-06-26,6733.62,6753.25,6701.59,6735.12,,,,
2014-06-27,6735.12,6767.63,6735.12,6757.77,,,,
2014-06-30,6757.77,6777.11,6730.45,6743.94,,,,
2014-07-01,6743.94,6805.9,6743.94,6802.92,,,,
2014-07-02,6802.92,6829.49,6796.61,6816.37,,,,
2014-07-03,6816.37,6866.56,6815.45,6865.21,,,,
2014-07-04,6865.21,6875.31,6856.35,6866.05,,,,
2014-07-07,6866.05,6866.37,6817.6,6823.51,,,,
2014-07-08,6823.51,6831.02,6738.45,6738.45,,,,
2014-07-09,6738.45,6740.82,6692.77,6718.04,,,,
2014-07-10,6718.04,6724.8,6643.62,6672.37,,,,
2014-07-11,6672.37,6696.1,6663.67,6690.17,,,,
2014-07-14,6690.17,6760.73,6690.17,6746.14,,,,
2014-07-15,6746.14,6764,6709.15,6710.45,,,,
2014-07-16,6710.45,6792.55,6710.45,6784.67,,,,
2014-07-17,6784.67,6784.67,6727.71,6738.32,,,,
2014-07-18,6738.32,6749.89,6690.9,6749.45,,,,
2014-07-21,6749.45,6753.42,6715.78,6728.44,,,,
2014-07-22,6728.44,6801.84,6728.44,6795.34,,,,
2014-07-23,6795.34,6822.65,6773.11,6798.15,,,,
2014-07-24,6798.15,6821.46,6767.33,6821.46,,,,
2014-07-25,6821.46,6830.77,6780.65,6791.55,,,,
2014-07-28,6791.55,6809.61,6761.77,6788.07,,,,
2014-07-29,6788.07,6833.67,6784.04,6807.75,,,,
2014-07-30,6807.75,6815.29,6758.24,6773.44,,,,
2014-07-31,6773.44,6797.09,6716.29,6730.11,,,,
2014-08-01,6730.11,6730.11,6624.72,6679.18,,,,
2014-08-04,6679.18,6715.56,6669.93,6677.52,,,,
2014-08-05,6677.52,6713.52,6671.46,6682.48,,,,
2014-08-06,6682.48,6682.48,6588.43,6636.16,,,,
2014-08-07,6636.16,6649.05,6589.78,6597.37,,,,
2014-08-08,6597.37,6597.37,6528.73,6567.36,,,,
2014-08-11,6567.36,6645.83,6567.36,6632.82,,,,
2014-08-12,6632.82,6643.7,6612.52,6632.42,,,,
2014-08-13,6632.42,6664.34,6625.98,6656.68,,,,
2014-08-14,6656.68,6694.64,6641.81,6685.26,,,,
2014-08-15,6685.26,6742.82,6685.25,6689.08,,,,
2014-08-18,6689.08,6745.72,6689.08,6741.25,,,,
2014-08-19,6741.25,6782.9,6740.65,6779.31,,,,
2014-08-20,6779.31,6781.23,6739.76,6755.48,,,,
2014-08-21,6755.48,6780.73,6752.7,6777.66,,,,
2014-08-22,6777.66,6784.63,6746.37,6775.25,,,,
2014-08-26,6775.25,6827.32,6775.25,6822.76,,,,
2014-08-27,6822.76,6830.66,6813.24,6830.66,,,,
2014-08-28,6830.66,6831.19,6796.86,6805.8,,,,
2014-08-29,6805.8,6828.92,6782.63,6819.75,,,,
2014-09-01,6819.75,6825.31,6798.33,6825.31,,,,
2014-09-02,6825.31,6849.28,6812.31,6829.17,,,,
2014-09-03,6829.17,6898.62,6826.73,6873.58,,,,
2014-09-04,6873.58,6904.86,6866.25,6877.97,,,,
2014-09-05,6877.97,6884.96,6829.1,6855.1,,,,
2014-09-08,6855.1,6855.1,6773.78,6834.77,,,,
2014-09-09,6834.77,6846.18,6812.5,6829,,,,
2014-09-10,6829,6847.79,6800.04,6830.11,,,,
2014-09-11,6830.11,6857.54,6764.86,6799.62,,,,
2014-09-12,6799.62,6832.16,6799.39,6806.96,,,,
2014-09-15,6806.96,6813.87,6771.69,6804.21,,,,
2014-09-16,6804.21,6804.34,6748.09,6792.24,,,,
2014-09-17,6792.24,6816.89,6780.9,6780.9,,,,
2014-09-18,6780.9,6822.6,6769.58,6819.29,,,,
2014-09-19,6819.29,6876,6819.29,6837.92,,,,
2014-09-22,6837.92,6838.35,6766.89,6773.63,,,,
2014-09-23,6773.63,6777.27,6647.21,6676.08,,,,
2014-09-24,6676.08,6707.26,6651.98,6706.27,,,,
2014-09-25,6706.27,6726.4,6621.48,6639.71,,,,
2014-09-26,6639.71,6664,6615.12,6649.39,,,,
2014-09-29,6649.39,6653.94,6608.66,6646.6,,,,
2014-09-30,6646.6,6658.91,6601.62,6622.72,,,,
2014-10-01,6622.72,6622.81,6539.73,6557.52,,,,
2014-10-02,6557.52,6557.67,6446.39,6446.39,,,,
2014-10-03,6446.39,6542.87,6446.39,6527.91,,,,
2014-10-06,6527.91,6588.31,6527.91,6563.65,,,,
2014-10-07,6563.65,6563.84,6495.58,6495.58,,,,
2014-10-08,6495.58,6502.36,6453.81,6482.24,,,,
2014-10-09,6482.24,6544.21,6425.16,6431.85,,,,
2014-10-10,6431.85,6431.85,6328.39,6339.97,,,,
2014-10-13,6339.97,6387.36,6294.64,6366.24,,,,
2014-10-14,6366.24,6403.43,6304.27,6392.68,,,,
2014-10-15,6392.68,6404.96,6211.64,6211.64,,,,
2014-10-16,6211.64,6282.95,6072.68,6195.91,,,,
2014-10-17,6195.91,6312.97,6188.04,6310.29,,,,
2014-10-20,6310.29,6320.31,6238.6,6267.07,,,,
2014-10-21,6267.07,6372.33,6229.4,6372.33,,,,
2014-10-22,6372.33,6401.51,6341.39,6399.73,,,,
2014-10-23,6399.73,6430.32,6313.32,6419.15,,,,
2014-10-24,6419.15,6419.15,6372.43,6388.73,,,,
2014-10-27,6388.73,6443.76,6336.06,6363.46,,,,
2014-10-28,6363.46,6412,6363.46,6402.17,,,,
2014-10-29,6402.17,6475.35,6402.17,6453.87,,,,
2014-10-30,6453.87,6483.24,6378.15,6463.55,,,,
2014-10-31,6463.55,6553.37,6463.55,6546.47,,,,
2014-11-03,6546.47,6559.56,6478.49,6487.97,,,,
2014-11-04,6487.97,6510.31,6444.89,6453.97,,,,
2014-11-05,6453.97,6539.14,6453.97,6539.14,,,,
2014-11-06,6539.14,6580.21,6503.81,6551.15,,,,
2014-11-07,6551.15,6608.23,6551.15,6567.24,,,,
2014-11-10,6567.24,6611.25,6566.78,6611.25,,,,
2014-11-11,6611.25,6632.57,6605.34,6627.4,,,,
2014-11-12,6627.4,6629.33,6588.93,6611.04,,,,
2014-11-13,6611.04,6645.9,6596.89,6635.45,,,,
2014-11-14,6635.45,6654.37,6610.13,6654.37,,,,
2014-11-17,6654.37,6681.55,6616.12,6671.97,,,,
2014-11-18,6671.97,6714.12,6671.75,6709.13,,,,
2014-11-19,6709.13,6718.88,6678.13,6696.6,,,,
2014-11-20,6696.6,6696.82,6641.14,6678.9,,,,
2014-11-21,6678.9,6773.14,6678.9,6750.76,,,,
2014-11-24,6750.76,6763.97,6720.09,6729.79,,,,
2014-11-25,6729.79,6750.87,6709.31,6731.14,,,,
2014-11-26,6731.14,6765.01,6718.53,6729.17,,,,
2014-11-27,6729.17,6749.91,6713.76,6723.42,,,,
2014-11-28,6723.42,6734.71,6667.08,6722.62,,,,
2014-12-01,6722.62,6722.62,6637.39,6656.37,,,,
2014-12-02,6656.37,6744.31,6656.37,6742.1,,,,
2014-12-03,6742.1,6753.19,6713.81,6716.63,,,,
2014-12-04,6716.63,6733.96,6672.67,6679.37,,,,
2014-12-05,6679.37,6751.32,6679.37,6742.84,,,,
2014-12-08,6742.84,6742.84,6672.15,6672.15,,,,
2014-12-09,6672.15,6672.15,6529.47,6529.47,,,,
2014-12-10,6529.47,6565.77,6500.04,6500.04,,,,
2014-12-11,6500.04,6521.66,6441.28,6461.7,,,,
2014-12-12,6461.7,6461.7,6297.44,6300.63,,,,
2014-12-15,6300.63,6356.34,6182.72,6182.72,,,,
2014-12-16,6182.72,6331.83,6144.72,6331.83,,,,
2014-12-17,6331.83,6359.68,6240.32,6336.48,,,,
2014-12-18,6336.48,6466,6336.48,6466,,,,
2014-12-19,6466,6566.9,6466,6545.27,,,,
2014-12-22,6545.27,6620.95,6545.27,6576.74,,,,
2014-12-23,6576.74,6620.47,6576.74,6598.18,,,,
2014-12-24,6598.18,6618.09,6586.05,6609.93,,,,
2014-12-29,6609.93,6651.96,6587.87,6633.51,,,,
2014-12-30,6633.51,6633.51,6528.89,6547,,,,
2014-12-31,6547,6578.24,6547,6566.09,,,,
2015-01-02,6566.09,6607.89,6510.6,6547.8,,,,
2015-01-05,6547.8,6576.74,6404.49,6417.16,,,,
2015-01-06,6417.16,6452.66,6328.59,6366.51,,,,
2015-01-07,6366.51,6459.74,6366.51,6419.83,,,,
2015-01-08,6419.83,6580.82,6419.83,6569.96,,,,
2015-01-09,6569.96,6570.24,6471.38,6501.14,,,,
2015-01-12,6501.14,6542.43,6447.91,6501.42,,,,
2015-01-13,6501.42,6558.83,6465.19,6542.2,,,,
2015-01-14,6542.2,6542.2,6353.65,6388.46,,,,
2015-01-15,6388.46,6498.78,6298.15,6498.78,,,,
2015-01-16,6498.78,6553.2,6443.28,6550.27,,,,
2015-01-19,6550.27,6598.89,6548,6585.53,,,,
2015-01-20,6585.53,6640.44,6585.53,6620.1,,,,
2015-01-21,6620.1,6728.04,6620.1,6728.04,,,,
2015-01-22,6728.04,6808.18,6726.24,6796.63,,,,
2015-01-23,6796.63,6841.73,6796.58,6832.83,,,,
2015-01-26,6832.83,6855.92,6790.13,6852.4,,,,
2015-01-27,6852.4,6864.97,6773.54,6811.61,,,,
2015-01-28,6811.61,6863,6777.08,6825.94,,,,
2015-01-29,6825.94,6825.94,6750.22,6810.6,,,,
2015-01-30,6810.6,6843.98,6749.4,6749.4,,,,
2015-02-02,6749.4,6795.52,6731.99,6782.55,,,,
2015-02-03,6782.55,6886.31,6782.39,6871.8,,,,
2015-02-04,6871.8,6883.49,6804.1,6860.02,,,,
2015-02-05,6860.02,6870.1,6808.19,6865.93,,,,
2015-02-06,6865.93,6886.22,6835.48,6853.44,,,,
2015-02-09,6853.44,6853.44,6777.99,6837.15,,,,
2015-02-10,6837.15,6843.9,6788.89,6829.12,,,,
2015-02-11,6829.12,6838.33,6786.12,6818.17,,,,
2015-02-12,6818.17,6854.62,6817.23,6828.11,,,,
2015-02-13,6828.11,6887.57,6828.11,6873.52,,,,
2015-02-16,6873.52,6878.66,6851.77,6857.05,,,,
2015-02-17,6857.05,6898.13,6819.78,6898.13,,,,
2015-02-18,6898.13,6921.32,6876.3,6898.08,,,,
2015-02-19,6898.08,6907.3,6858.67,6888.9,,,,
2015-02-20,6888.9,6920.51,6884.77,6915.2,,,,
2015-02-23,6915.2,6943.61,6885.89,6912.16,,,,
2015-02-24,6912.16,6958.89,6899.59,6949.63,,,,
2015-02-25,6949.63,6955.41,6904.88,6935.38,,,,
2015-02-26,6935.38,6949.98,6920.54,6949.73,,,,
2015-02-27,6949.73,6967.24,6929.84,6946.66,,,,
2015-03-02,6946.66,6974.26,6924.33,6940.64,,,,
2015-03-03,6940.64,6963.55,6889.13,6889.13,,,,
2015-03-04,6889.13,6919.24,6862.87,6919.24,,,,
2015-03-05,6919.24,6968.64,6914.06,6961.14,,,,
2015-03-06,6961.14,6961.23,6911.8,6911.8,,,,
2015-03-09,6911.8,6911.8,6859.81,6876.47,,,,
2015-03-10,6876.47,6876.86,6702.84,6702.84,,,,
2015-03-11,6702.84,6738.95,6693.8,6721.51,,,,
2015-03-12,6721.51,6799.84,6721.51,6761.07,,,,
2015-03-13,6761.07,6777.77,6713.5,6740.58,,,,
2015-03-16,6740.58,6809.08,6740.58,6804.08,,,,
2015-03-17,6804.08,6846.9,6798.47,6837.61,,,,
2015-03-18,6837.61,6945.2,6837.26,6945.2,,,,
2015-03-19,6945.2,6982.79,6929.73,6962.32,,,,
2015-03-20,6962.32,7024.21,6960.81,7022.51,,,,
2015-03-23,7022.51,7037.67,6991.43,7037.67,,,,
2015-03-24,7037.67,7065.08,7012.51,7019.68,,,,
2015-03-25,7019.68,7035.11,6983.94,6990.97,,,,
2015-03-26,6990.97,6990.97,6876.84,6895.33,,,,
2015-03-27,6895.33,6910.55,6839.88,6855.02,,,,
2015-03-30,6855.02,6914.6,6855.02,6891.43,,,,
2015-03-31,6891.43,6910.07,6765.05,6773.04,,,,
2015-04-01,6773.04,6856.43,6765.4,6809.5,,,,
2015-04-02,6809.5,6849.91,6801.27,6833.46,,,,
2015-04-07,6833.46,6967.69,6833.46,6961.77,,,,
2015-04-08,6961.77,7012.06,6931.59,6937.41,,,,
2015-04-09,6937.41,7016.99,6937.41,7015.36,,,,
2015-04-10,7015.36,7095.36,7015.36,7089.77,,,,
2015-04-13,7089.77,7089.84,7046.68,7064.3,,,,
2015-04-14,7064.3,7086.06,7044.6,7075.26,,,,
2015-04-15,7075.26,7111.72,7058.34,7096.78,,,,
2015-04-16,7096.78,7119.35,7057.74,7060.45,,,,
2015-04-17,7060.45,7093.52,6979.32,6994.63,,,,
2015-04-20,6994.63,7067.84,6994.63,7052.13,,,,
2015-04-21,7052.13,7105.13,7030,7062.93,,,,
2015-04-22,7062.93,7092.34,6997.15,7028.24,,,,
2015-04-23,7028.24,7055.15,6995.79,7053.67,,,,
2015-04-24,7053.67,7102.59,7051.17,7070.7,,,,
2015-04-27,7070.7,7122.74,7025.27,7103.98,,,,
2015-04-28,7103.98,7103.99,6983.97,7030.53,,,,
2015-04-29,7030.53,7058.19,6945.56,6946.28,,,,
2015-04-30,6946.28,6970.34,6906.24,6960.63,,,,
2015-05-01,6960.63,6995.41,6919.39,6985.95,,,,
2015-05-05,6985.95,7053.18,6927.58,6927.58,,,,
2015-05-06,6927.58,6974.82,6913.46,6933.74,,,,
2015-05-07,6933.74,6933.74,6810.05,6886.95,,,,
2015-05-08,6886.95,7046.82,6885.79,7046.82,,,,
2015-05-11,7046.82,7083.72,7025.17,7029.85,,,,
2015-05-12,7029.85,7029.85,6887.52,6933.8,,,,
2015-05-13,6933.8,6989.91,6920.65,6949.63,,,,
2015-05-14,6949.63,6977.93,6884.63,6973.04,,,,
2015-05-15,6973.04,7009.41,6937.12,6960.49,,,,
2015-05-18,6960.49,7015.49,6931.64,6968.87,,,,
2015-05-19,6968.87,7011.35,6968.87,6995.1,,,,
2015-05-20,6995.1,7018.7,6962.06,7007.26,,,,
2015-05-21,7007.26,7026.01,6994.26,7013.47,,,,
2015-05-22,7013.47,7061.66,7013.47,7031.72,,,,
2015-05-26,7031.72,7039.55,6930.28,6948.99,,,,
2015-05-27,6948.99,7054.14,6948.62,7033.33,,,,
2015-05-28,7033.33,7049.62,7005.88,7040.92,,,,
2015-05-29,7040.92,7069.93,6967.92,6984.43,,,,
2015-06-01,6984.43,7037.58,6942.66,6953.58,,,,
2015-06-02,6953.58,6972.25,6872.12,6928.27,,,,
2015-06-03,6928.27,6985.69,6901.79,6950.46,,,,
2015-06-04,6950.46,6950.46,6838.95,6859.24,,,,
2015-06-05,6859.24,6859.24,6785.15,6804.6,,,,
2015-06-08,6804.6,6827.16,6781.66,6790.04,,,,
2015-06-09,6790.04,6803.75,6736.88,6753.8,,,,
2015-06-10,6753.8,6843.57,6734.15,6830.27,,,,
2015-06-11,6830.27,6870.19,6807.29,6846.74,,,,
2015-06-12,6846.74,6846.74,6760.06,6784.92,,,,
2015-06-15,6784.92,6784.92,6708.5,6710.52,,,,
2015-06-16,6710.52,6723.49,6656.9,6710.1,,,,
2015-06-17,6710.1,6731.54,6665.95,6680.55,,,,
2015-06-18,6680.55,6707.88,6625.16,6707.88,,,,
2015-06-19,6707.88,6759.29,6691.82,6710.45,,,,
2015-06-22,6710.45,6825.67,6710.45,6825.67,,,,
2015-06-23,6825.67,6856.49,6825.67,6834.87,,,,
2015-06-24,6834.87,6873.43,6834.32,6844.8,,,,
2015-06-25,6844.8,6869.04,6798.8,6807.82,,,,
2015-06-26,6807.82,6807.82,6731.13,6753.7,,,,
2015-06-29,6753.7,6753.7,6598.64,6620.48,,,,
2015-06-30,6620.48,6620.75,6520.98,6520.98,,,,
2015-07-01,6520.98,6637.34,6520.98,6608.59,,,,
2015-07-02,6608.59,6647.7,6600.37,6630.47,,,,
2015-07-03,6630.47,6630.75,6572.46,6585.78,,,,
2015-07-06,6585.78,6585.78,6506.71,6535.68,,,,
2015-07-07,6535.68,6543.8,6432.21,6432.21,,,,
2015-07-08,6432.21,6515.06,6430.36,6490.7,,,,
2015-07-09,6490.7,6594.18,6490.7,6581.63,,,,
2015-07-10,6581.63,6687.57,6581.63,6673.38,,,,
2015-07-13,6673.38,6743.05,6673.38,6737.95,,,,
2015-07-14,6737.95,6753.75,6710.62,6753.75,,,,
2015-07-15,6753.75,6775.91,6728.49,6753.75,,,,
2015-07-16,6753.75,6805.14,6752.09,6796.45,,,,
2015-07-17,6796.45,6799.78,6764.8,6775.08,,,,
2015-07-20,6775.08,6813.41,6772.09,6788.69,,,,
2015-07-21,6788.69,6800.13,6758.75,6769.07,,,,
2015-07-22,6769.07,6769.07,6653.39,6667.34,,,,
2015-07-23,6667.34,6711.49,6644.85,6655.01,,,,
2015-07-24,6655.01,6684.81,6573.96,6579.81,,,,
2015-07-27,6579.81,6589.48,6495.67,6505.13,,,,
2015-07-28,6505.13,6569.45,6505.13,6555.28,,,,
2015-07-29,6555.28,6634.04,6555.28,6631,,,,
2015-07-30,6631,6697.4,6631,6668.87,,,,
2015-07-31,6668.87,6705.42,6646.26,6696.28,,,,
2015-08-03,6696.28,6710.79,6668.18,6688.62,,,,
2015-08-04,6688.62,6715.51,6644.65,6686.57,,,,
2015-08-05,6686.57,6764.82,6686.57,6752.41,,,,
2015-08-06,6752.41,6763.34,6717.49,6747.09,,,,
2015-08-07,6747.09,6754.77,6718.49,6718.49,,,,
2015-08-10,6718.49,6751.49,6653.65,6736.22,,,,
2015-08-11,6736.22,6736.22,6663.98,6664.54,,,,
2015-08-12,6664.54,6664.54,6536.41,6571.19,,,,
2015-08-13,6571.19,6634.71,6553.45,6568.33,,,,
2015-08-14,6568.33,6603.17,6544.42,6550.74,,,,
2015-08-17,6550.74,6585.88,6507.76,6550.3,,,,
2015-08-18,6550.3,6564.55,6505.69,6526.29,,,,
2015-08-19,6526.29,6526.52,6403.45,6403.45,,,,
2015-08-20,6403.45,6408.61,6359.71,6367.89,,,,
2015-08-21,6367.89,6367.89,6187.65,6187.65,,,,
2015-08-24,6187.65,6187.65,5768.22,5898.87,,,,
2015-08-25,5898.87,6115.74,5898.87,6081.34,,,,
2015-08-26,6081.34,6095.05,5949.94,5979.2,,,,
2015-08-27,5979.2,6212.48,5979.2,6192.03,,,,
2015-08-28,6192.03,6247.94,6152.01,6247.94,,,,
2015-09-01,6247.94,6247.94,6028.71,6058.54,,,,
2015-09-02,6058.54,6161.68,6021.36,6083.31,,,,
2015-09-03,6083.31,6215.74,6083.31,6194.1,,,,
2015-09-04,6194.1,6194.1,6040.49,6042.92,,,,
2015-09-07,6042.92,6125.67,6042.92,6074.52,,,,
2015-09-08,6074.52,6196.47,6074.52,6146.1,,,,
2015-09-09,6146.1,6284.17,6146.1,6229.01,,,,
2015-09-10,6229.01,6229.01,6127.52,6155.81,,,,
2015-09-11,6155.81,6174.28,6113.1,6117.76,,,,
2015-09-14,6117.76,6191.82,6065.43,6084.59,,,,
2015-09-15,6084.59,6158.08,6019.92,6137.6,,,,
2015-09-16,6137.6,6244.94,6137.6,6229.21,,,,
2015-09-17,6229.21,6239.86,6182.63,6186.99,,,,
2015-09-18,6186.99,6188.74,6053.87,6104.11,,,,
2015-09-21,6104.11,6168.74,6083.64,6108.71,,,,
2015-09-22,6108.71,6111.57,5935.84,5935.84,,,,
2015-09-23,5935.84,6067.56,5933.23,6032.24,,,,
2015-09-24,6032.24,6055.64,5947.19,5961.49,,,,
2015-09-25,5961.49,6120.67,5961.49,6109.01,,,,
2015-09-28,6109.01,6110.31,5958.86,5958.86,,,,
2015-09-29,5958.86,5958.86,5877.08,5909.24,,,,
2015-09-30,5909.24,6061.61,5909.24,6061.61,,,,
2015-10-01,6061.61,6172.78,6053.26,6072.47,,,,
2015-10-02,6072.47,6176.2,6051.62,6129.98,,,,
2015-10-05,6129.98,6301.05,6129.98,6298.92,,,,
2015-10-06,6298.92,6343.71,6255.1,6326.16,,,,
2015-10-07,6326.16,6396.34,6319.77,6336.35,,,,
2015-10-08,6336.35,6380.3,6303.46,6374.82,,,,
2015-10-09,6374.82,6453.22,6374.82,6416.16,,,,
2015-10-12,6416.16,6416.16,6351.34,6371.18,,,,
2015-10-13,6371.18,6371.18,6303.02,6342.28,,,,
2015-10-14,6342.28,6342.28,6268.29,6269.61,,,,
2015-10-15,6269.61,6351.43,6269.61,6338.67,,,,
2015-10-16,6338.67,6398.23,6338.67,6378.04,,,,
2015-10-19,6378.04,6408.09,6336.27,6352.33,,,,
2015-10-20,6352.33,6367.75,6319.25,6345.13,,,,
2015-10-21,6345.13,6387.29,6316.3,6348.42,,,,
2015-10-22,6348.42,6387.28,6321.65,6376.28,,,,
2015-10-23,6376.28,6487.89,6376.28,6444.08,,,,
2015-10-26,6444.08,6453,6405.38,6417.02,,,,
2015-10-27,6417.02,6419.62,6365.27,6365.27,,,,
2015-10-28,6365.27,6448.46,6355.78,6437.8,,,,
2015-10-29,6437.8,6437.85,6358.16,6395.8,,,,
2015-10-30,6395.8,6410.28,6337.65,6361.09,,,,
2015-11-02,6361.09,6364.42,6317.29,6361.8,,,,
2015-11-03,6361.8,6383.61,6344.7,6383.61,,,,
2015-11-04,6383.61,6459.46,6383.04,6412.88,,,,
2015-11-05,6412.88,6421.81,6358.12,6364.9,,,,
2015-11-06,6364.9,6395.19,6332.73,6353.83,,,,
2015-11-09,6353.83,6380.42,6292.05,6295.16,,,,
2015-11-10,6295.16,6329.69,6250.31,6275.28,,,,
2015-11-11,6275.28,6327.16,6272.69,6297.2,,,,
2015-11-12,6297.2,6300.9,6178.68,6178.68,,,,
2015-11-13,6178.68,6178.95,6088.76,6118.28,,,,
2015-11-16,6118.28,6161.9,6079.79,6146.38,,,,
2015-11-17,6146.38,6269.44,6146.38,6268.76,,,,
2015-11-18,6268.76,6283.9,6228.15,6278.97,,,,
2015-11-19,6278.97,6366.85,6278.97,6329.93,,,,
2015-11-20,6329.93,6360.73,6311.76,6334.63,,,,
2015-11-23,6334.63,6334.63,6267.05,6305.49,,,,
2015-11-24,6305.49,6305.49,6221.33,6277.23,,,,
2015-11-25,6277.23,6348.05,6277.23,6337.64,,,,
2015-11-26,6337.64,6395.33,6333.92,6393.13,,,,
2015-11-27,6393.13,6393.13,6345.3,6375.15,,,,
2015-11-30,6375.15,6387.11,6329.92,6356.09,,,,
2015-12-01,6356.09,6402.36,6356.09,6395.65,,,,
2015-12-02,6395.65,6447.34,6395.2,6420.93,,,,
2015-12-03,6420.93,6444.72,6275,6275,,,,
2015-12-04,6275,6277.59,6219.5,6238.29,,,,
2015-12-07,6238.29,6287.23,6215.17,6223.52,,,,
2015-12-08,6223.52,6224.86,6120.68,6135.22,,,,
2015-12-09,6135.22,6175.75,6101.22,6126.68,,,,
2015-12-10,6126.68,6127.09,6079.96,6088.05,,,,
2015-12-11,6088.05,6088.05,5949.84,5952.78,,,,
2015-12-14,5952.78,6009.92,5871.88,5874.06,,,,
2015-12-15,5874.06,6036.68,5874.06,6017.79,,,,
2015-12-16,6017.79,6089.31,6016.25,6061.19,,,,
2015-12-17,6061.19,6160.78,6061.19,6102.54,,,,
2015-12-18,6102.54,6105.57,6051.74,6052.42,,,,
2015-12-21,6052.42,6113.96,6034.84,6034.84,,,,
2015-12-22,6034.84,6090.58,6031.82,6083.1,,,,
2015-12-23,6083.1,6248.5,6083.1,6240.98,,,,
2015-12-24,6240.98,6259.86,6236.85,6254.64,,,,
2015-12-29,6254.64,6314.57,6245.24,6314.57,,,,
2015-12-30,6314.57,6314.57,6261.48,6274.05,,,,
2015-12-31,6274.05,6278.31,6233.03,6242.32,,,,
2016-01-04,6242.32,6242.32,6071.01,6093.43,,,,
2016-01-05,6093.43,6166.26,6079.23,6137.24,,,,
2016-01-06,6137.24,6137.24,6018.65,6073.38,,,,
2016-01-07,6073.38,6073.38,5887.97,5954.08,,,,
2016-01-08,5954.08,6013.38,5912.44,5912.44,,,,
2016-01-11,5912.44,5941.93,5871.83,5871.83,,,,
2016-01-12,5871.83,5985.8,5866.67,5929.24,,,,
2016-01-13,5929.24,6011.13,5929.24,5960.97,,,,
2016-01-14,5960.97,5960.97,5829.26,5918.23,,,,
2016-01-15,5918.23,5934.62,5769.23,5804.1,,,,
2016-01-18,5804.1,5852.09,5766.5,5779.92,,,,
2016-01-19,5779.92,5915.69,5779.92,5876.8,,,,
2016-01-20,5876.8,5876.8,5639.88,5673.58,,,,
2016-01-21,5673.58,5781.24,5659.15,5773.79,,,,
2016-01-22,5773.79,5926.94,5773.79,5900.01,,,,
2016-01-25,5900.01,5933.47,5851.83,5877,,,,
2016-01-26,5877,5919.17,5771.37,5911.46,,,,
2016-01-27,5911.46,5990.37,5870.75,5990.37,,,,
2016-01-28,5990.37,6020.54,5889.37,5931.78,,,,
2016-01-29,5931.78,6083.79,5931.78,6083.79,,,,
2016-02-01,6083.79,6115.11,5993.84,6060.1,,,,
2016-02-02,6060.1,6060.45,5889.6,5922.01,,,,
2016-02-03,5922.01,5924.58,5791.04,5837.14,,,,
2016-02-04,5837.14,5938.12,5831.12,5898.76,,,,
2016-02-05,5898.76,5945.9,5839.36,5848.06,,,,
2016-02-08,5848.06,5882.43,5666.13,5689.36,,,,
2016-02-09,5689.36,5739.25,5596.26,5632.19,,,,
2016-02-10,5632.19,5712.78,5616.88,5672.3,,,,
2016-02-11,5672.3,5672.3,5499.51,5536.97,,,,
2016-02-12,5536.97,5707.6,5536.97,5707.6,,,,
2016-02-15,5707.6,5844.53,5707.6,5824.28,,,,
2016-02-16,5824.28,5880.72,5812.49,5862.17,,,,
2016-02-17,5862.17,6030.32,5862.17,6030.32,,,,
2016-02-18,6030.32,6036.46,5948.25,5971.95,,,,
2016-02-19,5971.95,6001.22,5916.26,5950.23,,,,
2016-02-22,5950.23,6065.81,5950.23,6037.73,,,,
2016-02-23,6037.73,6037.73,5954.18,5962.31,,,,
2016-02-24,5962.31,5966.73,5845.55,5867.18,,,,
2016-02-25,5867.18,6028.97,5867.18,6012.81,,,,
2016-02-26,6012.81,6115.37,6012.81,6096.01,,,,
2016-02-29,6096.01,6104.98,6033.21,6097.09,,,,
2016-03-01,6097.09,6153.75,6070.51,6152.88,,,,
2016-03-02,6152.88,6194.01,6097.77,6147.06,,,,
2016-03-03,6147.06,6173.7,6108.35,6130.46,,,,
2016-03-04,6130.46,6204.14,6130.46,6199.43,,,,
2016-03-07,6199.43,6216.1,6125.64,6182.4,,,,
2016-03-08,6182.4,6182.45,6101.89,6125.44,,,,
2016-03-09,6125.44,6174.82,6118.23,6146.32,,,,
2016-03-10,6146.32,6203.4,6036.7,6036.7,,,,
2016-03-11,6036.7,6150.88,6036.7,6139.79,,,,
2016-03-14,6139.79,6197.83,6139.79,6174.57,,,,
2016-03-15,6174.57,6174.57,6114.77,6139.97,,,,
2016-03-16,6139.97,6186.18,6134.27,6175.49,,,,
2016-03-17,6175.49,6220.02,6125.7,6201.12,,,,
2016-03-18,6201.12,6237.02,6186.24,6189.64,,,,
2016-03-21,6189.64,6215.3,6154.12,6184.58,,,,
2016-03-22,6184.58,6193.47,6110.39,6192.74,,,,
2016-03-23,6192.74,6216.76,6171.13,6199.11,,,,
2016-03-24,6199.11,6199.11,6090.03,6106.48,,,,
2016-03-29,6106.48,6156.67,6070.77,6105.9,,,,
2016-03-30,6105.9,6221.8,6105.9,6203.17,,,,
2016-03-31,6203.17,6203.39,6149.82,6174.9,,,,
2016-04-01,6174.9,6174.9,6076.89,6146.05,,,,
2016-04-04,6146.05,6201.95,6132.9,6164.72,,,,
2016-04-05,6164.72,6164.74,6061.85,6091.23,,,,
2016-04-06,6091.23,6161.63,6091.23,6161.63,,,,
2016-04-07,6161.63,6204.11,6119.38,6136.89,,,,
2016-04-08,6136.89,6216.28,6136.89,6204.41,,,,
2016-04-11,6204.41,6229.66,6165.46,6200.12,,,,
2016-04-12,6200.12,6248.27,6176.28,6242.39,,,,
2016-04-13,6242.39,6362.89,6242.39,6362.89,,,,
2016-04-14,6362.89,6373.93,6335.4,6365.1,,,,
2016-04-15,6365.1,6372.52,6328.19,6343.75,,,,
2016-04-18,6343.75,6354.88,6261.71,6353.52,,,,
2016-04-19,6353.52,6418.25,6353.49,6405.35,,,,
2016-04-20,6405.35,6421.91,6367.36,6410.26,,,,
2016-04-21,6410.26,6427.32,6352.93,6381.44,,,,
2016-04-22,6381.44,6381.58,6289.34,6310.44,,,,
2016-04-25,6310.44,6324.6,6249.34,6260.92,,,,
2016-04-26,6260.92,6297.88,6260.92,6284.52,,,,
2016-04-27,6284.52,6319.91,6255.2,6319.91,,,,
2016-04-28,6319.91,6322.4,6224.47,6322.4,,,,
2016-04-29,6322.4,6322.4,6241.89,6241.89,,,,
2016-05-03,6241.89,6270.03,6159.86,6185.59,,,,
2016-05-04,6185.59,6185.59,6100.76,6112.02,,,,
2016-05-05,6112.02,6152.59,6102.29,6117.25,,,,
2016-05-06,6117.25,6129.9,6054.74,6125.7,,,,
2016-05-09,6125.7,6177.6,6108.37,6114.81,,,,
2016-05-10,6114.81,6180.19,6114.81,6156.65,,,,
2016-05-11,6156.65,6172.72,6131.22,6162.49,,,,
2016-05-12,6162.49,6193.21,6094.14,6104.19,,,,
2016-05-13,6104.19,6138.5,6060.1,6138.5,,,,
2016-05-16,6138.5,6157.24,6092.21,6151.4,,,,
2016-05-17,6151.4,6215.88,6147.16,6167.77,,,,
2016-05-18,6167.77,6169.33,6115.99,6165.8,,,,
2016-05-19,6165.8,6165.8,6050.21,6053.35,,,,
2016-05-20,6053.35,6156.5,6053.35,6156.32,,,,
2016-05-23,6156.32,6173.06,6122.57,6136.43,,,,
2016-05-24,6136.43,6231.85,6109.58,6219.26,,,,
2016-05-25,6219.26,6270.25,6219.26,6262.85,,,,
2016-05-26,6262.85,6281.73,6243.49,6265.65,,,,
2016-05-27,6265.65,6275.9,6250.27,6270.79,,,,
2016-05-31,6270.79,6290.07,6230.11,6230.79,,,,
2016-06-01,6230.79,6233.18,6151.9,6191.93,,,,
2016-06-02,6191.93,6220.27,6173.05,6185.61,,,,
2016-06-03,6185.61,6251.74,6168.19,6209.63,,,,
2016-06-06,6209.63,6301.56,6209.63,6273.4,,,,
2016-06-07,6273.4,6322.6,6273.4,6284.53,,,,
2016-06-08,6284.53,6304.51,6263.8,6301.52,,,,
2016-06-09,6301.52,6301.73,6229.07,6231.89,,,,
2016-06-10,6231.89,6231.89,6097.24,6115.76,,,,
2016-06-13,6115.76,6115.76,6044.97,6044.97,,,,
2016-06-14,6044.97,6044.97,5921.72,5923.53,,,,
2016-06-15,5923.53,6007.49,5923.39,5966.8,,,,
2016-06-16,5966.8,5966.8,5899.97,5950.48,,,,
2016-06-17,5950.48,6046.1,5950.48,6021.09,,,,
2016-06-20,6021.09,6236.53,6021.09,6204,,,,
2016-06-21,6204,6250.19,6156.23,6226.55,,,,
2016-06-22,6226.55,6315.62,6222.01,6261.19,,,,
2016-06-23,6261.19,6380.58,6261.19,6338.1,,,,
2016-06-24,6338.1,6338.55,5788.74,6138.69,,,,
2016-06-27,6138.69,6138.69,5958.66,5982.2,,,,
2016-06-28,5982.2,6170.26,5982.2,6140.39,,,,
2016-06-29,6140.39,6360.06,6140.39,6360.06,,,,
2016-06-30,6360.06,6504.33,6309.98,6504.33,,,,
2016-07-01,6504.33,6587.44,6498.56,6577.83,,,,
2016-07-04,6577.83,6612.13,6514.81,6522.26,,,,
2016-07-05,6522.26,6561.58,6472.25,6545.37,,,,
2016-07-06,6545.37,6580.32,6432.47,6463.59,,,,
2016-07-07,6463.59,6579.25,6463.59,6533.79,,,,
2016-07-08,6533.79,6605.83,6515.24,6590.64,,,,
2016-07-11,6590.64,6695.07,6590.64,6682.86,,,,
2016-07-12,6682.86,6703.09,6663.66,6680.69,,,,
2016-07-13,6680.69,6717.17,6654.64,6670.4,,,,
2016-07-14,6670.4,6743.42,6648.4,6654.47,,,,
2016-07-15,6654.47,6669.24,6616.51,6669.24,,,,
2016-07-18,6669.24,6715.58,6653.67,6695.42,,,,
2016-07-19,6695.42,6711.69,6660.87,6697.37,,,,
2016-07-20,6697.37,6736.57,6694.36,6728.99,,,,
2016-07-21,6728.99,6732.07,6694.52,6699.89,,,,
2016-07-22,6699.89,6735.94,6663.72,6730.48,,,,
2016-07-25,6730.48,6756.13,6691.03,6710.13,,,,
2016-07-26,6710.13,6744.8,6708.58,6724.03,,,,
2016-07-27,6724.03,6780.05,6723.71,6750.43,,,,
2016-07-28,6750.43,6762.72,6718.9,6721.06,,,,
2016-07-29,6721.06,6740.47,6691.13,6724.43,,,,
2016-08-01,6724.43,6769.41,6678.45,6693.95,,,,
2016-08-02,6693.95,6694.14,6630.76,6645.4,,,,
2016-08-03,6645.4,6673.63,6621.42,6634.4,,,,
2016-08-04,6634.4,6749.67,6615.83,6740.16,,,,
2016-08-05,6740.16,6802.41,6738.57,6793.47,,,,
2016-08-08,6793.47,6829.47,6781.47,6809.13,,,,
2016-08-09,6809.13,6863.1,6807.76,6851.3,,,,
2016-08-10,6851.3,6866.42,6820.04,6866.42,,,,
2016-08-11,6866.42,6914.71,6812.73,6914.71,,,,
2016-08-12,6914.71,6931.04,6896.04,6916.02,,,,
2016-08-15,6916.02,6955.34,6907.17,6941.19,,,,
2016-08-16,6941.19,6941.19,6893.92,6893.92,,,,
2016-08-17,6893.92,6920.76,6849.9,6859.15,,,,
2016-08-18,6859.15,6893.35,6850.61,6868.96,,,,
2016-08-19,6868.96,6871.48,6840.94,6858.95,,,,
2016-08-22,6858.95,6884.61,6812.07,6828.54,,,,
2016-08-23,6828.54,6885.39,6828.54,6868.51,,,,
2016-08-24,6868.51,6868.51,6825.22,6835.78,,,,
2016-08-25,6835.78,6836.22,6779.15,6816.9,,,,
2016-08-26,6816.9,6857.29,6798.82,6838.05,,,,
2016-08-30,6838.05,6851.83,6808.07,6820.79,,,,
2016-08-31,6820.79,6832.89,6779.54,6781.51,,,,
2016-09-01,6781.51,6826.22,6723.21,6745.97,,,,
2016-09-02,6745.97,6928.25,6745.97,6894.6,,,,
2016-09-05,6894.6,6910.66,6867.08,6879.42,,,,
2016-09-06,6879.42,6887.92,6818.96,6826.05,,,,
2016-09-07,6826.05,6856.12,6814.87,6846.58,,,,
2016-09-08,6846.58,6889.64,6819.82,6858.7,,,,
2016-09-09,6858.7,6862.38,6762.3,6776.95,,,,
2016-09-12,6776.95,6776.95,6654.48,6700.9,,,,
2016-09-13,6700.9,6724.74,6665.63,6665.63,,,,
2016-09-14,6665.63,6720.29,6665.63,6673.31,,,,
2016-09-15,6673.31,6736.84,6654.82,6730.3,,,,
2016-09-16,6730.3,6746.29,6692.73,6710.28,,,,
2016-09-19,6710.28,6813.95,6710.28,6813.55,,,,
2016-09-20,6813.55,6869.1,6798.02,6830.79,,,,
2016-09-21,6830.79,6879.81,6830.47,6834.77,,,,
2016-09-22,6834.77,6937.33,6834.77,6911.4,,,,
2016-09-23,6911.4,6920.23,6882.62,6909.43,,,,
2016-09-26,6909.43,6909.63,6806.47,6818.04,,,,
2016-09-27,6818.04,6865.45,6768.86,6807.67,,,,
2016-09-28,6807.67,6878.21,6807.67,6849.38,,,,
2016-09-29,6849.38,6941.09,6849.38,6919.42,,,,
2016-09-30,6919.42,6919.42,6809.51,6899.33,,,,
2016-10-03,6899.33,6996.43,6898.09,6983.52,,,,
2016-10-04,6983.52,7121.93,6983.52,7074.34,,,,
2016-10-05,7074.34,7076.71,7024.13,7033.25,,,,
2016-10-06,7033.25,7049.34,6999.96,6999.96,,,,
2016-10-07,6999.96,7079.25,6999.96,7044.39,,,,
2016-10-10,7044.39,7104.49,7024.08,7097.5,,,,
2016-10-11,7097.5,7129.83,7061.36,7070.88,,,,
2016-10-12,7070.88,7079.42,7015.76,7024.01,,,,
2016-10-13,7024.01,7024.01,6930.04,6977.74,,,,
2016-10-14,6977.74,7055.18,6977.74,7013.55,,,,
2016-10-17,7013.55,7013.55,6937.43,6947.55,,,,
2016-10-18,6947.55,7033.02,6946.39,7000.06,,,,
2016-10-19,7000.06,7031.2,6975.92,7021.92,,,,
2016-10-20,7021.92,7047.55,6998.84,7026.9,,,,
2016-10-21,7026.9,7058.39,7011.09,7020.47,,,,
2016-10-24,7020.47,7067.34,6983.4,6986.4,,,,
2016-10-25,6986.4,7067.23,6985.92,7017.64,,,,
2016-10-26,7017.64,7017.64,6917.77,6958.09,,,,
2016-10-27,6958.09,7003.93,6924.05,6986.57,,,,
2016-10-28,6986.57,7006.43,6927.21,6996.26,,,,
2016-10-31,6996.26,6996.26,6945.29,6954.22,,,,
2016-11-01,6954.22,6993.79,6903.61,6917.14,,,,
2016-11-02,6917.14,6917.14,6845.42,6845.42,,,,
2016-11-03,6845.42,6873.21,6790.51,6790.51,,,,
2016-11-04,6790.51,6790.52,6676.56,6693.26,,,,
2016-11-07,6693.26,6806.9,6693.26,6806.9,,,,
2016-11-08,6806.9,6849.31,6795.06,6843.13,,,,
2016-11-09,6843.13,6911.84,6696.33,6911.84,,,,
2016-11-10,6911.84,6997.25,6799.05,6827.98,,,,
2016-11-11,6827.98,6849.04,6709.72,6730.43,,,,
2016-11-14,6730.43,6814.19,6730.43,6753.18,,,,
2016-11-15,6753.18,6820.52,6753.18,6792.74,,,,
2016-11-16,6792.74,6810.53,6735.69,6749.72,,,,
2016-11-17,6749.72,6798.75,6745.08,6794.71,,,,
2016-11-18,6794.71,6811.62,6740.34,6775.77,,,,
2016-11-21,6775.77,6820.9,6754.16,6777.96,,,,
2016-11-22,6777.96,6851.37,6777.96,6819.72,,,,
2016-11-23,6819.72,6880.74,6779.45,6817.71,,,,
2016-11-24,6817.71,6831.23,6790.69,6829.2,,,,
2016-11-25,6829.2,6852.14,6818.12,6840.75,,,,
2016-11-28,6840.75,6840.96,6769.77,6799.47,,,,
2016-11-29,6799.47,6800.91,6729.36,6772,,,,
2016-11-30,6772,6845.74,6765.23,6783.79,,,,
2016-12-01,6783.79,6789.3,6688.41,6752.93,,,,
2016-12-02,6752.93,6752.93,6678.74,6730.72,,,,
2016-12-05,6730.72,6799.5,6697.65,6746.83,,,,
2016-12-06,6746.83,6785.32,6723.05,6779.84,,,,
2016-12-07,6779.84,6902.23,6779.84,6902.23,,,,
2016-12-08,6902.23,6937.51,6892.17,6931.55,,,,
2016-12-09,6931.55,6962.25,6929.46,6954.21,,,,
2016-12-12,6954.21,6976.78,6875.43,6890.42,,,,
2016-12-13,6890.42,6977.99,6877.52,6968.57,,,,
2016-12-14,6968.57,6970.52,6941.95,6949.19,,,,
2016-12-15,6949.19,7010.48,6925.88,6999.01,,,,
2016-12-16,6999.01,7038.43,6990.35,7011.64,,,,
2016-12-19,7011.64,7025.74,6986.44,7017.16,,,,
2016-12-20,7017.16,7045.22,6992.62,7043.96,,,,
2016-12-21,7043.96,7056.98,7025.68,7041.42,,,,
2016-12-22,7041.42,7063.68,7020.13,7063.68,,,,
2016-12-23,7063.68,7071.11,7054.64,7068.17,,,,
2016-12-28,7068.17,7109.37,7060.85,7106.08,,,,
2016-12-29,7106.08,7120.26,7074.47,7120.26,,,,
2016-12-30,7120.26,7142.83,7087.54,7142.83,,,,
2017-01-03,7142.83,7205.45,7142.83,7177.89,,,,
2017-01-04,7177.89,7189.74,7168.77,7189.74,,,,
2017-01-05,7189.74,7211.96,7172.77,7195.31,,,,
2017-01-06,7195.31,7210.05,7180.64,7210.05,,,,
2017-01-09,7210.05,7243.76,7207.4,7237.77,,,,
2017-01-10,7237.77,7284.81,7237.29,7275.47,,,,
2017-01-11,7275.47,7328.51,7257.15,7290.49,,,,
2017-01-12,7290.49,7302.34,7263.42,7292.37,,,,
2017-01-13,7292.37,7338.49,7292.37,7337.81,,,,
2017-01-16,7337.81,7354.14,7320.47,7327.13,,,,
2017-01-17,7327.13,7329.27,7220.38,7220.38,,,,
2017-01-18,7220.38,7260.47,7218.41,7247.61,,,,
2017-01-19,7247.61,7249.63,7191.67,7208.44,,,,
2017-01-20,7208.44,7221.01,7193.73,7198.44,,,,
2017-01-23,7198.44,7198.44,7131.46,7151.18,,,,
2017-01-24,7151.18,7190.15,7144.44,7150.34,,,,
2017-01-25,7150.34,7205.68,7150.34,7164.43,,,,
2017-01-26,7164.43,7184.75,7151.34,7161.49,,,,
2017-01-27,7161.49,7184.73,7150.76,7184.49,,,,
2017-01-30,7184.49,7184.7,7105.67,7118.48,,,,
2017-01-31,7118.48,7162.53,7099.15,7099.15,,,,
2017-02-01,7099.15,7170.24,7099.15,7107.65,,,,
2017-02-02,7107.65,7163.94,7093.57,7140.75,,,,
2017-02-03,7140.75,7202.37,7133.63,7188.3,,,,
2017-02-06,7188.3,7208.73,7165.17,7172.15,,,,
2017-02-07,7172.15,7227.22,7159.57,7186.22,,,,
2017-02-08,7186.22,7195.94,7147.18,7188.82,,,,
2017-02-09,7188.82,7238.74,7183.14,7229.5,,,,
2017-02-10,7229.5,7274.8,7229.45,7258.75,,,,
2017-02-13,7258.75,7298.47,7257.67,7278.92,,,,
2017-02-14,7278.92,7292.65,7251.81,7268.56,,,,
2017-02-15,7268.56,7313.44,7268.56,7302.41,,,,
2017-02-16,7302.41,7302.41,7260.74,7277.92,,,,
2017-02-17,7277.92,7307.14,7253.16,7299.96,,,,
2017-02-20,7299.96,7329.56,7283.29,7299.86,,,,
2017-02-21,7299.86,7318.98,7267.49,7274.83,,,,
2017-02-22,7274.83,7314.26,7274.71,7302.25,,,,
2017-02-23,7302.25,7310.05,7262.94,7271.37,,,,
2017-02-24,7271.37,7271.86,7192.45,7243.7,,,,
2017-02-27,7243.7,7285.19,7239.66,7253,,,,
2017-02-28,7253,7284.2,7246.6,7263.44,,,,
2017-03-01,7263.44,7383.05,7263.44,7382.9,,,,
2017-03-02,7382.9,7394.61,7372.68,7382.35,,,,
2017-03-03,7382.35,7382.36,7353.64,7374.26,,,,
2017-03-06,7374.26,7374.26,7338.94,7350.12,,,,
2017-03-07,7350.12,7363.74,7335.27,7338.99,,,,
2017-03-08,7338.99,7354.47,7315.86,7334.61,,,,
2017-03-09,7334.61,7336.26,7263.62,7314.96,,,,
2017-03-10,7314.96,7373,7314.96,7343.08,,,,
2017-03-13,7343.08,7377.41,7342.02,7367.08,,,,
2017-03-14,7367.08,7386.17,7339.27,7357.85,,,,
2017-03-15,7357.85,7383.33,7357.58,7368.64,,,,
2017-03-16,7368.64,7444.62,7368.64,7415.95,,,,
2017-03-17,7415.95,7447,7402.64,7424.96,,,,
2017-03-20,7424.96,7433.68,7399.97,7429.81,,,,
2017-03-21,7429.81,7440.85,7360.67,7378.34,,,,
2017-03-22,7378.34,7378.4,7301.83,7324.72,,,,
2017-03-23,7324.72,7346.4,7307.65,7340.71,,,,
2017-03-24,7340.71,7351.6,7322.86,7336.82,,,,
2017-03-27,7336.82,7336.82,7255.78,7293.5,,,,
2017-03-28,7293.5,7349.59,7285.8,7343.42,,,,
2017-03-29,7343.42,7373.72,7313.9,7373.72,,,,
2017-03-30,7373.72,7384.8,7340.25,7369.52,,,,
2017-03-31,7369.52,7369.55,7322.92,7322.92,,,,
2017-04-03,7322.92,7350.3,7280.76,7282.69,,,,
2017-04-04,7282.69,7324.6,7282.69,7321.82,,,,
2017-04-05,7321.82,7362.59,7321.82,7331.68,,,,
2017-04-06,7331.68,7331.68,7258.11,7303.2,,,,
2017-04-07,7303.2,7349.37,7284.73,7349.37,,,,
2017-04-10,7349.37,7359.25,7337.01,7348.94,,,,
2017-04-11,7348.94,7406.35,7332.59,7365.5,,,,
2017-04-12,7365.5,7402.42,7348.84,7348.99,,,,
2017-04-13,7348.99,7348.99,7298.85,7327.59,,,,
2017-04-18,7327.59,7327.59,7147.5,7147.5,,,,
2017-04-19,7147.5,7151.18,7114.36,7114.36,,,,
2017-04-20,7114.36,7127.58,7096.83,7118.54,,,,
2017-04-21,7118.54,7134.53,7104.22,7114.55,,,,
2017-04-24,7114.55,7273.9,7114.55,7264.68,,,,
2017-04-25,7264.68,7290.82,7258.74,7275.64,,,,
2017-04-26,7275.64,7302.57,7262.32,7288.72,,,,
2017-04-27,7288.72,7289.38,7224.35,7237.17,,,,
2017-04-28,7237.17,7243.31,7197.28,7203.94,,,,
2017-05-02,7203.94,7254.32,7203.94,7250.05,,,,
2017-05-03,7250.05,7250.05,7218.56,7234.53,,,,
2017-05-04,7234.53,7280.7,7226.07,7248.1,,,,
2017-05-05,7248.1,7297.43,7222.81,7297.43,,,,
2017-05-08,7297.43,7322.32,7285.76,7300.86,,,,
2017-05-09,7300.86,7359.61,7300.86,7342.21,,,,
2017-05-10,7342.21,7398.58,7331.3,7385.24,,,,
2017-05-11,7385.24,7396.19,7369.23,7386.63,,,,
2017-05-12,7386.63,7435.39,7381.74,7435.39,,,,
2017-05-15,7435.39,7460.2,7434.24,7454.37,,,,
2017-05-16,7454.37,7533.7,7452.44,7522.03,,,,
2017-05-17,7522.03,7532.95,7478.88,7503.47,,,,
2017-05-18,7503.47,7503.68,7389.26,7436.42,,,,
2017-05-19,7436.42,7480.28,7436.42,7470.71,,,,
2017-05-22,7470.71,7518.12,7470.71,7496.34,,,,
2017-05-23,7496.34,7521.94,7485.29,7485.29,,,,
2017-05-24,7485.29,7519.58,7475.11,7514.9,,,,
2017-05-25,7514.9,7529.74,7497.07,7517.71,,,,
2017-05-26,7517.71,7554.21,7514.39,7547.63,,,,
2017-05-30,7547.63,7547.65,7497.07,7526.51,,,,
2017-05-31,7526.51,7586.45,7519.68,7519.95,,,,
2017-06-01,7519.95,7558.63,7518.32,7543.77,,,,
2017-06-02,7543.77,7598.99,7539.96,7547.63,,,,
2017-06-05,7547.63,7562,7519.06,7525.76,,,,
2017-06-06,7525.76,7527.64,7502.83,7524.95,,,,
2017-06-07,7524.95,7555.62,7476.33,7478.62,,,,
2017-06-08,7478.62,7489.66,7449.98,7449.98,,,,
2017-06-09,7449.98,7545.12,7449.73,7527.33,,,,
2017-06-12,7527.33,7540.53,7483.61,7511.87,,,,
2017-06-13,7511.87,7540.05,7491.86,7500.44,,,,
2017-06-14,7500.44,7545.07,7474.4,7474.4,,,,
2017-06-15,7474.4,7474.51,7377.86,7419.36,,,,
2017-06-16,7419.36,7478.99,7419.36,7463.54,,,,
2017-06-19,7463.54,7537.84,7463.54,7523.81,,,,
2017-06-20,7523.81,7561.07,7472.71,7472.71,,,,
2017-06-21,7472.71,7477.17,7417.45,7447.79,,,,
2017-06-22,7447.79,7448.48,7398.83,7439.29,,,,
2017-06-23,7439.29,7441.79,7396.75,7424.13,,,,
2017-06-26,7424.13,7480.95,7424.13,7446.8,,,,
2017-06-27,7446.8,7451.68,7411.36,7434.36,,,,
2017-06-28,7434.36,7445.31,7381.36,7387.8,,,,
2017-06-29,7387.8,7451.95,7341.75,7350.32,,,,
2017-06-30,7350.32,7377.38,7302.71,7312.72,,,,
2017-07-03,7312.72,7386.11,7312.26,7377.09,,,,
2017-07-04,7377.09,7383.45,7336.75,7357.23,,,,
2017-07-05,7357.23,7386.92,7347.52,7367.6,,,,
2017-07-06,7367.6,7373.85,7303.46,7337.28,,,,
2017-07-07,7337.28,7359.48,7314.69,7350.92,,,,
2017-07-10,7350.92,7388.02,7344.31,7370.03,,,,
2017-07-11,7370.03,7386.88,7304.77,7329.76,,,,
2017-07-12,7329.76,7439.08,7329.76,7416.93,,,,
2017-07-13,7416.93,7428.24,7403.75,7413.44,,,,
2017-07-14,7413.44,7419.81,7363.77,7378.39,,,,
2017-07-17,7378.39,7426.37,7378.3,7404.13,,,,
2017-07-18,7404.13,7418.53,7357.77,7390.22,,,,
2017-07-19,7390.22,7442.84,7379.33,7430.91,,,,
2017-07-20,7430.91,7502.73,7430.91,7487.87,,,,
2017-07-21,7487.87,7515.12,7433.89,7452.91,,,,
2017-07-24,7452.91,7453.22,7357.5,7377.73,,,,
2017-07-25,7377.73,7453.74,7377.73,7434.82,,,,
2017-07-26,7434.82,7487.05,7434.68,7452.32,,,,
2017-07-27,7452.32,7461.85,7410.85,7443.01,,,,
2017-07-28,7443.01,7443.01,7339.44,7368.37,,,,
2017-07-31,7368.37,7425.52,7367.86,7372,,,,
2017-08-01,7372,7440.14,7372,7423.66,,,,
2017-08-02,7423.66,7434.71,7388.91,7411.43,,,,
2017-08-03,7411.43,7484.53,7384.22,7474.77,,,,
2017-08-04,7474.77,7519.06,7465.12,7511.71,,,,
2017-08-07,7511.71,7533.74,7511.71,7531.94,,,,
2017-08-08,7531.94,7551.85,7518.45,7542.73,,,,
2017-08-09,7542.73,7542.73,7475.83,7498.06,,,,
2017-08-10,7498.06,7498.06,7376.66,7389.94,,,,
2017-08-11,7389.94,7389.96,7296.49,7309.96,,,,
2017-08-14,7309.96,7377.66,7309.96,7353.89,,,,
2017-08-15,7353.89,7399.35,7353.89,7383.85,,,,
2017-08-16,7383.85,7444.98,7383.85,7433.03,,,,
2017-08-17,7433.03,7433.74,7382.16,7387.87,,,,
2017-08-18,7387.87,7387.87,7302.47,7323.98,,,,
2017-08-21,7323.98,7331.95,7296.8,7318.88,,,,
2017-08-22,7318.88,7387.55,7318.88,7381.74,,,,
2017-08-23,7381.74,7394.52,7360.33,7382.65,,,,
2017-08-24,7382.65,7437.87,7382.16,7407.06,,,,
2017-08-25,7407.06,7439.53,7401.46,7401.46,,,,
2017-08-29,7401.46,7401.62,7289.2,7337.43,,,,
2017-08-30,7337.43,7381.33,7337.43,7365.26,,,,
2017-08-31,7365.26,7443.68,7365.01,7430.62,,,,
2017-09-01,7430.62,7460.52,7430.06,7438.5,,,,
2017-09-04,7438.5,7438.5,7404.05,7411.47,,,,
2017-09-05,7411.47,7437.51,7369.58,7372.92,,,,
2017-09-06,7372.92,7372.92,7322.42,7354.13,,,,
2017-09-07,7354.13,7412.68,7348.38,7396.98,,,,
2017-09-08,7396.98,7396.98,7358.42,7377.6,,,,
2017-09-11,7377.6,7434.07,7377.6,7413.59,,,,
2017-09-12,7413.59,7435.84,7386.98,7400.69,,,,
2017-09-13,7400.69,7401.3,7336.23,7379.7,,,,
2017-09-14,7379.7,7390.7,7287.73,7295.39,,,,
2017-09-15,7295.39,7295.39,7196.58,7215.47,,,,
2017-09-18,7215.47,7257.45,7215.47,7253.28,,,,
2017-09-19,7253.28,7285.67,7243.59,7275.25,,,,
2017-09-20,7275.25,7289.93,7249.58,7271.95,,,,
2017-09-21,7271.95,7289.16,7260.05,7263.9,,,,
2017-09-22,7263.9,7320.28,7242.23,7310.64,,,,
2017-09-25,7310.64,7312.45,7272.49,7301.29,,,,
2017-09-26,7301.29,7311.82,7273.32,7285.74,,,,
2017-09-27,7285.74,7327.5,7285.74,7313.51,,,,
2017-09-28,7313.51,7323.33,7289.75,7322.82,,,,
2017-09-29,7322.82,7382.67,7321.64,7372.76,,,,
2017-10-02,7372.76,7438.84,7372.73,7438.84,,,,
2017-10-03,7438.84,7469.82,7426.67,7468.11,,,,
2017-10-04,7468.11,7476.33,7456.61,7467.58,,,,
2017-10-05,7467.58,7507.99,7464.4,7507.99,,,,
2017-10-06,7507.99,7527.72,7507.99,7522.87,,,,
2017-10-09,7522.87,7523.65,7493.68,7507.89,,,,
2017-10-10,7507.89,7543.88,7504.56,7538.27,,,,
2017-10-11,7538.27,7550.17,7519.6,7533.81,,,,
2017-10-12,7533.81,7565.11,7526.33,7556.24,,,,
2017-10-13,7556.24,7556.24,7521.09,7535.44,,,,
2017-10-16,7535.44,7557,7526.73,7526.97,,,,
2017-10-17,7526.97,7550.44,7506.31,7516.17,,,,
2017-10-18,7516.17,7555.24,7516.17,7542.87,,,,
2017-10-19,7542.87,7542.87,7485.42,7523.04,,,,
2017-10-20,7523.04,7560.04,7517.07,7523.23,,,,
2017-10-23,7523.23,7542,7511.77,7524.45,,,,
2017-10-24,7524.45,7535.22,7508.5,7526.54,,,,
2017-10-25,7526.54,7528.46,7437.42,7447.21,,,,
2017-10-26,7447.21,7488.26,7440.11,7486.5,,,,
2017-10-27,7486.5,7520.76,7485.24,7505.03,,,,
2017-10-30,7505.03,7507.02,7478.41,7487.81,,,,
2017-10-31,7487.81,7516.85,7483.97,7493.08,,,,
2017-11-01,7493.08,7532.36,7487.96,7487.96,,,,
2017-11-02,7487.96,7562.26,7478.88,7555.32,,,,
2017-11-03,7555.32,7580.95,7541.91,7560.35,,,,
2017-11-06,7560.35,7572.9,7544.2,7562.28,,,,
2017-11-07,7562.28,7582.85,7507.83,7513.11,,,,
2017-11-08,7513.11,7534.49,7504.77,7529.72,,,,
2017-11-09,7529.72,7532.2,7476.89,7484.1,,,,
2017-11-10,7484.1,7500.29,7421.73,7432.99,,,,
2017-11-13,7432.99,7469.3,7402.95,7415.18,,,,
2017-11-14,7415.18,7436.57,7396.92,7414.42,,,,
2017-11-15,7414.42,7415.09,7357.06,7372.61,,,,
2017-11-16,7372.61,7393.28,7368.14,7386.94,,,,
2017-11-17,7386.94,7406.53,7356.16,7380.68,,,,
2017-11-20,7380.68,7397.39,7350.37,7389.46,,,,
2017-11-21,7389.46,7422.18,7367.86,7411.34,,,,
2017-11-22,7411.34,7460.91,7410.38,7419.02,,,,
2017-11-23,7419.02,7422.73,7373.31,7417.24,,,,
2017-11-24,7417.24,7425.19,7389.54,7409.64,,,,
2017-11-27,7409.64,7438.39,7383.9,7383.9,,,,
2017-11-28,7383.9,7469.61,7373.95,7460.65,,,,
2017-11-29,7460.65,7460.65,7386.67,7393.56,,,,
2017-11-30,7393.56,7416.26,7326.67,7326.67,,,,
2017-12-01,7326.67,7355.43,7288.73,7300.49,,,,
2017-12-04,7300.49,7369.65,7300.49,7338.97,,,,
2017-12-05,7338.97,7373.9,7326.57,7327.5,,,,
2017-12-06,7327.5,7369.71,7289.36,7348.03,,,,
2017-12-07,7348.03,7371.73,7314.6,7320.75,,,,
2017-12-08,7320.75,7412.21,7314.23,7393.96,,,,
2017-12-11,7393.96,7458.4,7393.58,7453.48,,,,
2017-12-12,7453.48,7501.52,7448.31,7500.41,,,,
2017-12-13,7500.41,7510.77,7492.58,7496.51,,,,
2017-12-14,7496.51,7496.7,7448.12,7448.12,,,,
2017-12-15,7448.12,7490.57,7433.78,7490.57,,,,
2017-12-18,7490.57,7544.26,7490.57,7537.01,,,,
2017-12-19,7537.01,7563.49,7534.08,7544.09,,,,
2017-12-20,7544.09,7550.6,7511.45,7525.22,,,,
2017-12-21,7525.22,7609.69,7517.88,7603.98,,,,
2017-12-22,7603.98,7614.4,7585.47,7592.66,,,,
2017-12-27,7592.66,7632.71,7586.42,7620.68,,,,
2017-12-28,7620.68,7633.55,7609.77,7622.88,,,,
2017-12-29,7622.88,7697.62,7620.01,7687.77,,,,
2018-01-02,7687.77,7691.34,7624.14,7648.1,,,,
2018-01-03,7648.1,7689.86,7640.53,7671.11,,,,
2018-01-04,7671.11,7702.51,7671.11,7695.88,,,,
2018-01-05,7695.88,7727.73,7689.81,7724.22,,,,
2018-01-08,7724.22,7733.39,7691.77,7696.51,,,,
2018-01-09,7696.51,7733.12,7696.5,7731.02,,,,
2018-01-10,7731.02,7756.11,7716.21,7748.51,,,,
2018-01-11,7748.51,7768.96,7734.64,7762.94,,,,
2018-01-12,7762.94,7792.56,7752.63,7778.64,,,,
2018-01-15,7778.64,7783.61,7763.43,7769.14,,,,
2018-01-16,7769.14,7791.83,7740.55,7755.93,,,,
2018-01-17,7755.93,7755.93,7711.11,7725.43,,,,
2018-01-18,7725.43,7739.54,7683.71,7700.96,,,,
2018-01-19,7700.96,7731.82,7694.66,7730.79,,,,
2018-01-22,7730.79,7739.35,7703.67,7715.44,,,,
2018-01-23,7715.44,7745.22,7710.03,7731.83,,,,
2018-01-24,7731.83,7731.98,7643.43,7643.43,,,,
2018-01-25,7643.43,7662.35,7608.53,7615.84,,,,
2018-01-26,7615.84,7667.4,7615.84,7665.54,,,,
2018-01-29,7665.54,7689.15,7663.93,7671.53,,,,
2018-01-30,7671.53,7671.67,7587.12,7587.98,,,,
2018-01-31,7587.98,7599.01,7521.77,7533.55,,,,
2018-02-01,7533.55,7554.73,7476.51,7490.39,,,,
2018-02-02,7490.39,7494.76,7432.25,7443.43,,,,
2018-02-05,7443.43,7443.43,7334.79,7334.98,,,,
2018-02-06,7334.98,7334.98,7079.41,7141.4,,,,
2018-02-07,7141.4,7311.5,7141.4,7279.42,,,,
2018-02-08,7279.42,7279.42,7161.31,7170.69,,,,
2018-02-09,7170.69,7170.69,7073.03,7092.43,,,,
2018-02-12,7092.43,7199.93,7092.43,7177.06,,,,
2018-02-13,7177.06,7202.99,7165.83,7168.01,,,,
2018-02-14,7168.01,7243.15,7145.73,7213.97,,,,
2018-02-15,7213.97,7267.96,7206.69,7234.81,,,,
2018-02-16,7234.81,7307.97,7234.81,7294.7,,,,
2018-02-19,7294.7,7306.21,7239.98,7247.66,,,,
2018-02-20,7247.66,7264.78,7202.14,7246.77,,,,
2018-02-21,7246.77,7291.8,7220.55,7281.57,,,,
2018-02-22,7281.57,7281.57,7187.76,7252.39,,,,
2018-02-23,7252.39,7262.05,7220.81,7244.41,,,,
2018-02-26,7244.41,7312.98,7244.31,7289.58,,,,
2018-02-27,7289.58,7326.02,7272.87,7282.45,,,,
2018-02-28,7282.45,7293.36,7231.91,7231.91,,,,
2018-03-01,7231.91,7231.91,7153.39,7175.64,,,,
2018-03-02,7175.64,7175.64,7063.42,7069.9,,,,
2018-03-05,7069.9,7119.21,7062.13,7115.98,,,,
2018-03-06,7115.98,7197.8,7115.6,7146.75,,,,
2018-03-07,7146.75,7180.71,7109.56,7157.84,,,,
2018-03-08,7157.84,7212.14,7145.7,7203.24,,,,
2018-03-09,7203.24,7225.28,7189.74,7224.51,,,,
2018-03-12,7224.51,7254.87,7198.18,7214.76,,,,
2018-03-13,7214.76,7224.13,7125.6,7138.78,,,,
2018-03-14,7138.78,7176.51,7122.76,7132.69,,,,
2018-03-15,7132.69,7162.58,7127.08,7139.76,,,,
2018-03-16,7139.76,7187.27,7131.31,7164.14,,,,
2018-03-19,7164.14,7164.19,7034.91,7042.93,,,,
2018-03-20,7042.93,7081.5,7042.6,7061.27,,,,
2018-03-21,7061.27,7065.66,7016.79,7038.97,,,,
2018-03-22,7038.97,7038.97,6914.45,6952.59,,,,
2018-03-23,6952.59,6952.82,6876.96,6921.94,,,,
2018-03-26,6921.94,6958.47,6866.94,6888.69,,,,
2018-03-27,6888.69,7042.37,6888.69,7000.14,,,,
2018-03-28,7000.14,7044.74,6923.33,7044.74,,,,
2018-03-29,7044.74,7109.93,7042.73,7056.61,,,,
2018-04-03,7056.61,7064.98,6996.76,7030.46,,,,
2018-04-04,7030.46,7046.26,6971.75,7034.01,,,,
2018-04-05,7034.01,7199.5,7034.01,7199.5,,,,
2018-04-06,7199.5,7214.02,7163.11,7183.64,,,,
2018-04-09,7183.64,7209.68,7145.57,7194.75,,,,
2018-04-10,7194.75,7266.75,7194.75,7266.75,,,,
2018-04-11,7266.75,7270.28,7243.32,7257.14,,,,
2018-04-12,7257.14,7266.64,7240.76,7258.34,,,,
2018-04-13,7258.34,7274.99,7249.07,7264.56,,,,
2018-04-16,7264.56,7265.83,7195.46,7198.2,,,,
2018-04-17,7198.2,7240.41,7189.85,7226.05,,,,
2018-04-18,7226.05,7325.59,7226.05,7317.34,,,,
2018-04-19,7317.34,7340.73,7309.42,7328.92,,,,
2018-04-20,7328.92,7368.17,7323.31,7368.17,,,,
2018-04-23,7368.17,7404.11,7359.73,7398.87,,,,
2018-04-24,7398.87,7439.58,7397.29,7425.4,,,,
2018-04-25,7425.4,7427.13,7334.64,7379.32,,,,
2018-04-26,7379.32,7421.43,7355,7421.43,,,,
2018-04-27,7421.43,7507.12,7421.28,7502.21,,,,
2018-04-30,7502.21,7546.16,7497.11,7509.3,,,,
2018-05-01,7509.3,7549.07,7506.57,7520.36,,,,
2018-05-02,7520.36,7572.98,7519.62,7543.2,,,,
2018-05-03,7543.2,7555.18,7492.39,7502.69,,,,
2018-05-04,7502.69,7570.22,7502.69,7567.14,,,,
2018-05-08,7567.14,7598.51,7550.44,7565.75,,,,
2018-05-09,7565.75,7662.52,7565.75,7662.52,,,,
2018-05-10,7662.52,7706.87,7631.58,7700.97,,,,
2018-05-11,7700.97,7728.89,7691.69,7724.55,,,,
2018-05-14,7724.55,7727.96,7688.57,7710.98,,,,
2018-05-15,7710.98,7752.02,7687.49,7722.98,,,,
2018-05-16,7722.98,7745.53,7717.76,7734.2,,,,
2018-05-17,7734.2,7788.23,7713.85,7787.97,,,,
2018-05-18,7787.97,7791.41,7753.27,7778.79,,,,
2018-05-21,7778.79,7868.12,7778.12,7859.17,,,,
2018-05-22,7859.17,7903.5,7854.58,7877.45,,,,
2018-05-23,7877.45,7877.45,7765.32,7788.44,,,,
2018-05-24,7788.44,7803.45,7716.74,7716.74,,,,
2018-05-25,7716.74,7753.32,7703.26,7730.28,,,,
2018-05-29,7730.28,7730.28,7610.66,7632.64,,,,
2018-05-30,7632.64,7689.57,7618.12,7689.57,,,,
2018-05-31,7689.57,7727.45,7651.12,7678.2,,,,
2018-06-01,7678.2,7746.73,7678.2,7701.77,,,,
2018-06-04,7701.77,7772.12,7701.7,7741.29,,,,
2018-06-05,7741.29,7744.46,7686.61,7686.8,,,,
2018-06-06,7686.8,7730.48,7671.62,7712.37,,,,
2018-06-07,7712.37,7756.66,7698.15,7704.4,,,,
2018-06-08,7704.4,7714.32,7637.52,7681.07,,,,
2018-06-11,7681.07,7756.02,7681.07,7737.43,,,,
2018-06-12,7737.43,7762.77,7701.33,7703.81,,,,
2018-06-13,7703.81,7746.7,7677.17,7703.71,,,,
2018-06-14,7703.71,7793.45,7650.16,7765.79,,,,
2018-06-15,7765.79,7781,7633.91,7633.91,,,,
2018-06-18,7633.91,7645.47,7601.6,7631.33,,,,
2018-06-19,7631.33,7631.33,7548.84,7603.85,,,,
2018-06-20,7603.85,7705.2,7603.85,7627.4,,,,
2018-06-21,7627.4,7670.78,7548.12,7556.44,,,,
2018-06-22,7556.44,7689.44,7556.2,7682.27,,,,
2018-06-25,7682.27,7682.27,7508.32,7509.84,,,,
2018-06-26,7509.84,7564.05,7509.84,7537.92,,,,
2018-06-27,7537.92,7633.92,7512.03,7621.69,,,,
2018-06-28,7621.69,7632.17,7576.01,7615.63,,,,
2018-06-29,7615.63,7706.64,7615.63,7636.93,,,,
2018-07-02,7636.93,7636.93,7540.71,7547.85,,,,
2018-07-03,7547.85,7632.12,7544.98,7593.29,,,,
2018-07-04,7593.29,7593.29,7560.81,7573.09,,,,
2018-07-05,7573.09,7624.82,7572.69,7603.22,,,,
2018-07-06,7603.22,7631.19,7569.7,7617.7,,,,
2018-07-09,7617.7,7697.46,7617.7,7687.99,,,,
2018-07-10,7687.99,7715.07,7677.06,7692.04,,,,
2018-07-11,7692.04,7692.04,7578.18,7591.96,,,,
2018-07-12,7591.96,7662.96,7591.96,7651.33,,,,
2018-07-13,7651.33,7716.24,7651.33,7661.87,,,,
2018-07-16,7661.87,7667.71,7564.96,7600.45,,,,
2018-07-17,7600.45,7641.1,7581.83,7626.33,,,,
2018-07-18,7626.33,7685.68,7625.75,7676.28,,,,
2018-07-19,7676.28,7702.85,7660.02,7683.97,,,,
2018-07-20,7683.97,7705.8,7631.66,7678.79,,,,
2018-07-23,7678.79,7678.79,7621.75,7655.79,,,,
2018-07-24,7655.79,7740.64,7648.59,7709.05,,,,
2018-07-25,7709.05,7710.25,7640.59,7658.26,,,,
2018-07-26,7658.26,7684.72,7640.94,7663.17,,,,
2018-07-27,7663.17,7717.22,7663.16,7701.31,,,,
2018-07-30,7701.31,7718.06,7659.91,7700.85,,,,
2018-07-31,7700.85,7782.9,7695.76,7748.76,,,,
2018-08-01,7748.76,7751.1,7634.66,7652.91,,,,
2018-08-02,7652.91,7652.91,7549.34,7575.93,,,,
2018-08-03,7575.93,7665.16,7575.93,7659.1,,,,
2018-08-06,7659.1,7681.86,7636.6,7663.78,,,,
2018-08-07,7663.78,7752.08,7663.2,7718.48,,,,
2018-08-08,7718.48,7790.17,7707.3,7776.65,,,,
2018-08-09,7776.65,7776.77,7714.52,7741.77,,,,
2018-08-10,7741.77,7741.77,7657.72,7667.01,,,,
2018-08-13,7667.01,7667.33,7614.48,7642.45,,,,
2018-08-14,7642.45,7665.24,7599.66,7611.64,,,,
2018-08-15,7611.64,7632.07,7477.05,7497.87,,,,
2018-08-16,7497.87,7565.18,7497.87,7556.38,,,,
2018-08-17,7556.38,7577.68,7514.26,7558.59,,,,
2018-08-20,7558.59,7616.15,7558.59,7591.26,,,,
2018-08-21,7591.26,7601.65,7557.34,7565.7,,,,
2018-08-22,7565.7,7607.23,7531.24,7574.24,,,,
2018-08-23,7574.24,7602.1,7560.85,7563.22,,,,
2018-08-24,7563.22,7587.19,7557.67,7577.49,,,,
2018-08-28,7577.49,7636.72,7577.49,7617.22,,,,
2018-08-29,7617.22,7635.74,7545.08,7563.21,,,,
2018-08-30,7563.21,7563.21,7497.54,7516.03,,,,
2018-08-31,7516.03,7516.46,7428.67,7432.42,,,,
2018-09-03,7432.42,7516.06,7432.18,7504.6,,,,
2018-09-04,7504.6,7535.12,7437.65,7457.86,,,,
2018-09-05,7457.86,7457.86,7357.98,7383.28,,,,
2018-09-06,7383.28,7397.74,7313.12,7318.96,,,,
2018-09-07,7318.96,7328.3,7227.07,7277.7,,,,
2018-09-10,7277.7,7307.85,7256.51,7279.3,,,,
2018-09-11,7279.3,7280.48,7220.5,7273.54,,,,
2018-09-12,7273.54,7325.25,7250.84,7313.36,,,,
2018-09-13,7313.36,7319.57,7275.14,7281.57,,,,
2018-09-14,7281.57,7323.83,7281.57,7304.04,,,,
2018-09-17,7304.04,7318.77,7267.83,7302.1,,,,
2018-09-18,7302.1,7320.07,7281.98,7300.23,,,,
2018-09-19,7300.23,7346.11,7279.92,7331.12,,,,
2018-09-20,7331.12,7368.43,7324.01,7367.32,,,,
2018-09-21,7367.32,7495.26,7367.32,7490.23,,,,
2018-09-24,7490.23,7491.25,7450.53,7458.41,,,,
2018-09-25,7458.41,7515.94,7455.22,7507.56,,,,
2018-09-26,7507.56,7522.06,7490.2,7511.49,,,,
2018-09-27,7511.49,7552.02,7490.94,7545.44,,,,
2018-09-28,7545.44,7548.36,7474.67,7510.2,,,,
2018-10-01,7510.2,7526.2,7466.67,7495.67,,,,
2018-10-02,7495.67,7495.67,7444.8,7474.55,,,,
2018-10-03,7474.55,7524.06,7474.55,7510.28,,,,
2018-10-04,7510.28,7510.28,7411.31,7418.34,,,,
2018-10-05,7418.34,7421.12,7318.54,7318.54,,,,
2018-10-08,7318.54,7319.84,7233.33,7233.33,,,,
2018-10-09,7233.33,7247.64,7184.28,7237.59,,,,
2018-10-10,7237.59,7242.31,7145.74,7145.74,,,,
2018-10-11,7145.74,7145.74,6998.02,7006.93,,,,
2018-10-12,7006.93,7073.99,6994.78,6995.91,,,,
2018-10-15,6995.91,7038.23,6961.28,7029.22,,,,
2018-10-16,7029.22,7062.08,6998.93,7059.4,,,,
2018-10-17,7059.4,7089.03,7019.41,7054.6,,,,
2018-10-18,7054.6,7078.76,7026.74,7026.99,,,,
2018-10-19,7026.99,7070.38,7012.56,7049.8,,,,
2018-10-22,7049.8,7114.12,7042.05,7042.8,,,,
2018-10-23,7042.8,7042.8,6928.65,6955.21,,,,
2018-10-24,6955.21,7049.83,6955.21,6962.98,,,,
2018-10-25,6962.98,7004.1,6885.99,7004.1,,,,
2018-10-26,7004.1,7004.16,6851.59,6939.56,,,,
2018-10-29,6939.56,7085.88,6939.56,7026.32,,,,
2018-10-30,7026.32,7060.06,6983.68,7035.85,,,,
2018-10-31,7035.85,7161.54,7035.85,7128.1,,,,
2018-11-01,7128.1,7165.61,7085.74,7114.66,,,,
2018-11-02,7114.66,7196.39,7094.12,7094.12,,,,
2018-11-05,7094.12,7140.37,7077.4,7103.84,,,,
2018-11-06,7103.84,7117.5,7027.45,7040.68,,,,
2018-11-07,7040.68,7136.75,7040.68,7117.28,,,,
2018-11-08,7117.28,7171.69,7115.01,7140.68,,,,
2018-11-09,7140.68,7140.68,7070.8,7105.34,,,,
2018-11-12,7105.34,7186.31,7053.08,7053.08,,,,
2018-11-13,7053.08,7103.97,7016.64,7053.76,,,,
2018-11-14,7053.76,7113.59,6979.68,7033.79,,,,
2018-11-15,7033.79,7081.88,6979.57,7038.01,,,,
2018-11-16,7038.01,7092.44,6968.99,7013.88,,,,
2018-11-19,7013.88,7070.46,6997.83,7000.89,,,,
2018-11-20,7000.89,7010.1,6904.21,6947.92,,,,
2018-11-21,6947.92,7058.56,6947.92,7050.23,,,,
2018-11-22,7050.23,7050.43,6944.95,6960.32,,,,
2018-11-23,6960.32,6987.53,6912.3,6952.86,,,,
2018-11-26,6952.86,7050.96,6952.86,7036,,,,
2018-11-27,7036,7043.7,6983.98,7016.85,,,,
2018-11-28,7016.85,7057.03,6987.25,7004.52,,,,
2018-11-29,7004.52,7078.37,7004.52,7038.95,,,,
2018-11-30,7038.95,7042.07,6965.6,6980.24,,,,
2018-12-03,6980.24,7145.49,6980.24,7062.41,,,,
2018-12-04,7062.41,7095.01,7002.71,7022.76,,,,
2018-12-05,7022.76,7028.65,6921.84,6921.84,,,,
2018-12-06,6921.84,6921.84,6673.57,6704.05,,,,
2018-12-07,6704.05,6868.27,6704.05,6778.11,,,,
2018-12-10,6778.11,6815.84,6719.17,6721.54,,,,
2018-12-11,6721.54,6857.58,6721.54,6806.94,,,,
2018-12-12,6806.94,6902.19,6806.94,6880.19,,,,
2018-12-13,6880.19,6908.48,6848.98,6877.5,,,,
2018-12-14,6877.5,6877.5,6788.65,6845.17,,,,
2018-12-17,6845.17,6845.17,6761.38,6773.24,,,,
2018-12-18,6773.24,6773.24,6701.59,6701.59,,,,
2018-12-19,6701.59,6785.16,6698.15,6765.94,,,,
2018-12-20,6765.94,6765.94,6646.45,6711.93,,,,
2018-12-21,6711.93,6733,6653.65,6721.17,,,,
2018-12-24,6721.17,6721.17,6661.04,6685.99,,,,
2018-12-27,6685.99,6728.49,6536.53,6584.68,,,,
2018-12-28,6584.68,6742.48,6584.68,6733.97,,,,
2018-12-31,6733.97,6752.54,6718.32,6728.13,,,,
2019-01-02,6728.13,6753.29,6599.48,6734.23,,,,
2019-01-03,6734.23,6753.14,6685.09,6692.66,,,,
2019-01-04,6692.66,6850.37,6692.5,6837.42,,,,
2019-01-07,6837.42,6874.11,6778.01,6810.88,,,,
2019-01-08,6810.88,6901.48,6804.89,6861.6,,,,
2019-01-09,6861.6,6938.31,6861.6,6906.63,,,,
2019-01-10,6906.63,6948.18,6860.82,6942.87,,,,
2019-01-11,6942.87,7001.94,6902.65,6918.18,,,,
2019-01-14,6918.18,6918.21,6841.74,6855.02,,,,
2019-01-15,6855.02,6910.45,6849.63,6895.02,,,,
2019-01-16,6895.02,6912.44,6848.57,6862.68,,,,
2019-01-17,6862.68,6862.68,6799.03,6834.92,,,,
2019-01-18,6834.92,6984.36,6834.92,6968.33,,,,
2019-01-21,6968.33,6987.93,6954.52,6970.59,,,,
2019-01-22,6970.59,6970.59,6880.69,6901.39,,,,
2019-01-23,6901.39,6901.63,6834.3,6842.88,,,,
2019-01-24,6842.88,6854.59,6802.03,6818.95,,,,
2019-01-25,6818.95,6858.19,6806.77,6809.22,,,,
2019-01-28,6809.22,6812.53,6734,6747.1,,,,
2019-01-29,6747.1,6860.34,6747.1,6833.93,,,,
2019-01-30,6833.93,6967.7,6833.93,6941.63,,,,
2019-01-31,6941.63,6994.88,6941.09,6968.85,,,,
2019-02-01,6968.85,7024.45,6968.85,7020.22,,,,
2019-02-04,7020.22,7046.58,7002.42,7034.13,,,,
2019-02-05,7034.13,7180.71,7033.57,7177.37,,,,
2019-02-06,7177.37,7184.22,7146.65,7173.09,,,,
2019-02-07,7173.09,7187.51,7093.58,7093.58,,,,
2019-02-08,7093.58,7115.83,7064.9,7071.18,,,,
2019-02-11,7071.18,7149.23,7071.18,7129.11,,,,
2019-02-12,7129.11,7168.61,7121.72,7133.14,,,,
2019-02-13,7133.14,7205.07,7133.14,7190.84,,,,
2019-02-14,7190.84,7232.83,7183.01,7197.01,,,,
2019-02-15,7197.01,7261.63,7185.23,7236.68,,,,
2019-02-18,7236.68,7242.09,7209.7,7219.47,,,,
2019-02-19,7219.47,7219.53,7162.8,7179.17,,,,
2019-02-20,7179.17,7234.16,7177.95,7228.62,,,,
2019-02-21,7228.62,7228.78,7141.85,7167.39,,,,
2019-02-22,7167.39,7220.52,7162.37,7178.6,,,,
2019-02-25,7178.6,7210.7,7158.19,7183.74,,,,
2019-02-26,7183.74,7183.79,7091.59,7151.12,,,,
2019-02-27,7151.12,7151.12,7082.62,7107.2,,,,
2019-02-28,7107.2,7107.2,7041.03,7074.73,,,,
2019-03-01,7074.73,7129.72,7074.73,7106.73,,,,
2019-03-04,7106.73,7166.19,7106.73,7134.39,,,,
2019-03-05,7134.39,7191.65,7127.18,7183.43,,,,
2019-03-06,7183.43,7211.83,7170.25,7196,,,,
2019-03-07,7196,7196,7126.57,7157.55,,,,
2019-03-08,7157.55,7157.55,7077.93,7104.31,,,,
2019-03-11,7104.31,7181.61,7104.31,7130.62,,,,
2019-03-12,7130.62,7166.55,7083.22,7151.15,,,,
2019-03-13,7151.15,7181.85,7128.71,7159.19,,,,
2019-03-14,7159.19,7215.45,7148.08,7185.43,,,,
2019-03-15,7185.43,7243.8,7185.43,7228.28,,,,
2019-03-18,7228.28,7299.19,7228.19,7299.19,,,,
2019-03-19,7299.19,7350.1,7294.5,7324,,,,
2019-03-20,7324,7341.57,7291.01,7291.01,,,,
2019-03-21,7291.01,7370.61,7290.62,7355.31,,,,
2019-03-22,7355.31,7356.37,7192.76,7207.59,,,,
2019-03-25,7207.59,7208.09,7146.83,7177.58,,,,
2019-03-26,7177.58,7221.02,7169.37,7196.29,,,,
2019-03-27,7196.29,7222.64,7160.14,7194.19,,,,
2019-03-28,7194.19,7265.47,7190.87,7234.33,,,,
2019-03-29,7234.33,7287.72,7223.3,7279.19,,,,
2019-04-01,7279.19,7352.15,7279.19,7317.38,,,,
2019-04-02,7317.38,7403.56,7316.81,7391.12,,,,
2019-04-03,7391.12,7418.31,7380.93,7418.28,,,,
2019-04-04,7418.28,7418.43,7367.44,7401.94,,,,
2019-04-05,7401.94,7461.39,7400.79,7446.87,,,,
2019-04-08,7446.87,7459.93,7420.41,7451.89,,,,
2019-04-09,7451.89,7477.62,7413.27,7425.57,,,,
2019-04-10,7425.57,7441.36,7409.39,7421.91,,,,
2019-04-11,7421.91,7441.89,7383.47,7417.95,,,,
2019-04-12,7417.95,7454.78,7415,7437.06,,,,
2019-04-15,7437.06,7447.08,7420.27,7436.87,,,,
2019-04-16,7436.87,7485.93,7436.87,7469.92,,,,
2019-04-17,7469.92,7478.95,7445.12,7471.32,,,,
2019-04-18,7471.32,7475.91,7437.87,7459.88,,,,
2019-04-23,7459.88,7528.93,7459.88,7523.07,,,,
2019-04-24,7523.07,7523.79,7456.74,7471.75,,,,
2019-04-25,7471.75,7473.32,7405.99,7434.13,,,,
2019-04-26,7434.13,7442.21,7398.57,7428.19,,,,
2019-04-29,7428.19,7456.49,7406.53,7440.66,,,,
2019-04-30,7440.66,7451.32,7394.07,7418.22,,,,
2019-05-01,7418.22,7446.46,7379.65,7385.26,,,,
2019-05-02,7385.26,7393.94,7339.45,7351.31,,,,
2019-05-03,7351.31,7418.17,7350.01,7380.64,,,,
2019-05-07,7380.64,7380.64,7251.03,7260.47,,,,
2019-05-08,7260.47,7278.26,7222.88,7271,,,,
2019-05-09,7271,7271,7192.18,7207.41,,,,
2019-05-10,7207.41,7268.17,7189.88,7203.29,,,,
2019-05-13,7203.29,7217.12,7150.89,7163.68,,,,
2019-05-14,7163.68,7241.6,7163.68,7241.6,,,,
2019-05-15,7241.6,7303.73,7223.08,7296.95,,,,
2019-05-16,7296.95,7353.51,7265.77,7353.51,,,,
2019-05-17,7353.51,7354.22,7307.33,7348.62,,,,
2019-05-20,7348.62,7360.34,7268.63,7310.88,,,,
2019-05-21,7310.88,7370.02,7310.88,7328.92,,,,
2019-05-22,7328.92,7373.27,7313.55,7334.19,,,,
2019-05-23,7334.19,7334.19,7211.33,7231.04,,,,
2019-05-24,7231.04,7303.04,7231.01,7277.73,,,,
2019-05-28,7277.73,7314.85,7262.8,7268.95,,,,
2019-05-29,7268.95,7268.95,7151.37,7185.3,,,,
2019-05-30,7185.3,7236.68,7180.57,7218.16,,,,
2019-05-31,7218.16,7218.16,7130.85,7161.71,,,,
2019-06-03,7161.71,7186.71,7079.71,7184.8,,,,
2019-06-04,7184.8,7223.96,7138.14,7214.29,,,,
2019-06-05,7216.74,7259.24,7201.36,7220.22,,,,
2019-06-06,7220.22,7275.66,7218.67,7259.85,,,,
2019-06-07,7259.85,7347.41,7258.16,7331.94,,,,
2019-06-10,7331.94,7380.14,7331.94,7375.54,,,,
2019-06-11,7375.54,7420.73,7375.54,7398.45,,,,
2019-06-12,7398.45,7398.45,7329.26,7367.62,,,,
2019-06-13,7367.62,7398.61,7350.98,7368.57,,,,
2019-06-14,7368.57,7368.8,7316.44,7345.78,,,,
2019-06-17,7345.78,7370.7,7324.54,7357.31,,,,
2019-06-18,7357.31,7469.19,7345.55,7443.04,,,,
2019-06-19,7443.04,7454.93,7399.17,7403.54,,,,
2019-06-20,7403.54,7460.83,7403.54,7424.44,,,,
2019-06-21,7424.44,7456.79,7382.94,7407.5,,,,
2019-06-24,7407.5,7435.54,7399.56,7416.69,,,,
2019-06-25,7416.69,7429.72,7373.22,7422.43,,,,
2019-06-26,7422.43,7435.9,7405.54,7416.39,,,,
2019-06-27,7416.39,7439.43,7375.51,7402.33,,,,
2019-06-28,7402.33,7436.18,7398.92,7425.63,,,,
2019-07-01,7425.63,7530.24,7425.63,7497.5,,,,
2019-07-02,7497.5,7565.27,7497.5,7559.19,,,,
2019-07-03,7559.19,7621.02,7558.47,7609.32,,,,
2019-07-04,7609.32,7622.58,7601.33,7603.58,,,,
2019-07-05,7603.58,7603.61,7541.86,7553.14,,,,
2019-07-08,7553.14,7571.34,7538.67,7549.27,,,,
2019-07-09,7549.27,7553.3,7517.94,7536.47,,,,
2019-07-10,7536.47,7559.12,7515.61,7530.69,,,,
2019-07-11,7530.69,7558.34,7501.66,7509.82,,,,
2019-07-12,7509.82,7537.1,7493.8,7505.97,,,,
2019-07-15,7505.97,7548.33,7487.44,7531.72,,,,
2019-07-16,7531.72,7590.07,7524.52,7577.2,,,,
2019-07-17,7577.2,7577.2,7519.22,7535.46,,,,
2019-07-18,7535.46,7535.46,7482.6,7493.09,,,,
2019-07-19,7493.09,7546.65,7475.49,7508.7,,,,
2019-07-22,7508.7,7549.71,7491.79,7514.93,,,,
2019-07-23,7514.93,7598.6,7514.93,7556.86,,,,
2019-07-24,7556.86,7558.01,7479.07,7501.46,,,,
2019-07-25,7501.46,7542.64,7462.73,7489.05,,,,
2019-07-26,7489.05,7553.55,7486.74,7549.06,,,,
2019-07-29,7549.06,7711.34,7548.86,7686.61,,,,
2019-07-30,7686.61,7727.49,7643.65,7646.77,,,,
2019-07-31,7646.77,7648.2,7576.12,7586.78,,,,
2019-08-01,7586.78,7609.98,7535.9,7584.87,,,,
2019-08-02,7584.87,7585.24,7397.91,7407.06,,,,
2019-08-05,7407.06,7407.06,7200.54,7223.85,,,,
2019-08-06,7223.85,7241.57,7166.98,7171.69,,,,
2019-08-07,7171.69,7237.88,7153.89,7198.7,,,,
2019-08-08,7198.7,7285.9,7191.25,7285.9,,,,
2019-08-09,7285.9,7297.28,7237.13,7253.85,,,,
2019-08-12,7253.85,7305.56,7207.46,7226.72,,,,
2019-08-13,7226.72,7281.14,7166.86,7250.9,,,,
2019-08-14,7250.9,7268.73,7112.05,7147.88,,,,
2019-08-15,7147.88,7148.75,7020.22,7067.01,,,,
2019-08-16,7067.01,7125.9,7067.01,7117.15,,,,
2019-08-19,7117.15,7214.23,7117.15,7189.65,,,,
2019-08-20,7189.65,7231.65,7121.24,7125,,,,
2019-08-21,7125,7215.53,7122.12,7203.97,,,,
2019-08-22,7203.97,7203.97,7103.67,7128.18,,,,
2019-08-23,7128.18,7188.59,7094.98,7094.98,,,,
2019-08-27,7094.98,7110.76,7044.73,7089.58,,,,
2019-08-28,7089.58,7131.21,7050,7114.71,,,,
2019-08-29,7114.71,7199.2,7103.12,7184.32,,,,
2019-08-30,7184.32,7240.37,7179.7,7207.18,,,,
2019-09-02,7207.18,7315.26,7206.9,7281.94,,,,
2019-09-03,7281.94,7301.47,7239.1,7268.19,,,,
2019-09-04,7268.19,7334.55,7268.19,7311.26,,,,
2019-09-05,7311.26,7330.71,7250.63,7271.17,,,,
2019-09-06,7271.17,7284.11,7244.13,7282.34,,,,
2019-09-09,7282.34,7325.21,7205.98,7235.81,,,,
2019-09-10,7235.81,7270.5,7199.4,7267.95,,,,
2019-09-11,7267.95,7346.71,7267.95,7338.03,,,,
2019-09-12,7338.03,7369.34,7303.17,7344.67,,,,
2019-09-13,7344.67,7380.29,7318.23,7367.46,,,,
2019-09-16,7367.46,7378.32,7321.41,7321.41,,,,
2019-09-17,7321.41,7350.24,7292.23,7320.4,,,,
2019-09-18,7320.4,7350.52,7300.37,7314.05,,,,
2019-09-19,7314.05,7373.08,7290.69,7356.42,,,,
2019-09-20,7356.42,7376.31,7322.01,7344.92,,,,
2019-09-23,7344.92,7362.3,7284.75,7326.08,,,,
2019-09-24,7326.08,7348.97,7281.91,7291.43,,,,
2019-09-25,7291.43,7292,7212.96,7289.99,,,,
2019-09-26,7289.99,7387.09,7277.15,7351.08,,,,
2019-09-27,7351.08,7440.77,7351,7426.21,,,,
2019-09-30,7426.21,7439.62,7402.2,7408.21,,,,
2019-10-01,7408.21,7433.24,7352.83,7360.32,,,,
2019-10-02,7360.32,7360.32,7119.72,7122.54,,,,
2019-10-03,7122.54,7129.02,7004.43,7077.64,,,,
2019-10-04,7077.64,7157.75,7077.4,7155.38,,,,
2019-10-07,7155.38,7206.89,7132.98,7197.88,,,,
2019-10-08,7197.88,7223.86,7143.15,7143.15,,,,
2019-10-09,7143.15,7196.41,7139.9,7166.5,,,,
2019-10-10,7166.5,7212.9,7130.52,7186.36,,,,
2019-10-11,7186.36,7250.09,7144.66,7247.08,,,,
2019-10-14,7247.08,7251.8,7194.21,7213.45,,,,
2019-10-15,7213.45,7242.37,7176.67,7211.64,,,,
2019-10-16,7211.64,7217.63,7149.84,7167.95,,,,
2019-10-17,7167.95,7237.78,7162.04,7182.32,,,,
2019-10-18,7182.32,7197.14,7146.11,7150.57,,,,
2019-10-21,7150.57,7197.53,7139.38,7163.64,,,,
2019-10-22,7163.64,7230.17,7146.69,7212.49,,,,
2019-10-23,7212.49,7265.86,7194.13,7260.74,,,,
2019-10-24,7260.74,7338.87,7255.46,7328.25,,,,
2019-10-25,7328.25,7331.17,7279.78,7324.47,,,,
2019-10-28,7324.47,7346.92,7291.59,7331.28,,,,
2019-10-29,7331.28,7335.73,7264.74,7306.26,,,,
2019-10-30,7306.26,7334.04,7278.18,7330.78,,,,
2019-10-31,7330.78,7335.16,7245.23,7248.38,,,,
2019-11-01,7248.38,7307.18,7248.38,7302.42,,,,
2019-11-04,7302.42,7392.73,7302.42,7369.69,,,,
2019-11-05,7369.69,7402.79,7369.61,7388.08,,,,
2019-11-06,7388.08,7398.78,7363.55,7396.65,,,,
2019-11-07,7396.65,7431.94,7396,7406.41,,,,
2019-11-08,7406.41,7406.83,7349.12,7359.38,,,,
2019-11-11,7359.38,7359.38,7258.46,7328.54,,,,
2019-11-12,7328.54,7390,7328.18,7365.44,,,,
2019-11-13,7365.44,7365.44,7301.71,7351.21,,,,
2019-11-14,7351.21,7351.28,7292.76,7292.76,,,,
2019-11-15,7292.76,7335.55,7243.15,7302.94,,,,
2019-11-18,7302.94,7335.36,7293.4,7307.7,,,,
2019-11-19,7307.7,7404.47,7307.7,7323.8,,,,
2019-11-20,7323.8,7323.8,7219.11,7262.49,,,,
2019-11-21,7262.49,7262.49,7197.33,7238.55,,,,
2019-11-22,7238.55,7343.26,7238.47,7326.81,,,,
2019-11-25,7326.81,7401.78,7326.81,7396.29,,,,
2019-11-26,7396.29,7421.3,7384.96,7403.14,,,,
2019-11-27,7403.14,7446,7400.38,7429.78,,,,
2019-11-28,7429.78,7429.78,7385.32,7416.43,,,,
2019-11-29,7416.43,7421.4,7346.53,7346.53,,,,
2019-12-02,7346.53,7400.27,7277.02,7285.94,,,,
2019-12-03,7285.94,7285.94,7134.93,7158.76,,,,
2019-12-04,7158.76,7190.04,7139.91,7188.5,,,,
2019-12-05,7188.5,7194.78,7131.16,7137.85,,,,
2019-12-06,7137.85,7241.5,7137.85,7239.66,,,,
2019-12-09,7239.66,7255.73,7217.8,7233.9,,,,
2019-12-10,7233.9,7234.4,7137.84,7213.76,,,,
2019-12-11,7213.76,7250.67,7195.49,7216.25,,,,
2019-12-12,7216.25,7307.36,7216.08,7273.47,,,,
2019-12-13,7273.47,7429.04,7223.42,7353.44,,,,
2019-12-16,7353.44,7552.65,7353.18,7519.05,,,,
2019-12-17,7519.05,7537.66,7497.15,7525.28,,,,
2019-12-18,7525.28,7557.05,7515.17,7540.75,,,,
2019-12-19,7540.75,7575.9,7526.1,7573.82,,,,
2019-12-20,7573.82,7599.52,7564.59,7582.48,,,,
2019-12-23,7582.48,7628.2,7559.63,7623.59,,,,
2019-12-24,7623.59,7636.16,7608.22,7632.24,,,,
2019-12-27,7632.24,7665.4,7622.46,7644.9,,,,
2019-12-30,7644.9,7644.9,7587.05,7587.05,,,,
2019-12-31,7587.05,7587.41,7532.38,7542.44,,,,
2020-01-02,7542.44,7624.78,7542.44,7604.3,,,,
2020-01-03,7604.3,7626.41,7551,7622.4,,,,
2020-01-06,7622.4,7622.4,7528.08,7575.34,,,,
2020-01-07,7575.34,7604.59,7562.14,7573.85,,,,
2020-01-08,7573.85,7579.48,7524.96,7574.93,,,,
2020-01-09,7574.93,7627.76,7574.93,7598.12,,,,
2020-01-10,7598.12,7631.96,7585.07,7587.85,,,,
2020-01-13,7587.85,7635.77,7582.51,7617.6,,,,
2020-01-14,7617.6,7650.69,7588.81,7622.35,,,,
2020-01-15,7622.35,7642.8,7609.44,7642.8,,,,
2020-01-16,7642.8,7653.58,7595.31,7609.81,,,,
2020-01-17,7609.81,7689.67,7609.81,7674.56,,,,
2020-01-20,7674.56,7682.77,7639.62,7651.44,,,,
2020-01-21,7651.44,7651.44,7550.47,7610.7,,,,
2020-01-22,7610.7,7637.35,7563.52,7571.92,,,,
2020-01-23,7571.92,7572.13,7503.17,7507.67,,,,
2020-01-24,7507.67,7642.21,7507.59,7585.98,,,,
2020-01-27,7585.98,7585.98,7392.83,7412.05,,,,
2020-01-28,7412.05,7491.44,7410.37,7480.69,,,,
2020-01-29,7480.69,7514.73,7462.21,7483.57,,,,
2020-01-30,7483.57,7483.57,7357.62,7381.96,,,,
2020-01-31,7381.96,7398.34,7275.03,7286.01,,,,
2020-02-03,7286.01,7359.98,7285.16,7326.31,,,,
2020-02-04,7326.31,7442.08,7326.31,7439.82,,,,
2020-02-05,7439.82,7512.41,7408.45,7482.48,,,,
2020-02-06,7482.48,7533.57,7482.48,7504.79,,,,
2020-02-07,7504.79,7506.26,7441.14,7466.7,,,,
2020-02-10,7466.7,7466.7,7427.85,7446.88,,,,
2020-02-11,7446.88,7529.54,7446.88,7499.44,,,,
2020-02-12,7499.44,7547.65,7499.01,7534.37,,,,
2020-02-13,7534.37,7534.37,7406.94,7452.03,,,,
2020-02-14,7452.03,7472.85,7403.69,7409.13,,,,
2020-02-17,7409.13,7449.95,7409.13,7433.25,,,,
2020-02-18,7433.25,7433.25,7353.41,7382.01,,,,
2020-02-19,7382.01,7462.01,7382.01,7457.02,,,,
2020-02-20,7457.02,7480.49,7436.64,7436.64,,,,
2020-02-21,7436.64,7436.7,7370.63,7403.92,,,,
2020-02-24,7403.92,7403.92,7114.45,7156.83,,,,
2020-02-25,7156.83,7198.23,7004.94,7017.88,,,,
2020-02-26,7017.88,7044.66,6871.85,7042.47,,,,
2020-02-27,7042.47,7042.47,6729.99,6796.4,,,,
2020-02-28,6796.4,6796.4,6460.08,6580.61,,,,
2020-03-02,6580.61,6775.18,6496.01,6654.89,,,,
2020-03-03,6654.89,6846.28,6654.89,6718.2,,,,
2020-03-04,6718.2,6856.27,6700.23,6815.59,,,,
2020-03-05,6815.59,6834.12,6662.61,6705.43,,,,
2020-03-06,6705.43,6705.43,6431.44,6462.55,,,,
2020-03-09,6462.55,6462.55,5891.56,5965.77,,,,
2020-03-10,5965.77,6231.06,5927.85,5960.23,,,,
2020-03-11,5960.23,6088.5,5860.75,5876.52,,,,
2020-03-12,5876.52,5876.52,5237.48,5237.48,,,,
2020-03-13,5237.48,5696.48,5237.48,5366.11,,,,
2020-03-16,5366.11,5366.11,4898.79,5151.08,,,,
2020-03-17,5151.08,5308.95,4978.84,5294.9,,,,
2020-03-18,5294.9,5294.9,5006.2,5080.58,,,,
2020-03-19,5080.58,5181.04,4942.37,5151.61,,,,
2020-03-20,5151.61,5419.3,5151.61,5190.78,,,,
2020-03-23,5190.78,5194.83,4922.76,4993.89,,,,
2020-03-24,4993.89,5446.01,4993.89,5446.01,,,,
2020-03-25,5446.01,5741.42,5400.47,5688.2,,,,
2020-03-26,5688.2,5815.73,5503.35,5815.73,,,,
2020-03-27,5815.73,5815.73,5407.06,5510.33,,,,
2020-03-30,5510.33,5567.2,5351.84,5563.74,,,,
2020-03-31,5563.74,5702.66,5545.85,5671.96,,,,
2020-04-01,5671.96,5671.96,5414.72,5454.57,,,,
2020-04-02,5454.57,5552.36,5395.07,5480.22,,,,
2020-04-03,5480.22,5486.29,5396.66,5415.5,,,,
2020-04-06,5415.5,5590.58,5415.5,5582.39,,,,
2020-04-07,5582.39,5780.21,5582.39,5704.45,,,,
2020-04-08,5704.45,5704.45,5589.73,5677.73,,,,
2020-04-09,5677.73,5842.66,5677.68,5842.66,,,,
2020-04-14,5842.66,5894.71,5778.98,5791.31,,,,
2020-04-15,5791.31,5791.71,5576.35,5597.65,,,,
2020-04-16,5597.65,5657.63,5577.78,5628.43,,,,
2020-04-17,5628.43,5839.33,5628.43,5786.96,,,,
2020-04-20,5786.96,5823.93,5707.73,5812.83,,,,
2020-04-21,5812.83,5812.83,5641.03,5641.03,,,,
2020-04-22,5641.03,5777.06,5641.03,5770.63,,,,
2020-04-23,5770.63,5843.61,5735.93,5826.61,,,,
2020-04-24,5826.61,5827.24,5728.8,5752.23,,,,
2020-04-27,5752.23,5855.61,5752.23,5846.79,,,,
2020-04-28,5846.79,5977.76,5835.92,5958.5,,,,
2020-04-29,5958.5,6129.6,5950.83,6115.25,,,,
2020-04-30,6115.25,6151.58,5897.91,5901.21,,,,
2020-05-01,5901.21,5901.21,5746.06,5763.06,,,,
2020-05-04,5763.06,5792.85,5702.03,5753.78,,,,
2020-05-05,5753.78,5869.45,5753.78,5849.42,,,,
2020-05-06,5849.42,5897.44,5839.57,5853.76,,,,
2020-05-07,5853.76,5941.86,5853.6,5935.98,,,,
2020-05-11,5935.98,5999.13,5898.32,5939.73,,,,
2020-05-12,5939.73,6012.98,5911.37,5994.77,,,,
2020-05-13,5994.77,5994.77,5893.35,5904.05,,,,
2020-05-14,5904.05,5904.05,5661.14,5741.54,,,,
2020-05-15,5741.54,5837.88,5741.54,5799.77,,,,
2020-05-18,5799.77,6058.17,5799.61,6048.59,,,,
2020-05-19,6048.59,6111.96,5965.1,6002.23,,,,
2020-05-20,6002.23,6074.46,5961.56,6067.16,,,,
2020-05-21,6067.16,6093.74,6004.1,6015.25,,,,
2020-05-22,6015.25,6015.25,5888.58,5993.28,,,,
2020-05-26,5993.28,6130.12,5993.28,6067.76,,,,
2020-05-27,6067.76,6167.96,6067.76,6144.25,,,,
2020-05-28,6144.25,6234.04,6144.25,6218.79,,,,
2020-05-29,6218.79,6218.79,6060.16,6076.6,,,,
2020-06-01,6076.6,6179.34,6076.6,6166.42,,,,
2020-06-02,6166.42,6238.25,6165.05,6220.14,,,,
2020-06-03,6220.14,6394.7,6220.14,6382.41,,,,
2020-06-04,6382.41,6402.57,6314.59,6341.44,,,,
2020-06-05,6341.44,6489.99,6341.44,6484.3,,,,
2020-06-08,6484.3,6511.84,6423.06,6472.59,,,,
2020-06-09,6472.59,6475.01,6325.07,6335.72,,,,
2020-06-10,6335.72,6387.35,6293.83,6329.13,,,,
2020-06-11,6329.13,6329.13,6076.7,6076.7,,,,
2020-06-12,6076.7,6184.29,5993.2,6105.18,,,,
2020-06-15,6105.18,6105.18,5952.44,6064.7,,,,
2020-06-16,6064.7,6299.02,6064.7,6242.79,,,,
2020-06-17,6242.79,6309.74,6233.24,6253.25,,,,
2020-06-18,6253.25,6284.96,6184.88,6224.07,,,,
2020-06-19,6224.07,6319.81,6224.07,6292.6,,,,
2020-06-22,6292.6,6309.04,6225.53,6244.62,,,,
2020-06-23,6244.62,6342.19,6244.62,6320.12,,,,
2020-06-24,6320.12,6320.12,6123.69,6123.69,,,,
2020-06-25,6123.69,6162.44,6029.25,6147.14,,,,
2020-06-26,6147.14,6262.13,6147.14,6159.3,,,,
2020-06-29,6159.3,6251.96,6122.95,6225.77,,,,
2020-06-30,6225.77,6237.51,6146.98,6169.74,,,,
2020-07-01,6169.74,6201.95,6084.48,6157.96,,,,
2020-07-02,6157.96,6258.6,6157.96,6240.36,,,,
2020-07-03,6240.36,6262.71,6137.09,6157.3,,,,
2020-07-06,6157.3,6304.19,6157.3,6285.94,,,,
2020-07-07,6285.94,6285.94,6179.97,6189.9,,,,
2020-07-08,6189.9,6208.43,6144.52,6156.16,,,,
2020-07-09,6156.16,6176.84,6040.26,6049.62,,,,
2020-07-10,6049.62,6108.2,6003.19,6095.41,,,,
2020-07-13,6095.41,6187.33,6095.41,6176.19,,,,
2020-07-14,6176.19,6179.75,6093.23,6179.75,,,,
2020-07-15,6179.75,6323.55,6179.75,6292.65,,,,
2020-07-16,6292.65,6296.78,6227.33,6250.69,,,,
2020-07-17,6250.69,6293.68,6230.01,6290.3,,,,
2020-07-20,6290.3,6297.64,6222.15,6261.52,,,,
2020-07-21,6261.52,6315.68,6253.9,6269.73,,,,
2020-07-22,6269.73,6270.96,6197.45,6207.1,,,,
2020-07-23,6207.1,6273.63,6202.9,6211.44,,,,
2020-07-24,6211.44,6211.44,6099.06,6123.82,,,,
2020-07-27,6123.82,6127.62,6086.64,6104.88,,,,
2020-07-28,6104.88,6149.86,6083.65,6129.26,,,,
2020-07-29,6129.26,6155.06,6116.72,6131.46,,,,
2020-07-30,6131.46,6145.83,5924.7,5989.99,,,,
2020-07-31,5989.99,6046.33,5897.76,5897.76,,,,
2020-08-03,5897.76,6038.76,5857.06,6032.85,,,,
2020-08-04,6032.85,6056.47,5986.77,6036,,,,
2020-08-05,6036,6111.5,6036,6104.72,,,,
2020-08-06,6104.72,6104.72,5980.44,6026.94,,,,
2020-08-07,6026.94,6046.02,5996.73,6032.18,,,,
2020-08-10,6032.18,6099.48,6028.49,6050.59,,,,
2020-08-11,6050.59,6206,6050.59,6154.34,,,,
2020-08-12,6154.34,6297.2,6151.64,6280.12,,,,
2020-08-13,6280.12,6280.12,6185.62,6185.62,,,,
2020-08-14,6185.62,6185.62,6036.13,6090.04,,,,
2020-08-17,6090.04,6140.19,6061.46,6127.44,,,,
2020-08-18,6127.44,6162.66,6062.58,6076.62,,,,
2020-08-19,6076.62,6114.83,6045,6111.98,,,,
2020-08-20,6111.98,6111.98,6009.61,6013.34,,,,
2020-08-21,6013.34,6036.51,5948.8,6001.89,,,,
2020-08-24,6001.89,6119.8,6001.89,6104.73,,,,
2020-08-25,6104.73,6173.48,6032.1,6037.01,,,,
2020-08-26,6037.01,6050.81,5992.22,6045.6,,,,
2020-08-27,6045.6,6062.52,5999.99,5999.99,,,,
2020-08-28,5999.99,6033.04,5962.46,5963.57,,,,
2020-09-01,5963.57,5972.52,5824.04,5862.05,,,,
2020-09-02,5862.05,5974.7,5862.05,5940.95,,,,
2020-09-03,5940.95,5996.24,5838.02,5850.86,,,,
2020-09-04,5850.86,5904.16,5778.4,5799.08,,,,
2020-09-07,5799.08,5946.93,5798.47,5937.4,,,,
2020-09-08,5937.4,5985.26,5868.87,5930.3,,,,
2020-09-09,5930.3,6031.25,5923.43,6012.84,,,,
2020-09-10,6012.84,6028.76,5950.62,6003.32,,,,
2020-09-11,6003.32,6057.69,5992.93,6032.09,,,,
2020-09-14,6032.09,6080.02,6011.83,6026.25,,,,
2020-09-15,6026.25,6123.69,6026.17,6105.54,,,,
2020-09-16,6105.54,6119.24,6057.63,6078.48,,,,
2020-09-17,6078.48,6078.48,5998.69,6049.92,,,,
2020-09-18,6049.92,6055.24,6006.28,6007.05,,,,
2020-09-21,6007.05,6007.05,5779.24,5804.29,,,,
2020-09-22,5804.29,5871.28,5794.54,5829.46,,,,
2020-09-23,5829.46,5974.88,5829.46,5899.26,,,,
2020-09-24,5899.26,5899.26,5805.28,5822.78,,,,
2020-09-25,5822.78,5843.72,5771.49,5842.67,,,,
2020-09-28,5842.67,5954.42,5842.67,5927.93,,,,
2020-09-29,5927.93,5927.93,5862.93,5897.5,,,,
2020-09-30,5897.5,5931.37,5854.46,5866.1,,,,
2020-10-01,5866.1,5925.77,5849.82,5879.45,,,,
2020-10-02,5879.45,5902.12,5809.61,5902.12,,,,
2020-10-05,5902.12,5974.22,5902.12,5942.94,,,,
2020-10-06,5942.94,5971.48,5903.4,5949.94,,,,
2020-10-07,5949.94,5977.15,5929.16,5946.25,,,,
2020-10-08,5946.25,6004.15,5929.41,5978.03,,,,
2020-10-09,5978.03,6040.47,5978.03,6016.65,,,,
2020-10-12,6016.65,6037.08,5995.11,6001.38,,,,
2020-10-13,6001.38,6008.04,5949.97,5969.71,,,,
2020-10-14,5969.71,6009.81,5926.49,5935.06,,,,
2020-10-15,5935.06,5935.06,5786.2,5832.52,,,,
2020-10-16,5832.52,5933.81,5832.52,5919.58,,,,
2020-10-19,5919.58,5959.67,5871.95,5884.65,,,,
2020-10-20,5884.65,5915.47,5861.81,5889.22,,,,
2020-10-21,5889.22,5903.38,5769.62,5776.5,,,,
2020-10-22,5776.5,5796.44,5716.4,5785.65,,,,
2020-10-23,5785.65,5885.38,5781.78,5860.28,,,,
2020-10-26,5860.28,5868.36,5782.37,5792.01,,,,
2020-10-27,5792.01,5806.23,5728.18,5728.99,,,,
2020-10-28,5728.99,5728.99,5525.52,5582.8,,,,
2020-10-29,5582.8,5616.58,5534.66,5581.75,,,,
2020-10-30,5581.75,5593.4,5534.08,5577.27,,,,
2020-11-02,5577.27,5665.3,5554.73,5654.97,,,,
2020-11-03,5654.97,5787.61,5654.97,5786.77,,,,
2020-11-04,5786.77,5885.67,5711.21,5883.26,,,,
2020-11-05,5883.26,5933.05,5881.87,5906.18,,,,
2020-11-06,5906.18,5950.22,5858.48,5910.02,,,,
2020-11-09,5910.02,6258.31,5910.02,6186.29,,,,
2020-11-10,6186.29,6307,6180.47,6296.85,,,,
2020-11-11,6296.85,6397.28,6293.21,6382.1,,,,
2020-11-12,6382.1,6382.1,6295.79,6338.94,,,,
2020-11-13,6338.94,6338.97,6280.4,6316.39,,,,
2020-11-16,6316.39,6463.51,6316.39,6421.29,,,,
2020-11-17,6421.29,6424.53,6308.99,6365.33,,,,
2020-11-18,6365.33,6395.91,6326.74,6385.24,,,,
2020-11-19,6385.24,6385.24,6314.26,6334.35,,,,
2020-11-20,6334.35,6386.7,6324.6,6351.45,,,,
2020-11-23,6351.45,6392.08,6325.24,6333.84,,,,
2020-11-24,6333.84,6432.42,6333.72,6432.17,,,,
2020-11-25,6432.17,6468.73,6375.25,6391.09,,,,
2020-11-26,6391.09,6412.65,6349.53,6362.93,,,,
2020-11-27,6362.93,6375.91,6302.22,6367.58,,,,
2020-11-30,6367.58,6404.02,6266.19,6266.19,,,,
2020-12-01,6266.19,6400.24,6263.6,6384.73,,,,
2020-12-02,6384.73,6468.64,6367.51,6463.39,,,,
2020-12-03,6463.39,6491.49,6430.27,6490.27,,,,
2020-12-04,6490.27,6559.18,6489.75,6550.23,,,,
2020-12-07,6550.23,6601.11,6519.82,6555.39,,,,
2020-12-08,6555.39,6567.59,6518.37,6558.82,,,,
2020-12-09,6558.82,6623.03,6558.82,6564.29,,,,
2020-12-10,6564.29,6640.74,6561.11,6599.76,,,,
2020-12-11,6599.76,6607.44,6520.54,6546.75,,,,
2020-12-14,6546.75,6583.7,6524.7,6531.83,,,,
2020-12-15,6531.83,6558.24,6484.04,6513.32,,,,
2020-12-16,6513.32,6598.42,6513.32,6570.91,,,,
2020-12-17,6570.91,6601.63,6551.06,6551.06,,,,
2020-12-18,6551.06,6604.54,6518.25,6529.18,,,,
2020-12-21,6529.18,6529.18,6315.34,6416.32,,,,
2020-12-22,6416.32,6457.47,6382.61,6453.16,,,,
2020-12-23,6453.16,6497.28,6431.21,6495.75,,,,
2020-12-24,6495.75,6530.28,6479.59,6502.11,,,,
2020-12-29,6502.11,6676.6,6502.11,6602.65,,,,
2020-12-30,6602.65,6622.98,6552.46,6555.82,,,,
2020-12-31,6555.82,6555.82,6439.41,6460.52,,,,
2021-01-04,6460.52,6662.66,6460.52,6571.88,,,,
2021-01-05,6571.88,6622.77,6544.25,6612.25,,,,
2021-01-06,6612.25,6859.14,6611.87,6841.86,,,,
2021-01-07,6841.86,6903.61,6795.11,6856.96,,,,
2021-01-08,6856.96,6886.34,6836.08,6873.26,,,,
2021-01-11,6873.26,6873.26,6768.72,6798.48,,,,
2021-01-12,6798.48,6816.65,6738.21,6754.11,,,,
2021-01-13,6754.11,6772.57,6736.01,6745.52,,,,
2021-01-14,6745.52,6801.96,6736.78,6801.96,,,,
2021-01-15,6801.96,6802.05,6676.55,6735.71,,,,
2021-01-18,6735.71,6741.47,6709.33,6720.65,,,,
2021-01-19,6720.65,6770.66,6697.67,6712.95,,,,
2021-01-20,6712.95,6751.81,6697.46,6740.39,,,,
2021-01-21,6740.39,6776.92,6715.42,6715.42,,,,
2021-01-22,6715.42,6715.66,6651.71,6695.07,,,,
2021-01-25,6695.07,6714.61,6610.26,6638.85,,,,
2021-01-26,6638.85,6702.35,6636.34,6654.01,,,,
2021-01-27,6654.01,6661.31,6505.84,6567.37,,,,
2021-01-28,6567.37,6567.37,6439.55,6526.15,,,,
2021-01-29,6526.15,6526.15,6397.24,6407.46,,,,
2021-02-01,6407.46,6495.56,6407.46,6466.42,,,,
2021-02-02,6466.42,6523.51,6466.42,6516.65,,,,
2021-02-03,6516.65,6573.1,6489.51,6507.82,,,,
2021-02-04,6507.82,6553.37,6478.15,6503.72,,,,
2021-02-05,6503.72,6518.65,6457.6,6489.33,,,,
2021-02-08,6489.33,6567.7,6489.33,6523.53,,,,
2021-02-09,6523.53,6540.97,6501.02,6531.56,,,,
2021-02-10,6531.56,6577,6481.02,6524.36,,,,
2021-02-11,6524.36,6554.15,6514.92,6528.72,,,,
2021-02-12,6528.72,6589.79,6485.13,6589.79,,,,
2021-02-15,6589.79,6775.37,6589.79,6756.11,,,,
2021-02-16,6756.11,6799.92,6736.85,6748.86,,,,
2021-02-17,6748.86,6760.29,6701.59,6710.9,,,,
2021-02-18,6710.9,6721.76,6591.43,6617.15,,,,
2021-02-19,6617.15,6646.16,6600.59,6624.02,,,,
2021-02-22,6624.02,6624.71,6545.93,6612.24,,,,
2021-02-23,6612.24,6675.42,6555.88,6625.94,,,,
2021-02-24,6625.94,6669.86,6572.28,6658.97,,,,
2021-02-25,6658.97,6702.88,6644.68,6651.96,,,,
2021-02-26,6651.96,6651.96,6465.57,6483.43,,,,
2021-03-01,6483.43,6612.74,6483.43,6588.53,,,,
2021-03-02,6588.53,6660.82,6560.91,6613.75,,,,
2021-03-03,6613.75,6705.3,6613.75,6675.47,,,,
2021-03-04,6675.47,6675.47,6581.19,6650.88,,,,
2021-03-05,6650.88,6710.8,6560.79,6630.52,,,,
2021-03-08,6630.52,6726.4,6612.74,6719.13,,,,
2021-03-09,6719.13,6786.8,6689.9,6730.34,,,,
2021-03-10,6730.34,6740.77,6677.02,6725.6,,,,
2021-03-11,6725.6,6755.32,6699.34,6736.96,,,,
2021-03-12,6736.96,6766.44,6709,6761.47,,,,
2021-03-15,6761.47,6804.91,6723.67,6749.7,,,,
2021-03-16,6749.7,6812.78,6749.64,6803.61,,,,
2021-03-17,6803.61,6805.73,6753.82,6762.67,,,,
2021-03-18,6762.67,6791.76,6740.53,6779.68,,,,
2021-03-19,6779.68,6779.68,6664.56,6708.71,,,,
2021-03-22,6708.71,6732.67,6650.96,6726.1,,,,
2021-03-23,6726.1,6726.1,6664.76,6699.19,,,,
2021-03-24,6699.19,6722.61,6649.37,6712.89,,,,
2021-03-25,6712.89,6729.92,6618.61,6674.83,,,,
2021-03-26,6674.83,6742.14,6674.83,6740.59,,,,
2021-03-29,6740.59,6758.78,6705.42,6736.17,,,,
2021-03-30,6736.17,6792.23,6729.46,6772.12,,,,
2021-03-31,6772.12,6775.67,6713.63,6713.63,,,,
2021-04-01,6713.63,6766.52,6713.63,6737.3,,,,
2021-04-06,6737.3,6843.73,6737.3,6823.55,,,,
2021-04-07,6823.55,6898.38,6823.55,6885.32,,,,
2021-04-08,6885.32,6942.22,6884.79,6942.22,,,,
2021-04-09,6942.22,6949.56,6906.37,6915.75,,,,
2021-04-12,6915.75,6916.08,6853.75,6889.12,,,,
2021-04-13,6889.12,6895.13,6859.72,6890.49,,,,
2021-04-14,6890.49,6942.33,6880.67,6939.58,,,,
2021-04-15,6939.58,6994.9,6939.26,6983.5,,,,
2021-04-16,6983.5,7037.65,6983.5,7019.53,,,,
2021-04-19,7019.53,7040.26,6979.23,7000.08,,,,
2021-04-20,7000.08,7001.27,6857.07,6859.87,,,,
2021-04-21,6859.87,6914.88,6859.61,6895.29,,,,
2021-04-22,6895.29,6941.11,6889.32,6938.24,,,,
2021-04-23,6938.24,6938.56,6891.75,6938.56,,,,
2021-04-26,6938.56,6971.52,6913.39,6963.12,,,,
2021-04-27,6963.12,6975.07,6929.77,6944.97,,,,
2021-04-28,6944.97,6986.7,6944.06,6963.67,,,,
2021-04-29,6963.67,7019.76,6953.87,6961.48,,,,
2021-04-30,6961.48,7009.47,6946.04,6969.81,,,,
2021-05-04,6969.81,7034.26,6912.28,6923.17,,,,
2021-05-05,6923.17,7047.75,6923.17,7039.3,,,,
2021-05-06,7039.3,7076.17,7026.75,7076.17,,,,
2021-05-07,7076.17,7143.46,7076.17,7129.71,,,,
2021-05-10,7129.71,7164.18,7104.4,7123.68,,,,
2021-05-11,7123.68,7123.68,6912.36,6947.99,,,,
2021-05-12,6947.99,7028.1,6945.33,7004.63,,,,
2021-05-13,7004.63,7004.63,6823.6,6963.33,,,,
2021-05-14,6963.33,7048.67,6963.33,7043.61,,,,
2021-05-17,7043.61,7066.76,6989.11,7032.85,,,,
2021-05-18,7032.85,7102.57,7030.37,7034.24,,,,
2021-05-19,7034.24,7034.24,6897.06,6950.2,,,,
2021-05-20,6950.2,7019.79,6926.85,7019.79,,,,
2021-05-21,7019.79,7028.17,6973.31,7018.05,,,,
2021-05-24,7018.05,7054.63,7013.51,7051.59,,,,
2021-05-25,7051.59,7067.6,7029.79,7029.79,,,,
2021-05-26,7029.79,7050.88,6998.19,7026.93,,,,
2021-05-27,7026.93,7044.01,7008.53,7019.67,,,,
2021-05-28,7019.67,7054.91,7019.58,7022.61,,,,
2021-06-01,7022.61,7118.03,7022.61,7080.46,,,,
2021-06-02,7080.46,7122.54,7074.06,7108,,,,
2021-06-03,7108,7108.04,7013.85,7064.35,,,,
2021-06-04,7064.35,7071.81,7039.74,7069.04,,,,
2021-06-07,7069.04,7098.31,7042.19,7077.22,,,,
2021-06-08,7077.22,7120.73,7074.94,7095.09,,,,
2021-06-09,7095.09,7095.72,7046.02,7081.01,,,,
2021-06-10,7081.01,7117.74,7080.02,7088.18,,,,
2021-06-11,7088.18,7140.7,7088.18,7134.06,,,,
2021-06-14,7134.06,7188.26,7131.79,7146.68,,,,
2021-06-15,7146.68,7189.63,7142.71,7172.48,,,,
2021-06-16,7172.48,7217.54,7169.21,7184.95,,,,
2021-06-17,7184.95,7184.95,7132.96,7153.43,,,,
2021-06-18,7153.43,7154.63,7008.74,7017.47,,,,
2021-06-21,7017.47,7065.05,6948.63,7062.29,,,,
2021-06-22,7062.29,7098.67,7061.13,7090.01,,,,
2021-06-23,7090.01,7129.4,7074.06,7074.06,,,,
2021-06-24,7074.06,7119.41,7070.9,7109.97,,,,
2021-06-25,7109.97,7139.08,7109.79,7136.07,,,,
2021-06-28,7136.07,7136.22,7071.95,7072.97,,,,
2021-06-29,7072.97,7120.77,7071.86,7087.55,,,,
2021-06-30,7087.55,7100.71,7010.57,7037.47,,,,
2021-07-01,7037.47,7134.21,7037.47,7125.16,,,,
2021-07-02,7125.16,7162.16,7110.3,7123.27,,,,
2021-07-05,7123.27,7168.03,7111.51,7164.91,,,,
2021-07-06,7164.91,7170.6,7075.73,7100.88,,,,
2021-07-07,7100.88,7153.68,7100.88,7151.02,,,,
2021-07-08,7151.02,7151.02,6981.57,7030.66,,,,
2021-07-09,7030.66,7121.88,7030.22,7121.88,,,,
2021-07-12,7121.88,7134.87,7066.2,7125.42,,,,
2021-07-13,7125.42,7152.44,7116.26,7124.72,,,,
2021-07-14,7124.72,7124.72,7073.59,7091.19,,,,
2021-07-15,7091.19,7111.77,7005.02,7012.02,,,,
2021-07-16,7012.02,7056.73,6978.06,7008.09,,,,
2021-07-19,7008.09,7008.09,6813.03,6844.39,,,,
2021-07-20,6844.39,6929.89,6827.26,6881.13,,,,
2021-07-21,6881.13,7007.75,6881.13,6998.28,,,,
2021-07-22,6998.28,7018.95,6956.24,6968.3,,,,
2021-07-23,6968.3,7033.27,6968.3,7027.58,,,,
2021-07-26,7027.58,7038.65,6980.67,7025.43,,,,
2021-07-27,7025.43,7028.37,6929.64,6996.08,,,,
2021-07-28,6996.08,7023.35,6974.8,7016.63,,,,
2021-07-29,7016.63,7093.93,7008.65,7078.42,,,,
2021-07-30,7078.42,7078.42,6996.93,7032.3,,,,
2021-08-02,7032.3,7111.66,7032.3,7081.72,,,,
2021-08-03,7081.72,7119.19,7074.32,7105.72,,,,
2021-08-04,7105.72,7142.54,7105.72,7123.86,,,,
2021-08-05,7123.86,7130.35,7099.03,7120.43,,,,
2021-08-06,7120.43,7135.39,7103.71,7122.95,,,,
2021-08-09,7122.95,7138.8,7089.74,7132.3,,,,
2021-08-10,7132.3,7166.67,7115.87,7161.04,,,,
2021-08-11,7161.04,7220.14,7157.74,7220.14,,,,
2021-08-12,7220.14,7220.7,7182.92,7193.23,,,,
2021-08-13,7193.23,7224.46,7193.13,7218.71,,,,
2021-08-16,7218.71,7218.71,7117.78,7153.98,,,,
2021-08-17,7153.98,7188.55,7118.67,7181.11,,,,
2021-08-18,7181.11,7198.79,7143.55,7169.32,,,,
2021-08-19,7169.32,7169.32,6993.06,7058.86,,,,
2021-08-20,7058.86,7095.61,7032.45,7087.9,,,,
2021-08-23,7087.9,7147.8,7087.9,7109.02,,,,
2021-08-24,7109.02,7129.66,7076.06,7125.78,,,,
2021-08-25,7125.78,7151.75,7121.29,7150.12,,,,
2021-08-26,7150.12,7150.12,7095.43,7124.98,,,,
2021-08-27,7124.98,7157.6,7108.53,7148.01,,,,
2021-08-31,7148.01,7160.49,7092.03,7119.7,,,,
2021-09-01,7119.7,7187.34,7119.7,7149.84,,,,
2021-09-02,7149.84,7168.78,7129.71,7163.9,,,,
2021-09-03,7163.9,7182.23,7123.87,7138.35,,,,
2021-09-06,7138.35,7195.62,7138.35,7187.18,,,,
2021-09-07,7187.18,7187.18,7147.94,7149.37,,,,
2021-09-08,7149.37,7149.37,7061.13,7095.53,,,,
2021-09-09,7095.53,7095.53,6998.62,7024.21,,,,
2021-09-10,7024.21,7055.22,7014.42,7029.2,,,,
2021-09-13,7029.2,7090.81,7029.2,7068.43,,,,
2021-09-14,7068.43,7068.45,7020.1,7034.06,,,,
2021-09-15,7034.06,7047.27,7016.49,7016.49,,,,
2021-09-16,7016.49,7058.99,7016.32,7027.48,,,,
2021-09-17,7027.48,7092.69,6941.69,6963.64,,,,
2021-09-20,6963.64,6963.64,6828.28,6903.91,,,,
2021-09-21,6903.91,7004.88,6903.91,6980.98,,,,
2021-09-22,6980.98,7090.48,6980.98,7083.37,,,,
2021-09-23,7083.37,7131.43,7070.68,7078.35,,,,
2021-09-24,7078.35,7080.23,7041.34,7051.48,,,,
2021-09-27,7051.48,7122.09,7043.21,7063.4,,,,
2021-09-28,7063.4,7071.36,7015.58,7028.1,,,,
2021-09-29,7028.1,7117.52,7026.85,7108.16,,,,
2021-09-30,7108.16,7159.61,7072.57,7086.42,,,,
2021-10-01,7086.42,7086.42,6989.64,7027.07,,,,
2021-10-04,7027.07,7072.48,7002.72,7011.01,,,,
2021-10-05,7011.01,7084.52,7011.01,7077.1,,,,
2021-10-06,7077.1,7077.1,6945.5,6995.87,,,,
2021-10-07,6995.87,7094.93,6995.87,7078.04,,,,
2021-10-08,7078.04,7109.34,7070.53,7095.55,,,,
2021-10-11,7095.55,7146.85,7085.85,7146.85,,,,
2021-10-12,7146.85,7146.85,7063.43,7130.23,,,,
2021-10-13,7130.23,7152.87,7087.93,7141.82,,,,
2021-10-14,7141.82,7216.15,7141.82,7207.71,,,,
2021-10-15,7207.71,7243.85,7206.26,7234.03,,,,
2021-10-18,7234.03,7234.03,7180.2,7203.83,,,,
2021-10-19,7203.83,7223.29,7189.5,7217.53,,,,
2021-10-20,7217.53,7229.26,7199.29,7223.1,,,,
2021-10-21,7223.1,7227.06,7181.7,7190.3,,,,
2021-10-22,7190.3,7235.19,7190.3,7204.55,,,,
2021-10-25,7204.55,7247.53,7204.55,7222.82,,,,
2021-10-26,7222.82,7281.17,7222.82,7277.62,,,,
2021-10-27,7277.62,7280.45,7247.25,7253.27,,,,
2021-10-28,7253.27,7257.85,7219.71,7249.47,,,,
2021-10-29,7249.47,7249.47,7192.05,7237.57,,,,
2021-11-01,7237.57,7303.39,7237.57,7288.62,,,,
2021-11-02,7288.62,7288.62,7240.02,7274.81,,,,
2021-11-03,7274.81,7277.64,7235.32,7248.89,,,,
2021-11-04,7248.89,7292.96,7247.59,7279.91,,,,
2021-11-05,7279.91,7331.25,7270.03,7303.96,,,,
2021-11-08,7303.96,7316.54,7293.5,7300.4,,,,
2021-11-09,7300.4,7314.13,7268.79,7274.04,,,,
2021-11-10,7274.04,7340.15,7270.11,7340.15,,,,
2021-11-11,7340.15,7394.41,7329.68,7384.18,,,,
2021-11-12,7384.18,7402.68,7340.49,7347.91,,,,
2021-11-15,7347.91,7363.48,7324.11,7351.86,,,,
2021-11-16,7351.86,7368.25,7324.13,7326.97,,,,
2021-11-17,7326.97,7326.97,7289.98,7291.2,,,,
2021-11-18,7291.2,7291.26,7241.99,7255.96,,,,
2021-11-19,7255.96,7289.51,7198.76,7223.57,,,,
2021-11-22,7223.57,7272.63,7207.81,7255.46,,,,
2021-11-23,7255.46,7293.07,7204.37,7266.69,,,,
2021-11-24,7266.69,7307.89,7245.98,7286.32,,,,
2021-11-25,7286.32,7311.94,7286.32,7310.37,,,,
2021-11-26,7310.37,7310.37,7042.12,7044.03,,,,
2021-11-29,7044.03,7161.91,7044.03,7109.95,,,,
2021-11-30,7109.95,7109.95,6989.66,7059.45,,,,
2021-12-01,7059.45,7182.01,7059.35,7168.68,,,,
2021-12-02,7168.68,7168.68,7083.21,7129.21,,,,
2021-12-03,7129.21,7196.05,7105.29,7122.32,,,,
2021-12-06,7122.32,7246.25,7122.32,7232.28,,,,
2021-12-07,7232.28,7344.69,7232.28,7339.9,,,,
2021-12-08,7339.9,7378.92,7333.56,7337.05,,,,
2021-12-09,7337.05,7366.1,7302.96,7321.26,,,,
2021-12-10,7321.26,7331.58,7284.82,7291.78,,,,
2021-12-13,7291.78,7309.23,7226.63,7231.44,,,,
2021-12-14,7231.44,7284.47,7218.64,7218.64,,,,
2021-12-15,7218.64,7224.85,7166.83,7170.75,,,,
2021-12-16,7170.75,7273.34,7170.75,7260.61,,,,
2021-12-17,7260.61,7286.5,7236.17,7269.92,,,,
2021-12-20,7269.92,7269.92,7101.04,7198.03,,,,
2021-12-21,7198.03,7297.41,7198.03,7297.41,,,,
2021-12-22,7297.41,7341.66,7273.45,7341.66,,,,
2021-12-23,7341.66,7385.42,7331.05,7373.34,,,,
2021-12-24,7373.34,7403.65,7368.83,7372.1,,,,
2021-12-29,7372.1,7457.14,7372.1,7420.69,,,,
2021-12-30,7420.69,7433.39,7403.01,7403.01,,,,
2021-12-31,7403.01,7403.01,7357.1,7384.54,,,,
2022-01-04,7384.54,7520.79,7384.54,7505.15,,,,
2022-01-05,7505.15,7529.97,7484.28,7516.87,,,,
2022-01-06,7516.87,7516.87,7419.95,7450.37,,,,
2022-01-07,7450.37,7485.28,7431.86,7485.28,,,,
2022-01-10,7485.28,7496.12,7422.94,7445.25,,,,
2022-01-11,7445.25,7497.12,7445.25,7491.37,,,,
2022-01-12,7491.37,7564.2,7491.37,7551.72,,,,
2022-01-13,7551.72,7566.46,7530.12,7563.85,,,,
2022-01-14,7563.85,7568.16,7523.02,7542.95,,,,
2022-01-17,7542.95,7616.06,7542.95,7611.23,,,,
2022-01-18,7611.23,7613.05,7531.96,7563.55,,,,
2022-01-19,7563.55,7614.93,7525.15,7589.66,,,,
2022-01-20,7589.66,7619.01,7549.87,7585.01,,,,
2022-01-21,7585.01,7585.01,7450.49,7494.13,,,,
2022-01-24,7494.13,7494.13,7283.38,7297.15,,,,
2022-01-25,7297.15,7382.6,7297.15,7371.46,,,,
2022-01-26,7371.46,7525.58,7371.46,7469.78,,,,
2022-01-27,7469.78,7596.7,7388.8,7554.31,,,,
2022-01-28,7554.31,7554.31,7420.2,7466.07,,,,
2022-01-31,7466.07,7523.95,7450.89,7464.37,,,,
2022-02-01,7464.37,7549.29,7463.01,7535.78,,,,
2022-02-02,7535.78,7605.64,7535.78,7583,,,,
2022-02-03,7583,7605.75,7528.69,7528.84,,,,
2022-02-04,7528.84,7599.73,7497.21,7516.4,,,,
2022-02-07,7516.4,7591.65,7508.48,7573.47,,,,
2022-02-08,7573.47,7631.31,7548.19,7567.07,,,,
2022-02-09,7567.07,7657.93,7567.07,7643.42,,,,
2022-02-10,7643.42,7687.27,7622.74,7672.4,,,,
2022-02-11,7672.4,7672.4,7596.11,7661.02,,,,
2022-02-14,7661.02,7661.02,7483.36,7531.59,,,,
2022-02-15,7531.59,7608.92,7513.16,7608.92,,,,
2022-02-16,7608.92,7630.72,7560.94,7603.78,,,,
2022-02-17,7603.78,7607.24,7499.86,7537.37,,,,
2022-02-18,7537.37,7570.56,7508.73,7513.62,,,,
2022-02-21,7513.62,7571.07,7446.43,7484.33,,,,
2022-02-22,7484.33,7531.32,7365.04,7494.21,,,,
2022-02-23,7494.21,7549.98,7490.54,7498.18,,,,
2022-02-24,7498.18,7498.18,7204.74,7207.38,,,,
2022-02-25,7207.38,7497.94,7207.38,7489.46,,,,
2022-02-28,7489.46,7489.46,7361.59,7458.25,,,,
2022-03-01,7458.25,7499.33,7327.79,7330.2,,,,
2022-03-02,7330.2,7462.22,7320.77,7429.56,,,,
2022-03-03,7429.56,7468.83,7231.51,7238.85,,,,
2022-03-04,7238.85,7238.85,6980.86,6987.14,,,,
2022-03-07,6987.14,7030.74,6787.98,6959.48,,,,
2022-03-08,6959.48,7013.51,6893.55,6964.11,,,,
2022-03-09,6964.11,7190.72,6964.11,7190.72,,,,
2022-03-10,7190.72,7192.75,7065.96,7099.09,,,,
2022-03-11,7099.09,7260.4,7099.03,7155.64,,,,
2022-03-14,7155.64,7222.87,7143.95,7193.47,,,,
2022-03-15,7193.47,7193.47,7075.82,7175.7,,,,
2022-03-16,7175.7,7312.23,7175.7,7291.68,,,,
2022-03-17,7291.68,7385.34,7260.51,7385.34,,,,
2022-03-18,7385.34,7406.13,7318.9,7404.73,,,,
2022-03-21,7404.73,7464.95,7402.6,7442.39,,,,
2022-03-22,7442.39,7490.46,7442.39,7476.72,,,,
2022-03-23,7476.72,7521.14,7459.36,7460.63,,,,
2022-03-24,7460.63,7492,7453.25,7467.38,,,,
2022-03-25,7467.38,7502.67,7441.28,7483.35,,,,
2022-03-28,7483.35,7539.3,7471.47,7473.14,,,,
2022-03-29,7473.14,7584.11,7473.14,7537.25,,,,
2022-03-30,7537.25,7578.75,7523.82,7578.75,,,,
2022-03-31,7578.75,7595.42,7515.68,7515.68,,,,
2022-04-01,7515.68,7552.46,7508.92,7537.9,,,,
2022-04-04,7537.9,7574.33,7532.23,7558.92,,,,
2022-04-05,7558.92,7613.72,7536.21,7613.72,,,,
2022-04-06,7613.72,7614.13,7536.2,7587.7,,,,
2022-04-07,7587.7,7601.52,7537.25,7551.81,,,,
2022-04-08,7551.81,7669.56,7551.81,7669.56,,,,
2022-04-11,7669.56,7669.56,7611.68,7618.31,,,,
2022-04-12,7618.31,7618.31,7543.03,7576.66,,,,
2022-04-13,7576.66,7597.85,7550.94,7580.8,,,,
2022-04-14,7580.8,7622.41,7551.39,7616.38,,,,
2022-04-19,7616.38,7624.9,7565.81,7601.28,,,,
2022-04-20,7601.28,7637.87,7590.62,7629.22,,,,
2022-04-21,7629.22,7656.47,7596.29,7627.95,,,,
2022-04-22,7627.95,7628.03,7521.68,7521.68,,,,
2022-04-25,7521.68,7521.68,7339.53,7380.54,,,,
2022-04-26,7380.54,7463.15,7380.54,7386.19,,,,
2022-04-27,7386.19,7458.24,7344.89,7425.61,,,,
2022-04-28,7425.61,7519.7,7425.61,7509.19,,,,
2022-04-29,7509.19,7569.8,7509.19,7544.55,,,,
2022-05-03,7544.55,7561.33,7475.69,7561.33,,,,
2022-05-04,7561.33,7572.65,7493.45,7493.45,,,,
2022-05-05,7493.45,7619.39,7493.45,7503.27,,,,
2022-05-06,7503.27,7503.27,7354.06,7387.94,,,,
2022-05-09,7387.94,7391.59,7216.58,7216.58,,,,
2022-05-10,7216.58,7311.65,7216.58,7243.22,,,,
2022-05-11,7243.22,7349.7,7238.97,7347.66,,,,
2022-05-12,7347.66,7347.66,7158.53,7233.34,,,,
2022-05-13,7233.34,7421.95,7233.34,7418.15,,,,
2022-05-16,7418.15,7464.8,7361.72,7464.8,,,,
2022-05-17,7464.8,7538.68,7464.8,7518.35,,,,
2022-05-18,7518.35,7526.14,7438.09,7438.09,,,,
2022-05-19,7438.09,7438.09,7228.67,7302.74,,,,
2022-05-20,7302.74,7453.49,7302.74,7389.98,,,,
2022-05-23,7389.98,7513.44,7389.98,7513.44,,,,
2022-05-24,7513.44,7529.65,7434.46,7484.35,,,,
2022-05-25,7484.35,7546.41,7484.35,7522.75,,,,
2022-05-26,7522.75,7575.53,7512.45,7564.92,,,,
2022-05-27,7564.92,7597.64,7542.78,7585.46,,,,
2022-05-30,7585.46,7625.63,7576.37,7600.06,,,,
2022-05-31,7600.06,7648.26,7591.84,7607.66,,,,
2022-06-01,7607.66,7639.21,7529.23,7532.95,,,,
2022-06-06,7532.95,7646.66,7532.84,7608.22,,,,
2022-06-07,7608.22,7617.53,7570.67,7598.93,,,,
2022-06-08,7598.93,7616.22,7550.65,7593,,,,
2022-06-09,7593,7593,7472.29,7476.21,,,,
2022-06-10,7476.21,7476.21,7294.2,7317.52,,,,
2022-06-13,7317.52,7317.52,7174.02,7205.81,,,,
2022-06-14,7205.81,7271.85,7135.15,7187.46,,,,
2022-06-15,7187.46,7313.7,7186.5,7273.41,,,,
2022-06-16,7273.41,7273.41,7039.47,7044.98,,,,
2022-06-17,7044.98,7130.62,6998.17,7016.25,,,,
2022-06-20,7016.25,7129.64,7016.15,7121.81,,,,
2022-06-21,7121.81,7193.9,7119.25,7152.05,,,,
2022-06-22,7152.05,7152.05,7030.03,7089.22,,,,
2022-06-23,7089.22,7115.8,7014.19,7020.45,,,,
2022-06-24,7020.45,7211.07,7016.02,7208.81,,,,
2022-06-27,7208.81,7284.48,7208.52,7258.32,,,,
2022-06-28,7258.32,7362.37,7258.32,7323.41,,,,
2022-06-29,7323.41,7345.45,7263.54,7312.32,,,,
2022-06-30,7312.32,7312.32,7110.7,7169.28,,,,
2022-07-01,7169.28,7214.82,7101.38,7168.65,,,,
2022-07-04,7168.65,7258.46,7168.65,7232.65,,,,
2022-07-05,7232.65,7260.3,7016.78,7025.47,,,,
2022-07-06,7025.47,7198.72,7025.35,7107.77,,,,
2022-07-07,7107.77,7213.05,7107.77,7189.08,,,,
2022-07-08,7189.08,7210.58,7129.15,7196.24,,,,
2022-07-11,7196.24,7204.06,7097.42,7196.59,,,,
2022-07-12,7196.59,7216.9,7143.31,7209.86,,,,
2022-07-13,7209.86,7209.86,7104.06,7156.37,,,,
2022-07-14,7156.37,7157.62,7007.09,7039.81,,,,
2022-07-15,7039.81,7167.85,7038.15,7159.01,,,,
2022-07-18,7159.01,7268.88,7159.01,7223.24,,,,
2022-07-19,7223.24,7308.99,7174.4,7296.28,,,,
2022-07-20,7296.28,7347.6,7253.56,7264.31,,,,
2022-07-21,7264.31,7274.73,7200.14,7270.51,,,,
2022-07-22,7270.51,7315.34,7254.02,7276.37,,,,
2022-07-25,7276.37,7309.65,7242.9,7306.3,,,,
2022-07-26,7306.3,7365.37,7301.19,7306.28,,,,
2022-07-27,7306.28,7365.22,7306.28,7348.23,,,,
2022-07-28,7348.23,7396.2,7308.99,7345.25,,,,
2022-07-29,7345.25,7441.2,7345.25,7423.43,,,,
2022-08-01,7446.01,7471.87,7408.94,7413.42,,,,
2022-08-02,7413.42,7433.34,7386.76,7409.11,,,,
2022-08-03,7409.11,7445.9,7372.71,7445.68,,,,
2022-08-04,7445.68,7491.74,7417.49,7448.06,,,,
2022-08-05,7448.06,7470.63,7420.16,7439.74,,,,
2022-08-08,7439.74,7513.76,7439.74,7482.37,,,,
2022-08-09,7482.37,7504.64,7475.04,7488.15,,,,
2022-08-10,7488.15,7520.72,7468.64,7507.11,,,,
2022-08-11,7507.11,7515,7460.11,7465.91,,,,
2022-08-12,7465.91,7516.83,7464.12,7500.89,,,,
2022-08-15,7500.89,7539.21,7463.51,7509.15,,,,
2022-08-16,7509.15,7563.67,7509.15,7536.06,,,,
2022-08-17,7536.06,7554.04,7501.54,7515.75,,,,
2022-08-18,7515.75,7541.89,7493.66,7541.85,,,,
2022-08-19,7541.85,7578.85,7513.26,7550.37,,,,
2022-08-22,7550.37,7550.41,7491.26,7533.79,,,,
2022-08-23,7533.79,7533.79,7467.56,7488.11,,,,
2022-08-24,7488.11,7488.12,7410.4,7471.51,,,,
2022-08-25,7471.51,7535.7,7469.17,7479.74,,,,
2022-08-26,7479.74,7530.65,7422.02,7427.31,,,,
2022-08-30,7427.31,7486.4,7351.12,7361.63,,,,
2022-08-31,7361.63,7378.44,7263.62,7284.15,,,,
2022-09-01,7284.15,7284.15,7131.69,7148.5,,,,
2022-09-02,7148.5,7288.72,7148.5,7281.19,,,,
2022-09-05,7281.19,7288.46,7191.17,7287.43,,,,
2022-09-06,7287.43,7324.19,7256.51,7300.44,,,,
2022-09-07,7300.44,7300.44,7186.56,7237.83,,,,
2022-09-08,7237.83,7273.01,7175.75,7262.06,,,,
2022-09-09,7262.06,7386.59,7262.06,7351.07,,,,
2022-09-12,7351.07,7483,7351.07,7473.03,,,,
2022-09-13,7473.03,7514.04,7385.86,7385.86,,,,
2022-09-14,7385.86,7385.86,7259.24,7277.3,,,,
2022-09-15,7277.3,7329,7258.67,7282.07,,,,
2022-09-16,7282.07,7297.1,7236.17,7236.68,,,,
2022-09-20,7236.68,7326.54,7171.24,7192.66,,,,
2022-09-21,7192.66,7258.87,7170.69,7237.64,,,,
2022-09-22,7237.64,7243.9,7149.59,7159.52,,,,
2022-09-23,7159.52,7169.12,6981.5,7018.6,,,,
2022-09-26,7018.6,7071.11,6937.4,7020.95,,,,
2022-09-27,7020.95,7073.96,6984.59,6984.59,,,,
2022-09-28,6984.59,7011.5,6836.28,7005.39,,,,
2022-09-29,7005.39,7005.39,6829.29,6881.59,,,,
2022-09-30,6881.59,6954.92,6840.07,6893.81,,,,
2022-10-03,6893.81,6923.75,6797.37,6908.76,,,,
2022-10-04,6908.76,7088.17,6908.67,7086.46,,,,
2022-10-05,7086.46,7086.46,6977.95,7052.62,,,,
2022-10-06,7052.62,7079.74,6961.1,6997.27,,,,
2022-10-07,6997.27,7022.41,6960.36,6991.09,,,,
2022-10-10,6991.09,6999.2,6922.94,6959.31,,,,
2022-10-11,6959.31,6959.43,6860.31,6885.23,,,,
2022-10-12,6885.23,6916.94,6793.77,6826.15,,,,
2022-10-13,6826.15,6872.9,6707.62,6850.27,,,,
2022-10-14,6850.27,6976.3,6850.27,6858.79,,,,
2022-10-17,6858.79,6959.71,6850.43,6920.24,,,,
2022-10-18,6920.24,7017.4,6920.24,6936.74,,,,
2022-10-19,6936.74,6968.33,6890.66,6924.99,,,,
2022-10-20,6924.99,6954.21,6894.85,6943.91,,,,
2022-10-21,6943.91,6976.19,6864.13,6969.73,,,,
2022-10-24,6969.73,7047.37,6914.66,7013.99,,,,
2022-10-25,7013.99,7025.22,6949.24,7013.48,,,,
2022-10-26,7013.48,7057.42,6960.11,7056.07,,,,
2022-10-27,7056.07,7093.05,7034.24,7073.69,,,,
2022-10-28,7073.69,7073.69,6997.54,7047.67,,,,
2022-10-31,7047.67,7132.85,7030.12,7094.53,,,,
2022-11-01,7094.53,7221.32,7094.53,7186.16,,,,
2022-11-02,7186.16,7205.07,7130.5,7144.14,,,,
2022-11-03,7144.14,7188.63,7076.47,7188.63,,,,
2022-11-04,7188.63,7376.23,7188.63,7334.84,,,,
2022-11-07,7334.84,7346.66,7288,7299.99,,,,
2022-11-08,7299.99,7313.46,7244.83,7306.14,,,,
2022-11-09,7306.14,7307.8,7263.46,7296.25,,,,
2022-11-10,7296.25,7405.09,7253.36,7375.34,,,,
2022-11-11,7375.34,7408.61,7316.84,7318.04,,,,
2022-11-14,7318.04,7413.82,7317.57,7385.17,,,,
2022-11-15,7385.17,7413.01,7344.85,7369.44,,,,
2022-11-16,7369.44,7394.42,7341.59,7351.19,,,,
2022-11-17,7351.19,7354.07,7294.75,7346.54,,,,
2022-11-18,7346.54,7423.51,7343.5,7385.52,,,,
2022-11-21,7385.52,7402.79,7343.37,7376.85,,,,
2022-11-22,7376.85,7458.88,7373.56,7452.84,,,,
2022-11-23,7452.84,7498.34,7452.84,7465.24,,,,
2022-11-24,7465.24,7488.07,7443.46,7466.6,,,,
2022-11-25,7466.6,7497.23,7461.78,7486.67,,,,
2022-11-28,7486.67,7496.8,7420,7474.02,,,,
2022-11-29,7474.02,7543.09,7473.99,7512,,,,
2022-11-30,7512,7599.27,7512,7573.05,,,,
2022-12-01,7573.05,7599.7,7552.29,7558.49,,,,
2022-12-02,7558.49,7570.46,7507.98,7556.23,,,,
2022-12-05,7556.23,7598.21,7547.76,7567.54,,,,
2022-12-06,7567.54,7567.64,7521.39,7521.39,,,,
2022-12-07,7521.39,7567.23,7489.19,7489.19,,,,
2022-12-08,7489.19,7507.98,7469.12,7472.17,,,,
2022-12-09,7472.17,7498.04,7431.44,7476.63,,,,
2022-12-12,7476.63,7476.63,7438.87,7445.97,,,,
2022-12-13,7445.97,7553.36,7428.98,7502.89,,,,
2022-12-14,7502.89,7504.49,7461.68,7495.93,,,,
2022-12-15,7495.93,7495.93,7411.07,7426.17,,,,
2022-12-16,7426.17,7429.29,7305.72,7332.12,,,,
2022-12-19,7332.12,7385.38,7332.12,7361.31,,,,
2022-12-20,7361.31,7389.92,7302.82,7370.62,,,,
2022-12-21,7370.62,7498.48,7368.72,7497.32,,,,
2022-12-22,7497.32,7540.31,7463.54,7469.28,,,,
2022-12-23,7469.28,7496.4,7462.8,7473.01,,,,
2022-12-28,7473.01,7547,7473.01,7497.19,,,,
2022-12-29,7497.19,7516.36,7434.64,7512.72,,,,
2022-12-30,7512.72,7512.92,7451.74,7451.74,,,,
2023-01-03,7451.74,7626.4,7448.69,7554.09,,,,
2023-01-04,7554.09,7609.25,7545.18,7585.19,,,,
2023-01-05,7585.19,7658.79,7564.7,7633.45,,,,
2023-01-06,7633.45,7700.81,7633.45,7699.49,,,,
2023-01-09,7699.49,7725.74,7688.69,7724.94,,,,
2023-01-10,7724.94,7724.94,7684.35,7694.49,,,,
2023-01-11,7694.49,7772.37,7694.35,7724.98,,,,
2023-01-12,7724.98,7809.13,7724.55,7794.04,,,,
2023-01-13,7794.04,7864.95,7793.55,7844.07,,,,
2023-01-16,7844.07,7867.23,7841.91,7860.07,,,,
2023-01-17,7860.07,7875.58,7830.35,7851.03,,,,
2023-01-18,7851.03,7867.43,7824.73,7830.7,,,,
2023-01-19,7830.7,7830.8,7726.23,7747.29,,,,
2023-01-20,7747.29,7790.87,7747.29,7770.59,,,,
2023-01-23,7770.59,7811.17,7768.47,7784.67,,,,
2023-01-24,7784.67,7800.89,7741.75,7757.36,,,,
2023-01-25,7757.36,7773.57,7710.78,7744.87,,,,
2023-01-26,7744.87,7787.57,7744.87,7761.11,,,,
2023-01-27,7761.11,7777.4,7742.12,7765.15,,,,
2023-01-30,7765.15,7790.69,7718.33,7784.87,,,,
2023-01-31,7784.87,7784.87,7708.34,7771.7,,,,
2023-02-01,7771.7,7798.51,7745.43,7761.11,,,,
2023-02-02,7761.11,7837.84,7758.51,7820.16,,,,
2023-02-03,7820.16,7906.58,7806.85,7901.8,,,,
2023-02-06,7901.8,7901.8,7808.39,7836.71,,,,
2023-02-07,7836.71,7890.82,7835.36,7864.71,,,,
2023-02-08,7864.71,7934.3,7864.66,7885.17,,,,
2023-02-09,7885.17,7949.57,7874.23,7911.15,,,,
2023-02-10,7911.15,7913.31,7850.94,7882.45,,,,
2023-02-13,7882.45,7947.6,7881.86,7947.6,,,,
2023-02-14,7947.6,7996.35,7947.6,7953.85,,,,
2023-02-15,7953.85,8003.65,7921.32,7997.83,,,,
2023-02-16,7997.83,8047.06,7978.61,8012.53,,,,
2023-02-17,8012.53,8012.53,7957.69,8004.36,,,,
2023-02-20,8004.36,8020.13,7995.46,8014.31,,,,
2023-02-21,8014.31,8014.4,7952.48,7977.75,,,,
2023-02-22,7977.75,7977.75,7879.03,7930.63,,,,
2023-02-23,7930.63,7935.56,7888.88,7907.72,,,,
2023-02-24,7907.72,7939.17,7870.39,7878.66,,,,
2023-02-27,7878.66,7949.97,7878.66,7935.11,,,,
2023-02-28,7935.11,7935.11,7854.82,7876.28,,,,
2023-03-01,7876.28,7950.69,7874.34,7914.93,,,,
2023-03-02,7914.93,7945.82,7875.03,7944.04,,,,
2023-03-03,7944.04,7974.4,7920.07,7947.11,,,,
2023-03-06,7947.11,7948.67,7897.45,7929.79,,,,
2023-03-07,7929.79,7959.77,7909.77,7919.48,,,,
2023-03-08,7919.48,7946.62,7891.42,7929.92,,,,
2023-03-09,7929.92,7930.26,7862.01,7879.98,,,,
2023-03-10,7879.98,7879.98,7708.32,7748.35,,,,
2023-03-13,7748.35,7752.43,7546.02,7548.63,,,,
2023-03-14,7548.63,7641.55,7503.25,7637.11,,,,
2023-03-15,7637.11,7637.39,7333.35,7344.45,,,,
2023-03-16,7344.45,7458.64,7331.49,7410.03,,,,
2023-03-17,7410.03,7510.47,7309.3,7335.4,,,,
2023-03-20,7335.4,7426.24,7206.82,7403.85,,,,
2023-03-21,7403.85,7557.55,7403.85,7536.22,,,,
2023-03-22,7536.22,7585.57,7505.48,7566.84,,,,
2023-03-23,7566.84,7566.84,7476.13,7499.6,,,,
2023-03-24,7499.6,7499.6,7335.71,7405.45,,,,
2023-03-27,7405.45,7491.74,7405.45,7471.77,,,,
2023-03-28,7471.77,7524.55,7464.61,7484.25,,,,
2023-03-29,7484.25,7566.8,7484.21,7564.27,,,,
2023-03-30,7564.27,7638.49,7564.27,7620.43,,,,
2023-03-31,7620.43,7654.41,7616.09,7631.74,,,,
2023-04-03,7631.74,7698.15,7631.74,7673,,,,
2023-04-04,7673,7726.85,7634.52,7634.52,,,,
2023-04-05,7634.52,7678.45,7634.26,7662.94,,,,
2023-04-06,7662.94,7742.11,7654.54,7741.56,,,,
2023-04-11,7741.56,7806.39,7741.56,7785.72,,,,
2023-04-12,7785.72,7859.67,7783.4,7824.84,,,,
2023-04-13,7824.84,7851.57,7814.11,7843.38,,,,
2023-04-14,7843.38,7904.04,7843.38,7871.91,,,,
2023-04-17,7871.91,7916.67,7871.91,7879.51,,,,
2023-04-18,7879.51,7912.73,7879.51,7909.44,,,,
2023-04-19,7909.44,7909.44,7871.43,7898.77,,,,
2023-04-20,7898.77,7902.95,7876.35,7902.61,,,,
2023-04-21,7902.61,7936.11,7886.46,7914.13,,,,
2023-04-24,7914.13,7927.11,7877.58,7912.2,,,,
2023-04-25,7912.2,7912.52,7863.85,7891.13,,,,
2023-04-26,7891.13,7893.95,7825.93,7852.64,,,,
2023-04-27,7852.64,7865.73,7816.83,7831.58,,,,
2023-04-28,7831.58,7870.57,7791.63,7870.57,,,,
2023-05-02,7870.57,7898.69,7773.03,7773.03,,,,
2023-05-03,7773.03,7819.66,7773.03,7788.37,,,,
2023-05-04,7788.37,7788.37,7691.25,7702.64,,,,
2023-05-05,7778.38,7778.38,7778.38,7778.38,,,,
2023-05-09,7778.38,7792.35,7735.08,7764.09,,,,
2023-05-10,7764.09,7778.98,7727.12,7741.33,,,,
2023-05-11,7741.33,7784.28,7679.61,7730.58,,,,
2023-05-12,7730.58,7772.79,7729.01,7754.62,,,,
2023-05-15,7754.62,7794.89,7754.62,7777.7,,,,
2023-05-16,7777.7,7804.93,7741.29,7751.08,,,,
2023-05-17,7751.08,7758.15,7713.03,7723.23,,,,
2023-05-18,7723.23,7776.58,7723.23,7742.3,,,,
2023-05-19,7742.3,7790.92,7742.13,7756.87,,,,
2023-05-22,7756.87,7783.4,7750.53,7770.99,,,,
2023-05-23,7770.99,7800.85,7747.09,7762.95,,,,
2023-05-24,7762.95,7762.95,7590.24,7627.1,,,,
2023-05-25,7627.1,7629.08,7569.17,7570.87,,,,
2023-05-26,7570.87,7643.56,7556.92,7627.2,,,,
2023-05-30,7627.2,7628.12,7516.52,7522.07,,,,
2023-05-31,7522.07,7522.07,7446.14,7446.14,,,,
2023-06-01,7446.14,7498.59,7445.3,7490.27,,,,
2023-06-02,7490.27,7614.89,7490.02,7607.28,,,,
2023-06-05,7607.28,7654.84,7594.13,7599.99,,,,
2023-06-06,7599.99,7636.06,7556.16,7628.1,,,,
2023-06-07,7628.1,7642.4,7604.42,7624.34,,,,
2023-06-08,7624.34,7638.61,7587.99,7599.74,,,,
2023-06-09,7599.74,7621.72,7546.5,7562.36,,,,
2023-06-12,7562.36,7599.87,7556.81,7570.69,,,,
2023-06-13,7570.69,7610.77,7556.32,7594.78,,,,
2023-06-14,7594.78,7639.79,7579.27,7602.74,,,,
2023-06-15,7602.74,7632.67,7584.78,7628.26,,,,
2023-06-16,7628.26,7687.61,7627.83,7642.72,,,,
2023-06-19,7642.72,7642.72,7581.84,7588.48,,,,
2023-06-20,7588.48,7607.53,7566.33,7569.31,,,,
2023-06-21,7569.31,7577.6,7520.92,7559.18,,,,
2023-06-22,7559.18,7559.18,7458.35,7502.03,,,,
2023-06-23,7502.03,7502.03,7439.72,7461.87,,,,
2023-06-26,7461.87,7476.45,7401.18,7453.58,,,,
2023-06-27,7453.58,7495.88,7428.11,7461.46,,,,
2023-06-28,7461.46,7518.33,7461.46,7500.49,,,,
2023-06-29,7500.49,7505.61,7460.53,7471.69,,,,
2023-06-30,7471.69,7551.59,7471.69,7531.53,,,,
2023-07-03,7531.53,7561.26,7513.93,7527.26,,,,
2023-07-04,7527.26,7547.38,7518.36,7519.72,,,,
2023-07-05,7519.72,7519.72,7434.66,7442.1,,,,
2023-07-06,7442.1,7442.1,7267.62,7280.5,,,,
2023-07-07,7280.5,7280.5,7229.57,7256.94,,,,
2023-07-10,7256.94,7306.09,7238.72,7273.79,,,,
2023-07-11,7273.79,7285.33,7239.23,7282.52,,,,
2023-07-12,7282.52,7425.1,7282.52,7416.11,,,,
2023-07-13,7416.11,7457.2,7409.25,7440.21,,,,
2023-07-14,7440.21,7480.43,7421.31,7434.57,,,,
2023-07-17,7434.57,7437.61,7395.67,7406.42,,,,
2023-07-18,7406.42,7459.15,7398.53,7453.69,,,,
2023-07-19,7453.69,7625.14,7453.69,7588.2,,,,
2023-07-20,7588.2,7661.87,7585.85,7646.05,,,,
2023-07-21,7646.05,7674.23,7639.45,7663.73,,,,
2023-07-24,7663.73,7684.97,7633.29,7678.59,,,,
2023-07-25,7678.59,7702.35,7676.5,7691.8,,,,
2023-07-26,7691.8,7702.74,7630,7676.89,,,,
2023-07-27,7676.89,7709.66,7662.4,7692.76,,,,
2023-07-28,7692.76,7716.82,7680.19,7694.27,,,,
2023-07-31,7694.27,7722.92,7667.81,7699.41,,,,
2023-08-01,7699.41,7715.24,7650.15,7666.27,,,,
2023-08-02,7666.27,7666.27,7522.24,7561.63,,,,
2023-08-03,7561.63,7562.13,7437.88,7529.16,,,,
2023-08-04,7529.16,7569.55,7487.36,7564.37,,,,
2023-08-07,7564.37,7564.95,7505.15,7554.49,,,,
2023-08-08,7554.49,7554.49,7487.47,7527.42,,,,
2023-08-09,7527.42,7600.79,7527.42,7587.3,,,,
2023-08-10,7587.3,7622.92,7572.61,7618.6,,,,
2023-08-11,7618.6,7618.6,7507.84,7524.16,,,,
2023-08-14,7524.16,7530.25,7476.45,7507.15,,,,
2023-08-15,7507.15,7508.58,7369.69,7389.64,,,,
2023-08-16,7389.64,7398.2,7338.53,7356.88,,,,
2023-08-17,7356.88,7356.96,7305,7310.21,,,,
2023-08-18,7310.21,7310.21,7215.76,7262.43,,,,
2023-08-21,7262.43,7315.97,7250.88,7257.82,,,,
2023-08-22,7257.82,7310.52,7257.58,7270.76,,,,
2023-08-23,7270.76,7348.84,7270.76,7320.53,,,,
2023-08-24,7320.53,7386.08,7320.53,7333.63,,,,
2023-08-25,7333.63,7389.4,7326.97,7338.58,,,,
2023-08-29,7338.58,7471.14,7338.58,7464.99,,,,
2023-08-30,7464.99,7509.36,7464.73,7473.67,,,,
2023-08-31,7473.67,7500.44,7439.13,7439.13,,,,
2023-09-01,7439.13,7492.63,7439.13,7464.54,,,,
2023-09-04,7464.54,7523.4,7448.31,7452.76,,,,
2023-09-05,7452.76,7481.35,7389.8,7437.93,,,,
2023-09-06,7437.93,7447.94,7369.64,7426.14,,,,
2023-09-07,7426.14,7462.18,7385.92,7441.72,,,,
2023-09-08,7441.72,7480.64,7402.1,7478.19,,,,
2023-09-11,7478.19,7549.34,7467.35,7496.87,,,,
2023-09-12,7496.87,7550.24,7496.34,7527.53,,,,
2023-09-13,7527.53,7545.16,7490.37,7525.99,,,,
2023-09-14,7525.99,7686.96,7525.99,7673.08,,,,
2023-09-15,7673.08,7745.82,7673.08,7711.38,,,,
2023-09-18,7711.38,7720.14,7641.76,7652.94,,,,
2023-09-19,7652.94,7682.38,7642.36,7660.2,,,,
2023-09-20,7660.2,7741.9,7659.61,7731.65,,,,
2023-09-21,7731.65,7746.53,7674.7,7678.62,,,,
2023-09-22,7678.62,7735.16,7640.8,7683.91,,,,
2023-09-25,7683.91,7684.82,7580.81,7623.99,,,,
2023-09-26,7623.99,7656.94,7593.54,7625.72,,,,
2023-09-27,7625.72,7645.55,7577.23,7593.22,,,,
2023-09-28,7593.22,7605.55,7524.11,7601.85,,,,
2023-09-29,7601.85,7674.19,7601.85,7608.08,,,,
2023-10-02,7608.08,7630.41,7491.3,7510.72,,,,
2023-10-03,7510.72,7545.67,7466.62,7470.16,,,,
2023-10-04,7470.16,7490.18,7384.2,7412.45,,,,
2023-10-05,7412.45,7488.6,7409.74,7451.54,,,,
2023-10-06,7451.54,7496.42,7423.36,7494.58,,,,
2023-10-09,7494.58,7540.57,7473.19,7492.21,,,,
2023-10-10,7492.21,7637.41,7492.21,7628.21,,,,
2023-10-11,7628.21,7651.98,7608.67,7620.03,,,,
2023-10-12,7620.03,7687.91,7620.03,7644.78,,,,
2023-10-13,7644.78,7660.05,7590.72,7599.6,,,,
2023-10-16,7599.6,7651.27,7584.64,7630.63,,,,
2023-10-17,7630.63,7682.63,7616.77,7675.21,,,,
2023-10-18,7675.21,7681.5,7579.26,7588,,,,
2023-10-19,7588,7588,7490.46,7499.53,,,,
2023-10-20,7499.53,7499.62,7395.57,7402.14,,,,
2023-10-23,7402.14,7402.2,7338.59,7374.83,,,,
2023-10-24,7374.83,7405.26,7324.99,7389.7,,,,
2023-10-25,7389.7,7428.11,7368.38,7414.34,,,,
2023-10-26,7414.34,7414.34,7342.48,7354.57,,,,
2023-10-27,7354.57,7380.33,7279.86,7291.28,,,,
2023-10-30,7291.28,7361.5,7291.28,7327.39,,,,
2023-10-31,7327.39,7373.53,7309.04,7321.72,,,,
2023-11-01,7321.72,7385.39,7304.89,7342.43,,,,
2023-11-02,7342.43,7469.75,7342.43,7446.53,,,,
2023-11-03,7446.53,7482.73,7396.57,7417.73,,,,
2023-11-06,7417.73,7448.36,7403.51,7417.76,,,,
2023-11-07,7417.76,7431.14,7397.4,7410.04,,,,
2023-11-08,7410.04,7442.09,7384.51,7401.72,,,,
2023-11-09,7401.72,7465.31,7367.21,7455.67,,,,
2023-11-10,7455.67,7455.67,7319.96,7360.55,,,,
2023-11-13,7360.55,7426.14,7360.55,7425.83,,,,
2023-11-14,7425.83,7456.63,7386.66,7440.47,,,,
2023-11-15,7440.47,7533.77,7440.47,7486.91,,,,
2023-11-16,7486.91,7492.84,7409.4,7410.97,,,,
2023-11-17,7410.97,7509,7410,7504.25,,,,
2023-11-20,7504.25,7506,7472.65,7496.36,,,,
2023-11-21,7496.36,7496.86,7446.68,7481.99,,,,
2023-11-22,7481.99,7504.51,7452,7469.51,,,,
2023-11-23,7469.51,7494.77,7450.6,7483.58,,,,
2023-11-24,7483.58,7494.72,7450.12,7488.2,,,,
2023-11-27,7488.2,7488.26,7452.18,7460.7,,,,
2023-11-28,7460.7,7461.13,7403.25,7455.24,,,,
2023-11-29,7455.24,7457.48,7408.79,7423.46,,,,
2023-11-30,7423.46,7497.68,7387.09,7453.75,,,,
2023-12-01,7453.75,7538.71,7453.75,7529.35,,,,
2023-12-04,7529.35,7533.81,7476.85,7512.96,,,,
2023-12-05,7512.96,7512.96,7460.21,7489.84,,,,
2023-12-06,7489.84,7542.57,7486.8,7515.38,,,,
2023-12-07,7515.38,7523.57,7480.49,7513.72,,,,
2023-12-08,7513.72,7581.32,7509.83,7554.47,,,,
2023-12-11,7554.47,7557.4,7493.59,7544.89,,,,
2023-12-12,7544.89,7607.51,7542.37,7542.77,,,,
2023-12-13,7542.77,7584.88,7542.68,7548.44,,,,
2023-12-14,7548.44,7724.81,7548.44,7648.98,,,,
2023-12-15,7648.98,7668.22,7569,7576.36,,,,
2023-12-18,7576.36,7630.57,7557.24,7614.48,,,,
2023-12-19,7614.48,7642.15,7605.35,7638.03,,,,
2023-12-20,7638.03,7762.88,7637.93,7715.68,,,,
2023-12-21,7715.68,7715.68,7668.41,7694.73,,,,
2023-12-22,7694.73,7715.21,7676.43,7697.51,,,,
2023-12-27,7697.51,7759.74,7697.51,7724.95,,,,
2023-12-28,7724.95,7745.99,7708.74,7722.74,,,,
2023-12-29,7722.74,7746.91,7719.02,7733.24,,,,
2024-01-02,7733.24,7764.37,7689.02,7721.52,,,,
2024-01-03,7721.52,7744.55,7650.3,7682.33,,,,
2024-01-04,7682.33,7728.17,7678.84,7723.07,,,,
2024-01-05,7723.07,7723.07,7642.86,7689.61,,,,
2024-01-08,7689.61,7694.19,7636.05,7694.19,,,,
2024-01-09,7694.19,7717.5,7675.07,7683.96,,,,
2024-01-10,7683.96,7683.96,7647.37,7651.76,,,,
2024-01-11,7651.76,7693.9,7576.59,7576.59,,,,
2024-01-12,7576.59,7655.19,7576.59,7624.93,,,,
2024-01-15,7624.93,7637.79,7578.33,7594.91,,,,
2024-01-16,7594.91,7594.91,7538.85,7558.34,,,,
2024-01-17,7558.34,7558.34,7404.08,7446.29,,,,
2024-01-18,7446.29,7471.66,7426.6,7459.09,,,,
2024-01-19,7459.09,7521.05,7450.86,7461.93,,,,
2024-01-22,7461.93,7503.61,7455.97,7487.71,,,,
2024-01-23,7487.71,7525.13,7465.12,7485.73,,,,
2024-01-24,7485.73,7538.89,7485.73,7527.67,,,,
2024-01-25,7527.67,7544.46,7507.03,7529.73,,,,
2024-01-26,7529.73,7651.75,7529.69,7635.09,,,,
2024-01-29,7635.09,7664.92,7630.76,7632.74,,,,
2024-01-30,7632.74,7684.24,7632.74,7666.31,,,,
2024-01-31,7666.31,7689.69,7630.57,7630.57,,,,
2024-02-01,7630.57,7673.67,7607.9,7622.16,,,,
2024-02-02,7622.16,7670.91,7609.29,7615.54,,,,
2024-02-05,7615.54,7667.82,7598.66,7612.86,,,,
2024-02-06,7612.86,7693.6,7612.86,7681.01,,,,
2024-02-07,7681.01,7694.9,7626.23,7628.75,,,,
2024-02-08,7628.75,7653.4,7593.57,7595.48,,,,
2024-02-09,7595.48,7608.74,7557.35,7572.58,,,,
2024-02-12,7572.58,7590.45,7555.47,7573.69,,,,
2024-02-13,7573.69,7585.31,7492.98,7512.28,,,,
2024-02-14,7512.28,7590.13,7512.28,7568.4,,,,
2024-02-15,7568.4,7612.34,7562.1,7597.53,,,,
2024-02-16,7597.53,7720.72,7597.53,7711.71,,,,
2024-02-19,7711.71,7733.54,7692.48,7728.5,,,,
2024-02-20,7728.5,7748.73,7705.98,7719.21,,,,
2024-02-21,7719.21,7719.21,7642.75,7662.51,,,,
2024-02-22,7662.51,7702.86,7651.65,7684.49,,,,
2024-02-23,7684.49,7713.39,7675.19,7706.28,,,,
2024-02-26,7706.28,7710.78,7676.75,7684.3,,,,
2024-02-27,7684.3,7698.29,7669.71,7683.02,,,,
2024-02-28,7683.02,7693.18,7620.37,7624.98,,,,
2024-02-29,7624.98,7677.69,7622.87,7630.02,,,,
2024-03-01,7630.02,7695.61,7630.02,7682.5,,,,
2024-03-04,7682.5,7682.64,7623.22,7640.33,,,,
2024-03-05,7640.33,7654.81,7598.47,7646.16,,,,
2024-03-06,7646.16,7701.25,7639.03,7679.31,,,,
2024-03-07,7679.31,7711.78,7645.06,7692.46,,,,
2024-03-08,7692.46,7693.89,7646.2,7659.74,,,,
2024-03-11,7659.74,7669.23,7612.62,7669.23,,,,
2024-03-12,7669.23,7764.58,7669.23,7747.81,,,,
2024-03-13,7747.81,7785.73,7738.73,7772.17,,,,
2024-03-14,7772.17,7778.39,7719.11,7743.15,,,,
2024-03-15,7743.15,7761.06,7727.42,7727.42,,,,
2024-03-18,7727.42,7750.17,7714.9,7722.55,,,,
2024-03-19,7722.55,7739.67,7699.57,7738.3,,,,
2024-03-20,7738.3,7749.39,7711.46,7737.38,,,,
2024-03-21,7737.38,7901.8,7737.38,7882.55,,,,
2024-03-22,7882.55,7961.43,7882.19,7930.92,,,,
2024-03-25,7930.92,7939.38,7891.72,7917.57,,,,
2024-03-26,7917.57,7934.37,7892.08,7930.96,,,,
2024-03-27,7930.96,7938.14,7893,7931.98,,,,
2024-03-28,7931.98,7975.38,7931.36,7952.62,,,,
2024-04-02,7952.62,8015.63,7928.59,7935.09,,,,
2024-04-03,7935.09,7937.44,7882.68,7937.44,,,,
2024-04-04,7937.44,7990.41,7937.37,7975.89,,,,
2024-04-05,7975.89,7975.89,7884.45,7911.16,,,,
2024-04-08,7911.16,7953.16,7887.92,7943.47,,,,
2024-04-09,7943.47,7962.78,7917.47,7934.79,,,,
2024-04-10,7934.79,7999.84,7916.53,7961.21,,,,
2024-04-11,7961.21,7970.09,7886.89,7923.8,,,,
2024-04-12,7923.8,8044.98,7923.8,7995.58,,,,
2024-04-15,7995.58,8009.52,7952.14,7965.53,,,,
2024-04-16,7965.53,7965.53,7793.91,7820.36,,,,
2024-04-17,7820.36,7893.62,7798.57,7847.99,,,,
2024-04-18,7847.99,7898.77,7845.89,7877.05,,,,
2024-04-19,7877.05,7900.51,7809.68,7895.85,,,,
2024-04-22,7895.85,8042.81,7895.85,8023.87,,,,
2024-04-23,8023.87,8076.52,8021.67,8044.81,,,,
2024-04-24,8044.81,8092.2,8031.79,8040.38,,,,
2024-04-25,8040.38,8105.59,8030.05,8078.86,,,,
2024-04-26,8078.86,8146.79,8078.86,8139.83,,,,
2024-04-29,8139.83,8189.14,8136.71,8147.03,,,,
2024-04-30,8147.03,8199.95,8138.14,8144.13,,,,
2024-05-01,8144.13,8178.95,8111.38,8121.24,,,,
2024-05-02,8121.24,8178.76,8119.85,8172.15,,,,
2024-05-03,8172.15,8248.73,8172.15,8213.49,,,,
2024-05-07,8213.49,8335.68,8213.49,8313.67,,,,
2024-05-08,8313.67,8365.28,8313.67,8354.05,,,,
2024-05-09,8354.05,8396.25,8349.83,8381.35,,,,
2024-05-10,8381.35,8455.77,8381.35,8433.76,,,,
2024-05-13,8433.76,8446.46,8409.15,8414.99,,,,
2024-05-14,8414.99,8448.67,8406.96,8428.13,,,,
2024-05-15,8428.13,8474.41,8427.92,8445.8,,,,
2024-05-16,8445.8,8455.66,8406.69,8438.65,,,,
2024-05-17,8438.65,8441.68,8401.4,8420.26,,,,
2024-05-20,8420.26,8451.64,8417.95,8424.2,,,,
2024-05-21,8424.2,8424.2,8379.12,8416.45,,,,
2024-05-22,8416.45,8416.45,8343.36,8370.33,,,,
2024-05-23,8370.33,8385.23,8332.27,8339.23,,,,
2024-05-24,8339.23,8339.23,8263.77,8317.59,,,,
2024-05-28,8317.59,8335.46,8241.33,8254.18,,,,
2024-05-29,8254.18,8255.39,8180.03,8183.07,,,,
2024-05-30,8183.07,8236.25,8148.49,8231.05,,,,
2024-05-31,8231.05,8289.22,8231.05,8275.38,,,,
2024-06-03,8275.38,8371.72,8258.86,8262.75,,,,
2024-06-04,8262.75,8263.38,8200.26,8232.04,,,,
2024-06-05,8232.04,8276.55,8232.04,8246.95,,,,
2024-06-06,8246.95,8287.07,8246.95,8285.34,,,,
2024-06-07,8285.34,8297.01,8210.23,8245.37,,,,
2024-06-10,8245.37,8245.37,8183.47,8228.48,,,,
2024-06-11,8228.48,8261.74,8114.84,8147.81,,,,
2024-06-12,8147.81,8243.22,8147.81,8215.48,,,,
2024-06-13,8215.48,8215.48,8147.44,8163.67,,,,
2024-06-14,8163.67,8178.21,8112.93,8146.86,,,,
2024-06-17,8146.86,8187.25,8120.89,8142.15,,,,
2024-06-18,8142.15,8199.95,8142.15,8191.29,,,,
2024-06-19,8191.29,8212.65,8164.48,8205.11,,,,
2024-06-20,8205.11,8272.46,8203.62,8272.46,,,,
2024-06-21,8272.46,8282.66,8188.12,8237.72,,,,
2024-06-24,8237.72,8307.93,8217.39,8281.55,,,,
2024-06-25,8281.55,8294.24,8245.66,8247.79,,,,
2024-06-26,8247.79,8302.04,8205.04,8225.33,,,,
2024-06-27,8225.33,8232.87,8179.68,8179.68,,,,
2024-06-28,8179.68,8237.36,8162.68,8164.12,,,,
2024-07-01,8164.12,8225.08,8164.12,8166.76,,,,
2024-07-02,8166.76,8166.76,8106.79,8121.2,,,,
2024-07-03,8121.2,8177.98,8121.2,8171.12,,,,
2024-07-04,8171.12,8257.95,8170.97,8241.26,,,,
2024-07-05,8241.26,8279.75,8182.7,8203.93,,,,
2024-07-08,8203.93,8232.81,8175.26,8193.49,,,,
2024-07-09,8193.49,8217.1,8132.49,8139.81,,,,
2024-07-10,8139.81,8194.85,8138.18,8193.51,,,,
2024-07-11,8193.51,8231.78,8190.81,8223.34,,,,
2024-07-12,8223.34,8276.31,8223.34,8252.91,,,,
2024-07-15,8252.91,8252.91,8174.62,8182.96,,,,
2024-07-16,8182.96,8182.96,8126.07,8164.9,,,,
2024-07-17,8164.9,8204.29,8132.02,8187.46,,,,
2024-07-18,8187.46,8267.78,8187.46,8204.89,,,,
2024-07-19,8150.09,8184.26,8135.08,8155.72,,,,
2024-07-22,8155.72,8240.4,8155.72,8198.78,,,,
2024-07-23,8198.78,8228.1,8151.46,8167.37,,,,
2024-07-24,8167.37,8170.68,8112.03,8153.69,,,,
2024-07-25,8153.69,8187.51,8056.01,8186.35,,,,
2024-07-26,8186.35,8290.33,8181.23,8285.71,,,,
2024-07-29,8285.71,8368.38,8285.71,8292.35,,,,
2024-07-30,8292.35,8297.92,8235.55,8274.41,,,,
2024-07-31,8274.41,8399.88,8274.41,8367.98,,,,
2024-08-01,8367.98,8405.24,8268.14,8283.36,,,,
2024-08-02,8283.36,8283.36,8158.03,8174.71,,,,
2024-08-05,8174.71,8174.71,7915.94,8008.23,,,,
2024-08-06,8008.23,8058.31,7949.85,8026.69,,,,
2024-08-07,8026.69,8176.99,8026.69,8166.88,,,,
2024-08-08,8166.88,8166.88,8064.34,8144.97,,,,
2024-08-09,8144.97,8203.46,8144.43,8168.1,,,,
2024-08-12,8168.1,8223.48,8168.1,8210.25,,,,
2024-08-13,8210.25,8244.41,8187.98,8235.23,,,,
2024-08-14,8235.23,8288.72,8230.68,8281.05,,,,
2024-08-15,8281.05,8366.98,8277.08,8347.35,,,,
2024-08-16,8347.35,8350.35,8292.01,8311.41,,,,
2024-08-19,8311.41,8374.02,8286.5,8356.94,,,,
2024-08-20,8356.94,8356.94,8270.69,8273.32,,,,
2024-08-21,8273.32,8295.94,8263.01,8283.43,,,,
2024-08-22,8283.43,8318.55,8276.99,8288,,,,
2024-08-23,8288,8331.9,8288,8327.78,,,,
2024-08-27,8327.78,8400.43,8327.78,8345.46,,,,
2024-08-28,8345.46,8362.74,8322.28,8343.85,,,,
2024-08-29,8343.85,8392.4,8336.58,8379.64,,,,
2024-08-30,8379.64,8414.37,8363.74,8376.63,,,,
2024-09-02,8376.63,8380.08,8353.18,8363.84,,,,
2024-09-03,8363.84,8380.98,8286.6,8298.46,,,,
2024-09-04,8298.46,8298.46,8219.26,8269.6,,,,
2024-09-05,8269.6,8285.55,8241.71,8241.71,,,,
2024-09-06,8241.71,8260.68,8168.42,8181.47,,,,
2024-09-09,8181.47,8274.68,8181.47,8270.84,,,,
2024-09-10,8270.84,8271.12,8195.13,8205.98,,,,
2024-09-11,8205.98,8232.76,8169.96,8193.94,,,,
2024-09-12,8193.94,8301.36,8193.94,8240.97,,,,
2024-09-13,8240.97,8287.9,8230.75,8273.09,,,,
2024-09-16,8273.09,8290,8247.92,8278.44,,,,
2024-09-17,8278.44,8351.72,8278.44,8309.86,,,,
2024-09-18,8309.86,8309.95,8245.7,8253.68,,,,
2024-09-19,8253.68,8370.47,8253.68,8328.72,,,,
2024-09-20,8328.72,8328.72,8223.76,8229.99,,,,
2024-09-23,8229.99,8262.53,8210.07,8259.71,,,,
2024-09-24,8259.71,8309.75,8259.51,8282.76,,,,
2024-09-25,8282.76,8319.41,8242.99,8268.7,,,,
2024-09-26,8268.7,8332.87,8262.03,8284.91,,,,
2024-09-27,8284.91,8334.55,8283.52,8320.76,,,,
2024-09-30,8320.76,8324.61,8233.99,8236.95,,,,
2024-10-01,8236.95,8291.1,8226.18,8276.65,,,,
2024-10-02,8276.65,8322.59,8267.6,8290.86,,,,
2024-10-03,8290.86,8332.68,8261.96,8282.52,,,,
2024-10-04,8282.52,8300.66,8234.17,8280.63,,,,
2024-10-07,8280.63,8323.41,8260.11,8303.62,,,,
2024-10-08,8303.62,8303.62,8184.03,8190.61,,,,
2024-10-09,8190.61,8244.36,8188.71,8243.74,,,,
2024-10-10,8243.74,8272.46,8218.36,8237.73,,,,
2024-10-11,8237.73,8265.71,8211.92,8253.65,,,,
2024-10-14,8253.65,8292.66,8237.7,8292.66,,,,
2024-10-15,8292.66,8306.15,8241.96,8249.28,,,,
2024-10-16,8249.28,8346.55,8249.28,8329.07,,,,
2024-10-17,8329.07,8395.58,8322.12,8385.13,,,,
2024-10-18,8385.13,8385.13,8315.85,8358.25,,,,
2024-10-21,8358.25,8391.81,8318.24,8318.24,,,,
2024-10-22,8318.24,8318.24,8252.4,8306.54,,,,
2024-10-23,8306.54,8323.24,8252.38,8258.64,,,,
2024-10-24,8258.64,8337.68,8256.77,8269.38,,,,
2024-10-25,8269.38,8278.11,8246.23,8248.84,,,,
2024-10-28,8248.84,8293.62,8208.91,8285.62,,,,
2024-10-29,8285.62,8325.54,8215.3,8219.61,,,,
2024-10-30,8219.61,8219.61,8153.75,8159.63,,,,
2024-10-31,8159.63,8159.63,8071.72,8110.1,,,,
2024-11-01,8110.1,8202.55,8105.3,8177.15,,,,
2024-11-04,8177.15,8239.88,8175.76,8184.24,,,,
2024-11-05,8184.24,8215.84,8148.34,8172.39,,,,
2024-11-06,8172.39,8301.78,8144.25,8166.68,,,,
2024-11-07,8166.68,8195.3,8140.74,8140.74,,,,
2024-11-08,8140.74,8156.45,8060.94,8072.39,,,,
2024-11-11,8072.39,8148.18,8072.39,8125.19,,,,
2024-11-12,8125.19,8125.19,8018.55,8025.77,,,,
2024-11-13,8025.77,8062.73,7995.87,8030.33,,,,
2024-11-14,8030.33,8083.12,8012.83,8071.19,,,,
2024-11-15,8071.19,8091.89,8030.01,8063.61,,,,
2024-11-18,8063.61,8109.32,8054.07,8109.32,,,,
2024-11-19,8109.32,8145.86,8052.02,8099.02,,,,
2024-11-20,8099.02,8128.44,8074.22,8085.07,,,,
2024-11-21,8085.07,8152.86,8065.22,8149.27,,,,
2024-11-22,8149.27,8274.84,8149.27,8262.08,,,,
2024-11-25,8262.08,8307.27,8261.78,8291.68,,,,
2024-11-26,8291.68,8291.68,8245.76,8258.61,,,,
2024-11-27,8258.61,8280.02,8237.7,8274.75,,,,
2024-11-28,8274.75,8303.77,8271.85,8281.22,,,,
2024-11-29,8281.22,8292.45,8252.89,8287.3,,,,
2024-12-02,8287.3,8332,8274.66,8312.89,,,,
2024-12-03,8312.89,8388.37,8311.85,8359.41,,,,
2024-12-04,8359.41,8362.75,8322.84,8335.81,,,,
2024-12-05,8335.81,8350.67,8321.64,8349.38,,,,
2024-12-06,8349.38,8357.58,8303.48,8308.61,,,,
2024-12-09,8308.61,8372.05,8308.61,8352.08,,,,
2024-12-10,8352.08,8352.13,8274.5,8280.36,,,,
2024-12-11,8280.36,8318.88,8248.42,8301.62,,,,
2024-12-12,8301.62,8331.05,8300.18,8311.76,,,,
2024-12-13,8311.76,8331.85,8282.4,8300.33,,,,
2024-12-16,8300.33,8305.21,8254.06,8262.05,,,,
2024-12-17,8262.05,8262.05,8190.17,8195.2,,,,
2024-12-18,8195.2,8231.84,8191.61,8199.11,,,,
2024-12-19,8199.11,8199.11,8078.98,8105.32,,,,
2024-12-20,8105.32,8105.83,8002.34,8084.61,,,,
2024-12-23,8084.61,8111.41,8051.92,8102.72,,,,
2024-12-24,8102.72,8152.01,8102.72,8136.99,,,,
2024-12-27,8136.99,8151.28,8112.29,8149.78,,,,
2024-12-30,8149.78,8149.78,8094.88,8121.01,,,,
2024-12-31,8121.01,8180.38,8096.65,8173.02,,,,
2025-01-02,8173.02,8270.6,8160.6,8260.09,,,,
2025-01-03,8260.09,8268.97,8219.73,8223.98,,,,
2025-01-06,8223.98,8249.66,8197.5,8249.66,,,,
2025-01-07,8249.66,8251.79,8190.5,8245.28,,,,
2025-01-08,8245.28,8267.38,8189.5,8251.03,,,,
2025-01-09,8251.03,8322.59,8243.15,8319.69,,,,
2025-01-10,8319.69,8326.32,8247.61,8248.49,,,,
2025-01-13,8248.49,8254,8192.31,8224.19,,,,
2025-01-14,8224.19,8244.31,8193.54,8201.54,,,,
2025-01-15,8201.54,8307.56,8199.57,8301.13,,,,
2025-01-16,8301.13,8391.9,8301.13,8391.9,,,,
2025-01-17,8391.9,8533.43,8391.83,8505.22,,,,
2025-01-20,8505.22,8548.59,8501.82,8520.54,,,,
2025-01-21,8520.54,8550.41,8513.42,8548.29,,,,
2025-01-22,8548.29,8584.73,8527.79,8545.13,,,,
2025-01-23,8545.13,8572.51,8532.07,8565.2,,,,
2025-01-24,8565.2,8586.68,8492.73,8502.35,,,,
2025-01-27,8502.35,8514.17,8462.18,8503.71,,,,
2025-01-28,8503.71,8572.96,8503.62,8533.87,,,,
2025-01-29,8533.87,8584.07,8518.27,8557.81,,,,
2025-01-30,8557.81,8655.19,8547.86,8646.88,,,,
2025-01-31,8646.88,8692.84,8646.88,8673.96,,,,
2025-02-03,8673.96,8673.96,8520.2,8583.56,,,,
2025-02-04,8583.56,8583.59,8524.66,8570.77,,,,
2025-02-05,8570.77,8623.29,8550.24,8623.29,,,,
2025-02-06,8623.29,8767.5,8623.29,8727.28,,,,
2025-02-07,8727.28,8728.94,8685.78,8700.53,,,,
2025-02-10,8700.53,8785.85,8694.55,8767.8,,,,
2025-02-11,8767.8,8789.58,8750.53,8777.39,,,,
2025-02-12,8777.39,8810.62,8759.38,8807.44,,,,
2025-02-13,8807.44,8820.93,8729.57,8764.72,,,,
2025-02-14,8764.72,8767.73,8717.54,8732.46,,,,
2025-02-17,8732.46,8769.07,8725.27,8768.01,,,,
2025-02-18,8768.01,8787.66,8757.82,8766.73,,,,
2025-02-19,8766.73,8771.22,8696.94,8712.53,,,,
2025-02-20,8712.53,8712.66,8650.8,8662.97,,,,
2025-02-21,8662.97,8684.78,8638.63,8659.37,,,,
2025-02-24,8659.37,8688.26,8614.08,8658.98,,,,
2025-02-25,8658.98,8712.17,8628.11,8668.67,,,,
2025-02-26,8668.67,8738.28,8668.67,8731.46,,,,
2025-02-27,8731.46,8768.05,8680.55,8756.21,,,,
2025-02-28,8756.21,8810.5,8715.43,8809.74,,,,
2025-03-03,8809.74,8908.82,8809.74,8871.31,,,,
2025-03-04,8871.31,8873.67,8746.01,8759,,,,
2025-03-05,8759,8835.72,8752.46,8755.84,,,,
2025-03-06,8755.84,8778.19,8645.84,8682.84,,,,
2025-03-07,8682.84,8701.31,8627.3,8679.88,,,,
2025-03-10,8679.88,8700.79,8591.58,8600.22,,,,
2025-03-11,8600.22,8603.93,8481.11,8495.99,,,,
2025-03-12,8495.99,8565.45,8495.99,8540.97,,,,
2025-03-13,8540.97,8581.57,8513.65,8542.56,,,,
2025-03-14,8542.56,8642.79,8538.07,8632.33,,,,
2025-03-17,8632.33,8688.41,8625.04,8680.29,,,,
2025-03-18,8680.29,8726.95,8680.29,8705.23,,,,
2025-03-19,8705.23,8718.74,8662.56,8706.66,,,,
2025-03-20,8706.66,8742.75,8665.26,8701.99,,,,
2025-03-21,8701.99,8701.99,8615.96,8646.79,,,,
2025-03-24,8646.79,8695.6,8616.42,8638.01,,,,
2025-03-25,8638.01,8717.03,8638.01,8663.8,,,,
2025-03-26,8663.8,8714.81,8656.39,8689.59,,,,
2025-03-27,8689.59,8689.7,8611.42,8666.12,,,,
2025-03-28,8666.12,8694.19,8636.92,8658.85,,,,
2025-03-31,8658.85,8658.88,8530.98,8582.81,,,,
2025-04-01,8582.81,8671.91,8581.91,8634.8,,,,
2025-04-02,8634.8,8634.8,8548.32,8608.48,,,,
2025-04-03,8608.48,8608.48,8453.22,8474.74,,,,
2025-04-04,8474.74,8474.74,8023.45,8054.98,,,,
2025-04-07,8054.98,8054.98,7544.83,7702.08,,,,
2025-04-08,7702.08,7984.19,7702.08,7910.53,,,,
2025-04-09,7910.53,7910.53,7599.56,7679.48,,,,
2025-04-10,7679.48,8166.53,7679.48,7913.25,,,,
2025-04-11,7913.25,8000.78,7862.72,7964.18,,,,
2025-04-14,7964.18,8160.21,7964.18,8134.34,,,,
2025-04-15,8134.34,8257.77,8134.01,8249.12,,,,
2025-04-16,8249.12,8281.09,8177.04,8275.6,,,,
2025-04-17,8275.6,8295.07,8195.66,8275.66,,,,
2025-04-22,8275.66,8337.67,8262.49,8328.6,,,,
2025-04-23,8328.6,8467.79,8328.31,8403.18,,,,
2025-04-24,8403.18,8415.12,8361.79,8407.44,,,,
2025-04-25,8407.44,8442.65,8397.07,8415.25,,,,
2025-04-28,8415.25,8452.62,8415.24,8417.34,,,,
2025-04-29,8417.34,8470.4,8404.1,8463.46,,,,
2025-04-30,8463.46,8494.85,8430.48,8494.85,,,,
2025-05-01,8494.85,8505.28,8468.26,8496.8,,,,
2025-05-02,8496.8,8622.14,8496.8,8596.35,,,,
2025-05-06,8596.35,8641.68,8569.11,8597.42,,,,
2025-05-07,8597.42,8599.95,8533.57,8559.33,,,,
2025-05-08,8559.33,8607.71,8514.04,8531.61,,,,
2025-05-09,8531.61,8581.53,8531.61,8554.8,,,,
2025-05-12,8554.8,8646.32,8546.25,8604.98,,,,
2025-05-13,8604.98,8623.78,8583.92,8602.92,,,,
2025-05-14,8602.92,8616.13,8558.24,8585.01,,,,
2025-05-15,8585.01,8634.56,8531.06,8633.75,,,,
2025-05-16,8633.75,8697,8633.63,8684.56,,,,
2025-05-19,8684.56,8699.31,8613.47,8699.31,,,,
2025-05-20,8699.31,8789.43,8698.05,8781.12,,,,
2025-05-21,8781.12,8798.46,8761.95,8786.46,,,,
2025-05-22,8786.46,8786.46,8689.44,8739.26,,,,
2025-05-23,8739.26,8779.36,8604.8,8717.97,,,,
2025-05-27,8717.97,8824,8717.97,8778.05,,,,
2025-05-28,8778.05,8799.77,8726.01,8726.01,,,,
2025-05-29,8726.01,8776.27,8709.11,8716.45,,,,
2025-05-30,8716.45,8790.45,8715.64,8772.38,,,,
2025-06-02,8772.38,8792.08,8730.64,8774.26,,,,
2025-06-03,8774.26,8801.46,8738.45,8787.02,,,,
2025-06-04,8787.02,8821.42,8780.36,8801.29,,,,
2025-06-05,8801.29,8838.84,8782.08,8811.04,,,,
2025-06-06,8811.04,8851.38,8805.57,8837.91,,,,
2025-06-09,8837.91,8850.87,8812.06,8832.28,,,,
2025-06-10,8832.28,8886.06,8832.28,8853.08,,,,
2025-06-11,8853.08,8885.38,8847.3,8864.35,,,,
2025-06-12,8864.35,8896.88,8843.63,8884.92,,,,
2025-06-13,8884.92,8898.63,8822.2,8850.63,,,,
2025-06-16,8850.63,8902.4,8850.63,8875.22,,,,
2025-06-17,8875.22,8875.22,8809.91,8834.03,,,,
2025-06-18,8834.03,8858.56,8820.42,8843.47,,,,
2025-06-19,8843.47,8844.12,8788.77,8791.8,,,,
2025-06-20,8791.8,8847.28,8772.32,8774.65,,,,
2025-06-23,8774.65,8787.06,8741.4,8758.04,,,,
2025-06-24,8758.04,8831.9,8757.97,8758.99,,,,
2025-06-25,8758.99,8792.43,8716.19,8718.75,,,,
2025-06-26,8718.75,8757.1,8707.65,8735.6,,,,
2025-06-27,8735.6,8798.91,8735.6,8798.91,,,,
2025-06-30,8798.91,8818.44,8760.96,8760.96,,,,
2025-07-01,8760.96,8790.84,8726.92,8785.33,,,,
2025-07-02,8785.33,8828.16,8738.99,8774.69,,,,
2025-07-03,8774.69,8837.75,8774.66,8823.2,,,,
2025-07-04,8823.2,8830.93,8782.06,8822.91,,,,
2025-07-07,8822.91,8836.88,8798.66,8806.53,,,,
2025-07-08,8806.53,8854.18,8803.27,8854.18,,,,
2025-07-09,8854.18,8887.7,8854.18,8867.02,,,,
2025-07-10,8867.02,8979.41,8867.02,8975.66,,,,
2025-07-11,8975.66,8984.14,8918.49,8941.12,,,,
2025-07-14,8941.12,8999.22,8931.09,8998.06,,,,
2025-07-15,8998.06,9016.98,8938.32,8938.32,,,,
2025-07-16,8938.32,8972.29,8926.55,8926.55,,,,
2025-07-17,8926.55,8982.84,8926.55,8972.64,,,,
2025-07-18,8972.64,9016.36,8969.09,8992.12,,,,
2025-07-21,8992.12,9012.99,8975.22,9012.99,,,,
2025-07-22,9012.99,9035.37,8995.11,9023.81,,,,
2025-07-23,9023.81,9080.09,9023.27,9061.49,,,,
2025-07-24,9061.49,9158.21,9060.71,9138.37,,,,
2025-07-25,9138.37,9145.02,9094.67,9120.31,,,,
2025-07-28,9120.31,9169.01,9058.42,9081.44,,,,
2025-07-29,9081.44,9163.24,9076.38,9136.32,,,,
2025-07-30,9136.32,9146.79,9091.54,9136.94,,,,
2025-07-31,9136.94,9190.73,9115.78,9132.81,,,,
2025-08-01,9132.81,9132.81,9027.94,9068.58,,,,
2025-08-04,9068.58,9129.1,9068.07,9128.3,,,,
2025-08-05,9128.3,9177.95,9126.62,9142.73,,,,
2025-08-06,9142.73,9184.19,9142.73,9164.31,,,,
2025-08-07,9164.31,9164.31,9084.54,9100.77,,,,
2025-08-08,9100.77,9127.13,9079.94,9095.73,,,,
2025-08-11,9095.73,9137.7,9093.18,9129.71,,,,
2025-08-12,9129.71,9165.03,9119.42,9147.81,,,,
2025-08-13,9147.81,9182.74,9142.37,9165.23,,,,
2025-08-14,9165.23,9177.24,9133.73,9177.24,,,,
2025-08-15,9177.24,9222.07,9129.52,9138.9,,,,
2025-08-18,9138.9,9165.67,9126.88,9157.74,,,,
2025-08-19,9157.74,9197.12,9154.81,9189.22,,,,
2025-08-20,9189.22,9301.19,9166.76,9288.14,,,,
2025-08-21,9288.14,9309.2,9257.45,9309.2,,,,
2025-08-22,9309.2,9357.51,9285.64,9321.4,,,,
2025-08-26,9321.4,9325.94,9249.61,9265.8,,,,
2025-08-27,9265.8,9301.86,9230.61,9255.5,,,,
2025-08-28,9255.5,9269.95,9207.39,9216.82,,,,
2025-08-29,9216.82,9223.14,9179.18,9187.34,,,,
2025-09-01,9187.34,9226.57,9179.83,9196.34,,,,
2025-09-02,9196.34,9196.46,9108.23,9116.69,,,,
2025-09-03,9116.69,9179.62,9107.4,9177.99,,,,
2025-09-04,9177.99,9231.42,9155.5,9216.87,,,,
2025-09-05,9216.87,9253.53,9197.56,9208.21,,,,
2025-09-08,9208.21,9234.91,9190.55,9221.44,,,,
2025-09-09,9221.44,9254.3,9221.44,9242.53,,,,
2025-09-10,9242.53,9290.55,9222.35,9225.39,,,,
2025-09-11,9225.39,9297.58,9225.39,9297.58,,,,
2025-09-12,9297.58,9340.7,9283.29,9283.29,,,,
2025-09-15,9283.29,9314.42,9262.67,9277.03,,,,
2025-09-16,9277.03,9282.13,9195.66,9195.66,,,,
2025-09-17,9195.66,9245.7,9195.66,9208.37,,,,
2025-09-18,9208.37,9245.24,9208.33,9228.11,,,,
2025-09-19,9228.11,9250.99,9207.7,9216.67,,,,
2025-09-22,9216.67,9234.6,9194.32,9226.68,,,,
2025-09-23,9226.7,9266.87,9223.32,9223.32,,,,
2025-09-24,9223.34,9266.43,9177.09,9250.43,,,,
2025-09-25,9250.43,9251.15,9203.17,9213.98,,,,
2025-09-26,9213.97,9292.11,9208.52,9284.83,,,,
2025-09-29,9284.82,9354.61,9284.82,9299.84,,,,
2025-09-30,9299.84,9363.57,9266.29,9350.43,,,,
2025-10-01,9350.46,9457.91,9347.59,9446.43,,,,
2025-10-02,9446.44,9475.07,9417.62,9427.73,,,,
2025-10-03,9427.74,9494.64,9425.03,9491.25,,,,
2025-10-06,9491.22,9516.83,9465.42,9479.14,,,,
2025-10-07,9479.13,9507.11,9473.11,9483.58,,,,
2025-10-08,9483.56,9577.08,9483.55,9548.87,,,,
2025-10-09,9548.93,9565.49,9501.09,9509.4,,,,
2025-10-10,9509.42,9519.96,9414.59,9427.47,,,,
2025-10-13,9427.46,9459.89,9409.67,9442.87,,,,
2025-10-14,9442.94,9454.29,9384.24,9452.77,,,,
2025-10-15,9452.75,9474.31,9395.05,9424.75,,,,
2025-10-16,9424.76,9436.09,9389.65,9436.09,,,,
2025-10-17,9436.11,9436.11,9276.91,9354.57,,,,
2025-10-20,9354.54,9416.44,9354.54,9403.57,,,,
2025-10-21,9403.57,9441.24,9403.5,9426.99,,,,
2025-10-22,9427.05,9545.23,9427.05,9515,,,,
2025-10-23,9515,9594.82,9505.72,9578.57,,,,
2025-10-24,9578.57,9645.62,9560.52,9645.62,,,,
2025-10-27,9645.59,9672.74,9632.83,9653.82,,,,
2025-10-28,9653.83,9727.09,9645.42,9696.74,,,,
2025-10-29,9696.77,9787.63,9696.75,9756.14,,,,
2025-10-30,9756.13,9763.42,9690.02,9760.06,,,,
2025-10-31,9760.06,9761.82,9696.96,9717.25,,,,
2025-11-03,9717.26,9745.64,9695.92,9701.37,,,,
2025-11-04,9701.4,9714.96,9574.15,9714.96,,,,
2025-11-05,9714.98,9786.8,9680.51,9777.08,,,,
2025-11-06,9777.1,9786.13,9723.85,9735.78,,,,
2025-11-07,9735.75,9735.75,9638.98,9682.57,,,,
2025-11-10,9682.57,9800.35,9682.57,9787.15,,,,
2025-11-11,9787.2,9912.85,9787.2,9899.6,,,,
2025-11-12,9899.62,9930.09,9878.33,9911.42,,,,
2025-11-13,9911.44,9913.23,9804.76,9807.68,,,,
2025-11-14,9807.72,9807.72,9610.45,9698.37,,,,
2025-11-17,9698.35,9707.67,9667.91,9675.43,,,,
2025-11-18,9675.44,9675.64,9511.73,9552.3,,,,
2025-11-19,9552.31,9568.47,9507.41,9507.41,,,,
2025-11-20,9507.4,9593.83,9507.4,9527.65,,,,
2025-11-21,9527.68,9541.24,9423.9,9539.71,,,,
2025-11-24,9539.72,9592.55,9524.74,9534.91,,,,
2025-11-25,9534.89,9615.57,9521.45,9609.53,,,,
2025-11-26,9609.56,9704.25,9593.26,9691.58,,,,
2025-11-27,9691.56,9699.82,9658.86,9693.93,,,,
2025-11-28,9693.95,9740.24,9693.95,9720.51,,,,
2025-12-01,9720.55,9735.35,9686.88,9702.53,,,,
2025-12-02,9702.52,9744.82,9682.27,9701.8,,,,
2025-12-03,9701.79,9711.34,9677.67,9692.07,,,,
2025-12-04,9692.08,9727.57,9674.78,9710.87,,,,
2025-12-05,9710.87,9738.26,9667.01,9667.01,,,,
2025-12-08,9667.05,9692.36,9629.19,9645.09,,,,
2025-12-09,9645.1,9673.16,9630.85,9642.01,,,,
2025-12-10,9642.01,9689.47,9622.74,9655.53,,,,
2025-12-11,9655.55,9715.34,9635.3,9703.16,,,,
2025-12-12,9703.19,9761.47,9639.29,9649.03,,,,
2025-12-15,9649,9769.02,9649,9751.31,,,,
2025-12-16,9751.31,9764.77,9655.73,9684.79,,,,
2025-12-17,9684.84,9853.13,9684.84,9774.32,,,,
2025-12-18,9774.32,9845.1,9748.26,9837.77,,,,
2025-12-19,9837.76,9903.13,9819.44,9897.42,,,,
2025-12-22,9897.39,9897.96,9829.38,9865.97,,,,
2025-12-23,9865.94,9901.48,9846.29,9889.22,,,,
2025-12-24,9889.2,9893.15,9862.04,9870.68,,,,
2025-12-29,9870.69,9892.79,9858.46,9866.53,,,,
2025-12-30,9866.53,9954.32,9859.77,9940.71,,,,
2025-12-31,9940.7,9950.11,9916.7,9931.38,,,,
2026-01-02,9931.29,10046.25,9930.76,9951.14,,,,
2026-01-05,9951.45,10022.05,9951.45,10004.57,,,,
2026-01-06,10004.4,10158.41,10003.77,10122.73,,,,
2026-01-07,10122.76,10124.75,10032.74,10048.21,,,,
2026-01-08,10048.36,10059.42,9995.91,10044.69,,,,
2026-01-09,10044.7,10135.7,10032.92,10124.6,,,,
2026-01-12,10124.47,10149.71,10089.93,10140.7,,,,
2026-01-13,10140.7,10152.48,10097.14,10137.35,,,,
2026-01-14,10137.31,10184.35,10135.35,10184.35,,,,
2026-01-15,10184.39,10250.45,10173.53,10238.94,,,,
2026-01-16,10238.94,10257.75,10212.78,10235.29,,,,
2026-01-19,10235.31,10235.31,10166.27,10195.35,,,,
2026-01-20,10195.16,10195.16,10050.22,10126.78,,,,
2026-01-21,10126.88,10161.54,10093.67,10138.09,,,,
2026-01-22,10138.09,10226.54,10138.09,10150.05,,,,
2026-01-23,10150.05,10184.14,10131.83,10143.44,,,,
2026-01-26,10143.14,10184.9,10125.28,10148.85,,,,
2026-01-27,10148.98,10228.16,10147.48,10207.8,,,,
2026-01-28,10207.63,10225.52,10144.65,10154.43,,,,
2026-01-29,10154.18,10277.72,10154.17,10171.76,,,,
2026-01-30,10171.8,10234.01,10141.61,10223.54,,,,
2026-02-02,10223.72,10345.48,10145.36,10341.56,,,,
2026-02-03,10341.32,10373.28,10232.19,10314.59,,,,
2026-02-04,10314.5,10481.54,10307.97,10402.34,,,,
2026-02-05,10402.55,10404.03,10289.29,10309.22,,,,
2026-02-06,10309.05,10380.52,10253.15,10369.75,,,,
2026-02-09,10369.83,10420.27,10315.99,10386.23,,,,
2026-02-10,10386.22,10402.19,10330.81,10353.84,,,,
2026-02-11,10353.82,10493.83,10353.8,10472.11,,,,
2026-02-12,10472.17,10535.76,10391.98,10402.44,,,,
2026-02-13,10402.48,10454.54,10380.87,10446.35,,,,
2026-02-16,10446.25,10490.09,10446.25,10473.69,,,,
2026-02-17,10474.04,10556.17,10472.66,10556.17,,,,
2026-02-18,10555.99,10715.77,10553.95,10686.18,,,,
2026-02-19,10686.37,10687.36,10597.58,10627.04,,,,
2026-02-20,10627.04,10745.76,10626.69,10686.89,,,,
2026-02-23,10686.75,10738.65,10660.03,10684.74,,,,
2026-02-24,10684.85,10717.72,10645.82,10680.59,,,,
2026-02-25,10680.65,10806.41,10680.65,10806.41,,,,
2026-02-26,10806.37,10856.8,10770.78,10846.7,,,,
2026-02-27,10846.87,10934.94,10845.5,10910.55,,,,
2026-03-02,10910.98,10910.98,10731.87,10780.11,,,,
2026-03-03,10780.25,10780.25,10406.14,10484.13,,,,
2026-03-04,10483.91,10588.8,10443.49,10567.65,,,,
2026-03-05,10567.72,10636.06,10402.03,10413.94,,,,
2026-03-06,10413.64,10481.05,10234.52,10284.75,,,,
2026-03-09,10284.96,10284.96,10081.98,10249.52,,,,
2026-03-10,10249.17,10447.53,10235.36,10412.24,,,,
2026-03-11,10412.32,10412.32,10293.8,10353.77,,,,
2026-03-12,10353.81,10355.26,10258.43,10305.15,,,,
2026-03-13,10305.48,10367.36,10200.21,10261.15,,,,
2026-03-16,10261.1,10376.48,10255.34,10317.69,,,,
2026-03-17,10317.63,10436.09,10317.63,10403.6,,,,
2026-03-18,10403.54,10447.7,10279.06,10305.29,,,,
2026-03-19,10305.61,10305.61,9997.41,10063.5,,,,
2026-03-20,10063.25,10127.56,9915.7,9918.33,,,,
2026-03-23,9918.48,10036.65,9670.46,9894.15,,,,
2026-03-24,9893.96,9972.72,9839.2,9965.16,,,,
2026-03-25,9965.17,10118.15,9965.17,10106.84,,,,
2026-03-26,10106.99,10106.99,9956.27,9972.17,,,,
2026-03-27,9972.3,10024.08,9883.15,9967.35,,,,
2026-03-30,9967.47,10135.09,9958.05,10127.96,,,,
2026-03-31,10127.9,10245.76,10118.65,10176.45,,,,
2026-04-01,10174.94,10396.6,10169.3,10364.79,,,,
2026-04-02,10366.34,10465.24,10287.9,10436.29,,,,
2026-04-07,10436.2,10487.67,10330.88,10348.79,,,,
2026-04-08,10345.93,10687.88,10345.93,10608.88,,,,
2026-04-09,10609.57,10643.61,10552.94,10603.48,,,,
2026-04-10,10603.55,10657.56,10576.01,10600.53,,,,
2026-04-13,10601.45,10607.69,10528.57,10582.96,,,,
2026-04-14,10581.91,10630.39,10569.81,10609.06,,,,
2026-04-15,10609.21,10640,10559.58,10559.58,,,,
2026-04-16,10559.58,10645.9,10555.53,10589.99,,,,
2026-04-17,10590.35,10667.63,10548.87,10667.63,,,,
2026-04-20,10668.44,10683.65,10583.17,10609.08,,,,
2026-04-21,10609.37,10634.96,10487.85,10498.09,,,,
2026-04-22,10497.92,10523.17,10468.03,10476.46,,,,
2026-04-23,10476.75,10477.15,10361.45,10457.01,,,,
2026-04-24,10457.68,10462.48,10365.93,10379.08,,,,
2026-04-27,10378.53,10410.79,10318.32,10321.09,,,,
2026-04-28,10321.8,10381.92,10288.71,10332.79,,,,
2026-04-29,10332.9,10338.25,10188.66,10213.11,,,,
2026-04-30,10213.32,10387.55,10205.15,10378.82,,,,
2026-05-01,10378.35,10378.48,10294.2,10363.93,,,,
2026-05-05,10365.38,10365.38,10164.26,10219.11,,,,
2026-05-06,10218.76,10488.2,10218.76,10438.66,,,,
2026-05-07,10438.62,10440.55,10276.95,10276.95,,,,
2026-05-08,10277.4,10278.73,10184.99,10233.07,,,,
2026-05-11,10233.56,10286.57,10226.5,10269.43,,,,
2026-05-12,10271.17,10271.17,10152.05,10265.32,,,,
2026-05-13,10264.91,10360.45,10240.39,10325.35,,,,
2026-05-14,10325.17,10375.43,10310.16,10372.93,,,,
2026-05-15,10375.39,10375.73,10163.56,10195.37,,,,
2026-05-18,10194.75,10337.38,10151.45,10323.75,,,,
2026-05-19,10323.69,10408.36,10315.38,10330.55,,,,
2026-05-20,10330.7,10458.3,10279.07,10432.34,,,,
2026-05-21,10432.54,10471.64,10353.47,10443.47,,,,
2026-05-22,10443.11,10497.22,10435.53,10466.26,,,,
2026-05-26,10465.62,10557.16,10461.1,10491.39,,,,
2026-05-27,10491.22,10522.3,10462.06,10505.01,,,,
2026-05-28,10505.38,10505.38,10381.21,10425.96,,,,
2026-05-29,10425.85,10462.22,10409.28,10409.28,,,,
2026-06-01,10409.34,10409.77,10288.9,10338.95,,,,
2026-06-02,10338.38,10395.71,10333.27,10373.51,,,,
2026-06-03,10373.9,10383.07,10322.36,10332.3,,,,
2026-06-04,10332.46,10360.32,10238.62,10360.32,,,,
2026-06-05,10360.28,10415.74,10331.54,10368.05,,,,
2026-06-08,10369.05,10409.33,10319.17,10373.2,,,,
2026-06-09,10372.77,10372.77,10227.33,10227.33,,,,
2026-06-10,10227.38,10263.81,10127.6,10254.81,,,,
2026-06-11,10255.16,10370.15,10252.27,10303.88,,,,
2026-06-12,10302.68,10471.72,10302.68,10471.72,,,,
2026-06-15,10471.37,10570.09,10419.22,10430.62,,,,
2026-06-16,10431.26,10523.51,10428.56,10494.21,,,,
2026-06-17,10494.4,10508.61,10468.43,10508.61,,,,
2026-06-18,10510.16,10510.16,10376.59,10399.7,,,,
2026-06-22,10363.58,10443.16,10346.63,10437.85,,,,
2026-06-23,10438.24,10462.19,10332.4,10428.85,,,,
2026-06-24,10429.02,10469.33,10406.95,10461.63,,,,
2026-06-25,10461.52,10575.31,10415.45,10529.89,,,,
2026-06-26,10530.18,10530.18,10404.73,10508.02,,,,
2026-06-29,10507.83,10521.03,10471.98,10484.22,,,,
2026-06-30,10484.31,10613.18,10483.86,10497.12,,,,
2026-07-01,10497.6,10508.25,10429.17,10478.34,,,,
2026-07-02,10477.76,10694.94,10436.76,10652.87,,,,
2026-07-03,10652.81,10701.32,10604.25,10679.03,,,,
2026-07-06,10679.38,10733.39,10618.43,10651.77,,,,
2026-07-07,10651.3,10747.01,10651.17,10665.88,,,,
2026-07-08,10666.09,10666.09,10467.01,10489.04,,,,
2026-07-09,10487.89,10539.47,10397.48,10472.45,,,,
2026-07-13,10498.05,10532.1,10465,10498.29,,,,
2026-07-14,10498.7,10552.56,10422.98,10529.39,,,,
2026-07-15,10529.05,10546.16,10443.59,10515.92,,,,
2026-07-16,10514.96,10572.24,10447.55,10572.24,,,,
2026-07-17,10572.39,10623.69,10527.65,10600.37,,,,
2026-07-20,10600.27,10600.27,10512.76,10524.76,,,,
